tokens	labels
['I.', 'ALLEGED', 'VIOLATION', 'OF', 'ARTICLE', '7', 'PARA', '.', '1', '(', 'art', '.', '7', '-', '1', ')', 'OF', 'THE', 'CONVENTION']	['O', 'O', 'O', 'O', 'O', 'O', 'O', 'O', 'O', 'O', 'O', 'O', 'O', 'O', 'O', 'O', 'O', 'O', 'O']
['22', '.', 'The', 'applicant', 'complained', 'that', 'the', 'confiscation', 'order', 'that', 'was', 'made', 'against', 'him', 'amounted', 'to', 'the', 'imposition', 'of', 'a', 'retrospective', 'criminal', 'penalty', ',', 'contrary', 'to', 'Article', '7', '(', 'art', '.', '7', ')', 'which', 'reads', 'as', 'follows', ':']	['O', 'O', 'B-Subsumtion', 'I-Subsumtion', 'I-Subsumtion', 'I-Subsumtion', 'I-Subsumtion', 'I-Subsumtion', 'I-Subsumtion', 'I-Subsumtion', 'I-Subsumtion', 'I-Subsumtion', 'I-Subsumtion', 'I-Subsumtion', 'I-Subsumtion', 'I-Subsumtion', 'I-Subsumtion', 'I-Subsumtion', 'I-Subsumtion', 'I-Subsumtion', 'I-Subsumtion', 'I-Subsumtion', 'I-Subsumtion', 'I-Subsumtion', 'I-Subsumtion', 'I-Subsumtion', 'I-Subsumtion', 'I-Subsumtion', 'I-Subsumtion', 'I-Subsumtion', 'I-Subsumtion', 'I-Subsumtion', 'I-Subsumtion', 'I-Subsumtion', 'I-Subsumtion', 'I-Subsumtion', 'I-Subsumtion', 'I-Subsumtion']
"['""', '1', '.', 'No', 'one', 'shall', 'be', 'held', 'guilty', 'of', 'any', 'criminal', 'offence', 'on', 'account', 'of', 'any', 'act', 'or', 'omission', 'which', 'did', 'not', 'constitute', 'a', 'criminal', 'offence', 'under', 'national', 'or', 'international', 'law', 'at', 'the', 'time', 'when', 'it', 'was', 'committed', '.', 'Nor', 'shall', 'a', 'heavier', 'penalty', 'be', 'imposed', 'than', 'the', 'one', 'that', 'was', 'applicable', 'at', 'the', 'time', 'the', 'criminal', 'offence', 'was', 'committed', '.']"	['O', 'O', 'O', 'O', 'O', 'O', 'O', 'O', 'O', 'O', 'O', 'O', 'O', 'O', 'O', 'O', 'O', 'O', 'O', 'O', 'O', 'O', 'O', 'O', 'O', 'O', 'O', 'O', 'O', 'O', 'O', 'O', 'O', 'O', 'O', 'O', 'O', 'O', 'O', 'O', 'O', 'O', 'O', 'O', 'O', 'O', 'O', 'O', 'O', 'O', 'O', 'O', 'O', 'O', 'O', 'O', 'O', 'O', 'O', 'O', 'O', 'O']
"['2', '.', 'This', 'Article', '(', 'art', '.', '7', ')', 'shall', 'not', 'prejudice', 'the', 'trial', 'and', 'punishment', 'of', 'any', 'person', 'for', 'any', 'act', 'or', 'omission', 'which', ',', 'at', 'the', 'time', 'when', 'it', 'was', 'committed', ',', 'was', 'criminal', 'according', 'to', 'the', 'general', 'principles', 'of', 'law', 'recognised', 'by', 'civilised', 'nations', '.', '""']"	['O', 'O', 'O', 'O', 'O', 'O', 'O', 'O', 'O', 'O', 'O', 'O', 'O', 'O', 'O', 'O', 'O', 'O', 'O', 'O', 'O', 'O', 'O', 'O', 'O', 'O', 'O', 'O', 'O', 'O', 'O', 'O', 'O', 'O', 'O', 'O', 'O', 'O', 'O', 'O', 'O', 'O', 'O', 'O', 'O', 'O', 'O', 'O', 'O']
['He', 'emphasised', 'that', 'his', 'complaint', 'was', 'limited', 'to', 'the', 'retrospective', 'application', 'of', 'the', 'confiscation', 'provisions', 'of', 'the', '1986', 'Act', 'and', 'not', 'the', 'provisions', 'themselves', '.']	['B-Subsumtion', 'I-Subsumtion', 'I-Subsumtion', 'I-Subsumtion', 'I-Subsumtion', 'I-Subsumtion', 'I-Subsumtion', 'I-Subsumtion', 'I-Subsumtion', 'I-Subsumtion', 'I-Subsumtion', 'I-Subsumtion', 'I-Subsumtion', 'I-Subsumtion', 'I-Subsumtion', 'I-Subsumtion', 'I-Subsumtion', 'I-Subsumtion', 'I-Subsumtion', 'I-Subsumtion', 'I-Subsumtion', 'I-Subsumtion', 'I-Subsumtion', 'I-Subsumtion', 'I-Subsumtion']
['23', '.', 'He', 'submitted', 'that', 'in', 'determining', 'whether', 'a', 'confiscation', 'order', 'was', 'punitive', 'the', 'Court', 'should', 'look', 'beyond', 'its', 'stated', 'purpose', 'and', 'examine', 'its', 'real', 'effects', '.', 'The', 'severity', 'and', 'extent', 'of', 'such', 'an', 'order', 'identified', 'it', 'as', 'a', 'penalty', 'for', 'the', 'purposes', 'of', 'the', 'Convention', '.']	['O', 'O', 'B-Subsumtion', 'I-Subsumtion', 'I-Subsumtion', 'I-Subsumtion', 'I-Subsumtion', 'I-Subsumtion', 'I-Subsumtion', 'I-Subsumtion', 'I-Subsumtion', 'I-Subsumtion', 'I-Subsumtion', 'I-Subsumtion', 'I-Subsumtion', 'I-Subsumtion', 'I-Subsumtion', 'I-Subsumtion', 'I-Subsumtion', 'I-Subsumtion', 'I-Subsumtion', 'I-Subsumtion', 'I-Subsumtion', 'I-Subsumtion', 'I-Subsumtion', 'I-Subsumtion', 'I-Subsumtion', 'I-Subsumtion', 'I-Subsumtion', 'I-Subsumtion', 'I-Subsumtion', 'I-Subsumtion', 'I-Subsumtion', 'I-Subsumtion', 'I-Subsumtion', 'I-Subsumtion', 'I-Subsumtion', 'I-Subsumtion', 'I-Subsumtion', 'I-Subsumtion', 'I-Subsumtion', 'I-Subsumtion', 'I-Subsumtion', 'I-Subsumtion', 'I-Subsumtion', 'I-Subsumtion', 'I-Subsumtion']
['In', 'the', 'first', 'place', ',', 'under', 'section', '2', '(', '3', ')', 'of', 'the', '1986', 'Act', 'the', 'national', 'court', 'was', 'entitled', 'to', 'assume', 'that', 'any', 'property', 'which', 'the', 'offender', 'currently', 'held', 'or', 'which', 'had', 'been', 'transferred', 'to', 'him', 'in', 'the', 'preceding', 'six', 'years', ',', 'or', 'any', 'gift', 'which', 'he', 'had', 'made', 'during', 'the', 'same', 'period', ',', 'were', 'the', 'proceeds', 'of', 'drug', 'trafficking', '(', 'see', 'paragraph', '12', 'above', ')', '.', 'In', 'addition', 'by', 'seeking', 'to', 'confiscate', 'the', 'proceeds', ',', 'as', 'opposed', 'to', 'the', 'profits', ',', 'of', 'drug', 'dealing', ',', 'irrespective', 'of', 'whether', 'there', 'had', 'in', 'fact', 'been', 'any', 'personal', 'enrichment', ',', 'the', 'order', 'went', 'beyond', 'the', 'notions', 'of', 'reparation', 'and', 'prevention', 'into', 'the', 'realm', 'of', 'punishment', '.']	['I-Subsumtion', 'I-Subsumtion', 'I-Subsumtion', 'I-Subsumtion', 'I-Subsumtion', 'I-Subsumtion', 'I-Subsumtion', 'I-Subsumtion', 'I-Subsumtion', 'I-Subsumtion', 'I-Subsumtion', 'I-Subsumtion', 'I-Subsumtion', 'I-Subsumtion', 'I-Subsumtion', 'I-Subsumtion', 'I-Subsumtion', 'I-Subsumtion', 'I-Subsumtion', 'I-Subsumtion', 'I-Subsumtion', 'I-Subsumtion', 'I-Subsumtion', 'I-Subsumtion', 'I-Subsumtion', 'I-Subsumtion', 'I-Subsumtion', 'I-Subsumtion', 'I-Subsumtion', 'I-Subsumtion', 'I-Subsumtion', 'I-Subsumtion', 'I-Subsumtion', 'I-Subsumtion', 'I-Subsumtion', 'I-Subsumtion', 'I-Subsumtion', 'I-Subsumtion', 'I-Subsumtion', 'I-Subsumtion', 'I-Subsumtion', 'I-Subsumtion', 'I-Subsumtion', 'I-Subsumtion', 'I-Subsumtion', 'I-Subsumtion', 'I-Subsumtion', 'I-Subsumtion', 'I-Subsumtion', 'I-Subsumtion', 'I-Subsumtion', 'I-Subsumtion', 'I-Subsumtion', 'I-Subsumtion', 'I-Subsumtion', 'I-Subsumtion', 'I-Subsumtion', 'I-Subsumtion', 'I-Subsumtion', 'I-Subsumtion', 'I-Subsumtion', 'I-Subsumtion', 'I-Subsumtion', 'I-Subsumtion', 'I-Subsumtion', 'I-Subsumtion', 'I-Subsumtion', 'I-Subsumtion', 'I-Subsumtion', 'I-Subsumtion', 'I-Subsumtion', 'I-Subsumtion', 'I-Subsumtion', 'I-Subsumtion', 'I-Subsumtion', 'I-Subsumtion', 'I-Subsumtion', 'I-Subsumtion', 'I-Subsumtion', 'I-Subsumtion', 'I-Subsumtion', 'I-Subsumtion', 'I-Subsumtion', 'I-Subsumtion', 'I-Subsumtion', 'I-Subsumtion', 'I-Subsumtion', 'I-Subsumtion', 'I-Subsumtion', 'I-Subsumtion', 'I-Subsumtion', 'I-Subsumtion', 'I-Subsumtion', 'I-Subsumtion', 'I-Subsumtion', 'I-Subsumtion', 'I-Subsumtion', 'I-Subsumtion', 'I-Subsumtion', 'I-Subsumtion', 'I-Subsumtion', 'I-Subsumtion', 'I-Subsumtion', 'I-Subsumtion', 'I-Subsumtion', 'I-Subsumtion', 'I-Subsumtion', 'I-Subsumtion', 'I-Subsumtion', 'I-Subsumtion', 'I-Subsumtion', 'I-Subsumtion', 'I-Subsumtion', 'I-Subsumtion', 'I-Subsumtion']
['Moreover', ',', 'the', 'fact', 'that', 'an', 'order', 'could', 'not', 'be', 'made', 'unless', 'there', 'had', 'been', 'a', 'criminal', 'conviction', 'and', 'that', 'the', 'degree', 'of', 'culpability', 'of', 'an', 'accused', 'was', 'taken', 'into', 'consideration', 'by', 'the', 'court', 'in', 'fixing', 'the', 'amount', 'of', 'the', 'order', 'also', 'pointed', 'in', 'the', 'direction', 'of', 'a', 'penalty', '.', 'Indeed', 'prior', 'to', 'the', 'passing', 'of', 'the', '1986', 'Act', 'the', 'courts', 'had', 'regarded', 'forfeiture', 'orders', 'as', 'having', 'the', 'dual', 'purpose', 'of', 'punishment', 'and', 'deterrence', '(', 'see', 'paragraph', '15', 'above', ')', '.', 'Finally', ',', 'confiscation', 'orders', 'had', 'been', 'recognised', 'as', 'having', 'a', 'punitive', 'character', 'in', 'various', 'domestic', 'court', 'decisions', '(', 'see', 'paragraph', '16', 'above', ')', 'and', 'in', 'several', 'decisions', 'of', 'the', 'Supreme', 'Court', 'of', 'the', 'United', 'States', 'concerning', 'similar', 'legislation', '(', 'Austin', 'v.', 'the', 'United', 'States', 'and', 'Alexander', 'v.', 'the', 'United', 'States', ',', 'decisions', 'of', '28', 'June', '1993', ',', '125', 'Led', '2d', '441', 'and', '488', ')', '.']	['I-Subsumtion', 'I-Subsumtion', 'I-Subsumtion', 'I-Subsumtion', 'I-Subsumtion', 'I-Subsumtion', 'I-Subsumtion', 'I-Subsumtion', 'I-Subsumtion', 'I-Subsumtion', 'I-Subsumtion', 'I-Subsumtion', 'I-Subsumtion', 'I-Subsumtion', 'I-Subsumtion', 'I-Subsumtion', 'I-Subsumtion', 'I-Subsumtion', 'I-Subsumtion', 'I-Subsumtion', 'I-Subsumtion', 'I-Subsumtion', 'I-Subsumtion', 'I-Subsumtion', 'I-Subsumtion', 'I-Subsumtion', 'I-Subsumtion', 'I-Subsumtion', 'I-Subsumtion', 'I-Subsumtion', 'I-Subsumtion', 'I-Subsumtion', 'I-Subsumtion', 'I-Subsumtion', 'I-Subsumtion', 'I-Subsumtion', 'I-Subsumtion', 'I-Subsumtion', 'I-Subsumtion', 'I-Subsumtion', 'I-Subsumtion', 'I-Subsumtion', 'I-Subsumtion', 'I-Subsumtion', 'I-Subsumtion', 'I-Subsumtion', 'I-Subsumtion', 'I-Subsumtion', 'I-Subsumtion', 'I-Subsumtion', 'I-Subsumtion', 'I-Subsumtion', 'I-Subsumtion', 'I-Subsumtion', 'I-Subsumtion', 'I-Subsumtion', 'I-Subsumtion', 'I-Subsumtion', 'I-Subsumtion', 'I-Subsumtion', 'I-Subsumtion', 'I-Subsumtion', 'I-Subsumtion', 'I-Subsumtion', 'I-Subsumtion', 'I-Subsumtion', 'I-Subsumtion', 'I-Subsumtion', 'I-Subsumtion', 'I-Subsumtion', 'I-Subsumtion', 'I-Subsumtion', 'I-Subsumtion', 'I-Subsumtion', 'I-Subsumtion', 'I-Subsumtion', 'I-Subsumtion', 'I-Subsumtion', 'I-Subsumtion', 'I-Subsumtion', 'I-Subsumtion', 'I-Subsumtion', 'I-Subsumtion', 'I-Subsumtion', 'I-Subsumtion', 'I-Subsumtion', 'I-Subsumtion', 'I-Subsumtion', 'I-Subsumtion', 'I-Subsumtion', 'I-Subsumtion', 'I-Subsumtion', 'I-Subsumtion', 'I-Subsumtion', 'I-Subsumtion', 'I-Subsumtion', 'I-Subsumtion', 'I-Subsumtion', 'I-Subsumtion', 'I-Subsumtion', 'I-Subsumtion', 'I-Subsumtion', 'I-Subsumtion', 'I-Subsumtion', 'I-Subsumtion', 'I-Subsumtion', 'I-Subsumtion', 'I-Subsumtion', 'I-Subsumtion', 'I-Subsumtion', 'I-Subsumtion', 'I-Subsumtion', 'I-Subsumtion', 'I-Subsumtion', 'I-Subsumtion', 'I-Subsumtion', 'I-Subsumtion', 'I-Subsumtion', 'I-Subsumtion', 'I-Subsumtion', 'I-Subsumtion', 'I-Subsumtion', 'I-Subsumtion', 'I-Subsumtion', 'I-Subsumtion', 'I-Subsumtion', 'I-Subsumtion', 'I-Subsumtion', 'I-Subsumtion', 'I-Subsumtion', 'I-Subsumtion', 'I-Subsumtion', 'I-Subsumtion', 'I-Subsumtion', 'I-Subsumtion', 'I-Subsumtion', 'I-Subsumtion', 'I-Subsumtion', 'I-Subsumtion', 'I-Subsumtion', 'I-Subsumtion', 'I-Subsumtion', 'I-Subsumtion', 'I-Subsumtion', 'I-Subsumtion', 'I-Subsumtion']
['24', '.', 'The', 'Government', 'contended', 'that', 'the', 'true', 'purpose', 'of', 'the', 'order', 'was', 'twofold', ':', 'firstly', ',', 'to', 'deprive', 'a', 'person', 'of', 'the', 'profits', 'which', 'he', 'had', 'received', 'from', 'drug', 'trafficking', 'and', 'secondly', ',', 'to', 'remove', 'the', 'value', 'of', 'the', 'proceeds', 'from', 'possible', 'future', 'use', 'in', 'the', 'drugs', 'trade', '.', 'It', 'thus', 'did', 'not', 'seek', 'to', 'impose', 'a', 'penalty', 'or', 'punishment', 'for', 'a', 'criminal', 'offence', 'but', 'was', 'essentially', 'a', 'confiscatory', 'and', 'preventive', 'measure', '.', 'This', 'could', 'be', 'seen', 'from', 'the', 'order', 'in', 'the', 'present', 'case', ',', 'which', 'had', 'been', 'made', 'for', 'the', 'purpose', 'of', 'depriving', 'the', 'defendant', 'of', 'illegal', 'gains', '.', 'Had', 'no', 'order', 'been', 'made', ',', 'the', 'money', 'would', 'have', 'remained', 'within', 'the', 'system', 'for', 'use', 'in', 'further', 'drug', '-', 'dealing', 'enterprises', '.']	['O', 'O', 'B-Subsumtion', 'I-Subsumtion', 'I-Subsumtion', 'I-Subsumtion', 'I-Subsumtion', 'I-Subsumtion', 'I-Subsumtion', 'I-Subsumtion', 'I-Subsumtion', 'I-Subsumtion', 'I-Subsumtion', 'I-Subsumtion', 'I-Subsumtion', 'I-Subsumtion', 'I-Subsumtion', 'I-Subsumtion', 'I-Subsumtion', 'I-Subsumtion', 'I-Subsumtion', 'I-Subsumtion', 'I-Subsumtion', 'I-Subsumtion', 'I-Subsumtion', 'I-Subsumtion', 'I-Subsumtion', 'I-Subsumtion', 'I-Subsumtion', 'I-Subsumtion', 'I-Subsumtion', 'I-Subsumtion', 'I-Subsumtion', 'I-Subsumtion', 'I-Subsumtion', 'I-Subsumtion', 'I-Subsumtion', 'I-Subsumtion', 'I-Subsumtion', 'I-Subsumtion', 'I-Subsumtion', 'I-Subsumtion', 'I-Subsumtion', 'I-Subsumtion', 'I-Subsumtion', 'I-Subsumtion', 'I-Subsumtion', 'I-Subsumtion', 'I-Subsumtion', 'I-Subsumtion', 'I-Subsumtion', 'I-Subsumtion', 'I-Subsumtion', 'I-Subsumtion', 'I-Subsumtion', 'I-Subsumtion', 'I-Subsumtion', 'I-Subsumtion', 'I-Subsumtion', 'I-Subsumtion', 'I-Subsumtion', 'I-Subsumtion', 'I-Subsumtion', 'I-Subsumtion', 'I-Subsumtion', 'I-Subsumtion', 'I-Subsumtion', 'I-Subsumtion', 'I-Subsumtion', 'I-Subsumtion', 'I-Subsumtion', 'I-Subsumtion', 'I-Subsumtion', 'I-Subsumtion', 'I-Subsumtion', 'I-Subsumtion', 'I-Subsumtion', 'I-Subsumtion', 'I-Subsumtion', 'I-Subsumtion', 'I-Subsumtion', 'I-Subsumtion', 'I-Subsumtion', 'I-Subsumtion', 'I-Subsumtion', 'I-Subsumtion', 'I-Subsumtion', 'I-Subsumtion', 'I-Subsumtion', 'I-Subsumtion', 'I-Subsumtion', 'I-Subsumtion', 'I-Subsumtion', 'I-Subsumtion', 'I-Subsumtion', 'I-Subsumtion', 'I-Subsumtion', 'I-Subsumtion', 'I-Subsumtion', 'I-Subsumtion', 'I-Subsumtion', 'I-Subsumtion', 'I-Subsumtion', 'I-Subsumtion', 'I-Subsumtion', 'I-Subsumtion', 'I-Subsumtion', 'I-Subsumtion', 'I-Subsumtion', 'I-Subsumtion', 'I-Subsumtion', 'I-Subsumtion', 'I-Subsumtion', 'I-Subsumtion', 'I-Subsumtion', 'I-Subsumtion', 'I-Subsumtion', 'I-Subsumtion', 'I-Subsumtion', 'I-Subsumtion', 'I-Subsumtion', 'I-Subsumtion', 'I-Subsumtion', 'I-Subsumtion']
"['It', 'was', 'stressed', 'that', 'a', 'criminal', 'conviction', 'for', 'drug', 'trafficking', 'was', 'no', 'more', 'than', 'a', '""', 'trigger', '""', 'for', 'the', 'operation', 'of', 'the', 'statutory', 'provisions', '.', 'Once', 'the', 'triggering', 'event', 'had', 'occurred', ',', 'there', 'was', 'no', 'further', 'link', 'with', 'any', 'conviction', '.', 'Thus', ',', 'the', 'court', 'could', 'consider', 'whether', 'a', 'person', 'had', 'benefited', 'from', 'drug', 'trafficking', 'at', 'any', 'time', 'and', 'not', 'merely', 'in', 'respect', 'of', 'the', 'offence', 'with', 'which', 'he', 'had', 'been', 'charged', '.', 'Moreover', ',', 'an', 'order', 'could', 'be', 'made', 'in', 'relation', 'to', 'property', 'which', 'did', 'not', 'form', 'part', 'of', 'the', 'subject', '-', 'matter', 'of', 'the', 'charge', 'against', 'the', 'defendant', 'or', 'which', 'had', 'been', 'received', 'by', 'him', 'in', 'a', 'period', 'to', 'which', 'no', 'drug', '-', 'dealing', 'conviction', 'related', '.']"	['I-Subsumtion', 'I-Subsumtion', 'I-Subsumtion', 'I-Subsumtion', 'I-Subsumtion', 'I-Subsumtion', 'I-Subsumtion', 'I-Subsumtion', 'I-Subsumtion', 'I-Subsumtion', 'I-Subsumtion', 'I-Subsumtion', 'I-Subsumtion', 'I-Subsumtion', 'I-Subsumtion', 'I-Subsumtion', 'I-Subsumtion', 'I-Subsumtion', 'I-Subsumtion', 'I-Subsumtion', 'I-Subsumtion', 'I-Subsumtion', 'I-Subsumtion', 'I-Subsumtion', 'I-Subsumtion', 'I-Subsumtion', 'I-Subsumtion', 'I-Subsumtion', 'I-Subsumtion', 'I-Subsumtion', 'I-Subsumtion', 'I-Subsumtion', 'I-Subsumtion', 'I-Subsumtion', 'I-Subsumtion', 'I-Subsumtion', 'I-Subsumtion', 'I-Subsumtion', 'I-Subsumtion', 'I-Subsumtion', 'I-Subsumtion', 'I-Subsumtion', 'I-Subsumtion', 'I-Subsumtion', 'I-Subsumtion', 'I-Subsumtion', 'I-Subsumtion', 'I-Subsumtion', 'I-Subsumtion', 'I-Subsumtion', 'I-Subsumtion', 'I-Subsumtion', 'I-Subsumtion', 'I-Subsumtion', 'I-Subsumtion', 'I-Subsumtion', 'I-Subsumtion', 'I-Subsumtion', 'I-Subsumtion', 'I-Subsumtion', 'I-Subsumtion', 'I-Subsumtion', 'I-Subsumtion', 'I-Subsumtion', 'I-Subsumtion', 'I-Subsumtion', 'I-Subsumtion', 'I-Subsumtion', 'I-Subsumtion', 'I-Subsumtion', 'I-Subsumtion', 'I-Subsumtion', 'I-Subsumtion', 'I-Subsumtion', 'I-Subsumtion', 'I-Subsumtion', 'I-Subsumtion', 'I-Subsumtion', 'I-Subsumtion', 'I-Subsumtion', 'I-Subsumtion', 'I-Subsumtion', 'I-Subsumtion', 'I-Subsumtion', 'I-Subsumtion', 'I-Subsumtion', 'I-Subsumtion', 'I-Subsumtion', 'I-Subsumtion', 'I-Subsumtion', 'I-Subsumtion', 'I-Subsumtion', 'I-Subsumtion', 'I-Subsumtion', 'I-Subsumtion', 'I-Subsumtion', 'I-Subsumtion', 'I-Subsumtion', 'I-Subsumtion', 'I-Subsumtion', 'I-Subsumtion', 'I-Subsumtion', 'I-Subsumtion', 'I-Subsumtion', 'I-Subsumtion', 'I-Subsumtion', 'I-Subsumtion', 'I-Subsumtion', 'I-Subsumtion', 'I-Subsumtion', 'I-Subsumtion', 'I-Subsumtion', 'I-Subsumtion', 'I-Subsumtion', 'I-Subsumtion', 'I-Subsumtion', 'I-Subsumtion', 'I-Subsumtion', 'I-Subsumtion', 'I-Subsumtion']
['Furthermore', ',', 'the', 'fact', 'that', 'a', 'period', 'of', 'imprisonment', 'could', 'be', 'imposed', 'in', 'default', 'of', 'payment', 'could', 'be', 'of', 'no', 'assistance', 'in', 'characterising', 'the', 'nature', 'of', 'the', 'confiscation', 'order', 'since', 'there', 'were', 'many', 'non', '-', 'penal', 'court', 'orders', 'which', 'attracted', 'such', 'a', 'penalty', 'in', 'the', 'event', 'of', 'non', '-', 'compliance', '.', 'Similarly', 'the', 'harsh', 'effect', 'of', 'the', 'order', 'was', 'of', 'no', 'assistance', ',', 'since', 'the', 'effectiveness', 'of', 'a', 'preventive', 'measure', 'required', 'that', 'a', 'drug', 'trafficker', 'be', 'deprived', 'not', 'only', 'of', 'net', 'profits', 'but', 'of', 'money', 'which', 'would', 'otherwise', 'remain', 'available', 'for', 'use', 'in', 'the', 'drug', 'trade', '.']	['I-Subsumtion', 'I-Subsumtion', 'I-Subsumtion', 'I-Subsumtion', 'I-Subsumtion', 'I-Subsumtion', 'I-Subsumtion', 'I-Subsumtion', 'I-Subsumtion', 'I-Subsumtion', 'I-Subsumtion', 'I-Subsumtion', 'I-Subsumtion', 'I-Subsumtion', 'I-Subsumtion', 'I-Subsumtion', 'I-Subsumtion', 'I-Subsumtion', 'I-Subsumtion', 'I-Subsumtion', 'I-Subsumtion', 'I-Subsumtion', 'I-Subsumtion', 'I-Subsumtion', 'I-Subsumtion', 'I-Subsumtion', 'I-Subsumtion', 'I-Subsumtion', 'I-Subsumtion', 'I-Subsumtion', 'I-Subsumtion', 'I-Subsumtion', 'I-Subsumtion', 'I-Subsumtion', 'I-Subsumtion', 'I-Subsumtion', 'I-Subsumtion', 'I-Subsumtion', 'I-Subsumtion', 'I-Subsumtion', 'I-Subsumtion', 'I-Subsumtion', 'I-Subsumtion', 'I-Subsumtion', 'I-Subsumtion', 'I-Subsumtion', 'I-Subsumtion', 'I-Subsumtion', 'I-Subsumtion', 'I-Subsumtion', 'I-Subsumtion', 'I-Subsumtion', 'I-Subsumtion', 'I-Subsumtion', 'I-Subsumtion', 'I-Subsumtion', 'I-Subsumtion', 'I-Subsumtion', 'I-Subsumtion', 'I-Subsumtion', 'I-Subsumtion', 'I-Subsumtion', 'I-Subsumtion', 'I-Subsumtion', 'I-Subsumtion', 'I-Subsumtion', 'I-Subsumtion', 'I-Subsumtion', 'I-Subsumtion', 'I-Subsumtion', 'I-Subsumtion', 'I-Subsumtion', 'I-Subsumtion', 'I-Subsumtion', 'I-Subsumtion', 'I-Subsumtion', 'I-Subsumtion', 'I-Subsumtion', 'I-Subsumtion', 'I-Subsumtion', 'I-Subsumtion', 'I-Subsumtion', 'I-Subsumtion', 'I-Subsumtion', 'I-Subsumtion', 'I-Subsumtion', 'I-Subsumtion', 'I-Subsumtion', 'I-Subsumtion', 'I-Subsumtion', 'I-Subsumtion', 'I-Subsumtion', 'I-Subsumtion', 'I-Subsumtion', 'I-Subsumtion', 'I-Subsumtion', 'I-Subsumtion']
['25', '.', 'For', 'the', 'Commission', ',', 'the', 'order', 'in', 'the', 'present', 'case', 'was', 'not', 'punitive', 'in', 'nature', 'but', 'reparative', 'and', 'preventive', 'and', ',', 'consequently', ',', 'did', 'not', 'constitute', 'a', 'penalty', 'within', 'the', 'meaning', 'of', 'Article', '7', 'para', '.', '1', '(', 'art', '.', '7', '-', '1', ')', 'of', 'the', 'Convention', '.']	['O', 'O', 'B-Subsumtion', 'I-Subsumtion', 'I-Subsumtion', 'I-Subsumtion', 'I-Subsumtion', 'I-Subsumtion', 'I-Subsumtion', 'I-Subsumtion', 'I-Subsumtion', 'I-Subsumtion', 'I-Subsumtion', 'I-Subsumtion', 'I-Subsumtion', 'I-Subsumtion', 'I-Subsumtion', 'I-Subsumtion', 'I-Subsumtion', 'I-Subsumtion', 'I-Subsumtion', 'I-Subsumtion', 'I-Subsumtion', 'I-Subsumtion', 'I-Subsumtion', 'I-Subsumtion', 'I-Subsumtion', 'I-Subsumtion', 'I-Subsumtion', 'I-Subsumtion', 'I-Subsumtion', 'I-Subsumtion', 'I-Subsumtion', 'I-Subsumtion', 'I-Subsumtion', 'I-Subsumtion', 'I-Subsumtion', 'I-Subsumtion', 'I-Subsumtion', 'I-Subsumtion', 'I-Subsumtion', 'I-Subsumtion', 'I-Subsumtion', 'I-Subsumtion', 'I-Subsumtion', 'I-Subsumtion', 'I-Subsumtion', 'I-Subsumtion', 'I-Subsumtion', 'I-Subsumtion']
['26', '.', 'The', 'Court', 'first', 'observes', 'that', 'the', 'retrospective', 'imposition', 'of', 'the', 'confiscation', 'order', 'is', 'not', 'in', 'dispute', 'in', 'the', 'present', 'case', '.', 'The', 'order', 'was', 'made', 'following', 'a', 'conviction', 'in', 'respect', 'of', 'drugs', 'offences', 'which', 'had', 'been', 'committed', 'before', 'the', '1986', 'Act', 'came', 'into', 'force', '(', 'see', 'paragraph', '11', 'above', ')', '.', 'The', 'only', 'question', 'to', 'be', 'determined', 'therefore', 'is', 'whether', 'the', 'order', 'constitutes', 'a', 'penalty', 'within', 'the', 'meaning', 'of', 'Article', '7', 'para', '.', '1', '(', 'art', '.', '7', '-', '1', ')', ',', 'second', 'sentence', '.']	['O', 'O', 'B-Konsens der prozessualen Parteien', 'I-Konsens der prozessualen Parteien', 'I-Konsens der prozessualen Parteien', 'I-Konsens der prozessualen Parteien', 'I-Konsens der prozessualen Parteien', 'I-Konsens der prozessualen Parteien', 'I-Konsens der prozessualen Parteien', 'I-Konsens der prozessualen Parteien', 'I-Konsens der prozessualen Parteien', 'I-Konsens der prozessualen Parteien', 'I-Konsens der prozessualen Parteien', 'I-Konsens der prozessualen Parteien', 'I-Konsens der prozessualen Parteien', 'I-Konsens der prozessualen Parteien', 'I-Konsens der prozessualen Parteien', 'I-Konsens der prozessualen Parteien', 'I-Konsens der prozessualen Parteien', 'I-Konsens der prozessualen Parteien', 'I-Konsens der prozessualen Parteien', 'I-Konsens der prozessualen Parteien', 'I-Konsens der prozessualen Parteien', 'I-Konsens der prozessualen Parteien', 'I-Konsens der prozessualen Parteien', 'I-Konsens der prozessualen Parteien', 'I-Konsens der prozessualen Parteien', 'I-Konsens der prozessualen Parteien', 'I-Konsens der prozessualen Parteien', 'I-Konsens der prozessualen Parteien', 'I-Konsens der prozessualen Parteien', 'I-Konsens der prozessualen Parteien', 'I-Konsens der prozessualen Parteien', 'I-Konsens der prozessualen Parteien', 'I-Konsens der prozessualen Parteien', 'I-Konsens der prozessualen Parteien', 'I-Konsens der prozessualen Parteien', 'I-Konsens der prozessualen Parteien', 'I-Konsens der prozessualen Parteien', 'I-Konsens der prozessualen Parteien', 'I-Konsens der prozessualen Parteien', 'I-Konsens der prozessualen Parteien', 'I-Konsens der prozessualen Parteien', 'I-Konsens der prozessualen Parteien', 'I-Konsens der prozessualen Parteien', 'I-Konsens der prozessualen Parteien', 'I-Konsens der prozessualen Parteien', 'I-Konsens der prozessualen Parteien', 'I-Konsens der prozessualen Parteien', 'I-Konsens der prozessualen Parteien', 'I-Konsens der prozessualen Parteien', 'I-Konsens der prozessualen Parteien', 'I-Konsens der prozessualen Parteien', 'B-Subsumtion', 'I-Subsumtion', 'I-Subsumtion', 'I-Subsumtion', 'I-Subsumtion', 'I-Subsumtion', 'I-Subsumtion', 'I-Subsumtion', 'I-Subsumtion', 'I-Subsumtion', 'I-Subsumtion', 'I-Subsumtion', 'I-Subsumtion', 'I-Subsumtion', 'I-Subsumtion', 'I-Subsumtion', 'I-Subsumtion', 'I-Subsumtion', 'I-Subsumtion', 'I-Subsumtion', 'I-Subsumtion', 'I-Subsumtion', 'I-Subsumtion', 'I-Subsumtion', 'I-Subsumtion', 'I-Subsumtion', 'I-Subsumtion', 'I-Subsumtion', 'I-Subsumtion', 'I-Subsumtion', 'I-Subsumtion', 'I-Subsumtion', 'I-Subsumtion', 'I-Subsumtion']
"['27', '.', 'The', 'concept', 'of', 'a', '""', 'penalty', '""', 'in', 'this', 'provision', 'is', ',', 'like', 'the', 'notions', 'of', '""', 'civil', 'rights', 'and', 'obligations', '""', 'and', '""', 'criminal', 'charge', '""', 'in', 'Article', '6', 'para', '.', '1', '(', 'art', '.', '6', '-', '1', ')', ',', 'an', 'autonomous', 'Convention', 'concept', '(', 'see', ',', 'inter', 'alia', ',', '-', 'as', 'regards', '""', 'civil', 'rights', '""', '-', 'the', 'X', 'v.', 'France', 'judgment', 'of', '31', 'March', '1992', ',', 'Series', 'A', 'no', '.', '234', '-', 'C', ',', 'p.', '98', ',', 'para', '.', '28', ',', 'and', '-', 'as', 'regards', '""', 'criminal', 'charge', '""', '-', 'the', 'Demicoli', 'v.', 'Malta', 'judgment', 'of', '27', 'August', '1991', ',', 'Series', 'A', 'no', '.', '210', ',', 'pp', '.', '15', '-', '16', ',', 'para', '.', '31', ')', '.', 'To', 'render', 'the', 'protection', 'offered', 'by', 'Article', '7', '(', 'art', '.', '7', ')', 'effective', ',', 'the', 'Court', 'must', 'remain', 'free', 'to', 'go', 'behind', 'appearances', 'and', 'assess', 'for', 'itself', 'whether', 'a', 'particular', 'measure', 'amounts', 'in', 'substance', 'to', 'a', '""', 'penalty', '""', 'within', 'the', 'meaning', 'of', 'this', 'provision', '(', 'see', ',', 'mutatis', 'mutandis', ',', 'the', 'Van', 'Droogenbroeck', 'v.', 'Belgium', 'judgment', 'of', '24', 'June', '1982', ',', 'Series', 'A', 'no', '.', '50', ',', 'p.', '20', ',', 'para', '.', '38', ',', 'and', 'the', 'Duinhof', 'and', 'Duijf', 'v.', 'the', 'Netherlands', 'judgment', 'of', '22', 'May', '1984', ',', 'Series', 'A', 'no', '.', '79', ',', 'p.', '15', ',', 'para', '.', '34', ')', '.']"	['O', 'O', 'B-Vorherige Rechtsprechung des EGMR', 'I-Vorherige Rechtsprechung des EGMR', 'I-Vorherige Rechtsprechung des EGMR', 'I-Vorherige Rechtsprechung des EGMR', 'I-Vorherige Rechtsprechung des EGMR', 'I-Vorherige Rechtsprechung des EGMR', 'I-Vorherige Rechtsprechung des EGMR', 'I-Vorherige Rechtsprechung des EGMR', 'I-Vorherige Rechtsprechung des EGMR', 'I-Vorherige Rechtsprechung des EGMR', 'I-Vorherige Rechtsprechung des EGMR', 'I-Vorherige Rechtsprechung des EGMR', 'I-Vorherige Rechtsprechung des EGMR', 'I-Vorherige Rechtsprechung des EGMR', 'I-Vorherige Rechtsprechung des EGMR', 'I-Vorherige Rechtsprechung des EGMR', 'I-Vorherige Rechtsprechung des EGMR', 'I-Vorherige Rechtsprechung des EGMR', 'I-Vorherige Rechtsprechung des EGMR', 'I-Vorherige Rechtsprechung des EGMR', 'I-Vorherige Rechtsprechung des EGMR', 'I-Vorherige Rechtsprechung des EGMR', 'I-Vorherige Rechtsprechung des EGMR', 'I-Vorherige Rechtsprechung des EGMR', 'I-Vorherige Rechtsprechung des EGMR', 'I-Vorherige Rechtsprechung des EGMR', 'I-Vorherige Rechtsprechung des EGMR', 'I-Vorherige Rechtsprechung des EGMR', 'I-Vorherige Rechtsprechung des EGMR', 'I-Vorherige Rechtsprechung des EGMR', 'I-Vorherige Rechtsprechung des EGMR', 'I-Vorherige Rechtsprechung des EGMR', 'I-Vorherige Rechtsprechung des EGMR', 'I-Vorherige Rechtsprechung des EGMR', 'I-Vorherige Rechtsprechung des EGMR', 'I-Vorherige Rechtsprechung des EGMR', 'I-Vorherige Rechtsprechung des EGMR', 'I-Vorherige Rechtsprechung des EGMR', 'I-Vorherige Rechtsprechung des EGMR', 'I-Vorherige Rechtsprechung des EGMR', 'I-Vorherige Rechtsprechung des EGMR', 'I-Vorherige Rechtsprechung des EGMR', 'I-Vorherige Rechtsprechung des EGMR', 'I-Vorherige Rechtsprechung des EGMR', 'I-Vorherige Rechtsprechung des EGMR', 'I-Vorherige Rechtsprechung des EGMR', 'I-Vorherige Rechtsprechung des EGMR', 'I-Vorherige Rechtsprechung des EGMR', 'I-Vorherige Rechtsprechung des EGMR', 'I-Vorherige Rechtsprechung des EGMR', 'I-Vorherige Rechtsprechung des EGMR', 'I-Vorherige Rechtsprechung des EGMR', 'I-Vorherige Rechtsprechung des EGMR', 'I-Vorherige Rechtsprechung des EGMR', 'I-Vorherige Rechtsprechung des EGMR', 'I-Vorherige Rechtsprechung des EGMR', 'I-Vorherige Rechtsprechung des EGMR', 'I-Vorherige Rechtsprechung des EGMR', 'I-Vorherige Rechtsprechung des EGMR', 'I-Vorherige Rechtsprechung des EGMR', 'I-Vorherige Rechtsprechung des EGMR', 'I-Vorherige Rechtsprechung des EGMR', 'I-Vorherige Rechtsprechung des EGMR', 'I-Vorherige Rechtsprechung des EGMR', 'I-Vorherige Rechtsprechung des EGMR', 'I-Vorherige Rechtsprechung des EGMR', 'I-Vorherige Rechtsprechung des EGMR', 'I-Vorherige Rechtsprechung des EGMR', 'I-Vorherige Rechtsprechung des EGMR', 'I-Vorherige Rechtsprechung des EGMR', 'I-Vorherige Rechtsprechung des EGMR', 'I-Vorherige Rechtsprechung des EGMR', 'I-Vorherige Rechtsprechung des EGMR', 'I-Vorherige Rechtsprechung des EGMR', 'I-Vorherige Rechtsprechung des EGMR', 'I-Vorherige Rechtsprechung des EGMR', 'I-Vorherige Rechtsprechung des EGMR', 'I-Vorherige Rechtsprechung des EGMR', 'I-Vorherige Rechtsprechung des EGMR', 'I-Vorherige Rechtsprechung des EGMR', 'I-Vorherige Rechtsprechung des EGMR', 'I-Vorherige Rechtsprechung des EGMR', 'I-Vorherige Rechtsprechung des EGMR', 'I-Vorherige Rechtsprechung des EGMR', 'I-Vorherige Rechtsprechung des EGMR', 'I-Vorherige Rechtsprechung des EGMR', 'I-Vorherige Rechtsprechung des EGMR', 'I-Vorherige Rechtsprechung des EGMR', 'I-Vorherige Rechtsprechung des EGMR', 'I-Vorherige Rechtsprechung des EGMR', 'I-Vorherige Rechtsprechung des EGMR', 'I-Vorherige Rechtsprechung des EGMR', 'I-Vorherige Rechtsprechung des EGMR', 'I-Vorherige Rechtsprechung des EGMR', 'I-Vorherige Rechtsprechung des EGMR', 'I-Vorherige Rechtsprechung des EGMR', 'I-Vorherige Rechtsprechung des EGMR', 'I-Vorherige Rechtsprechung des EGMR', 'I-Vorherige Rechtsprechung des EGMR', 'I-Vorherige Rechtsprechung des EGMR', 'I-Vorherige Rechtsprechung des EGMR', 'I-Vorherige Rechtsprechung des EGMR', 'I-Vorherige Rechtsprechung des EGMR', 'I-Vorherige Rechtsprechung des EGMR', 'I-Vorherige Rechtsprechung des EGMR', 'I-Vorherige Rechtsprechung des EGMR', 'I-Vorherige Rechtsprechung des EGMR', 'I-Vorherige Rechtsprechung des EGMR', 'I-Vorherige Rechtsprechung des EGMR', 'I-Vorherige Rechtsprechung des EGMR', 'I-Vorherige Rechtsprechung des EGMR', 'I-Vorherige Rechtsprechung des EGMR', 'I-Vorherige Rechtsprechung des EGMR', 'I-Vorherige Rechtsprechung des EGMR', 'I-Vorherige Rechtsprechung des EGMR', 'I-Vorherige Rechtsprechung des EGMR', 'I-Vorherige Rechtsprechung des EGMR', 'I-Vorherige Rechtsprechung des EGMR', 'I-Vorherige Rechtsprechung des EGMR', 'I-Vorherige Rechtsprechung des EGMR', 'I-Vorherige Rechtsprechung des EGMR', 'I-Vorherige Rechtsprechung des EGMR', 'I-Vorherige Rechtsprechung des EGMR', 'I-Vorherige Rechtsprechung des EGMR', 'I-Vorherige Rechtsprechung des EGMR', 'I-Vorherige Rechtsprechung des EGMR', 'I-Vorherige Rechtsprechung des EGMR', 'I-Vorherige Rechtsprechung des EGMR', 'I-Vorherige Rechtsprechung des EGMR', 'I-Vorherige Rechtsprechung des EGMR', 'I-Vorherige Rechtsprechung des EGMR', 'I-Vorherige Rechtsprechung des EGMR', 'I-Vorherige Rechtsprechung des EGMR', 'I-Vorherige Rechtsprechung des EGMR', 'I-Vorherige Rechtsprechung des EGMR', 'I-Vorherige Rechtsprechung des EGMR', 'I-Vorherige Rechtsprechung des EGMR', 'I-Vorherige Rechtsprechung des EGMR', 'I-Vorherige Rechtsprechung des EGMR', 'I-Vorherige Rechtsprechung des EGMR', 'I-Vorherige Rechtsprechung des EGMR', 'I-Vorherige Rechtsprechung des EGMR', 'I-Vorherige Rechtsprechung des EGMR', 'I-Vorherige Rechtsprechung des EGMR', 'I-Vorherige Rechtsprechung des EGMR', 'I-Vorherige Rechtsprechung des EGMR', 'I-Vorherige Rechtsprechung des EGMR', 'I-Vorherige Rechtsprechung des EGMR', 'I-Vorherige Rechtsprechung des EGMR', 'I-Vorherige Rechtsprechung des EGMR', 'I-Vorherige Rechtsprechung des EGMR', 'I-Vorherige Rechtsprechung des EGMR', 'I-Vorherige Rechtsprechung des EGMR', 'I-Vorherige Rechtsprechung des EGMR', 'I-Vorherige Rechtsprechung des EGMR', 'I-Vorherige Rechtsprechung des EGMR', 'I-Vorherige Rechtsprechung des EGMR', 'I-Vorherige Rechtsprechung des EGMR', 'I-Vorherige Rechtsprechung des EGMR', 'I-Vorherige Rechtsprechung des EGMR', 'I-Vorherige Rechtsprechung des EGMR', 'I-Vorherige Rechtsprechung des EGMR', 'I-Vorherige Rechtsprechung des EGMR', 'I-Vorherige Rechtsprechung des EGMR', 'I-Vorherige Rechtsprechung des EGMR', 'I-Vorherige Rechtsprechung des EGMR', 'I-Vorherige Rechtsprechung des EGMR', 'I-Vorherige Rechtsprechung des EGMR', 'I-Vorherige Rechtsprechung des EGMR', 'I-Vorherige Rechtsprechung des EGMR', 'I-Vorherige Rechtsprechung des EGMR', 'I-Vorherige Rechtsprechung des EGMR', 'I-Vorherige Rechtsprechung des EGMR', 'I-Vorherige Rechtsprechung des EGMR', 'I-Vorherige Rechtsprechung des EGMR', 'I-Vorherige Rechtsprechung des EGMR', 'I-Vorherige Rechtsprechung des EGMR', 'I-Vorherige Rechtsprechung des EGMR', 'I-Vorherige Rechtsprechung des EGMR', 'I-Vorherige Rechtsprechung des EGMR', 'I-Vorherige Rechtsprechung des EGMR', 'I-Vorherige Rechtsprechung des EGMR', 'I-Vorherige Rechtsprechung des EGMR', 'I-Vorherige Rechtsprechung des EGMR', 'I-Vorherige Rechtsprechung des EGMR', 'I-Vorherige Rechtsprechung des EGMR', 'I-Vorherige Rechtsprechung des EGMR', 'I-Vorherige Rechtsprechung des EGMR', 'I-Vorherige Rechtsprechung des EGMR', 'I-Vorherige Rechtsprechung des EGMR', 'I-Vorherige Rechtsprechung des EGMR', 'I-Vorherige Rechtsprechung des EGMR', 'I-Vorherige Rechtsprechung des EGMR', 'I-Vorherige Rechtsprechung des EGMR', 'I-Vorherige Rechtsprechung des EGMR', 'I-Vorherige Rechtsprechung des EGMR', 'I-Vorherige Rechtsprechung des EGMR', 'I-Vorherige Rechtsprechung des EGMR', 'I-Vorherige Rechtsprechung des EGMR', 'I-Vorherige Rechtsprechung des EGMR', 'I-Vorherige Rechtsprechung des EGMR', 'I-Vorherige Rechtsprechung des EGMR', 'I-Vorherige Rechtsprechung des EGMR', 'I-Vorherige Rechtsprechung des EGMR', 'I-Vorherige Rechtsprechung des EGMR', 'I-Vorherige Rechtsprechung des EGMR', 'I-Vorherige Rechtsprechung des EGMR', 'I-Vorherige Rechtsprechung des EGMR', 'I-Vorherige Rechtsprechung des EGMR', 'I-Vorherige Rechtsprechung des EGMR', 'I-Vorherige Rechtsprechung des EGMR', 'I-Vorherige Rechtsprechung des EGMR', 'I-Vorherige Rechtsprechung des EGMR', 'I-Vorherige Rechtsprechung des EGMR', 'I-Vorherige Rechtsprechung des EGMR', 'I-Vorherige Rechtsprechung des EGMR', 'I-Vorherige Rechtsprechung des EGMR', 'I-Vorherige Rechtsprechung des EGMR', 'I-Vorherige Rechtsprechung des EGMR', 'I-Vorherige Rechtsprechung des EGMR', 'I-Vorherige Rechtsprechung des EGMR', 'I-Vorherige Rechtsprechung des EGMR', 'I-Vorherige Rechtsprechung des EGMR', 'I-Vorherige Rechtsprechung des EGMR']
"['28', '.', 'The', 'wording', 'of', 'Article', '7', 'para', '.', '1', '(', 'art', '.', '7', '-', '1', ')', ',', 'second', 'sentence', ',', 'indicates', 'that', 'the', 'starting', '-', 'point', 'in', 'any', 'assessment', 'of', 'the', 'existence', 'of', 'a', 'penalty', 'is', 'whether', 'the', 'measure', 'in', 'question', 'is', 'imposed', 'following', 'conviction', 'for', 'a', '""', 'criminal', 'offence', '""', '.', 'Other', 'factors', 'that', 'may', 'be', 'taken', 'into', 'account', 'as', 'relevant', 'in', 'this', 'connection', 'are', 'the', 'nature', 'and', 'purpose', 'of', 'the', 'measure', 'in', 'question', ';', 'its', 'characterisation', 'under', 'national', 'law', ';', 'the', 'procedures', 'involved', 'in', 'the', 'making', 'and', 'implementation', 'of', 'the', 'measure', ';', 'and', 'its', 'severity', '.']"	['O', 'O', 'B-Wortlaut Auslegung', 'I-Wortlaut Auslegung', 'I-Wortlaut Auslegung', 'I-Wortlaut Auslegung', 'I-Wortlaut Auslegung', 'I-Wortlaut Auslegung', 'I-Wortlaut Auslegung', 'I-Wortlaut Auslegung', 'I-Wortlaut Auslegung', 'I-Wortlaut Auslegung', 'I-Wortlaut Auslegung', 'I-Wortlaut Auslegung', 'I-Wortlaut Auslegung', 'I-Wortlaut Auslegung', 'I-Wortlaut Auslegung', 'I-Wortlaut Auslegung', 'I-Wortlaut Auslegung', 'I-Wortlaut Auslegung', 'I-Wortlaut Auslegung', 'I-Wortlaut Auslegung', 'I-Wortlaut Auslegung', 'I-Wortlaut Auslegung', 'I-Wortlaut Auslegung', 'I-Wortlaut Auslegung', 'I-Wortlaut Auslegung', 'I-Wortlaut Auslegung', 'I-Wortlaut Auslegung', 'I-Wortlaut Auslegung', 'I-Wortlaut Auslegung', 'I-Wortlaut Auslegung', 'I-Wortlaut Auslegung', 'I-Wortlaut Auslegung', 'I-Wortlaut Auslegung', 'I-Wortlaut Auslegung', 'I-Wortlaut Auslegung', 'I-Wortlaut Auslegung', 'I-Wortlaut Auslegung', 'I-Wortlaut Auslegung', 'I-Wortlaut Auslegung', 'I-Wortlaut Auslegung', 'I-Wortlaut Auslegung', 'I-Wortlaut Auslegung', 'I-Wortlaut Auslegung', 'I-Wortlaut Auslegung', 'I-Wortlaut Auslegung', 'I-Wortlaut Auslegung', 'I-Wortlaut Auslegung', 'I-Wortlaut Auslegung', 'I-Wortlaut Auslegung', 'I-Wortlaut Auslegung', 'I-Wortlaut Auslegung', 'B-Subsumtion', 'I-Subsumtion', 'I-Subsumtion', 'I-Subsumtion', 'I-Subsumtion', 'I-Subsumtion', 'I-Subsumtion', 'I-Subsumtion', 'I-Subsumtion', 'I-Subsumtion', 'I-Subsumtion', 'I-Subsumtion', 'I-Subsumtion', 'I-Subsumtion', 'I-Subsumtion', 'I-Subsumtion', 'I-Subsumtion', 'I-Subsumtion', 'I-Subsumtion', 'I-Subsumtion', 'I-Subsumtion', 'I-Subsumtion', 'I-Subsumtion', 'I-Subsumtion', 'I-Subsumtion', 'I-Subsumtion', 'I-Subsumtion', 'I-Subsumtion', 'I-Subsumtion', 'I-Subsumtion', 'I-Subsumtion', 'I-Subsumtion', 'I-Subsumtion', 'I-Subsumtion', 'I-Subsumtion', 'I-Subsumtion', 'I-Subsumtion', 'I-Subsumtion', 'I-Subsumtion', 'I-Subsumtion', 'I-Subsumtion', 'I-Subsumtion', 'I-Subsumtion', 'I-Subsumtion', 'I-Subsumtion', 'I-Subsumtion']
['29', '.', 'As', 'regards', 'the', 'connection', 'with', 'a', 'criminal', 'offence', ',', 'it', 'is', 'to', 'be', 'observed', 'that', 'before', 'an', 'order', 'can', 'be', 'made', 'under', 'the', '1986', 'Act', 'the', 'accused', 'must', 'have', 'been', 'convicted', 'of', 'one', 'or', 'more', 'drug', '-', 'trafficking', 'offences', '(', 'see', 'section', '1', '(', '1', ')', 'of', 'the', '1986', 'Act', 'at', 'paragraph', '12', 'above', ')', '.', 'This', 'link', 'is', 'in', 'no', 'way', 'diminished', 'by', 'the', 'fact', 'that', ',', 'due', 'to', 'the', 'operation', 'of', 'the', 'statutory', 'presumptions', 'concerning', 'the', 'extent', 'to', 'which', 'the', 'applicant', 'has', 'benefited', 'from', 'trafficking', ',', 'the', 'court', 'order', 'may', 'affect', 'proceeds', 'or', 'property', 'which', 'are', 'not', 'directly', 'related', 'to', 'the', 'facts', 'underlying', 'the', 'criminal', 'conviction', '.', 'While', 'the', 'reach', 'of', 'the', 'measure', 'may', 'be', 'necessary', 'to', 'the', 'attainment', 'of', 'the', 'aims', 'of', 'the', '1986', 'Act', ',', 'this', 'does', 'not', 'alter', 'the', 'fact', 'that', 'its', 'imposition', 'is', 'dependent', 'on', 'there', 'having', 'been', 'a', 'criminal', 'conviction', '.']	['O', 'O', 'B-Subsumtion', 'I-Subsumtion', 'I-Subsumtion', 'I-Subsumtion', 'I-Subsumtion', 'I-Subsumtion', 'I-Subsumtion', 'I-Subsumtion', 'I-Subsumtion', 'I-Subsumtion', 'I-Subsumtion', 'I-Subsumtion', 'I-Subsumtion', 'I-Subsumtion', 'I-Subsumtion', 'I-Subsumtion', 'I-Subsumtion', 'I-Subsumtion', 'I-Subsumtion', 'I-Subsumtion', 'I-Subsumtion', 'I-Subsumtion', 'I-Subsumtion', 'I-Subsumtion', 'I-Subsumtion', 'I-Subsumtion', 'I-Subsumtion', 'I-Subsumtion', 'I-Subsumtion', 'I-Subsumtion', 'I-Subsumtion', 'I-Subsumtion', 'I-Subsumtion', 'I-Subsumtion', 'I-Subsumtion', 'I-Subsumtion', 'I-Subsumtion', 'I-Subsumtion', 'I-Subsumtion', 'I-Subsumtion', 'I-Subsumtion', 'I-Subsumtion', 'I-Subsumtion', 'I-Subsumtion', 'I-Subsumtion', 'I-Subsumtion', 'I-Subsumtion', 'I-Subsumtion', 'I-Subsumtion', 'I-Subsumtion', 'I-Subsumtion', 'I-Subsumtion', 'I-Subsumtion', 'I-Subsumtion', 'I-Subsumtion', 'I-Subsumtion', 'I-Subsumtion', 'I-Subsumtion', 'I-Subsumtion', 'I-Subsumtion', 'I-Subsumtion', 'I-Subsumtion', 'I-Subsumtion', 'I-Subsumtion', 'I-Subsumtion', 'I-Subsumtion', 'I-Subsumtion', 'I-Subsumtion', 'I-Subsumtion', 'I-Subsumtion', 'I-Subsumtion', 'I-Subsumtion', 'I-Subsumtion', 'I-Subsumtion', 'I-Subsumtion', 'I-Subsumtion', 'I-Subsumtion', 'I-Subsumtion', 'I-Subsumtion', 'I-Subsumtion', 'I-Subsumtion', 'I-Subsumtion', 'I-Subsumtion', 'I-Subsumtion', 'I-Subsumtion', 'I-Subsumtion', 'I-Subsumtion', 'I-Subsumtion', 'I-Subsumtion', 'I-Subsumtion', 'I-Subsumtion', 'I-Subsumtion', 'I-Subsumtion', 'I-Subsumtion', 'I-Subsumtion', 'I-Subsumtion', 'I-Subsumtion', 'I-Subsumtion', 'I-Subsumtion', 'I-Subsumtion', 'I-Subsumtion', 'I-Subsumtion', 'I-Subsumtion', 'I-Subsumtion', 'I-Subsumtion', 'I-Subsumtion', 'I-Subsumtion', 'I-Subsumtion', 'I-Subsumtion', 'I-Subsumtion', 'I-Subsumtion', 'I-Subsumtion', 'I-Subsumtion', 'I-Subsumtion', 'I-Subsumtion', 'I-Subsumtion', 'I-Subsumtion', 'I-Subsumtion', 'I-Subsumtion', 'I-Subsumtion', 'I-Subsumtion', 'I-Subsumtion', 'I-Subsumtion', 'I-Subsumtion', 'I-Subsumtion', 'I-Subsumtion', 'I-Subsumtion', 'I-Subsumtion', 'I-Subsumtion', 'I-Subsumtion', 'I-Subsumtion', 'I-Subsumtion', 'I-Subsumtion', 'I-Subsumtion', 'I-Subsumtion', 'I-Subsumtion', 'I-Subsumtion', 'I-Subsumtion', 'I-Subsumtion', 'I-Subsumtion', 'I-Subsumtion', 'I-Subsumtion', 'I-Subsumtion', 'I-Subsumtion', 'I-Subsumtion', 'I-Subsumtion', 'I-Subsumtion', 'I-Subsumtion']
['30', '.', 'In', 'assessing', 'the', 'nature', 'and', 'purpose', 'of', 'the', 'measure', ',', 'the', 'Court', 'has', 'had', 'regard', 'to', 'the', 'background', 'of', 'the', '1986', 'Act', ',', 'which', 'was', 'introduced', 'to', 'overcome', 'the', 'inadequacy', 'of', 'the', 'existing', 'powers', 'of', 'forfeiture', 'and', 'to', 'confer', 'on', 'the', 'courts', 'the', 'power', 'to', 'confiscate', 'proceeds', 'after', 'they', 'had', 'been', 'converted', 'into', 'other', 'forms', 'of', 'assets', '(', 'see', 'paragraph', '11', 'above', ')', '.', 'The', 'preventive', 'purpose', 'of', 'confiscating', 'property', 'that', 'might', 'be', 'available', 'for', 'use', 'in', 'future', 'drug', '-', 'trafficking', 'operations', 'as', 'well', 'as', 'the', 'purpose', 'of', 'ensuring', 'that', 'crime', 'does', 'not', 'pay', 'are', 'evident', 'from', 'the', 'ministerial', 'statements', 'that', 'were', 'made', 'to', 'Parliament', 'at', 'the', 'time', 'of', 'the', 'introduction', 'of', 'the', 'legislation', '(', 'see', 'paragraph', '11', 'above', ')', '.', 'However', 'it', 'can', 'not', 'be', 'excluded', 'that', 'legislation', 'which', 'confers', 'such', 'broad', 'powers', 'of', 'confiscation', 'on', 'the', 'courts', 'also', 'pursues', 'the', 'aim', 'of', 'punishing', 'the', 'offender', '.', 'Indeed', 'the', 'aims', 'of', 'prevention', 'and', 'reparation', 'are', 'consistent', 'with', 'a', 'punitive', 'purpose', 'and', 'may', 'be', 'seen', 'as', 'constituent', 'elements', 'of', 'the', 'very', 'notion', 'of', 'punishment', '.']	['O', 'O', 'B-Sinn & Zweck Auslegung', 'I-Sinn & Zweck Auslegung', 'I-Sinn & Zweck Auslegung', 'I-Sinn & Zweck Auslegung', 'I-Sinn & Zweck Auslegung', 'I-Sinn & Zweck Auslegung', 'I-Sinn & Zweck Auslegung', 'I-Sinn & Zweck Auslegung', 'I-Sinn & Zweck Auslegung', 'I-Sinn & Zweck Auslegung', 'I-Sinn & Zweck Auslegung', 'I-Sinn & Zweck Auslegung', 'I-Sinn & Zweck Auslegung', 'I-Sinn & Zweck Auslegung', 'I-Sinn & Zweck Auslegung', 'I-Sinn & Zweck Auslegung', 'I-Sinn & Zweck Auslegung', 'I-Sinn & Zweck Auslegung', 'I-Sinn & Zweck Auslegung', 'I-Sinn & Zweck Auslegung', 'I-Sinn & Zweck Auslegung', 'I-Sinn & Zweck Auslegung', 'I-Sinn & Zweck Auslegung', 'I-Sinn & Zweck Auslegung', 'I-Sinn & Zweck Auslegung', 'I-Sinn & Zweck Auslegung', 'I-Sinn & Zweck Auslegung', 'I-Sinn & Zweck Auslegung', 'I-Sinn & Zweck Auslegung', 'I-Sinn & Zweck Auslegung', 'I-Sinn & Zweck Auslegung', 'I-Sinn & Zweck Auslegung', 'I-Sinn & Zweck Auslegung', 'I-Sinn & Zweck Auslegung', 'I-Sinn & Zweck Auslegung', 'I-Sinn & Zweck Auslegung', 'I-Sinn & Zweck Auslegung', 'I-Sinn & Zweck Auslegung', 'I-Sinn & Zweck Auslegung', 'I-Sinn & Zweck Auslegung', 'I-Sinn & Zweck Auslegung', 'I-Sinn & Zweck Auslegung', 'I-Sinn & Zweck Auslegung', 'I-Sinn & Zweck Auslegung', 'I-Sinn & Zweck Auslegung', 'I-Sinn & Zweck Auslegung', 'I-Sinn & Zweck Auslegung', 'I-Sinn & Zweck Auslegung', 'I-Sinn & Zweck Auslegung', 'I-Sinn & Zweck Auslegung', 'I-Sinn & Zweck Auslegung', 'I-Sinn & Zweck Auslegung', 'I-Sinn & Zweck Auslegung', 'I-Sinn & Zweck Auslegung', 'I-Sinn & Zweck Auslegung', 'I-Sinn & Zweck Auslegung', 'I-Sinn & Zweck Auslegung', 'I-Sinn & Zweck Auslegung', 'I-Sinn & Zweck Auslegung', 'I-Sinn & Zweck Auslegung', 'I-Sinn & Zweck Auslegung', 'I-Sinn & Zweck Auslegung', 'I-Sinn & Zweck Auslegung', 'I-Sinn & Zweck Auslegung', 'I-Sinn & Zweck Auslegung', 'I-Sinn & Zweck Auslegung', 'I-Sinn & Zweck Auslegung', 'I-Sinn & Zweck Auslegung', 'I-Sinn & Zweck Auslegung', 'I-Sinn & Zweck Auslegung', 'I-Sinn & Zweck Auslegung', 'I-Sinn & Zweck Auslegung', 'I-Sinn & Zweck Auslegung', 'I-Sinn & Zweck Auslegung', 'I-Sinn & Zweck Auslegung', 'I-Sinn & Zweck Auslegung', 'I-Sinn & Zweck Auslegung', 'I-Sinn & Zweck Auslegung', 'I-Sinn & Zweck Auslegung', 'I-Sinn & Zweck Auslegung', 'I-Sinn & Zweck Auslegung', 'I-Sinn & Zweck Auslegung', 'I-Sinn & Zweck Auslegung', 'I-Sinn & Zweck Auslegung', 'I-Sinn & Zweck Auslegung', 'I-Sinn & Zweck Auslegung', 'I-Sinn & Zweck Auslegung', 'I-Sinn & Zweck Auslegung', 'I-Sinn & Zweck Auslegung', 'I-Sinn & Zweck Auslegung', 'I-Sinn & Zweck Auslegung', 'I-Sinn & Zweck Auslegung', 'I-Sinn & Zweck Auslegung', 'I-Sinn & Zweck Auslegung', 'I-Sinn & Zweck Auslegung', 'I-Sinn & Zweck Auslegung', 'I-Sinn & Zweck Auslegung', 'I-Sinn & Zweck Auslegung', 'I-Sinn & Zweck Auslegung', 'I-Sinn & Zweck Auslegung', 'I-Sinn & Zweck Auslegung', 'I-Sinn & Zweck Auslegung', 'I-Sinn & Zweck Auslegung', 'I-Sinn & Zweck Auslegung', 'I-Sinn & Zweck Auslegung', 'I-Sinn & Zweck Auslegung', 'I-Sinn & Zweck Auslegung', 'I-Sinn & Zweck Auslegung', 'I-Sinn & Zweck Auslegung', 'I-Sinn & Zweck Auslegung', 'I-Sinn & Zweck Auslegung', 'I-Sinn & Zweck Auslegung', 'I-Sinn & Zweck Auslegung', 'I-Sinn & Zweck Auslegung', 'I-Sinn & Zweck Auslegung', 'I-Sinn & Zweck Auslegung', 'I-Sinn & Zweck Auslegung', 'I-Sinn & Zweck Auslegung', 'I-Sinn & Zweck Auslegung', 'I-Sinn & Zweck Auslegung', 'I-Sinn & Zweck Auslegung', 'I-Sinn & Zweck Auslegung', 'I-Sinn & Zweck Auslegung', 'I-Sinn & Zweck Auslegung', 'I-Sinn & Zweck Auslegung', 'I-Sinn & Zweck Auslegung', 'I-Sinn & Zweck Auslegung', 'I-Sinn & Zweck Auslegung', 'I-Sinn & Zweck Auslegung', 'I-Sinn & Zweck Auslegung', 'I-Sinn & Zweck Auslegung', 'I-Sinn & Zweck Auslegung', 'I-Sinn & Zweck Auslegung', 'I-Sinn & Zweck Auslegung', 'I-Sinn & Zweck Auslegung', 'I-Sinn & Zweck Auslegung', 'I-Sinn & Zweck Auslegung', 'I-Sinn & Zweck Auslegung', 'I-Sinn & Zweck Auslegung', 'I-Sinn & Zweck Auslegung', 'I-Sinn & Zweck Auslegung', 'I-Sinn & Zweck Auslegung', 'I-Sinn & Zweck Auslegung', 'I-Sinn & Zweck Auslegung', 'I-Sinn & Zweck Auslegung', 'I-Sinn & Zweck Auslegung', 'I-Sinn & Zweck Auslegung', 'I-Sinn & Zweck Auslegung', 'I-Sinn & Zweck Auslegung', 'I-Sinn & Zweck Auslegung', 'I-Sinn & Zweck Auslegung', 'I-Sinn & Zweck Auslegung', 'I-Sinn & Zweck Auslegung', 'I-Sinn & Zweck Auslegung', 'I-Sinn & Zweck Auslegung', 'I-Sinn & Zweck Auslegung', 'I-Sinn & Zweck Auslegung', 'I-Sinn & Zweck Auslegung', 'I-Sinn & Zweck Auslegung', 'I-Sinn & Zweck Auslegung', 'I-Sinn & Zweck Auslegung', 'I-Sinn & Zweck Auslegung', 'I-Sinn & Zweck Auslegung', 'I-Sinn & Zweck Auslegung', 'I-Sinn & Zweck Auslegung', 'I-Sinn & Zweck Auslegung', 'I-Sinn & Zweck Auslegung', 'I-Sinn & Zweck Auslegung', 'I-Sinn & Zweck Auslegung', 'I-Sinn & Zweck Auslegung', 'I-Sinn & Zweck Auslegung', 'I-Sinn & Zweck Auslegung', 'I-Sinn & Zweck Auslegung', 'I-Sinn & Zweck Auslegung', 'I-Sinn & Zweck Auslegung']
"['31', '.', 'In', 'this', 'connection', ',', 'confiscation', 'orders', 'have', 'been', 'characterised', 'in', 'some', 'United', 'Kingdom', 'court', 'decisions', 'as', 'constituting', '""', 'penalties', '""', 'and', ',', 'in', 'others', ',', 'as', 'pursuing', 'the', 'aim', 'of', 'reparation', 'as', 'opposed', 'to', 'punishment', '(', 'see', 'paragraphs', '16', 'and', '17', 'above', ')', '.', 'Although', 'on', 'balance', 'these', 'statements', 'point', 'more', 'in', 'the', 'direction', 'of', 'a', 'confiscation', 'order', 'being', 'a', 'punitive', 'measure', ',', 'the', 'Court', 'does', 'not', 'consider', 'them', 'to', 'be', 'of', 'much', 'assistance', 'since', 'they', 'were', 'not', 'directed', 'at', 'the', 'point', 'at', 'issue', 'under', 'Article', '7', '(', 'art', '.', '7', ')', 'but', 'rather', 'made', 'in', 'the', 'course', 'of', 'examination', 'of', 'associated', 'questions', 'of', 'domestic', 'law', 'and', 'procedure', '.']"	['O', 'O', 'B-Subsumtion', 'I-Subsumtion', 'I-Subsumtion', 'I-Subsumtion', 'I-Subsumtion', 'I-Subsumtion', 'I-Subsumtion', 'I-Subsumtion', 'I-Subsumtion', 'I-Subsumtion', 'I-Subsumtion', 'I-Subsumtion', 'I-Subsumtion', 'I-Subsumtion', 'I-Subsumtion', 'I-Subsumtion', 'I-Subsumtion', 'I-Subsumtion', 'I-Subsumtion', 'I-Subsumtion', 'I-Subsumtion', 'I-Subsumtion', 'I-Subsumtion', 'I-Subsumtion', 'I-Subsumtion', 'I-Subsumtion', 'I-Subsumtion', 'I-Subsumtion', 'I-Subsumtion', 'I-Subsumtion', 'I-Subsumtion', 'I-Subsumtion', 'I-Subsumtion', 'I-Subsumtion', 'I-Subsumtion', 'I-Subsumtion', 'I-Subsumtion', 'I-Subsumtion', 'I-Subsumtion', 'I-Subsumtion', 'I-Subsumtion', 'I-Subsumtion', 'I-Subsumtion', 'I-Subsumtion', 'I-Subsumtion', 'I-Subsumtion', 'I-Subsumtion', 'I-Subsumtion', 'I-Subsumtion', 'I-Subsumtion', 'I-Subsumtion', 'I-Subsumtion', 'I-Subsumtion', 'I-Subsumtion', 'I-Subsumtion', 'I-Subsumtion', 'I-Subsumtion', 'I-Subsumtion', 'I-Subsumtion', 'I-Subsumtion', 'I-Subsumtion', 'I-Subsumtion', 'I-Subsumtion', 'I-Subsumtion', 'I-Subsumtion', 'I-Subsumtion', 'I-Subsumtion', 'I-Subsumtion', 'I-Subsumtion', 'I-Subsumtion', 'I-Subsumtion', 'I-Subsumtion', 'I-Subsumtion', 'I-Subsumtion', 'I-Subsumtion', 'I-Subsumtion', 'I-Subsumtion', 'I-Subsumtion', 'I-Subsumtion', 'I-Subsumtion', 'I-Subsumtion', 'I-Subsumtion', 'I-Subsumtion', 'I-Subsumtion', 'I-Subsumtion', 'I-Subsumtion', 'I-Subsumtion', 'I-Subsumtion', 'I-Subsumtion', 'I-Subsumtion', 'I-Subsumtion', 'I-Subsumtion', 'I-Subsumtion', 'I-Subsumtion', 'I-Subsumtion', 'I-Subsumtion', 'I-Subsumtion', 'I-Subsumtion', 'I-Subsumtion', 'I-Subsumtion', 'I-Subsumtion', 'I-Subsumtion', 'I-Subsumtion', 'I-Subsumtion', 'I-Subsumtion', 'I-Subsumtion', 'I-Subsumtion', 'I-Subsumtion', 'I-Subsumtion']
['32', '.', 'The', 'Court', 'agrees', 'with', 'the', 'Government', 'and', 'the', 'Commission', 'that', 'the', 'severity', 'of', 'the', 'order', 'is', 'not', 'in', 'itself', 'decisive', ',', 'since', 'many', 'non', '-', 'penal', 'measures', 'of', 'a', 'preventive', 'nature', 'may', 'have', 'a', 'substantial', 'impact', 'on', 'the', 'person', 'concerned', '.']	['O', 'O', 'B-Subsumtion', 'I-Subsumtion', 'I-Subsumtion', 'I-Subsumtion', 'I-Subsumtion', 'I-Subsumtion', 'I-Subsumtion', 'I-Subsumtion', 'I-Subsumtion', 'I-Subsumtion', 'I-Subsumtion', 'I-Subsumtion', 'I-Subsumtion', 'I-Subsumtion', 'I-Subsumtion', 'I-Subsumtion', 'I-Subsumtion', 'I-Subsumtion', 'I-Subsumtion', 'I-Subsumtion', 'I-Subsumtion', 'I-Subsumtion', 'I-Subsumtion', 'I-Subsumtion', 'I-Subsumtion', 'I-Subsumtion', 'I-Subsumtion', 'I-Subsumtion', 'I-Subsumtion', 'I-Subsumtion', 'I-Subsumtion', 'I-Subsumtion', 'I-Subsumtion', 'I-Subsumtion', 'I-Subsumtion', 'I-Subsumtion', 'I-Subsumtion', 'I-Subsumtion', 'I-Subsumtion', 'I-Subsumtion', 'I-Subsumtion']
['33', '.', 'However', ',', 'there', 'are', 'several', 'aspects', 'of', 'the', 'making', 'of', 'an', 'order', 'under', 'the', '1986', 'Act', 'which', 'are', 'in', 'keeping', 'with', 'the', 'idea', 'of', 'a', 'penalty', 'as', 'it', 'is', 'commonly', 'understood', 'even', 'though', 'they', 'may', 'also', 'be', 'considered', 'as', 'essential', 'to', 'the', 'preventive', 'scheme', 'inherent', 'in', 'the', '1986', 'Act', '.', 'The', 'sweeping', 'statutory', 'assumptions', 'in', 'section', '2', '(', '3', ')', 'of', 'the', '1986', 'Act', 'that', 'all', 'property', 'passing', 'through', 'the', 'offender', '’s', 'hands', 'over', 'a', 'six', '-', 'year', 'period', 'is', 'the', 'fruit', 'of', 'drug', 'trafficking', 'unless', 'he', 'can', 'prove', 'otherwise', '(', 'see', 'paragraph', '12', 'above', ')', ';', 'the', 'fact', 'that', 'the', 'confiscation', 'order', 'is', 'directed', 'to', 'the', 'proceeds', 'involved', 'in', 'drug', 'dealing', 'and', 'is', 'not', 'limited', 'to', 'actual', 'enrichment', 'or', 'profit', '(', 'see', 'sections', '1', 'and', '2', 'of', 'the', '1986', 'Act', 'in', 'paragraph', '12', 'above', ')', ';', 'the', 'discretion', 'of', 'the', 'trial', 'judge', ',', 'in', 'fixing', 'the', 'amount', 'of', 'the', 'order', ',', 'to', 'take', 'into', 'consideration', 'the', 'degree', 'of', 'culpability', 'of', 'the', 'accused', '(', 'see', 'paragraph', '13', 'above', ')', ';', 'and', 'the', 'possibility', 'of', 'imprisonment', 'in', 'default', 'of', 'payment', 'by', 'the', 'offender', '(', 'see', 'paragraph', '14', 'above', ')', '-', 'are', 'all', 'elements', 'which', ',', 'when', 'considered', 'together', ',', 'provide', 'a', 'strong', 'indication', 'of', ',', 'inter', 'alia', ',', 'a', 'regime', 'of', 'punishment', '.']	['O', 'O', 'B-Subsumtion', 'I-Subsumtion', 'I-Subsumtion', 'I-Subsumtion', 'I-Subsumtion', 'I-Subsumtion', 'I-Subsumtion', 'I-Subsumtion', 'I-Subsumtion', 'I-Subsumtion', 'I-Subsumtion', 'I-Subsumtion', 'I-Subsumtion', 'I-Subsumtion', 'I-Subsumtion', 'I-Subsumtion', 'I-Subsumtion', 'I-Subsumtion', 'I-Subsumtion', 'I-Subsumtion', 'I-Subsumtion', 'I-Subsumtion', 'I-Subsumtion', 'I-Subsumtion', 'I-Subsumtion', 'I-Subsumtion', 'I-Subsumtion', 'I-Subsumtion', 'I-Subsumtion', 'I-Subsumtion', 'I-Subsumtion', 'I-Subsumtion', 'I-Subsumtion', 'I-Subsumtion', 'I-Subsumtion', 'I-Subsumtion', 'I-Subsumtion', 'I-Subsumtion', 'I-Subsumtion', 'I-Subsumtion', 'I-Subsumtion', 'I-Subsumtion', 'I-Subsumtion', 'I-Subsumtion', 'I-Subsumtion', 'I-Subsumtion', 'I-Subsumtion', 'I-Subsumtion', 'I-Subsumtion', 'I-Subsumtion', 'I-Subsumtion', 'I-Subsumtion', 'I-Subsumtion', 'I-Subsumtion', 'I-Subsumtion', 'I-Subsumtion', 'I-Subsumtion', 'I-Subsumtion', 'I-Subsumtion', 'I-Subsumtion', 'I-Subsumtion', 'I-Subsumtion', 'I-Subsumtion', 'I-Subsumtion', 'I-Subsumtion', 'I-Subsumtion', 'I-Subsumtion', 'I-Subsumtion', 'I-Subsumtion', 'I-Subsumtion', 'I-Subsumtion', 'I-Subsumtion', 'I-Subsumtion', 'I-Subsumtion', 'I-Subsumtion', 'I-Subsumtion', 'I-Subsumtion', 'I-Subsumtion', 'I-Subsumtion', 'I-Subsumtion', 'I-Subsumtion', 'I-Subsumtion', 'I-Subsumtion', 'I-Subsumtion', 'I-Subsumtion', 'I-Subsumtion', 'I-Subsumtion', 'I-Subsumtion', 'I-Subsumtion', 'I-Subsumtion', 'I-Subsumtion', 'I-Subsumtion', 'I-Subsumtion', 'I-Subsumtion', 'I-Subsumtion', 'I-Subsumtion', 'I-Subsumtion', 'I-Subsumtion', 'I-Subsumtion', 'I-Subsumtion', 'I-Subsumtion', 'I-Subsumtion', 'I-Subsumtion', 'I-Subsumtion', 'I-Subsumtion', 'I-Subsumtion', 'I-Subsumtion', 'I-Subsumtion', 'I-Subsumtion', 'I-Subsumtion', 'I-Subsumtion', 'I-Subsumtion', 'I-Subsumtion', 'I-Subsumtion', 'I-Subsumtion', 'I-Subsumtion', 'I-Subsumtion', 'I-Subsumtion', 'I-Subsumtion', 'I-Subsumtion', 'I-Subsumtion', 'I-Subsumtion', 'I-Subsumtion', 'I-Subsumtion', 'I-Subsumtion', 'I-Subsumtion', 'I-Subsumtion', 'I-Subsumtion', 'I-Subsumtion', 'I-Subsumtion', 'I-Subsumtion', 'I-Subsumtion', 'I-Subsumtion', 'I-Subsumtion', 'I-Subsumtion', 'I-Subsumtion', 'I-Subsumtion', 'I-Subsumtion', 'I-Subsumtion', 'I-Subsumtion', 'I-Subsumtion', 'I-Subsumtion', 'I-Subsumtion', 'I-Subsumtion', 'I-Subsumtion', 'I-Subsumtion', 'I-Subsumtion', 'I-Subsumtion', 'I-Subsumtion', 'I-Subsumtion', 'I-Subsumtion', 'I-Subsumtion', 'I-Subsumtion', 'I-Subsumtion', 'I-Subsumtion', 'I-Subsumtion', 'I-Subsumtion', 'I-Subsumtion', 'I-Subsumtion', 'I-Subsumtion', 'I-Subsumtion', 'I-Subsumtion', 'I-Subsumtion', 'I-Subsumtion', 'I-Subsumtion', 'I-Subsumtion', 'I-Subsumtion', 'I-Subsumtion', 'I-Subsumtion', 'I-Subsumtion', 'I-Subsumtion', 'I-Subsumtion', 'I-Subsumtion', 'I-Subsumtion', 'I-Subsumtion', 'I-Subsumtion', 'I-Subsumtion', 'I-Subsumtion', 'I-Subsumtion', 'I-Subsumtion', 'I-Subsumtion', 'I-Subsumtion', 'I-Subsumtion', 'I-Subsumtion', 'I-Subsumtion', 'I-Subsumtion', 'I-Subsumtion', 'I-Subsumtion', 'I-Subsumtion', 'I-Subsumtion', 'I-Subsumtion', 'I-Subsumtion', 'I-Subsumtion', 'I-Subsumtion', 'I-Subsumtion', 'I-Subsumtion', 'I-Subsumtion', 'I-Subsumtion', 'I-Subsumtion', 'I-Subsumtion', 'I-Subsumtion', 'I-Subsumtion', 'I-Subsumtion', 'I-Subsumtion', 'I-Subsumtion', 'I-Subsumtion', 'I-Subsumtion', 'I-Subsumtion', 'I-Subsumtion', 'I-Subsumtion', 'I-Subsumtion', 'I-Subsumtion']
['34', '.', 'Finally', ',', 'looking', 'behind', 'appearances', 'at', 'the', 'realities', 'of', 'the', 'situation', ',', 'whatever', 'the', 'characterisation', 'of', 'the', 'measure', 'of', 'confiscation', ',', 'the', 'fact', 'remains', 'that', 'the', 'applicant', 'faced', 'more', 'far', '-', 'reaching', 'detriment', 'as', 'a', 'result', 'of', 'the', 'order', 'than', 'that', 'to', 'which', 'he', 'was', 'exposed', 'at', 'the', 'time', 'of', 'the', 'commission', 'of', 'the', 'offences', 'for', 'which', 'he', 'was', 'convicted', '(', 'see', ',', 'mutatis', 'mutandis', ',', 'the', 'Campbell', 'and', 'Fell', 'v.', 'the', 'United', 'Kingdom', 'judgment', 'of', '28', 'June', '1984', ',', 'Series', 'A', 'no', '.', '80', ',', 'p.', '38', ',', 'para', '.', '72', ')', '.']	['O', 'O', 'B-Subsumtion', 'I-Subsumtion', 'I-Subsumtion', 'I-Subsumtion', 'I-Subsumtion', 'I-Subsumtion', 'I-Subsumtion', 'I-Subsumtion', 'I-Subsumtion', 'I-Subsumtion', 'I-Subsumtion', 'I-Subsumtion', 'I-Subsumtion', 'I-Subsumtion', 'I-Subsumtion', 'I-Subsumtion', 'I-Subsumtion', 'I-Subsumtion', 'I-Subsumtion', 'I-Subsumtion', 'I-Subsumtion', 'I-Subsumtion', 'I-Subsumtion', 'I-Subsumtion', 'I-Subsumtion', 'I-Subsumtion', 'I-Subsumtion', 'I-Subsumtion', 'I-Subsumtion', 'I-Subsumtion', 'I-Subsumtion', 'I-Subsumtion', 'I-Subsumtion', 'I-Subsumtion', 'I-Subsumtion', 'I-Subsumtion', 'I-Subsumtion', 'I-Subsumtion', 'I-Subsumtion', 'I-Subsumtion', 'I-Subsumtion', 'I-Subsumtion', 'I-Subsumtion', 'I-Subsumtion', 'I-Subsumtion', 'I-Subsumtion', 'I-Subsumtion', 'I-Subsumtion', 'I-Subsumtion', 'I-Subsumtion', 'I-Subsumtion', 'I-Subsumtion', 'I-Subsumtion', 'I-Subsumtion', 'I-Subsumtion', 'I-Subsumtion', 'I-Subsumtion', 'I-Subsumtion', 'I-Subsumtion', 'I-Subsumtion', 'I-Subsumtion', 'I-Subsumtion', 'I-Subsumtion', 'I-Subsumtion', 'I-Subsumtion', 'I-Subsumtion', 'I-Subsumtion', 'I-Subsumtion', 'I-Subsumtion', 'I-Subsumtion', 'I-Subsumtion', 'I-Subsumtion', 'I-Subsumtion', 'I-Subsumtion', 'I-Subsumtion', 'I-Subsumtion', 'I-Subsumtion', 'I-Subsumtion', 'I-Subsumtion', 'I-Subsumtion', 'I-Subsumtion', 'I-Subsumtion', 'I-Subsumtion', 'I-Subsumtion', 'I-Subsumtion', 'I-Subsumtion', 'I-Subsumtion', 'I-Subsumtion', 'I-Subsumtion', 'I-Subsumtion', 'I-Subsumtion', 'I-Subsumtion', 'I-Subsumtion', 'I-Subsumtion']
['35', '.', 'Taking', 'into', 'consideration', 'the', 'combination', 'of', 'punitive', 'elements', 'outlined', 'above', ',', 'the', 'confiscation', 'order', 'amounted', ',', 'in', 'the', 'circumstances', 'of', 'the', 'present', 'case', ',', 'to', 'a', 'penalty', '.', 'Accordingly', ',', 'there', 'has', 'been', 'a', 'breach', 'of', 'Article', '7', 'para', '.', '1', '(', 'art', '.', '7', '-', '1', ')', '.']	['O', 'O', 'B-Subsumtion', 'I-Subsumtion', 'I-Subsumtion', 'I-Subsumtion', 'I-Subsumtion', 'I-Subsumtion', 'I-Subsumtion', 'I-Subsumtion', 'I-Subsumtion', 'I-Subsumtion', 'I-Subsumtion', 'I-Subsumtion', 'I-Subsumtion', 'I-Subsumtion', 'I-Subsumtion', 'I-Subsumtion', 'I-Subsumtion', 'I-Subsumtion', 'I-Subsumtion', 'I-Subsumtion', 'I-Subsumtion', 'I-Subsumtion', 'I-Subsumtion', 'I-Subsumtion', 'I-Subsumtion', 'I-Subsumtion', 'I-Subsumtion', 'I-Subsumtion', 'B-Entscheidung des EGMR', 'I-Entscheidung des EGMR', 'I-Entscheidung des EGMR', 'I-Entscheidung des EGMR', 'I-Entscheidung des EGMR', 'I-Entscheidung des EGMR', 'I-Entscheidung des EGMR', 'I-Entscheidung des EGMR', 'I-Entscheidung des EGMR', 'I-Entscheidung des EGMR', 'I-Entscheidung des EGMR', 'I-Entscheidung des EGMR', 'I-Entscheidung des EGMR', 'I-Entscheidung des EGMR', 'I-Entscheidung des EGMR', 'I-Entscheidung des EGMR', 'I-Entscheidung des EGMR', 'I-Entscheidung des EGMR', 'I-Entscheidung des EGMR', 'I-Entscheidung des EGMR', 'I-Entscheidung des EGMR']
['36', '.', 'The', 'Court', 'would', 'stress', ',', 'however', ',', 'that', 'this', 'conclusion', 'concerns', 'only', 'the', 'retrospective', 'application', 'of', 'the', 'relevant', 'legislation', 'and', 'does', 'not', 'call', 'into', 'question', 'in', 'any', 'respect', 'the', 'powers', 'of', 'confiscation', 'conferred', 'on', 'the', 'courts', 'as', 'a', 'weapon', 'in', 'the', 'fight', 'against', 'the', 'scourge', 'of', 'drug', 'trafficking', '.']	['O', 'O', 'B-Subsumtion', 'I-Subsumtion', 'I-Subsumtion', 'I-Subsumtion', 'I-Subsumtion', 'I-Subsumtion', 'I-Subsumtion', 'I-Subsumtion', 'I-Subsumtion', 'I-Subsumtion', 'I-Subsumtion', 'I-Subsumtion', 'I-Subsumtion', 'I-Subsumtion', 'I-Subsumtion', 'I-Subsumtion', 'I-Subsumtion', 'I-Subsumtion', 'I-Subsumtion', 'I-Subsumtion', 'I-Subsumtion', 'I-Subsumtion', 'I-Subsumtion', 'I-Subsumtion', 'I-Subsumtion', 'I-Subsumtion', 'I-Subsumtion', 'I-Subsumtion', 'I-Subsumtion', 'I-Subsumtion', 'I-Subsumtion', 'I-Subsumtion', 'I-Subsumtion', 'I-Subsumtion', 'I-Subsumtion', 'I-Subsumtion', 'I-Subsumtion', 'I-Subsumtion', 'I-Subsumtion', 'I-Subsumtion', 'I-Subsumtion', 'I-Subsumtion', 'I-Subsumtion', 'I-Subsumtion', 'I-Subsumtion', 'I-Subsumtion', 'I-Subsumtion', 'I-Subsumtion', 'I-Subsumtion']
['II', '.', 'APPLICATION', 'OF', 'ARTICLE', '50', '(', 'art', '.', '50', ')', 'OF', 'THE', 'CONVENTION']	['O', 'O', 'O', 'O', 'O', 'O', 'O', 'O', 'O', 'O', 'O', 'O', 'O', 'O']
['37', '.', 'Article', '50', '(', 'art', '.', '50', ')', 'provides', 'as', 'follows', ':']	['O', 'O', 'O', 'O', 'O', 'O', 'O', 'O', 'O', 'O', 'O', 'O', 'O']
"['""', 'If', 'the', 'Court', 'finds', 'that', 'a', 'decision', 'or', 'a', 'measure', 'taken', 'by', 'a', 'legal', 'authority', 'or', 'any', 'other', 'authority', 'of', 'a', 'High', 'Contracting', 'Party', 'is', 'completely', 'or', 'partially', 'in', 'conflict', 'with', 'the', 'obligations', 'arising', 'from', 'the', '...', 'Convention', ',', 'and', 'if', 'the', 'internal', 'law', 'of', 'the', 'said', 'Party', 'allows', 'only', 'partial', 'reparation', 'to', 'be', 'made', 'for', 'the', 'consequences', 'of', 'this', 'decision', 'or', 'measure', ',', 'the', 'decision', 'of', 'the', 'Court', 'shall', ',', 'if', 'necessary', ',', 'afford', 'just', 'satisfaction', 'to', 'the', 'injured', 'party', '.', '""']"	['O', 'O', 'O', 'O', 'O', 'O', 'O', 'O', 'O', 'O', 'O', 'O', 'O', 'O', 'O', 'O', 'O', 'O', 'O', 'O', 'O', 'O', 'O', 'O', 'O', 'O', 'O', 'O', 'O', 'O', 'O', 'O', 'O', 'O', 'O', 'O', 'O', 'O', 'O', 'O', 'O', 'O', 'O', 'O', 'O', 'O', 'O', 'O', 'O', 'O', 'O', 'O', 'O', 'O', 'O', 'O', 'O', 'O', 'O', 'O', 'O', 'O', 'O', 'O', 'O', 'O', 'O', 'O', 'O', 'O', 'O', 'O', 'O', 'O', 'O', 'O', 'O', 'O', 'O', 'O', 'O', 'O', 'O', 'O']
['A.', 'Damage']	['O', 'O']
['38', '.', 'The', 'applicant', 'claimed', 'an', 'unspecified', 'amount', 'of', 'compensation', 'and/or', 'restitution', 'of', 'the', 'sum', 'confiscated', '.', 'However', ',', 'in', 'the', 'course', 'of', 'the', 'hearing', 'before', 'the', 'Court', 'he', 'pointed', 'out', 'that', 'the', 'confiscation', 'order', 'had', 'not', 'yet', 'been', 'enforced', 'because', 'of', 'the', 'present', 'proceedings', '.']	['O', 'O', 'B-Subsumtion', 'I-Subsumtion', 'I-Subsumtion', 'I-Subsumtion', 'I-Subsumtion', 'I-Subsumtion', 'I-Subsumtion', 'I-Subsumtion', 'I-Subsumtion', 'I-Subsumtion', 'I-Subsumtion', 'I-Subsumtion', 'I-Subsumtion', 'I-Subsumtion', 'I-Subsumtion', 'I-Subsumtion', 'I-Subsumtion', 'I-Subsumtion', 'I-Subsumtion', 'I-Subsumtion', 'I-Subsumtion', 'I-Subsumtion', 'I-Subsumtion', 'I-Subsumtion', 'I-Subsumtion', 'I-Subsumtion', 'I-Subsumtion', 'I-Subsumtion', 'I-Subsumtion', 'I-Subsumtion', 'I-Subsumtion', 'I-Subsumtion', 'I-Subsumtion', 'I-Subsumtion', 'I-Subsumtion', 'I-Subsumtion', 'I-Subsumtion', 'I-Subsumtion', 'I-Subsumtion', 'I-Subsumtion', 'I-Subsumtion', 'I-Subsumtion', 'I-Subsumtion', 'I-Subsumtion']
['The', 'Government', ',', 'like', 'the', 'Delegate', 'of', 'the', 'Commission', ',', 'made', 'no', 'observations', '.']	['B-Subsumtion', 'I-Subsumtion', 'I-Subsumtion', 'I-Subsumtion', 'I-Subsumtion', 'I-Subsumtion', 'I-Subsumtion', 'I-Subsumtion', 'I-Subsumtion', 'I-Subsumtion', 'I-Subsumtion', 'I-Subsumtion', 'I-Subsumtion', 'I-Subsumtion']
['39', '.', 'The', 'Court', 'considers', 'that', 'in', 'these', 'circumstances', 'the', 'matter', 'is', 'not', 'ready', 'for', 'decision', '.', 'The', 'question', 'must', 'accordingly', 'be', 'reserved', 'and', 'the', 'further', 'procedure', 'fixed', ',', 'with', 'due', 'regard', 'to', 'the', 'possibility', 'of', 'an', 'agreement', 'being', 'reached', 'between', 'the', 'Government', 'and', 'the', 'applicant', '(', 'Rule', '54', 'paras', '.', '1', 'and', '4', 'of', 'Rules', 'of', 'Court', 'A', ')', '.']	['O', 'O', 'B-Subsumtion', 'I-Subsumtion', 'I-Subsumtion', 'I-Subsumtion', 'I-Subsumtion', 'I-Subsumtion', 'I-Subsumtion', 'I-Subsumtion', 'I-Subsumtion', 'I-Subsumtion', 'I-Subsumtion', 'I-Subsumtion', 'I-Subsumtion', 'I-Subsumtion', 'I-Subsumtion', 'I-Subsumtion', 'I-Subsumtion', 'I-Subsumtion', 'I-Subsumtion', 'I-Subsumtion', 'I-Subsumtion', 'I-Subsumtion', 'I-Subsumtion', 'I-Subsumtion', 'I-Subsumtion', 'I-Subsumtion', 'I-Subsumtion', 'I-Subsumtion', 'I-Subsumtion', 'I-Subsumtion', 'I-Subsumtion', 'I-Subsumtion', 'I-Subsumtion', 'I-Subsumtion', 'I-Subsumtion', 'I-Subsumtion', 'I-Subsumtion', 'I-Subsumtion', 'I-Subsumtion', 'I-Subsumtion', 'I-Subsumtion', 'I-Subsumtion', 'I-Subsumtion', 'I-Subsumtion', 'I-Subsumtion', 'I-Subsumtion', 'I-Subsumtion', 'I-Subsumtion', 'I-Subsumtion', 'I-Subsumtion', 'I-Subsumtion', 'I-Subsumtion', 'I-Subsumtion', 'I-Subsumtion', 'I-Subsumtion', 'I-Subsumtion', 'I-Subsumtion', 'I-Subsumtion', 'I-Subsumtion']
['B.', 'Costs', 'and', 'expenses']	['O', 'O', 'O', 'O']
['40', '.', 'The', 'applicant', 'claimed', '£', '13,852.60', 'by', 'way', 'of', 'costs', 'and', 'expenses', 'in', 'respect', 'of', 'the', 'Strasbourg', 'proceedings', '.']	['O', 'O', 'O', 'O', 'O', 'O', 'O', 'O', 'O', 'O', 'O', 'O', 'O', 'O', 'O', 'O', 'O', 'O', 'O', 'O']
['Neither', 'the', 'Government', 'nor', 'the', 'Delegate', 'of', 'the', 'Commission', 'had', 'any', 'comments', 'to', 'make', '.']	['O', 'O', 'O', 'O', 'O', 'O', 'O', 'O', 'O', 'O', 'O', 'O', 'O', 'O', 'O']
['41', '.', 'The', 'Court', 'considers', 'that', 'the', 'sum', 'is', 'reasonable', 'and', 'that', 'the', 'full', 'amount', 'claimed', 'should', 'be', 'awarded', 'less', 'the', 'sums', 'paid', 'by', 'way', 'of', 'legal', 'aid', '.']	['O', 'O', 'O', 'O', 'O', 'O', 'O', 'O', 'O', 'O', 'O', 'O', 'O', 'O', 'O', 'O', 'O', 'O', 'O', 'O', 'O', 'O', 'O', 'O', 'O', 'O', 'O', 'O', 'O']
['FOR', 'THESE', 'REASONS', ',', 'THE', 'COURT', 'UNANIMOUSLY']	['O', 'O', 'O', 'O', 'O', 'O', 'O']
['1', '.', 'Holds', 'that', 'there', 'has', 'been', 'a', 'violation', 'of', 'Article', '7', 'para', '.', '1', '(', 'art', '.', '7', '-', '1', ')', 'of', 'the', 'Convention', ';']	['O', 'O', 'O', 'O', 'O', 'O', 'O', 'O', 'O', 'O', 'O', 'O', 'O', 'O', 'O', 'O', 'O', 'O', 'O', 'O', 'O', 'O', 'O', 'O', 'O', 'O']
['2', '.', 'Holds', 'that', 'the', 'respondent', 'State', 'is', 'to', 'pay', ',', 'within', 'three', 'months', ',', '13,852', '(', 'thirteen', 'thousand', 'eight', 'hundred', 'and', 'fifty', '-', 'two', ')', 'pounds', 'sterling', 'and', '60', '(', 'sixty', ')', 'pence', ',', 'together', 'with', 'any', 'value', '-', 'added', 'tax', 'that', 'may', 'be', 'chargeable', ',', 'for', 'costs', 'and', 'expenses', ',', 'less', '10,420', '(', 'ten', 'thousand', 'four', 'hundred', 'and', 'twenty', ')', 'French', 'francs', 'to', 'be', 'converted', 'into', 'pounds', 'sterling', 'at', 'the', 'rate', 'of', 'exchange', 'applicable', 'on', 'the', 'date', 'of', 'delivery', 'of', 'the', 'present', 'judgment', ';']	['O', 'O', 'O', 'O', 'O', 'O', 'O', 'O', 'O', 'O', 'O', 'O', 'O', 'O', 'O', 'O', 'O', 'O', 'O', 'O', 'O', 'O', 'O', 'O', 'O', 'O', 'O', 'O', 'O', 'O', 'O', 'O', 'O', 'O', 'O', 'O', 'O', 'O', 'O', 'O', 'O', 'O', 'O', 'O', 'O', 'O', 'O', 'O', 'O', 'O', 'O', 'O', 'O', 'O', 'O', 'O', 'O', 'O', 'O', 'O', 'O', 'O', 'O', 'O', 'O', 'O', 'O', 'O', 'O', 'O', 'O', 'O', 'O', 'O', 'O', 'O', 'O', 'O', 'O', 'O', 'O', 'O', 'O', 'O', 'O', 'O']
['3', '.', 'Holds', 'that', 'the', 'question', 'of', 'the', 'application', 'of', 'Article', '50', '(', 'art', '.', '50', ')', 'of', 'the', 'Convention', 'is', 'not', 'ready', 'for', 'decision', 'as', 'regards', 'damage', ';']	['O', 'O', 'O', 'O', 'O', 'O', 'O', 'O', 'O', 'O', 'O', 'O', 'O', 'O', 'O', 'O', 'O', 'O', 'O', 'O', 'O', 'O', 'O', 'O', 'O', 'O', 'O', 'O', 'O']
['accordingly', ',']	['O', 'O']
['(', 'a', ')', 'reserves', 'the', 'said', 'question', 'in', 'that', 'respect', ';']	['O', 'O', 'O', 'O', 'O', 'O', 'O', 'O', 'O', 'O', 'O']
['(', 'b', ')', 'invites', 'the', 'Government', 'and', 'the', 'applicant', 'to', 'submit', ',', 'within', 'the', 'forthcoming', 'three', 'months', ',', 'their', 'writtenobservations', 'on', 'the', 'matter', 'and', ',', 'in', 'particular', ',', 'tonotify', 'the', 'Court', 'of', 'any', 'agreement', 'they', 'may', 'reach', ';']	['O', 'O', 'O', 'O', 'O', 'O', 'O', 'O', 'O', 'O', 'O', 'O', 'O', 'O', 'O', 'O', 'O', 'O', 'O', 'O', 'O', 'O', 'O', 'O', 'O', 'O', 'O', 'O', 'O', 'O', 'O', 'O', 'O', 'O', 'O', 'O', 'O', 'O']
['(', 'c', ')', 'reserves', 'the', 'further', 'procedure', 'and', 'delegates', 'to', 'thePresident', 'of', 'the', 'Chamber', 'the', 'power', 'to', 'fix', 'the', 'sameif', 'need', 'be', '.']	['O', 'O', 'O', 'O', 'O', 'O', 'O', 'O', 'O', 'O', 'O', 'O', 'O', 'O', 'O', 'O', 'O', 'O', 'O', 'O', 'O', 'O', 'O']
['Done', 'in', 'English', 'and', 'in', 'French', ',', 'and', 'delivered', 'at', 'a', 'public', 'hearing', 'in', 'the', 'Human', 'Rights', 'Building', ',', 'Strasbourg', ',', 'on', '9', 'February', '1995', '.']	['O', 'O', 'O', 'O', 'O', 'O', 'O', 'O', 'O', 'O', 'O', 'O', 'O', 'O', 'O', 'O', 'O', 'O', 'O', 'O', 'O', 'O', 'O', 'O', 'O', 'O']
['Rolv', 'RYSSDAL']	['O', 'O']
['President']	['O']
['Herbert', 'PETZOLD']	['O', 'O']
['Registrar']	['O']
['In', 'accordance', 'with', 'Article', '51', 'para', '.', '2', '(', 'art', '.', '51', '-', '2', ')', 'of', 'the', 'Convention', 'and', 'Rule', '53', 'para', '.', '2', 'of', 'Rules', 'of', 'Court', 'A', ',', 'the', 'concurring', 'opinion', 'of', 'Mr', 'De', 'Meyer', 'is', 'annexed', 'to', 'this', 'judgment', '.']	['O', 'O', 'O', 'O', 'O', 'O', 'O', 'O', 'O', 'O', 'O', 'O', 'O', 'O', 'O', 'O', 'O', 'O', 'O', 'O', 'O', 'O', 'O', 'O', 'O', 'O', 'O', 'O', 'O', 'O', 'O', 'O', 'O', 'O', 'O', 'O', 'O', 'O', 'O', 'O', 'O', 'O', 'O']
['R.', 'R.']	['O', 'O']
['H.', 'P.']	['O', 'O']
['CONCURRING', 'OPINION', 'OF', 'JUDGE', 'DE', 'MEYER']	['O', 'O', 'O', 'O', 'O', 'O']
['There', 'could', 'be', 'no', 'doubt', 'that', 'the', 'confiscation', 'order', 'inflicted', 'upon', 'the', 'applicant', 'was', 'a', 'sanction', 'following', 'conviction', 'for', 'a', 'criminal', 'offence', ',', 'and', 'that', 'it', 'had', 'the', 'nature', 'of', 'a', 'penalty', '.']	['O', 'O', 'O', 'O', 'O', 'O', 'O', 'O', 'O', 'O', 'O', 'O', 'O', 'O', 'O', 'O', 'O', 'O', 'O', 'O', 'O', 'O', 'O', 'O', 'O', 'O', 'O', 'O', 'O', 'O', 'O', 'O', 'O']
"['Taking', 'into', 'consideration', 'factors', 'such', 'as', 'its', '""', 'purpose', '""', ',', 'its', '""', 'characterisation', 'under', 'national', 'law', '""', ',', 'its', '""', 'severity', '""', ',', 'or', 'the', 'elements', 'involved', 'in', 'the', 'making', 'of', 'the', 'order', 'referred', 'to', 'in', 'paragraph', '33', 'of', 'the', 'judgment', ',', 'could', 'not', 'be', '""', 'relevant', 'in', 'this', 'connection', '""', '.']"	['O', 'O', 'O', 'O', 'O', 'O', 'O', 'O', 'O', 'O', 'O', 'O', 'O', 'O', 'O', 'O', 'O', 'O', 'O', 'O', 'O', 'O', 'O', 'O', 'O', 'O', 'O', 'O', 'O', 'O', 'O', 'O', 'O', 'O', 'O', 'O', 'O', 'O', 'O', 'O', 'O', 'O', 'O', 'O', 'O', 'O', 'O', 'O', 'O', 'O', 'O', 'O', 'O']
"['I', 'did', 'not', 'need', 'these', '""', 'other', 'factors', '""', '(', 'see', 'paragraph', '28', 'of', 'the', 'present', 'judgment', ')', 'to', 'reach', 'a', 'conclusion', 'which', 'was', ',', 'in', 'my', 'view', ',', 'self', '-', 'evident', '.']"	['O', 'O', 'O', 'O', 'O', 'O', 'O', 'O', 'O', 'O', 'O', 'O', 'O', 'O', 'O', 'O', 'O', 'O', 'O', 'O', 'O', 'O', 'O', 'O', 'O', 'O', 'O', 'O', 'O', 'O', 'O', 'O', 'O']
"['[', '1', ']', 'The', 'case', 'is', 'numbered', '1/1994/448/527', '.', 'The', 'first', 'number', 'is', 'the', 'case', ""'s"", 'position', 'on', 'the', 'list', 'of', 'cases', 'referred', 'to', 'the', 'Court', 'in', 'the', 'relevant', 'year', '(', 'second', 'number', ')', '.', 'The', 'last', 'two', 'numbers', 'indicate', 'the', 'case', ""'s"", 'position', 'on', 'the', 'list', 'of', 'cases', 'referred', 'to', 'the', 'Court', 'since', 'its', 'creation', 'and', 'on', 'the', 'list', 'of', 'the', 'corresponding', 'originating', 'applications', 'to', 'the', 'Commission', '.']"	['O', 'O', 'O', 'O', 'O', 'O', 'O', 'O', 'O', 'O', 'O', 'O', 'O', 'O', 'O', 'O', 'O', 'O', 'O', 'O', 'O', 'O', 'O', 'O', 'O', 'O', 'O', 'O', 'O', 'O', 'O', 'O', 'O', 'O', 'O', 'O', 'O', 'O', 'O', 'O', 'O', 'O', 'O', 'O', 'O', 'O', 'O', 'O', 'O', 'O', 'O', 'O', 'O', 'O', 'O', 'O', 'O', 'O', 'O', 'O', 'O', 'O', 'O', 'O', 'O', 'O', 'O', 'O', 'O']
['[', '2', ']', 'Rules', 'A', 'apply', 'to', 'all', 'cases', 'referred', 'to', 'the', 'Court', 'before', 'the', 'entry', 'into', 'force', 'of', 'Protocol', 'No', '.', '9', '(', 'P9', ')', 'and', 'thereafter', 'only', 'to', 'cases', 'concerning', 'States', 'not', 'bound', 'by', 'that', 'Protocol', '(', 'P9', ')', '.', 'They', 'correspond', 'to', 'the', 'Rules', 'that', 'came', 'into', 'force', 'on', '1', 'January', '1983', ',', 'as', 'amended', 'several', 'times', 'subsequently', '.']	['O', 'O', 'O', 'O', 'O', 'O', 'O', 'O', 'O', 'O', 'O', 'O', 'O', 'O', 'O', 'O', 'O', 'O', 'O', 'O', 'O', 'O', 'O', 'O', 'O', 'O', 'O', 'O', 'O', 'O', 'O', 'O', 'O', 'O', 'O', 'O', 'O', 'O', 'O', 'O', 'O', 'O', 'O', 'O', 'O', 'O', 'O', 'O', 'O', 'O', 'O', 'O', 'O', 'O', 'O', 'O', 'O', 'O', 'O', 'O', 'O', 'O']
"['[', '3', ']', 'Note', 'by', 'the', 'Registrar', ':', 'For', 'practical', 'reasons', 'this', 'annex', 'will', 'appear', 'only', 'with', 'the', 'printed', 'version', 'of', 'the', 'judgment', '(', 'volume', '307', '-', 'A', 'of', 'Series', 'A', 'of', 'the', 'Publications', 'of', 'the', 'Court', ')', ',', 'but', 'a', 'copy', 'of', 'the', 'Commission', ""'s"", 'report', 'is', 'obtainable', 'from', 'the', 'registry', '.']"	['O', 'O', 'O', 'O', 'O', 'O', 'O', 'O', 'O', 'O', 'O', 'O', 'O', 'O', 'O', 'O', 'O', 'O', 'O', 'O', 'O', 'O', 'O', 'O', 'O', 'O', 'O', 'O', 'O', 'O', 'O', 'O', 'O', 'O', 'O', 'O', 'O', 'O', 'O', 'O', 'O', 'O', 'O', 'O', 'O', 'O', 'O', 'O', 'O', 'O', 'O', 'O', 'O']
