tokens	labels
['I.', 'ALLEGED', 'VIOLATION', 'OF', 'ARTICLE', '8', 'OF', 'THE', 'CONVENTION']	['O', 'O', 'O', 'O', 'O', 'O', 'O', 'O', 'O']
['29', '.', 'The', 'applicant', 'alleged', 'that', 'the', 'monitoring', 'activity', 'that', 'took', 'place', 'amounted', 'to', 'an', 'interference', 'with', 'her', 'right', 'to', 'respect', 'for', 'her', 'private', 'life', 'and', 'correspondence', 'under', 'Article', '8', ',', 'which', 'reads', 'as', 'follows', ':']	['O', 'O', 'B-Subsumtion', 'I-Subsumtion', 'I-Subsumtion', 'I-Subsumtion', 'I-Subsumtion', 'I-Subsumtion', 'I-Subsumtion', 'I-Subsumtion', 'I-Subsumtion', 'I-Subsumtion', 'I-Subsumtion', 'I-Subsumtion', 'I-Subsumtion', 'I-Subsumtion', 'I-Subsumtion', 'I-Subsumtion', 'I-Subsumtion', 'I-Subsumtion', 'I-Subsumtion', 'I-Subsumtion', 'I-Subsumtion', 'I-Subsumtion', 'I-Subsumtion', 'I-Subsumtion', 'I-Subsumtion', 'I-Subsumtion', 'I-Subsumtion', 'I-Subsumtion', 'I-Subsumtion', 'I-Subsumtion', 'I-Subsumtion', 'I-Subsumtion', 'I-Subsumtion', 'I-Subsumtion']
['“', '1', '.', 'Everyone', 'has', 'the', 'right', 'to', 'respect', 'for', 'his', 'private', 'and', 'family', 'life', ',', 'his', 'home', 'and', 'his', 'correspondence', '.']	['O', 'O', 'O', 'O', 'O', 'O', 'O', 'O', 'O', 'O', 'O', 'O', 'O', 'O', 'O', 'O', 'O', 'O', 'O', 'O', 'O', 'O']
['2', '.', 'There', 'shall', 'be', 'no', 'interference', 'by', 'a', 'public', 'authority', 'with', 'the', 'exercise', 'of', 'this', 'right', 'except', 'such', 'as', 'is', 'in', 'accordance', 'with', 'the', 'law', 'and', 'is', 'necessary', 'in', 'a', 'democratic', 'society', 'in', 'the', 'interests', 'of', 'national', 'security', ',', 'public', 'safety', 'or', 'the', 'economic', 'well', '-', 'being', 'of', 'the', 'country', ',', 'for', 'the', 'prevention', 'of', 'disorder', 'or', 'crime', ',', 'for', 'the', 'protection', 'of', 'health', 'or', 'morals', ',', 'or', 'for', 'the', 'protection', 'of', 'the', 'rights', 'and', 'freedoms', 'of', 'others', '.', '”']	['O', 'O', 'O', 'O', 'O', 'O', 'O', 'O', 'O', 'O', 'O', 'O', 'O', 'O', 'O', 'O', 'O', 'O', 'O', 'O', 'O', 'O', 'O', 'O', 'O', 'O', 'O', 'O', 'O', 'O', 'O', 'O', 'O', 'O', 'O', 'O', 'O', 'O', 'O', 'O', 'O', 'O', 'O', 'O', 'O', 'O', 'O', 'O', 'O', 'O', 'O', 'O', 'O', 'O', 'O', 'O', 'O', 'O', 'O', 'O', 'O', 'O', 'O', 'O', 'O', 'O', 'O', 'O', 'O', 'O', 'O', 'O', 'O', 'O', 'O', 'O', 'O', 'O', 'O', 'O', 'O']
['30', '.', 'The', 'Government', 'contested', 'that', 'argument', '.']	['O', 'O', 'B-Subsumtion', 'I-Subsumtion', 'I-Subsumtion', 'I-Subsumtion', 'I-Subsumtion', 'I-Subsumtion']
['A.', 'The', 'parties', '’', 'submissions']	['O', 'O', 'O', 'O', 'O']
['1', '.', 'The', 'Government']	['O', 'O', 'O', 'O']
['31', '.', 'The', 'Government', 'accepted', 'that', 'the', 'College', 'was', 'a', 'public', 'body', 'for', 'whose', 'actions', 'the', 'State', 'was', 'directly', 'responsible', 'under', 'the', 'Convention', '.']	['O', 'O', 'B-Subsumtion', 'I-Subsumtion', 'I-Subsumtion', 'I-Subsumtion', 'I-Subsumtion', 'I-Subsumtion', 'I-Subsumtion', 'I-Subsumtion', 'I-Subsumtion', 'I-Subsumtion', 'I-Subsumtion', 'I-Subsumtion', 'I-Subsumtion', 'I-Subsumtion', 'I-Subsumtion', 'I-Subsumtion', 'I-Subsumtion', 'I-Subsumtion', 'I-Subsumtion', 'I-Subsumtion', 'I-Subsumtion', 'I-Subsumtion']
['32', '.', 'Although', 'there', 'had', 'been', 'some', 'monitoring', 'of', 'the', 'applicant', '’s', 'telephone', 'calls', ',', 'e', '-', 'mails', 'and', 'Internet', 'usage', 'prior', 'to', 'November', '1999', ',', 'this', 'did', 'not', 'extend', 'to', 'the', 'interception', 'of', 'telephone', 'calls', 'or', 'the', 'analysis', 'of', 'the', 'content', 'of', 'websites', 'visited', 'by', 'her', '.', 'The', 'monitoring', 'thus', 'amounted', 'to', 'nothing', 'more', 'than', 'the', 'analysis', 'of', 'automatically', 'generated', 'information', 'to', 'determine', 'whether', 'College', 'facilities', 'had', 'been', 'used', 'for', 'personal', 'purposes', 'which', ',', 'of', 'itself', ',', 'did', 'not', 'constitute', 'a', 'failure', 'to', 'respect', 'private', 'life', 'or', 'correspondence', '.', 'The', 'case', 'of', 'P.G.', 'and', 'J.H.', 'v.', 'the', 'United', 'Kingdom', '(', 'no', '.', '44787/98', ',', 'ECHR', '2001‑IX', ')', 'could', 'be', 'distinguished', 'since', 'in', 'that', 'case', 'actual', 'interception', 'of', 'telephone', 'calls', 'had', 'occurred', '.', 'There', 'were', 'significant', 'differences', 'from', 'the', 'case', 'in', 'Halford', 'v.', 'the', 'United', 'Kingdom', '(', '25', 'June', '1997', ',', 'Reports', 'of', 'Judgments', 'and', 'Decisions', '1997‑III', ')', ',', 'where', 'the', 'applicant', '’s', 'telephone', 'calls', 'were', 'intercepted', 'on', 'a', 'telephone', 'which', 'had', 'been', 'designated', 'for', 'private', 'use', 'and', ',', 'in', 'particular', ',', 'her', 'litigation', 'against', 'her', 'employer', '.']	['O', 'O', 'B-Subsumtion', 'I-Subsumtion', 'I-Subsumtion', 'I-Subsumtion', 'I-Subsumtion', 'I-Subsumtion', 'I-Subsumtion', 'I-Subsumtion', 'I-Subsumtion', 'I-Subsumtion', 'I-Subsumtion', 'I-Subsumtion', 'I-Subsumtion', 'I-Subsumtion', 'I-Subsumtion', 'I-Subsumtion', 'I-Subsumtion', 'I-Subsumtion', 'I-Subsumtion', 'I-Subsumtion', 'I-Subsumtion', 'I-Subsumtion', 'I-Subsumtion', 'I-Subsumtion', 'I-Subsumtion', 'I-Subsumtion', 'I-Subsumtion', 'I-Subsumtion', 'I-Subsumtion', 'I-Subsumtion', 'I-Subsumtion', 'I-Subsumtion', 'I-Subsumtion', 'I-Subsumtion', 'I-Subsumtion', 'I-Subsumtion', 'I-Subsumtion', 'I-Subsumtion', 'I-Subsumtion', 'I-Subsumtion', 'I-Subsumtion', 'I-Subsumtion', 'I-Subsumtion', 'I-Subsumtion', 'I-Subsumtion', 'I-Subsumtion', 'I-Subsumtion', 'I-Subsumtion', 'I-Subsumtion', 'I-Subsumtion', 'I-Subsumtion', 'I-Subsumtion', 'I-Subsumtion', 'I-Subsumtion', 'I-Subsumtion', 'I-Subsumtion', 'I-Subsumtion', 'I-Subsumtion', 'I-Subsumtion', 'I-Subsumtion', 'I-Subsumtion', 'I-Subsumtion', 'I-Subsumtion', 'I-Subsumtion', 'I-Subsumtion', 'I-Subsumtion', 'I-Subsumtion', 'I-Subsumtion', 'I-Subsumtion', 'I-Subsumtion', 'I-Subsumtion', 'I-Subsumtion', 'I-Subsumtion', 'I-Subsumtion', 'I-Subsumtion', 'I-Subsumtion', 'I-Subsumtion', 'I-Subsumtion', 'I-Subsumtion', 'I-Subsumtion', 'I-Subsumtion', 'I-Subsumtion', 'I-Subsumtion', 'I-Subsumtion', 'I-Subsumtion', 'I-Subsumtion', 'I-Subsumtion', 'I-Subsumtion', 'B-Distinguishing', 'I-Distinguishing', 'I-Distinguishing', 'I-Distinguishing', 'I-Distinguishing', 'I-Distinguishing', 'I-Distinguishing', 'I-Distinguishing', 'I-Distinguishing', 'I-Distinguishing', 'I-Distinguishing', 'I-Distinguishing', 'I-Distinguishing', 'I-Distinguishing', 'I-Distinguishing', 'I-Distinguishing', 'I-Distinguishing', 'I-Distinguishing', 'I-Distinguishing', 'I-Distinguishing', 'I-Distinguishing', 'I-Distinguishing', 'I-Distinguishing', 'I-Distinguishing', 'I-Distinguishing', 'I-Distinguishing', 'I-Distinguishing', 'I-Distinguishing', 'I-Distinguishing', 'I-Distinguishing', 'I-Distinguishing', 'I-Distinguishing', 'I-Distinguishing', 'I-Distinguishing', 'I-Distinguishing', 'I-Distinguishing', 'I-Distinguishing', 'I-Distinguishing', 'I-Distinguishing', 'I-Distinguishing', 'I-Distinguishing', 'I-Distinguishing', 'I-Distinguishing', 'I-Distinguishing', 'I-Distinguishing', 'I-Distinguishing', 'I-Distinguishing', 'I-Distinguishing', 'I-Distinguishing', 'I-Distinguishing', 'I-Distinguishing', 'I-Distinguishing', 'I-Distinguishing', 'I-Distinguishing', 'I-Distinguishing', 'I-Distinguishing', 'I-Distinguishing', 'I-Distinguishing', 'I-Distinguishing', 'I-Distinguishing', 'I-Distinguishing', 'I-Distinguishing', 'I-Distinguishing', 'I-Distinguishing', 'I-Distinguishing', 'I-Distinguishing', 'I-Distinguishing', 'I-Distinguishing', 'I-Distinguishing', 'I-Distinguishing', 'I-Distinguishing', 'I-Distinguishing', 'I-Distinguishing', 'I-Distinguishing', 'I-Distinguishing', 'I-Distinguishing', 'I-Distinguishing', 'I-Distinguishing', 'I-Distinguishing', 'I-Distinguishing', 'I-Distinguishing', 'I-Distinguishing', 'I-Distinguishing', 'I-Distinguishing', 'I-Distinguishing', 'I-Distinguishing', 'I-Distinguishing', 'I-Distinguishing']
['33', '.', 'In', 'the', 'event', 'that', 'the', 'analysis', 'of', 'records', 'of', 'telephone', ',', 'e', '-', 'mail', 'and', 'Internet', 'usage', 'was', 'considered', 'to', 'amount', 'to', 'an', 'interference', 'with', 'respect', 'for', 'private', 'life', 'or', 'correspondence', ',', 'the', 'Government', 'contended', 'that', 'the', 'interference', 'was', 'justified', '.']	['O', 'O', 'B-Subsumtion', 'I-Subsumtion', 'I-Subsumtion', 'I-Subsumtion', 'I-Subsumtion', 'I-Subsumtion', 'I-Subsumtion', 'I-Subsumtion', 'I-Subsumtion', 'I-Subsumtion', 'I-Subsumtion', 'I-Subsumtion', 'I-Subsumtion', 'I-Subsumtion', 'I-Subsumtion', 'I-Subsumtion', 'I-Subsumtion', 'I-Subsumtion', 'I-Subsumtion', 'I-Subsumtion', 'I-Subsumtion', 'I-Subsumtion', 'I-Subsumtion', 'I-Subsumtion', 'I-Subsumtion', 'I-Subsumtion', 'I-Subsumtion', 'I-Subsumtion', 'I-Subsumtion', 'I-Subsumtion', 'I-Subsumtion', 'I-Subsumtion', 'I-Subsumtion', 'I-Subsumtion', 'I-Subsumtion', 'I-Subsumtion', 'I-Subsumtion', 'I-Subsumtion', 'I-Subsumtion', 'I-Subsumtion', 'I-Subsumtion']
['34', '.', 'Firstly', ',', 'it', 'pursued', 'the', 'legitimate', 'aim', 'of', 'protecting', 'the', 'rights', 'and', 'freedoms', 'of', 'others', 'by', 'ensuring', 'that', 'the', 'facilities', 'provided', 'by', 'a', 'publicly', 'funded', 'employer', 'were', 'not', 'abused', '.', 'Secondly', ',', 'the', 'interference', 'had', 'a', 'basis', 'in', 'domestic', 'law', 'in', 'that', 'the', 'College', ',', 'as', 'a', 'statutory', 'body', ',', 'whose', 'powers', 'enable', 'it', 'to', 'provide', 'further', 'and', 'higher', 'education', 'and', 'to', 'do', 'anything', 'necessary', 'and', 'expedient', 'for', 'those', 'purposes', ',', 'had', 'the', 'power', 'to', 'take', 'reasonable', 'control', 'of', 'its', 'facilities', 'to', 'ensure', 'that', 'it', 'was', 'able', 'to', 'carry', 'out', 'its', 'statutory', 'functions', '.', 'It', 'was', 'reasonably', 'foreseeable', 'that', 'the', 'facilities', 'provided', 'by', 'a', 'statutory', 'body', 'out', 'of', 'public', 'funds', 'could', 'not', 'be', 'used', 'excessively', 'for', 'personal', 'purposes', 'and', 'that', 'the', 'College', 'would', 'undertake', 'an', 'analysis', 'of', 'its', 'records', 'to', 'determine', 'if', 'there', 'was', 'any', 'likelihood', 'of', 'personal', 'use', 'which', 'needed', 'to', 'be', 'investigated', '.', 'In', 'this', 'respect', ',', 'the', 'situation', 'was', 'analogous', 'to', 'that', 'in', 'Peck', 'v.', 'the', 'United', 'Kingdom', '(', 'no', '.', '44647/98', ',', 'ECHR', '2003‑I', ')', '.']	['O', 'O', 'B-Verhältnismäßigkeitsprüfung – Legitimer Zweck', 'I-Verhältnismäßigkeitsprüfung – Legitimer Zweck', 'I-Verhältnismäßigkeitsprüfung – Legitimer Zweck', 'I-Verhältnismäßigkeitsprüfung – Legitimer Zweck', 'I-Verhältnismäßigkeitsprüfung – Legitimer Zweck', 'I-Verhältnismäßigkeitsprüfung – Legitimer Zweck', 'I-Verhältnismäßigkeitsprüfung – Legitimer Zweck', 'I-Verhältnismäßigkeitsprüfung – Legitimer Zweck', 'I-Verhältnismäßigkeitsprüfung – Legitimer Zweck', 'I-Verhältnismäßigkeitsprüfung – Legitimer Zweck', 'I-Verhältnismäßigkeitsprüfung – Legitimer Zweck', 'I-Verhältnismäßigkeitsprüfung – Legitimer Zweck', 'I-Verhältnismäßigkeitsprüfung – Legitimer Zweck', 'I-Verhältnismäßigkeitsprüfung – Legitimer Zweck', 'I-Verhältnismäßigkeitsprüfung – Legitimer Zweck', 'I-Verhältnismäßigkeitsprüfung – Legitimer Zweck', 'I-Verhältnismäßigkeitsprüfung – Legitimer Zweck', 'I-Verhältnismäßigkeitsprüfung – Legitimer Zweck', 'I-Verhältnismäßigkeitsprüfung – Legitimer Zweck', 'I-Verhältnismäßigkeitsprüfung – Legitimer Zweck', 'I-Verhältnismäßigkeitsprüfung – Legitimer Zweck', 'I-Verhältnismäßigkeitsprüfung – Legitimer Zweck', 'I-Verhältnismäßigkeitsprüfung – Legitimer Zweck', 'I-Verhältnismäßigkeitsprüfung – Legitimer Zweck', 'I-Verhältnismäßigkeitsprüfung – Legitimer Zweck', 'I-Verhältnismäßigkeitsprüfung – Legitimer Zweck', 'I-Verhältnismäßigkeitsprüfung – Legitimer Zweck', 'I-Verhältnismäßigkeitsprüfung – Legitimer Zweck', 'I-Verhältnismäßigkeitsprüfung – Legitimer Zweck', 'I-Verhältnismäßigkeitsprüfung – Legitimer Zweck', 'B-Verhältnismäßigkeitsprüfung – Rechtsgrundlage', 'I-Verhältnismäßigkeitsprüfung – Rechtsgrundlage', 'I-Verhältnismäßigkeitsprüfung – Rechtsgrundlage', 'I-Verhältnismäßigkeitsprüfung – Rechtsgrundlage', 'I-Verhältnismäßigkeitsprüfung – Rechtsgrundlage', 'I-Verhältnismäßigkeitsprüfung – Rechtsgrundlage', 'I-Verhältnismäßigkeitsprüfung – Rechtsgrundlage', 'I-Verhältnismäßigkeitsprüfung – Rechtsgrundlage', 'I-Verhältnismäßigkeitsprüfung – Rechtsgrundlage', 'I-Verhältnismäßigkeitsprüfung – Rechtsgrundlage', 'I-Verhältnismäßigkeitsprüfung – Rechtsgrundlage', 'I-Verhältnismäßigkeitsprüfung – Rechtsgrundlage', 'I-Verhältnismäßigkeitsprüfung – Rechtsgrundlage', 'I-Verhältnismäßigkeitsprüfung – Rechtsgrundlage', 'I-Verhältnismäßigkeitsprüfung – Rechtsgrundlage', 'I-Verhältnismäßigkeitsprüfung – Rechtsgrundlage', 'I-Verhältnismäßigkeitsprüfung – Rechtsgrundlage', 'I-Verhältnismäßigkeitsprüfung – Rechtsgrundlage', 'I-Verhältnismäßigkeitsprüfung – Rechtsgrundlage', 'I-Verhältnismäßigkeitsprüfung – Rechtsgrundlage', 'I-Verhältnismäßigkeitsprüfung – Rechtsgrundlage', 'I-Verhältnismäßigkeitsprüfung – Rechtsgrundlage', 'I-Verhältnismäßigkeitsprüfung – Rechtsgrundlage', 'I-Verhältnismäßigkeitsprüfung – Rechtsgrundlage', 'I-Verhältnismäßigkeitsprüfung – Rechtsgrundlage', 'I-Verhältnismäßigkeitsprüfung – Rechtsgrundlage', 'I-Verhältnismäßigkeitsprüfung – Rechtsgrundlage', 'I-Verhältnismäßigkeitsprüfung – Rechtsgrundlage', 'I-Verhältnismäßigkeitsprüfung – Rechtsgrundlage', 'I-Verhältnismäßigkeitsprüfung – Rechtsgrundlage', 'I-Verhältnismäßigkeitsprüfung – Rechtsgrundlage', 'I-Verhältnismäßigkeitsprüfung – Rechtsgrundlage', 'I-Verhältnismäßigkeitsprüfung – Rechtsgrundlage', 'I-Verhältnismäßigkeitsprüfung – Rechtsgrundlage', 'I-Verhältnismäßigkeitsprüfung – Rechtsgrundlage', 'I-Verhältnismäßigkeitsprüfung – Rechtsgrundlage', 'I-Verhältnismäßigkeitsprüfung – Rechtsgrundlage', 'I-Verhältnismäßigkeitsprüfung – Rechtsgrundlage', 'I-Verhältnismäßigkeitsprüfung – Rechtsgrundlage', 'I-Verhältnismäßigkeitsprüfung – Rechtsgrundlage', 'I-Verhältnismäßigkeitsprüfung – Rechtsgrundlage', 'I-Verhältnismäßigkeitsprüfung – Rechtsgrundlage', 'I-Verhältnismäßigkeitsprüfung – Rechtsgrundlage', 'I-Verhältnismäßigkeitsprüfung – Rechtsgrundlage', 'I-Verhältnismäßigkeitsprüfung – Rechtsgrundlage', 'I-Verhältnismäßigkeitsprüfung – Rechtsgrundlage', 'I-Verhältnismäßigkeitsprüfung – Rechtsgrundlage', 'I-Verhältnismäßigkeitsprüfung – Rechtsgrundlage', 'I-Verhältnismäßigkeitsprüfung – Rechtsgrundlage', 'I-Verhältnismäßigkeitsprüfung – Rechtsgrundlage', 'I-Verhältnismäßigkeitsprüfung – Rechtsgrundlage', 'I-Verhältnismäßigkeitsprüfung – Rechtsgrundlage', 'I-Verhältnismäßigkeitsprüfung – Rechtsgrundlage', 'I-Verhältnismäßigkeitsprüfung – Rechtsgrundlage', 'I-Verhältnismäßigkeitsprüfung – Rechtsgrundlage', 'I-Verhältnismäßigkeitsprüfung – Rechtsgrundlage', 'I-Verhältnismäßigkeitsprüfung – Rechtsgrundlage', 'I-Verhältnismäßigkeitsprüfung – Rechtsgrundlage', 'I-Verhältnismäßigkeitsprüfung – Rechtsgrundlage', 'I-Verhältnismäßigkeitsprüfung – Rechtsgrundlage', 'I-Verhältnismäßigkeitsprüfung – Rechtsgrundlage', 'I-Verhältnismäßigkeitsprüfung – Rechtsgrundlage', 'I-Verhältnismäßigkeitsprüfung – Rechtsgrundlage', 'I-Verhältnismäßigkeitsprüfung – Rechtsgrundlage', 'I-Verhältnismäßigkeitsprüfung – Rechtsgrundlage', 'I-Verhältnismäßigkeitsprüfung – Rechtsgrundlage', 'I-Verhältnismäßigkeitsprüfung – Rechtsgrundlage', 'I-Verhältnismäßigkeitsprüfung – Rechtsgrundlage', 'I-Verhältnismäßigkeitsprüfung – Rechtsgrundlage', 'I-Verhältnismäßigkeitsprüfung – Rechtsgrundlage', 'I-Verhältnismäßigkeitsprüfung – Rechtsgrundlage', 'I-Verhältnismäßigkeitsprüfung – Rechtsgrundlage', 'I-Verhältnismäßigkeitsprüfung – Rechtsgrundlage', 'I-Verhältnismäßigkeitsprüfung – Rechtsgrundlage', 'I-Verhältnismäßigkeitsprüfung – Rechtsgrundlage', 'I-Verhältnismäßigkeitsprüfung – Rechtsgrundlage', 'I-Verhältnismäßigkeitsprüfung – Rechtsgrundlage', 'I-Verhältnismäßigkeitsprüfung – Rechtsgrundlage', 'I-Verhältnismäßigkeitsprüfung – Rechtsgrundlage', 'I-Verhältnismäßigkeitsprüfung – Rechtsgrundlage', 'I-Verhältnismäßigkeitsprüfung – Rechtsgrundlage', 'I-Verhältnismäßigkeitsprüfung – Rechtsgrundlage', 'I-Verhältnismäßigkeitsprüfung – Rechtsgrundlage', 'I-Verhältnismäßigkeitsprüfung – Rechtsgrundlage', 'I-Verhältnismäßigkeitsprüfung – Rechtsgrundlage', 'I-Verhältnismäßigkeitsprüfung – Rechtsgrundlage', 'I-Verhältnismäßigkeitsprüfung – Rechtsgrundlage', 'I-Verhältnismäßigkeitsprüfung – Rechtsgrundlage', 'I-Verhältnismäßigkeitsprüfung – Rechtsgrundlage', 'I-Verhältnismäßigkeitsprüfung – Rechtsgrundlage', 'I-Verhältnismäßigkeitsprüfung – Rechtsgrundlage', 'I-Verhältnismäßigkeitsprüfung – Rechtsgrundlage', 'I-Verhältnismäßigkeitsprüfung – Rechtsgrundlage', 'I-Verhältnismäßigkeitsprüfung – Rechtsgrundlage', 'I-Verhältnismäßigkeitsprüfung – Rechtsgrundlage', 'I-Verhältnismäßigkeitsprüfung – Rechtsgrundlage', 'I-Verhältnismäßigkeitsprüfung – Rechtsgrundlage', 'I-Verhältnismäßigkeitsprüfung – Rechtsgrundlage', 'I-Verhältnismäßigkeitsprüfung – Rechtsgrundlage', 'I-Verhältnismäßigkeitsprüfung – Rechtsgrundlage', 'I-Verhältnismäßigkeitsprüfung – Rechtsgrundlage', 'I-Verhältnismäßigkeitsprüfung – Rechtsgrundlage', 'I-Verhältnismäßigkeitsprüfung – Rechtsgrundlage', 'I-Verhältnismäßigkeitsprüfung – Rechtsgrundlage', 'I-Verhältnismäßigkeitsprüfung – Rechtsgrundlage', 'I-Verhältnismäßigkeitsprüfung – Rechtsgrundlage', 'I-Verhältnismäßigkeitsprüfung – Rechtsgrundlage', 'I-Verhältnismäßigkeitsprüfung – Rechtsgrundlage', 'I-Verhältnismäßigkeitsprüfung – Rechtsgrundlage', 'I-Verhältnismäßigkeitsprüfung – Rechtsgrundlage', 'I-Verhältnismäßigkeitsprüfung – Rechtsgrundlage', 'I-Verhältnismäßigkeitsprüfung – Rechtsgrundlage', 'I-Verhältnismäßigkeitsprüfung – Rechtsgrundlage', 'I-Verhältnismäßigkeitsprüfung – Rechtsgrundlage', 'I-Verhältnismäßigkeitsprüfung – Rechtsgrundlage', 'I-Verhältnismäßigkeitsprüfung – Rechtsgrundlage', 'I-Verhältnismäßigkeitsprüfung – Rechtsgrundlage', 'I-Verhältnismäßigkeitsprüfung – Rechtsgrundlage', 'I-Verhältnismäßigkeitsprüfung – Rechtsgrundlage', 'I-Verhältnismäßigkeitsprüfung – Rechtsgrundlage', 'I-Verhältnismäßigkeitsprüfung – Rechtsgrundlage', 'I-Verhältnismäßigkeitsprüfung – Rechtsgrundlage', 'I-Verhältnismäßigkeitsprüfung – Rechtsgrundlage', 'I-Verhältnismäßigkeitsprüfung – Rechtsgrundlage', 'I-Verhältnismäßigkeitsprüfung – Rechtsgrundlage', 'I-Verhältnismäßigkeitsprüfung – Rechtsgrundlage', 'I-Verhältnismäßigkeitsprüfung – Rechtsgrundlage', 'I-Verhältnismäßigkeitsprüfung – Rechtsgrundlage', 'I-Verhältnismäßigkeitsprüfung – Rechtsgrundlage', 'I-Verhältnismäßigkeitsprüfung – Rechtsgrundlage', 'I-Verhältnismäßigkeitsprüfung – Rechtsgrundlage', 'I-Verhältnismäßigkeitsprüfung – Rechtsgrundlage', 'I-Verhältnismäßigkeitsprüfung – Rechtsgrundlage', 'I-Verhältnismäßigkeitsprüfung – Rechtsgrundlage', 'I-Verhältnismäßigkeitsprüfung – Rechtsgrundlage', 'I-Verhältnismäßigkeitsprüfung – Rechtsgrundlage', 'I-Verhältnismäßigkeitsprüfung – Rechtsgrundlage', 'I-Verhältnismäßigkeitsprüfung – Rechtsgrundlage', 'I-Verhältnismäßigkeitsprüfung – Rechtsgrundlage', 'I-Verhältnismäßigkeitsprüfung – Rechtsgrundlage']
['35', '.', 'Finally', ',', 'the', 'acts', 'had', 'been', 'necessary', 'in', 'a', 'democratic', 'society', 'and', 'were', 'proportionate', 'as', 'any', 'interference', 'went', 'no', 'further', 'than', 'necessary', 'to', 'establish', 'whether', 'there', 'had', 'been', 'such', 'excessive', 'personal', 'use', 'of', 'facilities', 'as', 'to', 'merit', 'investigation', '.']	['O', 'O', 'B-Verhältnismäßigkeitsprüfung – Angemessenheit', 'I-Verhältnismäßigkeitsprüfung – Angemessenheit', 'I-Verhältnismäßigkeitsprüfung – Angemessenheit', 'I-Verhältnismäßigkeitsprüfung – Angemessenheit', 'I-Verhältnismäßigkeitsprüfung – Angemessenheit', 'I-Verhältnismäßigkeitsprüfung – Angemessenheit', 'I-Verhältnismäßigkeitsprüfung – Angemessenheit', 'I-Verhältnismäßigkeitsprüfung – Angemessenheit', 'I-Verhältnismäßigkeitsprüfung – Angemessenheit', 'I-Verhältnismäßigkeitsprüfung – Angemessenheit', 'I-Verhältnismäßigkeitsprüfung – Angemessenheit', 'I-Verhältnismäßigkeitsprüfung – Angemessenheit', 'I-Verhältnismäßigkeitsprüfung – Angemessenheit', 'I-Verhältnismäßigkeitsprüfung – Angemessenheit', 'I-Verhältnismäßigkeitsprüfung – Angemessenheit', 'I-Verhältnismäßigkeitsprüfung – Angemessenheit', 'I-Verhältnismäßigkeitsprüfung – Angemessenheit', 'I-Verhältnismäßigkeitsprüfung – Angemessenheit', 'I-Verhältnismäßigkeitsprüfung – Angemessenheit', 'I-Verhältnismäßigkeitsprüfung – Angemessenheit', 'I-Verhältnismäßigkeitsprüfung – Angemessenheit', 'I-Verhältnismäßigkeitsprüfung – Angemessenheit', 'I-Verhältnismäßigkeitsprüfung – Angemessenheit', 'I-Verhältnismäßigkeitsprüfung – Angemessenheit', 'I-Verhältnismäßigkeitsprüfung – Angemessenheit', 'I-Verhältnismäßigkeitsprüfung – Angemessenheit', 'I-Verhältnismäßigkeitsprüfung – Angemessenheit', 'I-Verhältnismäßigkeitsprüfung – Angemessenheit', 'I-Verhältnismäßigkeitsprüfung – Angemessenheit', 'I-Verhältnismäßigkeitsprüfung – Angemessenheit', 'I-Verhältnismäßigkeitsprüfung – Angemessenheit', 'I-Verhältnismäßigkeitsprüfung – Angemessenheit', 'I-Verhältnismäßigkeitsprüfung – Angemessenheit', 'I-Verhältnismäßigkeitsprüfung – Angemessenheit', 'I-Verhältnismäßigkeitsprüfung – Angemessenheit', 'I-Verhältnismäßigkeitsprüfung – Angemessenheit', 'I-Verhältnismäßigkeitsprüfung – Angemessenheit', 'I-Verhältnismäßigkeitsprüfung – Angemessenheit', 'I-Verhältnismäßigkeitsprüfung – Angemessenheit']
['2', '.', 'The', 'applicant']	['O', 'O', 'O', 'O']
['36', '.', 'The', 'applicant', 'did', 'not', 'accept', 'that', 'her', 'e', '-', 'mails', 'had', 'not', 'been', 'read', 'and', 'that', 'her', 'telephone', 'calls', 'had', 'not', 'been', 'intercepted', 'but', 'contended', 'that', ',', 'even', 'if', 'the', 'facts', 'were', 'as', 'set', 'out', 'by', 'the', 'Government', ',', 'it', 'was', 'evident', 'that', 'some', 'monitoring', 'activity', 'had', 'taken', 'place', 'amounting', 'to', 'an', 'interference', 'with', 'her', 'right', 'to', 'respect', 'for', 'her', 'private', 'life', 'and', 'correspondence', '.']	['O', 'O', 'B-Subsumtion', 'I-Subsumtion', 'I-Subsumtion', 'I-Subsumtion', 'I-Subsumtion', 'I-Subsumtion', 'I-Subsumtion', 'I-Subsumtion', 'I-Subsumtion', 'I-Subsumtion', 'I-Subsumtion', 'I-Subsumtion', 'I-Subsumtion', 'I-Subsumtion', 'I-Subsumtion', 'I-Subsumtion', 'I-Subsumtion', 'I-Subsumtion', 'I-Subsumtion', 'I-Subsumtion', 'I-Subsumtion', 'I-Subsumtion', 'I-Subsumtion', 'I-Subsumtion', 'I-Subsumtion', 'I-Subsumtion', 'I-Subsumtion', 'I-Subsumtion', 'I-Subsumtion', 'I-Subsumtion', 'I-Subsumtion', 'I-Subsumtion', 'I-Subsumtion', 'I-Subsumtion', 'I-Subsumtion', 'I-Subsumtion', 'I-Subsumtion', 'I-Subsumtion', 'I-Subsumtion', 'I-Subsumtion', 'I-Subsumtion', 'I-Subsumtion', 'I-Subsumtion', 'I-Subsumtion', 'I-Subsumtion', 'I-Subsumtion', 'I-Subsumtion', 'I-Subsumtion', 'I-Subsumtion', 'I-Subsumtion', 'I-Subsumtion', 'I-Subsumtion', 'I-Subsumtion', 'I-Subsumtion', 'I-Subsumtion', 'I-Subsumtion', 'I-Subsumtion', 'I-Subsumtion', 'I-Subsumtion', 'I-Subsumtion', 'I-Subsumtion', 'I-Subsumtion', 'I-Subsumtion', 'I-Subsumtion', 'I-Subsumtion']
['37', '.', 'She', 'referred', 'to', 'legislation', 'subsequent', 'to', 'the', 'alleged', 'violation', ',', 'namely', 'the', 'Regulation', 'of', 'Investigatory', 'Powers', 'Act', '2000', 'and', 'the', 'Telecommunications', '(', 'Lawful', 'Business', 'Practice', ')', 'Regulations', '2000', '(', 'see', 'paragraph', '20', 'above', ')', ',', 'which', 'she', 'claimed', 'were', 'an', 'explicit', 'recognition', 'by', 'the', 'Government', 'that', 'such', 'monitoring', 'amounted', 'to', 'interference', 'under', 'Article', '8', 'and', 'required', 'authorisation', 'in', 'order', 'to', 'be', 'lawful', '.', 'Since', 'these', 'laws', 'came', 'into', 'force', 'in', '2000', ',', 'the', 'legal', 'basis', 'for', 'such', 'interference', 'post', '-', 'dated', 'the', 'events', 'in', 'the', 'present', 'case', '.', 'Thus', ',', 'the', 'interference', 'had', 'no', 'basis', 'in', 'domestic', 'law', 'and', 'was', 'entirely', 'different', 'from', 'the', 'position', 'in', 'Peck', '(', 'see', 'paragraph', '34', 'above', ')', ',', 'where', 'the', 'local', 'authority', 'was', 'specifically', 'empowered', 'by', 'statute', 'to', 'record', 'visual', 'images', 'of', 'events', 'occurring', 'in', 'its', 'area', '.', 'In', 'the', 'present', 'case', 'there', 'was', 'no', 'such', 'express', 'power', 'for', 'the', 'College', 'to', 'carry', 'out', 'surveillance', 'on', 'its', 'employees', 'and', 'the', 'statutory', 'powers', 'did', 'not', 'make', 'such', 'surveillance', 'reasonably', 'foreseeable', '.']	['O', 'O', 'B-Subsumtion', 'I-Subsumtion', 'I-Subsumtion', 'I-Subsumtion', 'I-Subsumtion', 'I-Subsumtion', 'I-Subsumtion', 'I-Subsumtion', 'I-Subsumtion', 'I-Subsumtion', 'I-Subsumtion', 'I-Subsumtion', 'I-Subsumtion', 'I-Subsumtion', 'I-Subsumtion', 'I-Subsumtion', 'I-Subsumtion', 'I-Subsumtion', 'I-Subsumtion', 'I-Subsumtion', 'I-Subsumtion', 'I-Subsumtion', 'I-Subsumtion', 'I-Subsumtion', 'I-Subsumtion', 'I-Subsumtion', 'I-Subsumtion', 'I-Subsumtion', 'I-Subsumtion', 'I-Subsumtion', 'I-Subsumtion', 'I-Subsumtion', 'I-Subsumtion', 'I-Subsumtion', 'I-Subsumtion', 'I-Subsumtion', 'I-Subsumtion', 'I-Subsumtion', 'I-Subsumtion', 'I-Subsumtion', 'I-Subsumtion', 'I-Subsumtion', 'I-Subsumtion', 'I-Subsumtion', 'I-Subsumtion', 'I-Subsumtion', 'I-Subsumtion', 'I-Subsumtion', 'I-Subsumtion', 'I-Subsumtion', 'I-Subsumtion', 'I-Subsumtion', 'I-Subsumtion', 'I-Subsumtion', 'I-Subsumtion', 'I-Subsumtion', 'I-Subsumtion', 'I-Subsumtion', 'I-Subsumtion', 'I-Subsumtion', 'I-Subsumtion', 'I-Subsumtion', 'I-Subsumtion', 'I-Subsumtion', 'I-Subsumtion', 'I-Subsumtion', 'I-Subsumtion', 'I-Subsumtion', 'I-Subsumtion', 'I-Subsumtion', 'I-Subsumtion', 'I-Subsumtion', 'I-Subsumtion', 'I-Subsumtion', 'I-Subsumtion', 'I-Subsumtion', 'I-Subsumtion', 'I-Subsumtion', 'I-Subsumtion', 'I-Subsumtion', 'I-Subsumtion', 'I-Subsumtion', 'I-Subsumtion', 'I-Subsumtion', 'I-Subsumtion', 'I-Subsumtion', 'I-Subsumtion', 'I-Subsumtion', 'I-Subsumtion', 'I-Subsumtion', 'I-Subsumtion', 'I-Subsumtion', 'I-Subsumtion', 'I-Subsumtion', 'I-Subsumtion', 'I-Subsumtion', 'I-Subsumtion', 'I-Subsumtion', 'I-Subsumtion', 'I-Subsumtion', 'I-Subsumtion', 'I-Subsumtion', 'I-Subsumtion', 'I-Subsumtion', 'I-Subsumtion', 'I-Subsumtion', 'I-Subsumtion', 'I-Subsumtion', 'I-Subsumtion', 'I-Subsumtion', 'I-Subsumtion', 'I-Subsumtion', 'I-Subsumtion', 'I-Subsumtion', 'I-Subsumtion', 'I-Subsumtion', 'I-Subsumtion', 'I-Subsumtion', 'I-Subsumtion', 'I-Subsumtion', 'I-Subsumtion', 'I-Subsumtion', 'I-Subsumtion', 'I-Subsumtion', 'I-Subsumtion', 'I-Subsumtion', 'I-Subsumtion', 'I-Subsumtion', 'I-Subsumtion', 'I-Subsumtion', 'I-Subsumtion', 'I-Subsumtion', 'I-Subsumtion', 'I-Subsumtion', 'I-Subsumtion', 'I-Subsumtion', 'I-Subsumtion', 'I-Subsumtion', 'I-Subsumtion', 'I-Subsumtion', 'I-Subsumtion', 'I-Subsumtion', 'I-Subsumtion', 'I-Subsumtion', 'I-Subsumtion', 'I-Subsumtion', 'I-Subsumtion', 'I-Subsumtion', 'I-Subsumtion', 'I-Subsumtion', 'I-Subsumtion', 'I-Subsumtion', 'I-Subsumtion', 'I-Subsumtion', 'I-Subsumtion', 'I-Subsumtion', 'I-Subsumtion', 'I-Subsumtion', 'I-Subsumtion', 'I-Subsumtion', 'I-Subsumtion', 'I-Subsumtion', 'I-Subsumtion', 'I-Subsumtion', 'I-Subsumtion', 'I-Subsumtion']
['38', '.', 'The', 'applicant', 'asserted', 'that', 'the', 'conduct', 'of', 'the', 'College', 'was', 'neither', 'necessary', 'nor', 'proportionate', '.', 'There', 'were', 'reasonable', 'and', 'less', 'intrusive', 'methods', 'that', 'the', 'College', 'could', 'have', 'used', ',', 'such', 'as', 'drafting', 'and', 'publishing', 'a', 'policy', 'dealing', 'with', 'the', 'monitoring', 'of', 'employees', '’', 'usage', 'of', 'the', 'telephone', ',', 'Internet', 'and', 'e', '-', 'mail', '.']	['O', 'O', 'B-Verhältnismäßigkeitsprüfung – Angemessenheit', 'I-Verhältnismäßigkeitsprüfung – Angemessenheit', 'I-Verhältnismäßigkeitsprüfung – Angemessenheit', 'I-Verhältnismäßigkeitsprüfung – Angemessenheit', 'I-Verhältnismäßigkeitsprüfung – Angemessenheit', 'I-Verhältnismäßigkeitsprüfung – Angemessenheit', 'I-Verhältnismäßigkeitsprüfung – Angemessenheit', 'I-Verhältnismäßigkeitsprüfung – Angemessenheit', 'I-Verhältnismäßigkeitsprüfung – Angemessenheit', 'I-Verhältnismäßigkeitsprüfung – Angemessenheit', 'I-Verhältnismäßigkeitsprüfung – Angemessenheit', 'I-Verhältnismäßigkeitsprüfung – Angemessenheit', 'I-Verhältnismäßigkeitsprüfung – Angemessenheit', 'I-Verhältnismäßigkeitsprüfung – Angemessenheit', 'I-Verhältnismäßigkeitsprüfung – Angemessenheit', 'I-Verhältnismäßigkeitsprüfung – Angemessenheit', 'I-Verhältnismäßigkeitsprüfung – Angemessenheit', 'I-Verhältnismäßigkeitsprüfung – Angemessenheit', 'I-Verhältnismäßigkeitsprüfung – Angemessenheit', 'I-Verhältnismäßigkeitsprüfung – Angemessenheit', 'I-Verhältnismäßigkeitsprüfung – Angemessenheit', 'I-Verhältnismäßigkeitsprüfung – Angemessenheit', 'I-Verhältnismäßigkeitsprüfung – Angemessenheit', 'I-Verhältnismäßigkeitsprüfung – Angemessenheit', 'I-Verhältnismäßigkeitsprüfung – Angemessenheit', 'I-Verhältnismäßigkeitsprüfung – Angemessenheit', 'I-Verhältnismäßigkeitsprüfung – Angemessenheit', 'I-Verhältnismäßigkeitsprüfung – Angemessenheit', 'I-Verhältnismäßigkeitsprüfung – Angemessenheit', 'I-Verhältnismäßigkeitsprüfung – Angemessenheit', 'I-Verhältnismäßigkeitsprüfung – Angemessenheit', 'I-Verhältnismäßigkeitsprüfung – Angemessenheit', 'I-Verhältnismäßigkeitsprüfung – Angemessenheit', 'I-Verhältnismäßigkeitsprüfung – Angemessenheit', 'I-Verhältnismäßigkeitsprüfung – Angemessenheit', 'I-Verhältnismäßigkeitsprüfung – Angemessenheit', 'I-Verhältnismäßigkeitsprüfung – Angemessenheit', 'I-Verhältnismäßigkeitsprüfung – Angemessenheit', 'I-Verhältnismäßigkeitsprüfung – Angemessenheit', 'I-Verhältnismäßigkeitsprüfung – Angemessenheit', 'I-Verhältnismäßigkeitsprüfung – Angemessenheit', 'I-Verhältnismäßigkeitsprüfung – Angemessenheit', 'I-Verhältnismäßigkeitsprüfung – Angemessenheit', 'I-Verhältnismäßigkeitsprüfung – Angemessenheit', 'I-Verhältnismäßigkeitsprüfung – Angemessenheit', 'I-Verhältnismäßigkeitsprüfung – Angemessenheit', 'I-Verhältnismäßigkeitsprüfung – Angemessenheit', 'I-Verhältnismäßigkeitsprüfung – Angemessenheit', 'I-Verhältnismäßigkeitsprüfung – Angemessenheit', 'I-Verhältnismäßigkeitsprüfung – Angemessenheit', 'I-Verhältnismäßigkeitsprüfung – Angemessenheit', 'I-Verhältnismäßigkeitsprüfung – Angemessenheit', 'I-Verhältnismäßigkeitsprüfung – Angemessenheit', 'I-Verhältnismäßigkeitsprüfung – Angemessenheit']
['B.', 'The', 'Court', '’s', 'assessment']	['O', 'O', 'O', 'O', 'O']
['39', '.', 'The', 'Court', 'notes', 'the', 'Government', '’s', 'acceptance', 'that', 'the', 'College', 'is', 'a', 'public', 'body', 'for', 'whose', 'acts', 'they', 'are', 'responsible', 'for', 'the', 'purposes', 'of', 'the', 'Convention', '.', 'Thus', ',', 'it', 'considers', 'that', 'in', 'the', 'present', 'case', 'the', 'question', 'to', 'be', 'analysed', 'under', 'Article', '8', 'relates', 'to', 'the', 'negative', 'obligation', 'on', 'the', 'State', 'not', 'to', 'interfere', 'with', 'the', 'private', 'life', 'and', 'correspondence', 'of', 'the', 'applicant', 'and', 'that', 'no', 'separate', 'issue', 'arises', 'in', 'relation', 'to', 'home', 'or', 'family', 'life', '.']	['O', 'O', 'B-Subsumtion', 'I-Subsumtion', 'I-Subsumtion', 'I-Subsumtion', 'I-Subsumtion', 'I-Subsumtion', 'I-Subsumtion', 'I-Subsumtion', 'I-Subsumtion', 'I-Subsumtion', 'I-Subsumtion', 'I-Subsumtion', 'I-Subsumtion', 'I-Subsumtion', 'I-Subsumtion', 'I-Subsumtion', 'I-Subsumtion', 'I-Subsumtion', 'I-Subsumtion', 'I-Subsumtion', 'I-Subsumtion', 'I-Subsumtion', 'I-Subsumtion', 'I-Subsumtion', 'I-Subsumtion', 'I-Subsumtion', 'I-Subsumtion', 'I-Subsumtion', 'I-Subsumtion', 'I-Subsumtion', 'I-Subsumtion', 'I-Subsumtion', 'I-Subsumtion', 'I-Subsumtion', 'I-Subsumtion', 'I-Subsumtion', 'I-Subsumtion', 'I-Subsumtion', 'I-Subsumtion', 'I-Subsumtion', 'I-Subsumtion', 'I-Subsumtion', 'I-Subsumtion', 'I-Subsumtion', 'I-Subsumtion', 'I-Subsumtion', 'I-Subsumtion', 'I-Subsumtion', 'I-Subsumtion', 'I-Subsumtion', 'I-Subsumtion', 'I-Subsumtion', 'I-Subsumtion', 'I-Subsumtion', 'I-Subsumtion', 'I-Subsumtion', 'I-Subsumtion', 'I-Subsumtion', 'I-Subsumtion', 'I-Subsumtion', 'I-Subsumtion', 'I-Subsumtion', 'I-Subsumtion', 'I-Subsumtion', 'I-Subsumtion', 'I-Subsumtion', 'I-Subsumtion', 'I-Subsumtion', 'I-Subsumtion', 'I-Subsumtion', 'I-Subsumtion', 'I-Subsumtion', 'I-Subsumtion', 'I-Subsumtion', 'I-Subsumtion', 'I-Subsumtion', 'I-Subsumtion', 'I-Subsumtion']
['40', '.', 'The', 'Court', 'further', 'observes', 'that', 'the', 'parties', 'disagree', 'as', 'to', 'the', 'nature', 'of', 'this', 'monitoring', 'and', 'the', 'period', 'of', 'time', 'over', 'which', 'it', 'took', 'place', '.', 'However', ',', 'the', 'Court', 'does', 'not', 'consider', 'it', 'necessary', 'to', 'enter', 'into', 'this', 'dispute', 'as', 'an', 'issue', 'arises', 'under', 'Article', '8', 'even', 'on', 'the', 'facts', 'as', 'admitted', 'by', 'the', 'Government', '.']	['O', 'O', 'B-Subsumtion', 'I-Subsumtion', 'I-Subsumtion', 'I-Subsumtion', 'I-Subsumtion', 'I-Subsumtion', 'I-Subsumtion', 'I-Subsumtion', 'I-Subsumtion', 'I-Subsumtion', 'I-Subsumtion', 'I-Subsumtion', 'I-Subsumtion', 'I-Subsumtion', 'I-Subsumtion', 'I-Subsumtion', 'I-Subsumtion', 'I-Subsumtion', 'I-Subsumtion', 'I-Subsumtion', 'I-Subsumtion', 'I-Subsumtion', 'I-Subsumtion', 'I-Subsumtion', 'I-Subsumtion', 'I-Subsumtion', 'I-Subsumtion', 'I-Subsumtion', 'I-Subsumtion', 'I-Subsumtion', 'I-Subsumtion', 'I-Subsumtion', 'I-Subsumtion', 'I-Subsumtion', 'I-Subsumtion', 'I-Subsumtion', 'I-Subsumtion', 'I-Subsumtion', 'I-Subsumtion', 'I-Subsumtion', 'I-Subsumtion', 'I-Subsumtion', 'I-Subsumtion', 'I-Subsumtion', 'I-Subsumtion', 'I-Subsumtion', 'I-Subsumtion', 'I-Subsumtion', 'I-Subsumtion', 'I-Subsumtion', 'I-Subsumtion', 'I-Subsumtion', 'I-Subsumtion', 'I-Subsumtion', 'I-Subsumtion', 'I-Subsumtion', 'I-Subsumtion']
['1', '.', 'Scope', 'of', 'private', 'life']	['O', 'O', 'O', 'O', 'O', 'O']
['41', '.', 'According', 'to', 'the', 'Court', '’s', 'case', '-', 'law', ',', 'telephone', 'calls', 'from', 'business', 'premises', 'are', 'prima', 'facie', 'covered', 'by', 'the', 'notions', 'of', '“', 'private', 'life', '”', 'and', '“', 'correspondence', '”', 'for', 'the', 'purposes', 'of', 'Article', '8', '§', '1', '(', 'see', 'Halford', ',', 'cited', 'above', ',', '§', '44', ',', 'and', 'Amann', 'v.', 'Switzerland', '[', 'GC', ']', ',', 'no', '.', '27798/95', ',', '§', '43', ',', 'ECHR', '2000‑II', ')', '.', 'It', 'follows', 'logically', 'that', 'e', '-', 'mails', 'sent', 'from', 'work', 'should', 'be', 'similarly', 'protected', 'under', 'Article', '8', ',', 'as', 'should', 'information', 'derived', 'from', 'the', 'monitoring', 'of', 'personal', 'Internet', 'usage', '.']	['O', 'O', 'B-Vorherige Rechtsprechung des EGMR', 'I-Vorherige Rechtsprechung des EGMR', 'I-Vorherige Rechtsprechung des EGMR', 'I-Vorherige Rechtsprechung des EGMR', 'I-Vorherige Rechtsprechung des EGMR', 'I-Vorherige Rechtsprechung des EGMR', 'I-Vorherige Rechtsprechung des EGMR', 'I-Vorherige Rechtsprechung des EGMR', 'I-Vorherige Rechtsprechung des EGMR', 'I-Vorherige Rechtsprechung des EGMR', 'I-Vorherige Rechtsprechung des EGMR', 'I-Vorherige Rechtsprechung des EGMR', 'I-Vorherige Rechtsprechung des EGMR', 'I-Vorherige Rechtsprechung des EGMR', 'I-Vorherige Rechtsprechung des EGMR', 'I-Vorherige Rechtsprechung des EGMR', 'I-Vorherige Rechtsprechung des EGMR', 'I-Vorherige Rechtsprechung des EGMR', 'I-Vorherige Rechtsprechung des EGMR', 'I-Vorherige Rechtsprechung des EGMR', 'I-Vorherige Rechtsprechung des EGMR', 'I-Vorherige Rechtsprechung des EGMR', 'I-Vorherige Rechtsprechung des EGMR', 'I-Vorherige Rechtsprechung des EGMR', 'I-Vorherige Rechtsprechung des EGMR', 'I-Vorherige Rechtsprechung des EGMR', 'I-Vorherige Rechtsprechung des EGMR', 'I-Vorherige Rechtsprechung des EGMR', 'I-Vorherige Rechtsprechung des EGMR', 'I-Vorherige Rechtsprechung des EGMR', 'I-Vorherige Rechtsprechung des EGMR', 'I-Vorherige Rechtsprechung des EGMR', 'I-Vorherige Rechtsprechung des EGMR', 'I-Vorherige Rechtsprechung des EGMR', 'I-Vorherige Rechtsprechung des EGMR', 'I-Vorherige Rechtsprechung des EGMR', 'I-Vorherige Rechtsprechung des EGMR', 'I-Vorherige Rechtsprechung des EGMR', 'I-Vorherige Rechtsprechung des EGMR', 'I-Vorherige Rechtsprechung des EGMR', 'I-Vorherige Rechtsprechung des EGMR', 'I-Vorherige Rechtsprechung des EGMR', 'I-Vorherige Rechtsprechung des EGMR', 'I-Vorherige Rechtsprechung des EGMR', 'I-Vorherige Rechtsprechung des EGMR', 'I-Vorherige Rechtsprechung des EGMR', 'I-Vorherige Rechtsprechung des EGMR', 'I-Vorherige Rechtsprechung des EGMR', 'I-Vorherige Rechtsprechung des EGMR', 'I-Vorherige Rechtsprechung des EGMR', 'I-Vorherige Rechtsprechung des EGMR', 'I-Vorherige Rechtsprechung des EGMR', 'I-Vorherige Rechtsprechung des EGMR', 'I-Vorherige Rechtsprechung des EGMR', 'I-Vorherige Rechtsprechung des EGMR', 'I-Vorherige Rechtsprechung des EGMR', 'I-Vorherige Rechtsprechung des EGMR', 'I-Vorherige Rechtsprechung des EGMR', 'I-Vorherige Rechtsprechung des EGMR', 'I-Vorherige Rechtsprechung des EGMR', 'I-Vorherige Rechtsprechung des EGMR', 'I-Vorherige Rechtsprechung des EGMR', 'I-Vorherige Rechtsprechung des EGMR', 'I-Vorherige Rechtsprechung des EGMR', 'I-Vorherige Rechtsprechung des EGMR', 'I-Vorherige Rechtsprechung des EGMR', 'I-Vorherige Rechtsprechung des EGMR', 'B-Subsumtion', 'I-Subsumtion', 'I-Subsumtion', 'I-Subsumtion', 'I-Subsumtion', 'I-Subsumtion', 'I-Subsumtion', 'I-Subsumtion', 'I-Subsumtion', 'I-Subsumtion', 'I-Subsumtion', 'I-Subsumtion', 'I-Subsumtion', 'I-Subsumtion', 'I-Subsumtion', 'I-Subsumtion', 'I-Subsumtion', 'I-Subsumtion', 'I-Subsumtion', 'I-Subsumtion', 'I-Subsumtion', 'I-Subsumtion', 'I-Subsumtion', 'I-Subsumtion', 'I-Subsumtion', 'I-Subsumtion', 'I-Subsumtion', 'I-Subsumtion', 'I-Subsumtion', 'I-Subsumtion']
['42', '.', 'The', 'applicant', 'in', 'the', 'present', 'case', 'had', 'been', 'given', 'no', 'warning', 'that', 'her', 'calls', 'would', 'be', 'liable', 'to', 'monitoring', ',', 'therefore', 'she', 'had', 'a', 'reasonable', 'expectation', 'as', 'to', 'the', 'privacy', 'of', 'calls', 'made', 'from', 'her', 'work', 'telephone', '(', 'see', 'Halford', ',', '§', '45', ')', '.', 'The', 'same', 'expectation', 'should', 'apply', 'in', 'relation', 'to', 'the', 'applicant', '’s', 'e', '-', 'mail', 'and', 'Internet', 'usage', '.']	['O', 'O', 'B-Subsumtion', 'I-Subsumtion', 'I-Subsumtion', 'I-Subsumtion', 'I-Subsumtion', 'I-Subsumtion', 'I-Subsumtion', 'I-Subsumtion', 'I-Subsumtion', 'I-Subsumtion', 'I-Subsumtion', 'I-Subsumtion', 'I-Subsumtion', 'I-Subsumtion', 'I-Subsumtion', 'I-Subsumtion', 'I-Subsumtion', 'I-Subsumtion', 'I-Subsumtion', 'I-Subsumtion', 'I-Subsumtion', 'I-Subsumtion', 'I-Subsumtion', 'I-Subsumtion', 'I-Subsumtion', 'I-Subsumtion', 'I-Subsumtion', 'I-Subsumtion', 'I-Subsumtion', 'I-Subsumtion', 'I-Subsumtion', 'I-Subsumtion', 'I-Subsumtion', 'I-Subsumtion', 'I-Subsumtion', 'I-Subsumtion', 'I-Subsumtion', 'I-Subsumtion', 'I-Subsumtion', 'I-Subsumtion', 'I-Subsumtion', 'I-Subsumtion', 'I-Subsumtion', 'I-Subsumtion', 'I-Subsumtion', 'I-Subsumtion', 'I-Subsumtion', 'I-Subsumtion', 'I-Subsumtion', 'I-Subsumtion', 'I-Subsumtion', 'I-Subsumtion', 'I-Subsumtion', 'I-Subsumtion', 'I-Subsumtion', 'I-Subsumtion', 'I-Subsumtion', 'I-Subsumtion', 'I-Subsumtion', 'I-Subsumtion', 'I-Subsumtion', 'I-Subsumtion', 'I-Subsumtion']
['2', '.', 'Whether', 'there', 'was', 'any', 'interference', 'with', 'the', 'rights', 'guaranteed', 'under', 'Article', '8']	['O', 'O', 'O', 'O', 'O', 'O', 'O', 'O', 'O', 'O', 'O', 'O', 'O', 'O']
['43', '.', 'The', 'Court', 'observes', 'that', 'the', 'use', 'of', 'information', 'relating', 'to', 'the', 'date', 'and', 'length', 'of', 'telephone', 'conversations', 'and', 'in', 'particular', 'the', 'numbers', 'dialled', 'can', 'give', 'rise', 'to', 'an', 'issue', 'under', 'Article', '8', 'as', 'such', 'information', 'constitutes', 'an', '“', 'integral', 'element', 'of', 'the', 'communications', 'made', 'by', 'telephone', '”', '(', 'see', 'Malone', 'v.', 'the', 'United', 'Kingdom', ',', '2', 'August', '1984', ',', '§', '84', ',', 'Series', 'A', 'no', '.', '82', ')', '.', 'The', 'mere', 'fact', 'that', 'these', 'data', 'may', 'have', 'been', 'legitimately', 'obtained', 'by', 'the', 'College', ',', 'in', 'the', 'form', 'of', 'telephone', 'bills', ',', 'is', 'no', 'bar', 'to', 'finding', 'an', 'interference', 'with', 'rights', 'guaranteed', 'under', 'Article', '8', '(', 'ibid', '.', ')', '.', 'Moreover', ',', 'storing', 'of', 'personal', 'data', 'relating', 'to', 'the', 'private', 'life', 'of', 'an', 'individual', 'also', 'falls', 'within', 'the', 'application', 'of', 'Article', '8', '§', '1', '(', 'see', 'Amann', ',', 'cited', 'above', ',', '§', '65', ')', '.', 'Thus', ',', 'it', 'is', 'irrelevant', 'that', 'the', 'data', 'held', 'by', 'the', 'College', 'were', 'not', 'disclosed', 'or', 'used', 'against', 'the', 'applicant', 'in', 'disciplinary', 'or', 'other', 'proceedings', '.']	['O', 'O', 'B-Subsumtion', 'I-Subsumtion', 'I-Subsumtion', 'I-Subsumtion', 'I-Subsumtion', 'I-Subsumtion', 'I-Subsumtion', 'I-Subsumtion', 'I-Subsumtion', 'I-Subsumtion', 'I-Subsumtion', 'I-Subsumtion', 'I-Subsumtion', 'I-Subsumtion', 'I-Subsumtion', 'I-Subsumtion', 'I-Subsumtion', 'I-Subsumtion', 'I-Subsumtion', 'I-Subsumtion', 'I-Subsumtion', 'I-Subsumtion', 'I-Subsumtion', 'I-Subsumtion', 'I-Subsumtion', 'I-Subsumtion', 'I-Subsumtion', 'I-Subsumtion', 'I-Subsumtion', 'I-Subsumtion', 'I-Subsumtion', 'I-Subsumtion', 'I-Subsumtion', 'I-Subsumtion', 'I-Subsumtion', 'I-Subsumtion', 'I-Subsumtion', 'I-Subsumtion', 'I-Subsumtion', 'I-Subsumtion', 'I-Subsumtion', 'I-Subsumtion', 'I-Subsumtion', 'I-Subsumtion', 'I-Subsumtion', 'I-Subsumtion', 'I-Subsumtion', 'I-Subsumtion', 'I-Subsumtion', 'I-Subsumtion', 'I-Subsumtion', 'I-Subsumtion', 'I-Subsumtion', 'I-Subsumtion', 'I-Subsumtion', 'I-Subsumtion', 'I-Subsumtion', 'I-Subsumtion', 'I-Subsumtion', 'I-Subsumtion', 'I-Subsumtion', 'I-Subsumtion', 'I-Subsumtion', 'I-Subsumtion', 'I-Subsumtion', 'I-Subsumtion', 'I-Subsumtion', 'I-Subsumtion', 'I-Subsumtion', 'I-Subsumtion', 'I-Subsumtion', 'I-Subsumtion', 'I-Subsumtion', 'I-Subsumtion', 'I-Subsumtion', 'I-Subsumtion', 'I-Subsumtion', 'I-Subsumtion', 'I-Subsumtion', 'I-Subsumtion', 'I-Subsumtion', 'I-Subsumtion', 'I-Subsumtion', 'I-Subsumtion', 'I-Subsumtion', 'I-Subsumtion', 'I-Subsumtion', 'I-Subsumtion', 'I-Subsumtion', 'I-Subsumtion', 'I-Subsumtion', 'I-Subsumtion', 'I-Subsumtion', 'I-Subsumtion', 'I-Subsumtion', 'I-Subsumtion', 'I-Subsumtion', 'I-Subsumtion', 'I-Subsumtion', 'I-Subsumtion', 'I-Subsumtion', 'I-Subsumtion', 'I-Subsumtion', 'I-Subsumtion', 'I-Subsumtion', 'I-Subsumtion', 'I-Subsumtion', 'I-Subsumtion', 'I-Subsumtion', 'I-Subsumtion', 'I-Subsumtion', 'I-Subsumtion', 'I-Subsumtion', 'I-Subsumtion', 'I-Subsumtion', 'I-Subsumtion', 'I-Subsumtion', 'I-Subsumtion', 'I-Subsumtion', 'I-Subsumtion', 'I-Subsumtion', 'I-Subsumtion', 'I-Subsumtion', 'I-Subsumtion', 'I-Subsumtion', 'I-Subsumtion', 'I-Subsumtion', 'I-Subsumtion', 'I-Subsumtion', 'I-Subsumtion', 'I-Subsumtion', 'I-Subsumtion', 'I-Subsumtion', 'I-Subsumtion', 'I-Subsumtion', 'I-Subsumtion', 'I-Subsumtion', 'I-Subsumtion', 'I-Subsumtion', 'I-Subsumtion', 'I-Subsumtion', 'I-Subsumtion', 'I-Subsumtion', 'I-Subsumtion', 'I-Subsumtion', 'I-Subsumtion', 'I-Subsumtion', 'I-Subsumtion', 'I-Subsumtion', 'I-Subsumtion', 'I-Subsumtion', 'I-Subsumtion', 'I-Subsumtion', 'I-Subsumtion', 'I-Subsumtion', 'I-Subsumtion', 'I-Subsumtion', 'I-Subsumtion', 'I-Subsumtion', 'I-Subsumtion', 'I-Subsumtion', 'I-Subsumtion', 'I-Subsumtion', 'I-Subsumtion', 'I-Subsumtion', 'I-Subsumtion', 'I-Subsumtion', 'I-Subsumtion', 'I-Subsumtion', 'I-Subsumtion']
['44', '.', 'Accordingly', ',', 'the', 'Court', 'considers', 'that', 'the', 'collection', 'and', 'storage', 'of', 'personal', 'information', 'relating', 'to', 'the', 'applicant', '’s', 'telephone', ',', 'as', 'well', 'as', 'to', 'her', 'e', '-', 'mail', 'and', 'Internet', 'usage', ',', 'without', 'her', 'knowledge', ',', 'amounted', 'to', 'an', 'interference', 'with', 'her', 'right', 'to', 'respect', 'for', 'her', 'private', 'life', 'and', 'correspondence', 'within', 'the', 'meaning', 'of', 'Article', '8', '.']	['O', 'O', 'B-Subsumtion', 'I-Subsumtion', 'I-Subsumtion', 'I-Subsumtion', 'I-Subsumtion', 'I-Subsumtion', 'I-Subsumtion', 'I-Subsumtion', 'I-Subsumtion', 'I-Subsumtion', 'I-Subsumtion', 'I-Subsumtion', 'I-Subsumtion', 'I-Subsumtion', 'I-Subsumtion', 'I-Subsumtion', 'I-Subsumtion', 'I-Subsumtion', 'I-Subsumtion', 'I-Subsumtion', 'I-Subsumtion', 'I-Subsumtion', 'I-Subsumtion', 'I-Subsumtion', 'I-Subsumtion', 'I-Subsumtion', 'I-Subsumtion', 'I-Subsumtion', 'I-Subsumtion', 'I-Subsumtion', 'I-Subsumtion', 'I-Subsumtion', 'I-Subsumtion', 'I-Subsumtion', 'I-Subsumtion', 'I-Subsumtion', 'I-Subsumtion', 'I-Subsumtion', 'I-Subsumtion', 'I-Subsumtion', 'I-Subsumtion', 'I-Subsumtion', 'I-Subsumtion', 'I-Subsumtion', 'I-Subsumtion', 'I-Subsumtion', 'I-Subsumtion', 'I-Subsumtion', 'I-Subsumtion', 'I-Subsumtion', 'I-Subsumtion', 'I-Subsumtion', 'I-Subsumtion', 'I-Subsumtion', 'I-Subsumtion', 'I-Subsumtion', 'I-Subsumtion', 'I-Subsumtion']
['3', '.', 'Whether', 'the', 'interference', 'was', '“', 'in', 'accordance', 'with', 'the', 'law', '”']	['O', 'O', 'O', 'O', 'O', 'O', 'O', 'O', 'O', 'O', 'O', 'O', 'O']
['45', '.', 'The', 'Court', 'observes', 'that', 'it', 'is', 'well', 'established', 'in', 'the', 'case', '-', 'law', 'that', 'the', 'term', '“', 'in', 'accordance', 'with', 'the', 'law', '”', 'implies', '–', 'and', 'this', 'follows', 'from', 'the', 'object', 'and', 'purpose', 'of', 'Article', '8', '–', 'that', 'there', 'must', 'be', 'a', 'measure', 'of', 'legal', 'protection', 'in', 'domestic', 'law', 'against', 'arbitrary', 'interferences', 'by', 'public', 'authorities', 'with', 'the', 'rights', 'safeguarded', 'by', 'Article', '8', '§', '1', '.', 'This', 'is', 'all', 'the', 'more', 'so', 'in', 'areas', 'such', 'as', 'the', 'monitoring', 'in', 'question', ',', 'in', 'view', 'of', 'the', 'lack', 'of', 'public', 'scrutiny', 'and', 'the', 'risk', 'of', 'misuse', 'of', 'power', '(', 'see', 'Halford', ',', 'cited', 'above', ',', '§', '49', ')', '.']	['O', 'O', 'B-Vorherige Rechtsprechung des EGMR', 'I-Vorherige Rechtsprechung des EGMR', 'I-Vorherige Rechtsprechung des EGMR', 'I-Vorherige Rechtsprechung des EGMR', 'I-Vorherige Rechtsprechung des EGMR', 'I-Vorherige Rechtsprechung des EGMR', 'I-Vorherige Rechtsprechung des EGMR', 'I-Vorherige Rechtsprechung des EGMR', 'I-Vorherige Rechtsprechung des EGMR', 'I-Vorherige Rechtsprechung des EGMR', 'I-Vorherige Rechtsprechung des EGMR', 'I-Vorherige Rechtsprechung des EGMR', 'I-Vorherige Rechtsprechung des EGMR', 'I-Vorherige Rechtsprechung des EGMR', 'I-Vorherige Rechtsprechung des EGMR', 'I-Vorherige Rechtsprechung des EGMR', 'I-Vorherige Rechtsprechung des EGMR', 'I-Vorherige Rechtsprechung des EGMR', 'I-Vorherige Rechtsprechung des EGMR', 'I-Vorherige Rechtsprechung des EGMR', 'I-Vorherige Rechtsprechung des EGMR', 'I-Vorherige Rechtsprechung des EGMR', 'I-Vorherige Rechtsprechung des EGMR', 'I-Vorherige Rechtsprechung des EGMR', 'I-Vorherige Rechtsprechung des EGMR', 'I-Vorherige Rechtsprechung des EGMR', 'I-Vorherige Rechtsprechung des EGMR', 'I-Vorherige Rechtsprechung des EGMR', 'I-Vorherige Rechtsprechung des EGMR', 'I-Vorherige Rechtsprechung des EGMR', 'I-Vorherige Rechtsprechung des EGMR', 'I-Vorherige Rechtsprechung des EGMR', 'I-Vorherige Rechtsprechung des EGMR', 'I-Vorherige Rechtsprechung des EGMR', 'I-Vorherige Rechtsprechung des EGMR', 'I-Vorherige Rechtsprechung des EGMR', 'I-Vorherige Rechtsprechung des EGMR', 'I-Vorherige Rechtsprechung des EGMR', 'I-Vorherige Rechtsprechung des EGMR', 'I-Vorherige Rechtsprechung des EGMR', 'I-Vorherige Rechtsprechung des EGMR', 'I-Vorherige Rechtsprechung des EGMR', 'I-Vorherige Rechtsprechung des EGMR', 'I-Vorherige Rechtsprechung des EGMR', 'I-Vorherige Rechtsprechung des EGMR', 'I-Vorherige Rechtsprechung des EGMR', 'I-Vorherige Rechtsprechung des EGMR', 'I-Vorherige Rechtsprechung des EGMR', 'I-Vorherige Rechtsprechung des EGMR', 'I-Vorherige Rechtsprechung des EGMR', 'I-Vorherige Rechtsprechung des EGMR', 'I-Vorherige Rechtsprechung des EGMR', 'I-Vorherige Rechtsprechung des EGMR', 'I-Vorherige Rechtsprechung des EGMR', 'I-Vorherige Rechtsprechung des EGMR', 'I-Vorherige Rechtsprechung des EGMR', 'I-Vorherige Rechtsprechung des EGMR', 'I-Vorherige Rechtsprechung des EGMR', 'I-Vorherige Rechtsprechung des EGMR', 'I-Vorherige Rechtsprechung des EGMR', 'I-Vorherige Rechtsprechung des EGMR', 'I-Vorherige Rechtsprechung des EGMR', 'I-Vorherige Rechtsprechung des EGMR', 'I-Vorherige Rechtsprechung des EGMR', 'I-Vorherige Rechtsprechung des EGMR', 'I-Vorherige Rechtsprechung des EGMR', 'I-Vorherige Rechtsprechung des EGMR', 'I-Vorherige Rechtsprechung des EGMR', 'I-Vorherige Rechtsprechung des EGMR', 'I-Vorherige Rechtsprechung des EGMR', 'I-Vorherige Rechtsprechung des EGMR', 'I-Vorherige Rechtsprechung des EGMR', 'I-Vorherige Rechtsprechung des EGMR', 'I-Vorherige Rechtsprechung des EGMR', 'I-Vorherige Rechtsprechung des EGMR', 'I-Vorherige Rechtsprechung des EGMR', 'I-Vorherige Rechtsprechung des EGMR', 'I-Vorherige Rechtsprechung des EGMR', 'I-Vorherige Rechtsprechung des EGMR', 'I-Vorherige Rechtsprechung des EGMR', 'I-Vorherige Rechtsprechung des EGMR', 'I-Vorherige Rechtsprechung des EGMR', 'I-Vorherige Rechtsprechung des EGMR', 'I-Vorherige Rechtsprechung des EGMR', 'I-Vorherige Rechtsprechung des EGMR', 'I-Vorherige Rechtsprechung des EGMR', 'I-Vorherige Rechtsprechung des EGMR', 'I-Vorherige Rechtsprechung des EGMR', 'I-Vorherige Rechtsprechung des EGMR', 'I-Vorherige Rechtsprechung des EGMR', 'I-Vorherige Rechtsprechung des EGMR', 'I-Vorherige Rechtsprechung des EGMR', 'I-Vorherige Rechtsprechung des EGMR', 'I-Vorherige Rechtsprechung des EGMR', 'I-Vorherige Rechtsprechung des EGMR', 'I-Vorherige Rechtsprechung des EGMR', 'I-Vorherige Rechtsprechung des EGMR', 'I-Vorherige Rechtsprechung des EGMR', 'I-Vorherige Rechtsprechung des EGMR', 'I-Vorherige Rechtsprechung des EGMR', 'I-Vorherige Rechtsprechung des EGMR', 'I-Vorherige Rechtsprechung des EGMR', 'I-Vorherige Rechtsprechung des EGMR', 'I-Vorherige Rechtsprechung des EGMR', 'I-Vorherige Rechtsprechung des EGMR', 'I-Vorherige Rechtsprechung des EGMR']
['46', '.', 'This', 'expression', 'not', 'only', 'requires', 'compliance', 'with', 'domestic', 'law', ',', 'but', 'also', 'relates', 'to', 'the', 'quality', 'of', 'that', 'law', ',', 'requiring', 'it', 'to', 'be', 'compatible', 'with', 'the', 'rule', 'of', 'law', '(', 'see', ',', 'inter', 'alia', ',', 'Khan', 'v.', 'the', 'United', 'Kingdom', ',', 'no', '.', '35394/97', ',', '§', '26', ',', 'ECHR', '2000', '-', 'V', ',', 'and', 'P.G.', 'and', 'J.H.', 'v.', 'the', 'United', 'Kingdom', ',', 'cited', 'above', ',', '§', '44', ')', '.', 'In', 'order', 'to', 'fulfil', 'the', 'requirement', 'of', 'foreseeability', ',', 'the', 'law', 'must', 'be', 'sufficiently', 'clear', 'in', 'its', 'terms', 'to', 'give', 'individuals', 'an', 'adequate', 'indication', 'as', 'to', 'the', 'circumstances', 'in', 'which', 'and', 'the', 'conditions', 'on', 'which', 'the', 'authorities', 'are', 'empowered', 'to', 'resort', 'to', 'any', 'such', 'measures', '(', 'see', 'Halford', ',', 'cited', 'above', ',', '§', '49', ',', 'and', 'Malone', ',', 'cited', 'above', ',', '§', '67', ')', '.']	['O', 'O', 'B-Vorherige Rechtsprechung des EGMR', 'I-Vorherige Rechtsprechung des EGMR', 'I-Vorherige Rechtsprechung des EGMR', 'I-Vorherige Rechtsprechung des EGMR', 'I-Vorherige Rechtsprechung des EGMR', 'I-Vorherige Rechtsprechung des EGMR', 'I-Vorherige Rechtsprechung des EGMR', 'I-Vorherige Rechtsprechung des EGMR', 'I-Vorherige Rechtsprechung des EGMR', 'I-Vorherige Rechtsprechung des EGMR', 'I-Vorherige Rechtsprechung des EGMR', 'I-Vorherige Rechtsprechung des EGMR', 'I-Vorherige Rechtsprechung des EGMR', 'I-Vorherige Rechtsprechung des EGMR', 'I-Vorherige Rechtsprechung des EGMR', 'I-Vorherige Rechtsprechung des EGMR', 'I-Vorherige Rechtsprechung des EGMR', 'I-Vorherige Rechtsprechung des EGMR', 'I-Vorherige Rechtsprechung des EGMR', 'I-Vorherige Rechtsprechung des EGMR', 'I-Vorherige Rechtsprechung des EGMR', 'I-Vorherige Rechtsprechung des EGMR', 'I-Vorherige Rechtsprechung des EGMR', 'I-Vorherige Rechtsprechung des EGMR', 'I-Vorherige Rechtsprechung des EGMR', 'I-Vorherige Rechtsprechung des EGMR', 'I-Vorherige Rechtsprechung des EGMR', 'I-Vorherige Rechtsprechung des EGMR', 'I-Vorherige Rechtsprechung des EGMR', 'I-Vorherige Rechtsprechung des EGMR', 'I-Vorherige Rechtsprechung des EGMR', 'I-Vorherige Rechtsprechung des EGMR', 'I-Vorherige Rechtsprechung des EGMR', 'I-Vorherige Rechtsprechung des EGMR', 'I-Vorherige Rechtsprechung des EGMR', 'I-Vorherige Rechtsprechung des EGMR', 'I-Vorherige Rechtsprechung des EGMR', 'I-Vorherige Rechtsprechung des EGMR', 'I-Vorherige Rechtsprechung des EGMR', 'I-Vorherige Rechtsprechung des EGMR', 'I-Vorherige Rechtsprechung des EGMR', 'I-Vorherige Rechtsprechung des EGMR', 'I-Vorherige Rechtsprechung des EGMR', 'I-Vorherige Rechtsprechung des EGMR', 'I-Vorherige Rechtsprechung des EGMR', 'I-Vorherige Rechtsprechung des EGMR', 'I-Vorherige Rechtsprechung des EGMR', 'I-Vorherige Rechtsprechung des EGMR', 'I-Vorherige Rechtsprechung des EGMR', 'I-Vorherige Rechtsprechung des EGMR', 'I-Vorherige Rechtsprechung des EGMR', 'I-Vorherige Rechtsprechung des EGMR', 'I-Vorherige Rechtsprechung des EGMR', 'I-Vorherige Rechtsprechung des EGMR', 'I-Vorherige Rechtsprechung des EGMR', 'I-Vorherige Rechtsprechung des EGMR', 'I-Vorherige Rechtsprechung des EGMR', 'I-Vorherige Rechtsprechung des EGMR', 'I-Vorherige Rechtsprechung des EGMR', 'I-Vorherige Rechtsprechung des EGMR', 'I-Vorherige Rechtsprechung des EGMR', 'I-Vorherige Rechtsprechung des EGMR', 'I-Vorherige Rechtsprechung des EGMR', 'I-Vorherige Rechtsprechung des EGMR', 'I-Vorherige Rechtsprechung des EGMR', 'I-Vorherige Rechtsprechung des EGMR', 'I-Vorherige Rechtsprechung des EGMR', 'I-Vorherige Rechtsprechung des EGMR', 'I-Vorherige Rechtsprechung des EGMR', 'I-Vorherige Rechtsprechung des EGMR', 'I-Vorherige Rechtsprechung des EGMR', 'I-Vorherige Rechtsprechung des EGMR', 'I-Vorherige Rechtsprechung des EGMR', 'I-Vorherige Rechtsprechung des EGMR', 'I-Vorherige Rechtsprechung des EGMR', 'I-Vorherige Rechtsprechung des EGMR', 'I-Vorherige Rechtsprechung des EGMR', 'I-Vorherige Rechtsprechung des EGMR', 'I-Vorherige Rechtsprechung des EGMR', 'I-Vorherige Rechtsprechung des EGMR', 'I-Vorherige Rechtsprechung des EGMR', 'I-Vorherige Rechtsprechung des EGMR', 'I-Vorherige Rechtsprechung des EGMR', 'I-Vorherige Rechtsprechung des EGMR', 'I-Vorherige Rechtsprechung des EGMR', 'I-Vorherige Rechtsprechung des EGMR', 'I-Vorherige Rechtsprechung des EGMR', 'I-Vorherige Rechtsprechung des EGMR', 'I-Vorherige Rechtsprechung des EGMR', 'I-Vorherige Rechtsprechung des EGMR', 'I-Vorherige Rechtsprechung des EGMR', 'I-Vorherige Rechtsprechung des EGMR', 'I-Vorherige Rechtsprechung des EGMR', 'I-Vorherige Rechtsprechung des EGMR', 'I-Vorherige Rechtsprechung des EGMR', 'I-Vorherige Rechtsprechung des EGMR', 'I-Vorherige Rechtsprechung des EGMR', 'I-Vorherige Rechtsprechung des EGMR', 'I-Vorherige Rechtsprechung des EGMR', 'I-Vorherige Rechtsprechung des EGMR', 'I-Vorherige Rechtsprechung des EGMR', 'I-Vorherige Rechtsprechung des EGMR', 'I-Vorherige Rechtsprechung des EGMR', 'I-Vorherige Rechtsprechung des EGMR', 'I-Vorherige Rechtsprechung des EGMR', 'I-Vorherige Rechtsprechung des EGMR', 'I-Vorherige Rechtsprechung des EGMR', 'I-Vorherige Rechtsprechung des EGMR', 'I-Vorherige Rechtsprechung des EGMR', 'I-Vorherige Rechtsprechung des EGMR', 'I-Vorherige Rechtsprechung des EGMR', 'I-Vorherige Rechtsprechung des EGMR', 'I-Vorherige Rechtsprechung des EGMR', 'I-Vorherige Rechtsprechung des EGMR', 'I-Vorherige Rechtsprechung des EGMR', 'I-Vorherige Rechtsprechung des EGMR', 'I-Vorherige Rechtsprechung des EGMR', 'I-Vorherige Rechtsprechung des EGMR', 'I-Vorherige Rechtsprechung des EGMR', 'I-Vorherige Rechtsprechung des EGMR', 'I-Vorherige Rechtsprechung des EGMR', 'I-Vorherige Rechtsprechung des EGMR', 'I-Vorherige Rechtsprechung des EGMR', 'I-Vorherige Rechtsprechung des EGMR', 'I-Vorherige Rechtsprechung des EGMR', 'I-Vorherige Rechtsprechung des EGMR', 'I-Vorherige Rechtsprechung des EGMR', 'I-Vorherige Rechtsprechung des EGMR', 'I-Vorherige Rechtsprechung des EGMR', 'I-Vorherige Rechtsprechung des EGMR', 'I-Vorherige Rechtsprechung des EGMR', 'I-Vorherige Rechtsprechung des EGMR', 'I-Vorherige Rechtsprechung des EGMR', 'I-Vorherige Rechtsprechung des EGMR', 'I-Vorherige Rechtsprechung des EGMR']
['47', '.', 'The', 'Court', 'is', 'not', 'convinced', 'by', 'the', 'Government', '’s', 'submission', 'that', 'the', 'College', 'was', 'authorised', 'under', 'its', 'statutory', 'powers', 'to', 'do', '“', 'anything', 'necessary', 'or', 'expedient', '”', 'for', 'the', 'purposes', 'of', 'providing', 'higher', 'and', 'further', 'education', ',', 'and', 'finds', 'the', 'argument', 'unpersuasive', '.', 'Moreover', ',', 'the', 'Government', 'do', 'not', 'seek', 'to', 'argue', 'that', 'any', 'provisions', 'existed', 'at', 'the', 'relevant', 'time', ',', 'either', 'in', 'general', 'domestic', 'law', 'or', 'in', 'the', 'governing', 'instruments', 'of', 'the', 'College', ',', 'regulating', 'the', 'circumstances', 'in', 'which', 'employers', 'could', 'monitor', 'the', 'use', 'of', 'telephone', ',', 'e', '-', 'mail', 'and', 'the', 'Internet', 'by', 'employees', '.', 'Furthermore', ',', 'it', 'is', 'clear', 'that', 'the', 'Telecommunications', '(', 'Lawful', 'Business', 'Practice', ')', 'Regulations', '2000', '(', 'adopted', 'under', 'the', 'Regulation', 'of', 'Investigatory', 'Powers', 'Act', '2000', ')', 'which', 'make', 'such', 'provision', 'were', 'not', 'in', 'force', 'at', 'the', 'relevant', 'time', '.']	['O', 'O', 'B-Subsumtion', 'I-Subsumtion', 'I-Subsumtion', 'I-Subsumtion', 'I-Subsumtion', 'I-Subsumtion', 'I-Subsumtion', 'I-Subsumtion', 'I-Subsumtion', 'I-Subsumtion', 'I-Subsumtion', 'I-Subsumtion', 'I-Subsumtion', 'I-Subsumtion', 'I-Subsumtion', 'I-Subsumtion', 'I-Subsumtion', 'I-Subsumtion', 'I-Subsumtion', 'I-Subsumtion', 'I-Subsumtion', 'I-Subsumtion', 'I-Subsumtion', 'I-Subsumtion', 'I-Subsumtion', 'I-Subsumtion', 'I-Subsumtion', 'I-Subsumtion', 'I-Subsumtion', 'I-Subsumtion', 'I-Subsumtion', 'I-Subsumtion', 'I-Subsumtion', 'I-Subsumtion', 'I-Subsumtion', 'I-Subsumtion', 'I-Subsumtion', 'I-Subsumtion', 'I-Subsumtion', 'I-Subsumtion', 'I-Subsumtion', 'I-Subsumtion', 'I-Subsumtion', 'I-Subsumtion', 'I-Subsumtion', 'I-Subsumtion', 'I-Subsumtion', 'I-Subsumtion', 'I-Subsumtion', 'I-Subsumtion', 'I-Subsumtion', 'I-Subsumtion', 'I-Subsumtion', 'I-Subsumtion', 'I-Subsumtion', 'I-Subsumtion', 'I-Subsumtion', 'I-Subsumtion', 'I-Subsumtion', 'I-Subsumtion', 'I-Subsumtion', 'I-Subsumtion', 'I-Subsumtion', 'I-Subsumtion', 'I-Subsumtion', 'I-Subsumtion', 'I-Subsumtion', 'I-Subsumtion', 'I-Subsumtion', 'I-Subsumtion', 'I-Subsumtion', 'I-Subsumtion', 'I-Subsumtion', 'I-Subsumtion', 'I-Subsumtion', 'I-Subsumtion', 'I-Subsumtion', 'I-Subsumtion', 'I-Subsumtion', 'I-Subsumtion', 'I-Subsumtion', 'I-Subsumtion', 'I-Subsumtion', 'I-Subsumtion', 'I-Subsumtion', 'I-Subsumtion', 'I-Subsumtion', 'I-Subsumtion', 'I-Subsumtion', 'I-Subsumtion', 'I-Subsumtion', 'I-Subsumtion', 'I-Subsumtion', 'I-Subsumtion', 'I-Subsumtion', 'I-Subsumtion', 'I-Subsumtion', 'I-Subsumtion', 'I-Subsumtion', 'I-Subsumtion', 'I-Subsumtion', 'I-Subsumtion', 'I-Subsumtion', 'I-Subsumtion', 'I-Subsumtion', 'I-Subsumtion', 'I-Subsumtion', 'I-Subsumtion', 'I-Subsumtion', 'I-Subsumtion', 'I-Subsumtion', 'I-Subsumtion', 'I-Subsumtion', 'I-Subsumtion', 'I-Subsumtion', 'I-Subsumtion', 'I-Subsumtion', 'I-Subsumtion', 'I-Subsumtion', 'I-Subsumtion', 'I-Subsumtion', 'I-Subsumtion', 'I-Subsumtion', 'I-Subsumtion', 'I-Subsumtion', 'I-Subsumtion', 'I-Subsumtion', 'I-Subsumtion', 'I-Subsumtion', 'I-Subsumtion', 'I-Subsumtion', 'I-Subsumtion', 'I-Subsumtion', 'I-Subsumtion', 'I-Subsumtion', 'I-Subsumtion']
['48', '.', 'Accordingly', ',', 'as', 'there', 'was', 'no', 'domestic', 'law', 'regulating', 'monitoring', 'at', 'the', 'relevant', 'time', ',', 'the', 'interference', 'in', 'this', 'case', 'was', 'not', '“', 'in', 'accordance', 'with', 'the', 'law', '”', 'as', 'required', 'by', 'Article', '8', '§', '2', 'of', 'the', 'Convention', '.', 'The', 'Court', 'would', 'not', 'exclude', 'that', 'the', 'monitoring', 'of', 'an', 'employee', '’s', 'telephone', ',', 'e', '-', 'mail', 'or', 'Internet', 'usage', 'at', 'the', 'place', 'of', 'work', 'may', 'be', 'considered', '“', 'necessary', 'in', 'a', 'democratic', 'society', '”', 'in', 'certain', 'situations', 'in', 'pursuit', 'of', 'a', 'legitimate', 'aim', '.', 'However', ',', 'having', 'regard', 'to', 'its', 'above', 'conclusion', ',', 'it', 'is', 'not', 'necessary', 'to', 'pronounce', 'on', 'that', 'matter', 'in', 'the', 'instant', 'case', '.']	['O', 'O', 'B-Verhältnismäßigkeitsprüfung – Rechtsgrundlage', 'I-Verhältnismäßigkeitsprüfung – Rechtsgrundlage', 'I-Verhältnismäßigkeitsprüfung – Rechtsgrundlage', 'I-Verhältnismäßigkeitsprüfung – Rechtsgrundlage', 'I-Verhältnismäßigkeitsprüfung – Rechtsgrundlage', 'I-Verhältnismäßigkeitsprüfung – Rechtsgrundlage', 'I-Verhältnismäßigkeitsprüfung – Rechtsgrundlage', 'I-Verhältnismäßigkeitsprüfung – Rechtsgrundlage', 'I-Verhältnismäßigkeitsprüfung – Rechtsgrundlage', 'I-Verhältnismäßigkeitsprüfung – Rechtsgrundlage', 'I-Verhältnismäßigkeitsprüfung – Rechtsgrundlage', 'I-Verhältnismäßigkeitsprüfung – Rechtsgrundlage', 'I-Verhältnismäßigkeitsprüfung – Rechtsgrundlage', 'I-Verhältnismäßigkeitsprüfung – Rechtsgrundlage', 'I-Verhältnismäßigkeitsprüfung – Rechtsgrundlage', 'I-Verhältnismäßigkeitsprüfung – Rechtsgrundlage', 'I-Verhältnismäßigkeitsprüfung – Rechtsgrundlage', 'I-Verhältnismäßigkeitsprüfung – Rechtsgrundlage', 'I-Verhältnismäßigkeitsprüfung – Rechtsgrundlage', 'I-Verhältnismäßigkeitsprüfung – Rechtsgrundlage', 'I-Verhältnismäßigkeitsprüfung – Rechtsgrundlage', 'I-Verhältnismäßigkeitsprüfung – Rechtsgrundlage', 'I-Verhältnismäßigkeitsprüfung – Rechtsgrundlage', 'I-Verhältnismäßigkeitsprüfung – Rechtsgrundlage', 'I-Verhältnismäßigkeitsprüfung – Rechtsgrundlage', 'I-Verhältnismäßigkeitsprüfung – Rechtsgrundlage', 'I-Verhältnismäßigkeitsprüfung – Rechtsgrundlage', 'I-Verhältnismäßigkeitsprüfung – Rechtsgrundlage', 'I-Verhältnismäßigkeitsprüfung – Rechtsgrundlage', 'I-Verhältnismäßigkeitsprüfung – Rechtsgrundlage', 'I-Verhältnismäßigkeitsprüfung – Rechtsgrundlage', 'I-Verhältnismäßigkeitsprüfung – Rechtsgrundlage', 'I-Verhältnismäßigkeitsprüfung – Rechtsgrundlage', 'I-Verhältnismäßigkeitsprüfung – Rechtsgrundlage', 'I-Verhältnismäßigkeitsprüfung – Rechtsgrundlage', 'I-Verhältnismäßigkeitsprüfung – Rechtsgrundlage', 'I-Verhältnismäßigkeitsprüfung – Rechtsgrundlage', 'I-Verhältnismäßigkeitsprüfung – Rechtsgrundlage', 'I-Verhältnismäßigkeitsprüfung – Rechtsgrundlage', 'I-Verhältnismäßigkeitsprüfung – Rechtsgrundlage', 'B-Subsumtion', 'I-Subsumtion', 'I-Subsumtion', 'I-Subsumtion', 'I-Subsumtion', 'I-Subsumtion', 'I-Subsumtion', 'I-Subsumtion', 'I-Subsumtion', 'I-Subsumtion', 'I-Subsumtion', 'I-Subsumtion', 'I-Subsumtion', 'I-Subsumtion', 'I-Subsumtion', 'I-Subsumtion', 'I-Subsumtion', 'I-Subsumtion', 'I-Subsumtion', 'I-Subsumtion', 'I-Subsumtion', 'I-Subsumtion', 'I-Subsumtion', 'I-Subsumtion', 'I-Subsumtion', 'I-Subsumtion', 'I-Subsumtion', 'I-Subsumtion', 'I-Subsumtion', 'I-Subsumtion', 'I-Subsumtion', 'I-Subsumtion', 'I-Subsumtion', 'I-Subsumtion', 'I-Subsumtion', 'I-Subsumtion', 'I-Subsumtion', 'I-Subsumtion', 'I-Subsumtion', 'I-Subsumtion', 'I-Subsumtion', 'I-Subsumtion', 'I-Subsumtion', 'I-Subsumtion', 'I-Subsumtion', 'I-Subsumtion', 'I-Subsumtion', 'I-Subsumtion', 'I-Subsumtion', 'I-Subsumtion', 'I-Subsumtion', 'I-Subsumtion', 'I-Subsumtion', 'I-Subsumtion', 'I-Subsumtion', 'I-Subsumtion', 'I-Subsumtion', 'I-Subsumtion', 'I-Subsumtion', 'I-Subsumtion', 'I-Subsumtion', 'I-Subsumtion', 'I-Subsumtion', 'I-Subsumtion', 'I-Subsumtion', 'I-Subsumtion', 'I-Subsumtion', 'I-Subsumtion']
['49', '.', 'There', 'has', 'therefore', 'been', 'a', 'violation', 'of', 'Article', '8', 'of', 'the', 'Convention', 'in', 'this', 'regard', '.']	['O', 'O', 'B-Entscheidung des EGMR', 'I-Entscheidung des EGMR', 'I-Entscheidung des EGMR', 'I-Entscheidung des EGMR', 'I-Entscheidung des EGMR', 'I-Entscheidung des EGMR', 'I-Entscheidung des EGMR', 'I-Entscheidung des EGMR', 'I-Entscheidung des EGMR', 'I-Entscheidung des EGMR', 'I-Entscheidung des EGMR', 'I-Entscheidung des EGMR', 'I-Entscheidung des EGMR', 'I-Entscheidung des EGMR', 'I-Entscheidung des EGMR', 'I-Entscheidung des EGMR']
['II', '.', 'ALLEGED', 'VIOLATION', 'OF', 'ARTICLE', '13', 'OF', 'THE', 'CONVENTION', 'TAKEN', 'IN', 'CONJUNCTION', 'WITH', 'ARTICLE', '8']	['O', 'O', 'O', 'O', 'O', 'O', 'O', 'O', 'O', 'O', 'O', 'O', 'O', 'O', 'O', 'O']
['50', '.', 'The', 'applicant', 'submitted', 'that', 'no', 'effective', 'domestic', 'remedy', 'existed', 'for', 'the', 'breaches', 'of', 'Article', '8', 'of', 'the', 'Convention', 'of', 'which', 'she', 'complained', 'and', 'that', ',', 'consequently', ',', 'there', 'had', 'also', 'been', 'a', 'violation', 'of', 'Article', '13', ',', 'which', 'provides', 'as', 'follows', ':']	['O', 'O', 'B-Subsumtion', 'I-Subsumtion', 'I-Subsumtion', 'I-Subsumtion', 'I-Subsumtion', 'I-Subsumtion', 'I-Subsumtion', 'I-Subsumtion', 'I-Subsumtion', 'I-Subsumtion', 'I-Subsumtion', 'I-Subsumtion', 'I-Subsumtion', 'I-Subsumtion', 'I-Subsumtion', 'I-Subsumtion', 'I-Subsumtion', 'I-Subsumtion', 'I-Subsumtion', 'I-Subsumtion', 'I-Subsumtion', 'I-Subsumtion', 'I-Subsumtion', 'I-Subsumtion', 'I-Subsumtion', 'I-Subsumtion', 'I-Subsumtion', 'I-Subsumtion', 'I-Subsumtion', 'I-Subsumtion', 'I-Subsumtion', 'I-Subsumtion', 'I-Subsumtion', 'I-Subsumtion', 'I-Subsumtion', 'I-Subsumtion', 'I-Subsumtion', 'I-Subsumtion', 'I-Subsumtion', 'I-Subsumtion', 'I-Subsumtion', 'I-Subsumtion']
['“', 'Everyone', 'whose', 'rights', 'and', 'freedoms', 'as', 'set', 'forth', 'in', '[', 'the', ']', 'Convention', 'are', 'violated', 'shall', 'have', 'an', 'effective', 'remedy', 'before', 'a', 'national', 'authority', 'notwithstanding', 'that', 'the', 'violation', 'has', 'been', 'committed', 'by', 'persons', 'acting', 'in', 'an', 'official', 'capacity', '.', '”']	['O', 'O', 'O', 'O', 'O', 'O', 'O', 'O', 'O', 'O', 'O', 'O', 'O', 'O', 'O', 'O', 'O', 'O', 'O', 'O', 'O', 'O', 'O', 'O', 'O', 'O', 'O', 'O', 'O', 'O', 'O', 'O', 'O', 'O', 'O', 'O', 'O', 'O', 'O', 'O', 'O']
['51', '.', 'Having', 'regard', 'to', 'its', 'decision', 'on', 'Article', '8', '(', 'see', 'paragraph', '48', 'above', ')', ',', 'the', 'Court', 'does', 'not', 'consider', 'it', 'necessary', 'to', 'examine', 'the', 'applicant', '’s', 'complaint', 'also', 'under', 'Article', '13', '.']	['O', 'O', 'B-Subsumtion', 'I-Subsumtion', 'I-Subsumtion', 'I-Subsumtion', 'I-Subsumtion', 'I-Subsumtion', 'I-Subsumtion', 'I-Subsumtion', 'I-Subsumtion', 'I-Subsumtion', 'I-Subsumtion', 'I-Subsumtion', 'I-Subsumtion', 'I-Subsumtion', 'I-Subsumtion', 'I-Subsumtion', 'I-Subsumtion', 'I-Subsumtion', 'I-Subsumtion', 'I-Subsumtion', 'I-Subsumtion', 'I-Subsumtion', 'I-Subsumtion', 'I-Subsumtion', 'I-Subsumtion', 'I-Subsumtion', 'I-Subsumtion', 'I-Subsumtion', 'I-Subsumtion', 'I-Subsumtion', 'I-Subsumtion', 'I-Subsumtion', 'I-Subsumtion']
['III', '.', 'APPLICATION', 'OF', 'ARTICLE', '41', 'OF', 'THE', 'CONVENTION']	['O', 'O', 'O', 'O', 'O', 'O', 'O', 'O', 'O']
['52', '.', 'Article', '41', 'of', 'the', 'Convention', 'provides', ':']	['O', 'O', 'O', 'O', 'O', 'O', 'O', 'O', 'O']
['“', 'If', 'the', 'Court', 'finds', 'that', 'there', 'has', 'been', 'a', 'violation', 'of', 'the', 'Convention', 'or', 'the', 'Protocols', 'thereto', ',', 'and', 'if', 'the', 'internal', 'law', 'of', 'the', 'High', 'Contracting', 'Party', 'concerned', 'allows', 'only', 'partial', 'reparation', 'to', 'be', 'made', ',', 'the', 'Court', 'shall', ',', 'if', 'necessary', ',', 'afford', 'just', 'satisfaction', 'to', 'the', 'injured', 'party', '.', '”']	['O', 'O', 'O', 'O', 'O', 'O', 'O', 'O', 'O', 'O', 'O', 'O', 'O', 'O', 'O', 'O', 'O', 'O', 'O', 'O', 'O', 'O', 'O', 'O', 'O', 'O', 'O', 'O', 'O', 'O', 'O', 'O', 'O', 'O', 'O', 'O', 'O', 'O', 'O', 'O', 'O', 'O', 'O', 'O', 'O', 'O', 'O', 'O', 'O', 'O', 'O', 'O', 'O', 'O']
['A.', 'Damage']	['O', 'O']
['53', '.', 'The', 'applicant', 'made', 'no', 'claim', 'for', 'pecuniary', 'damage', 'but', ',', 'without', 'quantifying', 'an', 'amount', ',', 'claimed', 'non', '-', 'pecuniary', 'damage', 'for', 'stress', ',', 'anxiety', ',', 'low', 'mood', 'and', 'inability', 'to', 'sleep', '.', 'She', 'produced', 'a', 'medical', 'report', 'dated', 'June', '2006', 'recognising', 'that', 'she', 'had', 'suffered', 'from', 'stress', 'and', 'lack', 'of', 'sleep', 'due', 'to', 'the', 'work', 'environment', '.']	['O', 'O', 'B-Subsumtion', 'I-Subsumtion', 'I-Subsumtion', 'I-Subsumtion', 'I-Subsumtion', 'I-Subsumtion', 'I-Subsumtion', 'I-Subsumtion', 'I-Subsumtion', 'I-Subsumtion', 'I-Subsumtion', 'I-Subsumtion', 'I-Subsumtion', 'I-Subsumtion', 'I-Subsumtion', 'I-Subsumtion', 'I-Subsumtion', 'I-Subsumtion', 'I-Subsumtion', 'I-Subsumtion', 'I-Subsumtion', 'I-Subsumtion', 'I-Subsumtion', 'I-Subsumtion', 'I-Subsumtion', 'I-Subsumtion', 'I-Subsumtion', 'I-Subsumtion', 'I-Subsumtion', 'I-Subsumtion', 'I-Subsumtion', 'I-Subsumtion', 'I-Subsumtion', 'I-Subsumtion', 'I-Subsumtion', 'I-Subsumtion', 'I-Subsumtion', 'I-Subsumtion', 'I-Subsumtion', 'I-Subsumtion', 'I-Subsumtion', 'I-Subsumtion', 'I-Subsumtion', 'I-Subsumtion', 'I-Subsumtion', 'I-Subsumtion', 'I-Subsumtion', 'I-Subsumtion', 'I-Subsumtion', 'I-Subsumtion', 'I-Subsumtion', 'I-Subsumtion', 'I-Subsumtion', 'I-Subsumtion', 'I-Subsumtion', 'I-Subsumtion', 'I-Subsumtion']
['54', '.', 'The', 'Government', 'submitted', 'that', 'the', 'report', 'presented', 'by', 'the', 'applicant', 'gave', 'no', 'indication', 'that', 'the', 'stress', 'complained', 'of', 'was', 'caused', 'by', 'the', 'facts', 'giving', 'rise', 'to', 'her', 'complaint', '.', 'Furthermore', ',', 'as', 'the', 'Court', 'had', 'held', 'in', 'a', 'number', 'of', 'cases', 'relating', 'to', 'complaints', 'involving', 'the', 'interception', 'of', 'the', 'communications', 'of', 'suspected', 'criminals', 'by', 'the', 'police', ',', 'in', 'their', 'view', 'a', 'finding', 'of', 'a', 'violation', 'should', 'in', 'itself', 'constitute', 'sufficient', 'just', 'satisfaction', '(', 'see', 'Taylor', '-', 'Sabori', 'v.', 'the', 'United', 'Kingdom', ',', 'no', '.', '47114/99', ',', '§', '28', ',', '22', 'October', '2002', ';', 'Hewitson', 'v.', 'the', 'United', 'Kingdom', ',', 'no', '.', '50015/99', ',', '§', '25', ',', '27', 'May', '2003', ';', 'and', 'Chalkley', 'v.', 'the', 'United', 'Kingdom', ',', 'no', '.', '63831/00', ',', '§', '32', ',', '12', 'June', '2003', ')', '.', 'Moreover', ',', 'since', 'the', 'alleged', 'conduct', 'consisted', 'of', 'monitoring', 'and', 'not', 'interception', ',', 'the', 'nature', 'of', 'such', 'interference', 'was', 'of', 'a', 'significantly', 'lower', 'order', 'of', 'seriousness', 'than', 'the', 'cases', 'mentioned', 'above', '.']	['O', 'O', 'B-Subsumtion', 'I-Subsumtion', 'I-Subsumtion', 'I-Subsumtion', 'I-Subsumtion', 'I-Subsumtion', 'I-Subsumtion', 'I-Subsumtion', 'I-Subsumtion', 'I-Subsumtion', 'I-Subsumtion', 'I-Subsumtion', 'I-Subsumtion', 'I-Subsumtion', 'I-Subsumtion', 'I-Subsumtion', 'I-Subsumtion', 'I-Subsumtion', 'I-Subsumtion', 'I-Subsumtion', 'I-Subsumtion', 'I-Subsumtion', 'I-Subsumtion', 'I-Subsumtion', 'I-Subsumtion', 'I-Subsumtion', 'I-Subsumtion', 'I-Subsumtion', 'I-Subsumtion', 'I-Subsumtion', 'I-Subsumtion', 'I-Subsumtion', 'I-Subsumtion', 'I-Subsumtion', 'I-Subsumtion', 'I-Subsumtion', 'I-Subsumtion', 'I-Subsumtion', 'I-Subsumtion', 'I-Subsumtion', 'I-Subsumtion', 'I-Subsumtion', 'I-Subsumtion', 'I-Subsumtion', 'I-Subsumtion', 'I-Subsumtion', 'I-Subsumtion', 'I-Subsumtion', 'I-Subsumtion', 'I-Subsumtion', 'I-Subsumtion', 'I-Subsumtion', 'I-Subsumtion', 'I-Subsumtion', 'I-Subsumtion', 'I-Subsumtion', 'I-Subsumtion', 'I-Subsumtion', 'I-Subsumtion', 'I-Subsumtion', 'I-Subsumtion', 'I-Subsumtion', 'I-Subsumtion', 'I-Subsumtion', 'I-Subsumtion', 'I-Subsumtion', 'I-Subsumtion', 'I-Subsumtion', 'I-Subsumtion', 'I-Subsumtion', 'I-Subsumtion', 'I-Subsumtion', 'I-Subsumtion', 'I-Subsumtion', 'I-Subsumtion', 'I-Subsumtion', 'I-Subsumtion', 'I-Subsumtion', 'I-Subsumtion', 'I-Subsumtion', 'I-Subsumtion', 'I-Subsumtion', 'I-Subsumtion', 'I-Subsumtion', 'I-Subsumtion', 'I-Subsumtion', 'I-Subsumtion', 'I-Subsumtion', 'I-Subsumtion', 'I-Subsumtion', 'I-Subsumtion', 'I-Subsumtion', 'I-Subsumtion', 'I-Subsumtion', 'I-Subsumtion', 'I-Subsumtion', 'I-Subsumtion', 'I-Subsumtion', 'I-Subsumtion', 'I-Subsumtion', 'I-Subsumtion', 'I-Subsumtion', 'I-Subsumtion', 'I-Subsumtion', 'I-Subsumtion', 'I-Subsumtion', 'I-Subsumtion', 'I-Subsumtion', 'I-Subsumtion', 'I-Subsumtion', 'I-Subsumtion', 'I-Subsumtion', 'I-Subsumtion', 'I-Subsumtion', 'I-Subsumtion', 'I-Subsumtion', 'I-Subsumtion', 'I-Subsumtion', 'I-Subsumtion', 'I-Subsumtion', 'I-Subsumtion', 'I-Subsumtion', 'I-Subsumtion', 'I-Subsumtion', 'I-Subsumtion', 'I-Subsumtion', 'I-Subsumtion', 'I-Subsumtion', 'I-Subsumtion', 'I-Subsumtion', 'I-Subsumtion', 'I-Subsumtion', 'I-Subsumtion', 'I-Subsumtion', 'I-Subsumtion', 'I-Subsumtion', 'I-Subsumtion', 'I-Subsumtion', 'I-Subsumtion', 'I-Subsumtion', 'I-Subsumtion', 'I-Subsumtion', 'I-Subsumtion', 'I-Subsumtion', 'I-Subsumtion', 'I-Subsumtion', 'I-Subsumtion', 'I-Subsumtion', 'I-Subsumtion', 'I-Subsumtion', 'I-Subsumtion', 'I-Subsumtion', 'I-Subsumtion', 'I-Subsumtion', 'I-Subsumtion', 'I-Subsumtion', 'I-Subsumtion', 'I-Subsumtion', 'I-Subsumtion', 'I-Subsumtion', 'I-Subsumtion']
['55', '.', 'The', 'Court', 'notes', 'the', 'above', 'cases', 'cited', 'by', 'the', 'Government', ',', 'but', 'observes', 'also', 'that', 'in', 'Halford', '(', 'cited', 'above', ',', '§', '76', ')', ',', 'which', 'concerned', 'the', 'interception', 'of', 'an', 'employee', '’s', 'private', 'telephone', 'calls', 'by', 'her', 'employer', ',', 'it', 'awarded', '10,000', 'pounds', 'sterling', '(', 'GBP', ')', 'in', 'respect', 'of', 'non', '-', 'pecuniary', 'damage', '.', 'Making', 'an', 'assessment', 'on', 'an', 'equitable', 'basis', 'in', 'the', 'present', 'case', ',', 'the', 'Court', 'awards', 'the', 'applicant', '3,000', 'euros', '(', 'EUR', ')', 'in', 'respect', 'of', 'non', '-', 'pecuniary', 'damage', '.']	['O', 'O', 'B-Subsumtion', 'I-Subsumtion', 'I-Subsumtion', 'I-Subsumtion', 'I-Subsumtion', 'I-Subsumtion', 'I-Subsumtion', 'I-Subsumtion', 'I-Subsumtion', 'I-Subsumtion', 'I-Subsumtion', 'I-Subsumtion', 'I-Subsumtion', 'I-Subsumtion', 'I-Subsumtion', 'I-Subsumtion', 'I-Subsumtion', 'I-Subsumtion', 'I-Subsumtion', 'I-Subsumtion', 'I-Subsumtion', 'I-Subsumtion', 'I-Subsumtion', 'I-Subsumtion', 'I-Subsumtion', 'I-Subsumtion', 'I-Subsumtion', 'I-Subsumtion', 'I-Subsumtion', 'I-Subsumtion', 'I-Subsumtion', 'I-Subsumtion', 'I-Subsumtion', 'I-Subsumtion', 'I-Subsumtion', 'I-Subsumtion', 'I-Subsumtion', 'I-Subsumtion', 'I-Subsumtion', 'I-Subsumtion', 'I-Subsumtion', 'I-Subsumtion', 'I-Subsumtion', 'I-Subsumtion', 'I-Subsumtion', 'I-Subsumtion', 'I-Subsumtion', 'I-Subsumtion', 'I-Subsumtion', 'I-Subsumtion', 'I-Subsumtion', 'I-Subsumtion', 'I-Subsumtion', 'I-Subsumtion', 'I-Subsumtion', 'I-Subsumtion', 'B-Entscheidung des EGMR', 'I-Entscheidung des EGMR', 'I-Entscheidung des EGMR', 'I-Entscheidung des EGMR', 'I-Entscheidung des EGMR', 'I-Entscheidung des EGMR', 'I-Entscheidung des EGMR', 'I-Entscheidung des EGMR', 'I-Entscheidung des EGMR', 'I-Entscheidung des EGMR', 'I-Entscheidung des EGMR', 'I-Entscheidung des EGMR', 'I-Entscheidung des EGMR', 'I-Entscheidung des EGMR', 'I-Entscheidung des EGMR', 'I-Entscheidung des EGMR', 'I-Entscheidung des EGMR', 'I-Entscheidung des EGMR', 'I-Entscheidung des EGMR', 'I-Entscheidung des EGMR', 'I-Entscheidung des EGMR', 'I-Entscheidung des EGMR', 'I-Entscheidung des EGMR', 'I-Entscheidung des EGMR', 'I-Entscheidung des EGMR', 'I-Entscheidung des EGMR', 'I-Entscheidung des EGMR', 'I-Entscheidung des EGMR', 'I-Entscheidung des EGMR', 'I-Entscheidung des EGMR']
['B.', 'Costs', 'and', 'expenses']	['O', 'O', 'O', 'O']
['56', '.', 'The', 'applicant', 'claimed', 'legal', 'costs', 'and', 'expenses', 'totalling', 'GBP', '9,363', ',', 'inclusive', 'of', 'value', '-', 'added', 'tax', '.', 'This', 'included', 'fees', 'paid', 'to', 'a', 'solicitor', 'and', 'trainee', 'solicitor', 'of', 'GBP', '7,171.62', ',', 'disbursements', 'of', 'GBP', '1,556.88', 'and', 'the', 'rest', 'in', 'anticipated', 'future', 'costs', '.']	['O', 'O', 'O', 'O', 'O', 'O', 'O', 'O', 'O', 'O', 'O', 'O', 'O', 'O', 'O', 'O', 'O', 'O', 'O', 'O', 'O', 'O', 'O', 'O', 'O', 'O', 'O', 'O', 'O', 'O', 'O', 'O', 'O', 'O', 'O', 'O', 'O', 'O', 'O', 'O', 'O', 'O', 'O', 'O', 'O', 'O']
['57', '.', 'The', 'Government', 'submitted', 'that', 'the', 'hourly', 'rates', 'charged', 'by', 'the', 'solicitors', 'and', 'the', 'rate', 'of', 'increase', 'over', 'the', 'period', 'during', 'which', 'the', 'case', 'was', 'pending', 'were', 'excessive', '.', 'Moreover', ',', 'the', 'applicant', '’s', 'original', 'application', 'included', 'a', 'number', 'of', 'complaints', 'which', 'the', 'Court', 'declared', 'inadmissible', 'and', 'therefore', 'the', 'portion', 'of', 'costs', 'related', 'to', 'such', 'claims', 'should', 'not', 'be', 'recoverable', '.', 'In', 'the', 'Government', '’s', 'view', ',', 'the', 'sum', 'of', 'GBP', '2,000', 'would', 'adequately', 'cover', 'costs', 'and', 'expenses', 'incurred', '.']	['O', 'O', 'O', 'O', 'O', 'O', 'O', 'O', 'O', 'O', 'O', 'O', 'O', 'O', 'O', 'O', 'O', 'O', 'O', 'O', 'O', 'O', 'O', 'O', 'O', 'O', 'O', 'O', 'O', 'O', 'O', 'O', 'O', 'O', 'O', 'O', 'O', 'O', 'O', 'O', 'O', 'O', 'O', 'O', 'O', 'O', 'O', 'O', 'O', 'O', 'O', 'O', 'O', 'O', 'O', 'O', 'O', 'O', 'O', 'O', 'O', 'O', 'O', 'O', 'O', 'O', 'O', 'O', 'O', 'O', 'O', 'O', 'O', 'O', 'O', 'O', 'O', 'O', 'O', 'O', 'O']
['58', '.', 'According', 'to', 'its', 'settled', 'case', '-', 'law', ',', 'the', 'Court', 'will', 'award', 'costs', 'and', 'expenses', 'in', 'so', 'far', 'as', 'these', 'relate', 'to', 'the', 'violation', 'found', 'and', 'to', 'the', 'extent', 'to', 'which', 'they', 'have', 'been', 'actually', 'and', 'necessarily', 'incurred', 'and', 'are', 'reasonable', 'as', 'to', 'quantum', '(', 'see', ',', 'among', 'other', 'authorities', ',', 'Schouten', 'and', 'Meldrum', 'v.', 'the', 'Netherlands', ',', '9', 'December', '1994', ',', '§', '78', ',', 'Series', 'A', 'no', '.', '304', ',', 'and', 'Lorsé', 'and', 'Others']	['O', 'O', 'O', 'O', 'O', 'O', 'O', 'O', 'O', 'O', 'O', 'O', 'O', 'O', 'O', 'O', 'O', 'O', 'O', 'O', 'O', 'O', 'O', 'O', 'O', 'O', 'O', 'O', 'O', 'O', 'O', 'O', 'O', 'O', 'O', 'O', 'O', 'O', 'O', 'O', 'O', 'O', 'O', 'O', 'O', 'O', 'O', 'O', 'O', 'O', 'O', 'O', 'O', 'O', 'O', 'O', 'O', 'O', 'O', 'O', 'O', 'O', 'O', 'O', 'O', 'O', 'O', 'O', 'O', 'O', 'O', 'O', 'O', 'O', 'O', 'O', 'O']
['v.', 'the', 'Netherlands', ',', 'no', '.', '52750/99', ',', '§', '103', ',', '4', 'February', '2003', ')', '.', 'Taking', 'into', 'account', 'all', 'the', 'circumstances', ',', 'it', 'awards', 'the', 'applicant', 'EUR', '6,000', 'for', 'legal', 'costs', 'and', 'expenses', ',', 'in', 'addition', 'to', 'any', 'value', '-', 'added', 'tax', 'that', 'may', 'be', 'payable', '.']	['O', 'O', 'O', 'O', 'O', 'O', 'O', 'O', 'O', 'O', 'O', 'O', 'O', 'O', 'O', 'O', 'O', 'O', 'O', 'O', 'O', 'O', 'O', 'O', 'O', 'O', 'O', 'O', 'O', 'O', 'O', 'O', 'O', 'O', 'O', 'O', 'O', 'O', 'O', 'O', 'O', 'O', 'O', 'O', 'O', 'O', 'O', 'O']
['C.', 'Default', 'interest']	['O', 'O', 'O']
['59', '.', 'The', 'Court', 'considers', 'it', 'appropriate', 'that', 'the', 'default', 'interest', 'should', 'be', 'based', 'on', 'the', 'marginal', 'lending', 'rate', 'of', 'the', 'European', 'Central', 'Bank', ',', 'to', 'which', 'should', 'be', 'added', 'three', 'percentage', 'points', '.']	['O', 'O', 'O', 'O', 'O', 'O', 'O', 'O', 'O', 'O', 'O', 'O', 'O', 'O', 'O', 'O', 'O', 'O', 'O', 'O', 'O', 'O', 'O', 'O', 'O', 'O', 'O', 'O', 'O', 'O', 'O', 'O', 'O', 'O']
['FOR', 'THESE', 'REASONS', ',', 'THE', 'COURT', 'UNANIMOUSLY']	['O', 'O', 'O', 'O', 'O', 'O', 'O']
['1', '.', 'Holds', 'that', 'there', 'has', 'been', 'a', 'violation', 'of', 'Article', '8', 'of', 'the', 'Convention', ';']	['O', 'O', 'O', 'O', 'O', 'O', 'O', 'O', 'O', 'O', 'O', 'O', 'O', 'O', 'O', 'O']
['2', '.', 'Holds', 'that', 'it', 'is', 'not', 'necessary', 'to', 'examine', 'the', 'case', 'under', 'Article', '13', 'of', 'the', 'Convention', ';']	['O', 'O', 'O', 'O', 'O', 'O', 'O', 'O', 'O', 'O', 'O', 'O', 'O', 'O', 'O', 'O', 'O', 'O', 'O']
['3', '.', 'Holds']	['O', 'O', 'O']
['(', 'a', ')', 'that', 'the', 'respondent', 'State', 'is', 'to', 'pay', 'the', 'applicant', ',', 'within', 'three', 'months', 'from', 'the', 'date', 'on', 'which', 'the', 'judgment', 'becomes', 'final', 'in', 'accordance', 'with', 'Article', '44', '§', '2', 'of', 'the', 'Convention', ',', 'the', 'following', 'amounts', ',', 'to', 'be', 'converted', 'into', 'pounds', 'sterling', 'at', 'the', 'rate', 'applicable', 'at', 'the', 'time', 'of', 'settlement', ':']	['O', 'O', 'O', 'O', 'O', 'O', 'O', 'O', 'O', 'O', 'O', 'O', 'O', 'O', 'O', 'O', 'O', 'O', 'O', 'O', 'O', 'O', 'O', 'O', 'O', 'O', 'O', 'O', 'O', 'O', 'O', 'O', 'O', 'O', 'O', 'O', 'O', 'O', 'O', 'O', 'O', 'O', 'O', 'O', 'O', 'O', 'O', 'O', 'O', 'O', 'O', 'O', 'O', 'O', 'O', 'O']
['(', 'i', ')', 'EUR', '3,000', '(', 'three', 'thousand', 'euros', ')', 'in', 'respect', 'of', 'non', '-', 'pecuniary', 'damage', ';']	['O', 'O', 'O', 'O', 'O', 'O', 'O', 'O', 'O', 'O', 'O', 'O', 'O', 'O', 'O', 'O', 'O', 'O']
['(', 'ii', ')', 'EUR', '6,000', '(', 'six', 'thousand', 'euros', ')', 'in', 'respect', 'of', 'costs', 'and', 'expenses', ';']	['O', 'O', 'O', 'O', 'O', 'O', 'O', 'O', 'O', 'O', 'O', 'O', 'O', 'O', 'O', 'O', 'O']
['(', 'iii', ')', 'any', 'tax', 'that', 'may', 'be', 'chargeable', 'on', 'the', 'above', 'amounts', ';']	['O', 'O', 'O', 'O', 'O', 'O', 'O', 'O', 'O', 'O', 'O', 'O', 'O', 'O']
['(', 'b', ')', 'that', 'from', 'the', 'expiry', 'of', 'the', 'above', '-', 'mentioned', 'three', 'months', 'until', 'settlement', 'simple', 'interest', 'shall', 'be', 'payable', 'on', 'the', 'above', 'amount', 'at', 'a', 'rate', 'equal', 'to', 'the', 'marginal', 'lending', 'rate', 'of', 'the', 'European', 'Central', 'Bank', 'during', 'the', 'default', 'period', 'plus', 'three', 'percentage', 'points', ';']	['O', 'O', 'O', 'O', 'O', 'O', 'O', 'O', 'O', 'O', 'O', 'O', 'O', 'O', 'O', 'O', 'O', 'O', 'O', 'O', 'O', 'O', 'O', 'O', 'O', 'O', 'O', 'O', 'O', 'O', 'O', 'O', 'O', 'O', 'O', 'O', 'O', 'O', 'O', 'O', 'O', 'O', 'O', 'O', 'O', 'O', 'O', 'O']
['4', '.', 'Dismisses', 'the', 'remainder', 'of', 'the', 'applicant', '’s', 'claim', 'for', 'just', 'satisfaction', '.']	['O', 'O', 'O', 'O', 'O', 'O', 'O', 'O', 'O', 'O', 'O', 'O', 'O', 'O']
['Done', 'in', 'English', ',', 'and', 'notified', 'in', 'writing', 'on', '3', 'April', '2007', ',', 'pursuant', 'to', 'Rule', '77', '§', '§', '2', 'and', '3', 'of', 'the', 'Rules', 'of', 'Court', '.']	['O', 'O', 'O', 'O', 'O', 'O', 'O', 'O', 'O', 'O', 'O', 'O', 'O', 'O', 'O', 'O', 'O', 'O', 'O', 'O', 'O', 'O', 'O', 'O', 'O', 'O', 'O', 'O']
['Lawrence', 'Early']	['O', 'O']
['Josep', 'Casadevall']	['O', 'O']
['Registrar']	['O']
['President']	['O']
