tokens	labels
['I.', 'ALLEGED', 'VIOLATION', 'OF', 'ARTICLE', '7', '(', 'art', '.', '7', ')', 'OF', 'THE', 'CONVENTION']	['O', 'O', 'O', 'O', 'O', 'O', 'O', 'O', 'O', 'O', 'O', 'O', 'O', 'O']
['32', '.', 'The', 'applicant', 'complained', 'that', 'his', 'conviction', 'and', 'sentence', 'for', 'rape', 'of', 'his', 'wife', 'constituted', 'retrospective', 'punishment', 'in', 'breach', 'of', 'Article', '7', '(', 'art', '.', '7', ')', 'of', 'the', 'Convention', ',', 'which', 'reads', ':']	['O', 'O', 'B-Subsumtion', 'I-Subsumtion', 'I-Subsumtion', 'I-Subsumtion', 'I-Subsumtion', 'I-Subsumtion', 'I-Subsumtion', 'I-Subsumtion', 'I-Subsumtion', 'I-Subsumtion', 'I-Subsumtion', 'I-Subsumtion', 'I-Subsumtion', 'I-Subsumtion', 'I-Subsumtion', 'I-Subsumtion', 'I-Subsumtion', 'I-Subsumtion', 'I-Subsumtion', 'I-Subsumtion', 'I-Subsumtion', 'I-Subsumtion', 'I-Subsumtion', 'I-Subsumtion', 'I-Subsumtion', 'I-Subsumtion', 'I-Subsumtion', 'I-Subsumtion', 'I-Subsumtion', 'I-Subsumtion', 'I-Subsumtion', 'I-Subsumtion', 'I-Subsumtion']
"['""', '1', '.', 'No', 'one', 'shall', 'be', 'held', 'guilty', 'of', 'any', 'criminal', 'offence', 'on', 'account', 'of', 'any', 'act', 'or', 'omission', 'which', 'did', 'not', 'constitute', 'a', 'criminal', 'offence', 'under', 'national', 'or', 'international', 'law', 'at', 'the', 'time', 'when', 'it', 'was', 'committed', '.', 'Nor', 'shall', 'a', 'heavier', 'penalty', 'be', 'imposed', 'than', 'the', 'one', 'that', 'was', 'applicable', 'at', 'the', 'time', 'the', 'criminal', 'offence', 'was', 'committed', '.']"	['O', 'O', 'O', 'O', 'O', 'O', 'O', 'O', 'O', 'O', 'O', 'O', 'O', 'O', 'O', 'O', 'O', 'O', 'O', 'O', 'O', 'O', 'O', 'O', 'O', 'O', 'O', 'O', 'O', 'O', 'O', 'O', 'O', 'O', 'O', 'O', 'O', 'O', 'O', 'O', 'O', 'O', 'O', 'O', 'O', 'O', 'O', 'O', 'O', 'O', 'O', 'O', 'O', 'O', 'O', 'O', 'O', 'O', 'O', 'O', 'O', 'O']
"['2', '.', 'This', 'Article', '(', 'art', '.', '7', ')', 'shall', 'not', 'prejudice', 'the', 'trial', 'and', 'punishment', 'of', 'any', 'person', 'for', 'any', 'act', 'or', 'omission', 'which', ',', 'at', 'the', 'time', 'when', 'it', 'was', 'committed', ',', 'was', 'criminal', 'according', 'to', 'the', 'general', 'principles', 'of', 'law', 'recognised', 'by', 'civilised', 'nations', '.', '""']"	['O', 'O', 'O', 'O', 'O', 'O', 'O', 'O', 'O', 'O', 'O', 'O', 'O', 'O', 'O', 'O', 'O', 'O', 'O', 'O', 'O', 'O', 'O', 'O', 'O', 'O', 'O', 'O', 'O', 'O', 'O', 'O', 'O', 'O', 'O', 'O', 'O', 'O', 'O', 'O', 'O', 'O', 'O', 'O', 'O', 'O', 'O', 'O', 'O']
['33', '.', 'The', 'Government', 'and', 'the', 'Commission', 'disagreed', 'with', 'the', 'above', 'contention', '.']	['O', 'O', 'B-Subsumtion', 'I-Subsumtion', 'I-Subsumtion', 'I-Subsumtion', 'I-Subsumtion', 'I-Subsumtion', 'I-Subsumtion', 'I-Subsumtion', 'I-Subsumtion', 'I-Subsumtion', 'I-Subsumtion']
['A.', 'General', 'principles']	['O', 'O', 'O']
['34', '.', 'The', 'guarantee', 'enshrined', 'in', 'Article', '7', '(', 'art', '.', '7', ')', ',', 'which', 'is', 'an', 'essential', 'element', 'of', 'the', 'rule', 'of', 'law', ',', 'occupies', 'a', 'prominent', 'place', 'in', 'the', 'Convention', 'system', 'of', 'protection', ',', 'as', 'is', 'underlined', 'by', 'the', 'fact', 'that', 'no', 'derogation', 'from', 'it', 'is', 'permissible', 'under', 'Article', '15', '(', 'art', '.', '15', ')', 'in', 'time', 'of', 'war', 'or', 'other', 'public', 'emergency', '.', 'It', 'should', 'be', 'construed', 'and', 'applied', ',', 'as', 'follows', 'from', 'its', 'object', 'and', 'purpose', ',', 'in', 'such', 'a', 'way', 'as', 'to', 'provide', 'effective', 'safeguards', 'against', 'arbitrary', 'prosecution', ',', 'conviction', 'and', 'punishment', '.']	['O', 'O', 'B-Systematische Auslegung', 'I-Systematische Auslegung', 'I-Systematische Auslegung', 'I-Systematische Auslegung', 'I-Systematische Auslegung', 'I-Systematische Auslegung', 'I-Systematische Auslegung', 'I-Systematische Auslegung', 'I-Systematische Auslegung', 'I-Systematische Auslegung', 'I-Systematische Auslegung', 'I-Systematische Auslegung', 'I-Systematische Auslegung', 'I-Systematische Auslegung', 'I-Systematische Auslegung', 'I-Systematische Auslegung', 'I-Systematische Auslegung', 'I-Systematische Auslegung', 'I-Systematische Auslegung', 'I-Systematische Auslegung', 'I-Systematische Auslegung', 'I-Systematische Auslegung', 'I-Systematische Auslegung', 'I-Systematische Auslegung', 'I-Systematische Auslegung', 'I-Systematische Auslegung', 'I-Systematische Auslegung', 'I-Systematische Auslegung', 'I-Systematische Auslegung', 'I-Systematische Auslegung', 'I-Systematische Auslegung', 'I-Systematische Auslegung', 'I-Systematische Auslegung', 'I-Systematische Auslegung', 'I-Systematische Auslegung', 'I-Systematische Auslegung', 'I-Systematische Auslegung', 'I-Systematische Auslegung', 'I-Systematische Auslegung', 'I-Systematische Auslegung', 'I-Systematische Auslegung', 'I-Systematische Auslegung', 'I-Systematische Auslegung', 'I-Systematische Auslegung', 'I-Systematische Auslegung', 'I-Systematische Auslegung', 'I-Systematische Auslegung', 'I-Systematische Auslegung', 'I-Systematische Auslegung', 'I-Systematische Auslegung', 'I-Systematische Auslegung', 'I-Systematische Auslegung', 'I-Systematische Auslegung', 'I-Systematische Auslegung', 'I-Systematische Auslegung', 'I-Systematische Auslegung', 'I-Systematische Auslegung', 'I-Systematische Auslegung', 'I-Systematische Auslegung', 'I-Systematische Auslegung', 'I-Systematische Auslegung', 'I-Systematische Auslegung', 'I-Systematische Auslegung', 'I-Systematische Auslegung', 'B-Sinn & Zweck Auslegung', 'I-Sinn & Zweck Auslegung', 'I-Sinn & Zweck Auslegung', 'I-Sinn & Zweck Auslegung', 'I-Sinn & Zweck Auslegung', 'I-Sinn & Zweck Auslegung', 'I-Sinn & Zweck Auslegung', 'I-Sinn & Zweck Auslegung', 'I-Sinn & Zweck Auslegung', 'I-Sinn & Zweck Auslegung', 'I-Sinn & Zweck Auslegung', 'I-Sinn & Zweck Auslegung', 'I-Sinn & Zweck Auslegung', 'I-Sinn & Zweck Auslegung', 'I-Sinn & Zweck Auslegung', 'I-Sinn & Zweck Auslegung', 'I-Sinn & Zweck Auslegung', 'I-Sinn & Zweck Auslegung', 'I-Sinn & Zweck Auslegung', 'I-Sinn & Zweck Auslegung', 'I-Sinn & Zweck Auslegung', 'I-Sinn & Zweck Auslegung', 'I-Sinn & Zweck Auslegung', 'I-Sinn & Zweck Auslegung', 'I-Sinn & Zweck Auslegung', 'I-Sinn & Zweck Auslegung', 'I-Sinn & Zweck Auslegung', 'I-Sinn & Zweck Auslegung', 'I-Sinn & Zweck Auslegung', 'I-Sinn & Zweck Auslegung', 'I-Sinn & Zweck Auslegung', 'I-Sinn & Zweck Auslegung']
"['35', '.', 'Accordingly', ',', 'as', 'the', 'Court', 'held', 'in', 'its', 'Kokkinakis', 'v.', 'Greece', 'judgment', 'of', '25', 'May', '1993', '(', 'Series', 'A', 'no', '.', '260', '-', 'A', ',', 'p.', '22', ',', 'para', '.', '52', ')', ',', 'Article', '7', '(', 'art', '.', '7', ')', 'is', 'not', 'confined', 'to', 'prohibiting', 'the', 'retrospective', 'application', 'of', 'the', 'criminal', 'law', 'to', 'an', 'accused', '’s', 'disadvantage', ':', 'it', 'also', 'embodies', ',', 'more', 'generally', ',', 'the', 'principle', 'that', 'only', 'the', 'law', 'can', 'define', 'a', 'crime', 'and', 'prescribe', 'a', 'penalty', '(', 'nullum', 'crimen', ',', 'nulla', 'poena', 'sine', 'lege', ')', 'and', 'the', 'principle', 'that', 'the', 'criminal', 'law', 'must', 'not', 'be', 'extensively', 'construed', 'to', 'an', 'accused', '’s', 'detriment', ',', 'for', 'instance', 'by', 'analogy', '.', 'From', 'these', 'principles', 'it', 'follows', 'that', 'an', 'offence', 'must', 'be', 'clearly', 'defined', 'in', 'the', 'law', '.', 'In', 'its', 'aforementioned', 'judgment', 'the', 'Court', 'added', 'that', 'this', 'requirement', 'is', 'satisfied', 'where', 'the', 'individual', 'can', 'know', 'from', 'the', 'wording', 'of', 'the', 'relevant', 'provision', 'and', ',', 'if', 'need', 'be', ',', 'with', 'the', 'assistance', 'of', 'the', 'courts', '’', 'interpretation', 'of', 'it', ',', 'what', 'acts', 'and', 'omissions', 'will', 'make', 'him', 'criminally', 'liable', '.', 'The', 'Court', 'thus', 'indicated', 'that', 'when', 'speaking', 'of', '""', 'law', '""', 'Article', '7', '(', 'art', '.', '7', ')', 'alludes', 'to', 'the', 'very', 'same', 'concept', 'as', 'that', 'to', 'which', 'the', 'Convention', 'refers', 'elsewhere', 'when', 'using', 'that', 'term', ',', 'a', 'concept', 'which', 'comprises', 'written', 'as', 'well', 'as', 'unwritten', 'law', 'and', 'implies', 'qualitative', 'requirements', ',', 'notably', 'those', 'of', 'accessibility', 'and', 'foreseeability', '(', 'see', ',', 'as', 'a', 'recent', 'authority', ',', 'the', 'Tolstoy', 'Miloslavsky', 'v.', 'the', 'United', 'Kingdom', 'judgment', 'of', '13', 'July', '1995', ',', 'Series', 'A', 'no', '.', '316', '-', 'B', ',', 'pp', '.', '71', '-', '72', ',', 'para', '.', '37', ')', '.']"	['O', 'O', 'B-Vorherige Rechtsprechung des EGMR', 'I-Vorherige Rechtsprechung des EGMR', 'I-Vorherige Rechtsprechung des EGMR', 'I-Vorherige Rechtsprechung des EGMR', 'I-Vorherige Rechtsprechung des EGMR', 'I-Vorherige Rechtsprechung des EGMR', 'I-Vorherige Rechtsprechung des EGMR', 'I-Vorherige Rechtsprechung des EGMR', 'I-Vorherige Rechtsprechung des EGMR', 'I-Vorherige Rechtsprechung des EGMR', 'I-Vorherige Rechtsprechung des EGMR', 'I-Vorherige Rechtsprechung des EGMR', 'I-Vorherige Rechtsprechung des EGMR', 'I-Vorherige Rechtsprechung des EGMR', 'I-Vorherige Rechtsprechung des EGMR', 'I-Vorherige Rechtsprechung des EGMR', 'I-Vorherige Rechtsprechung des EGMR', 'I-Vorherige Rechtsprechung des EGMR', 'I-Vorherige Rechtsprechung des EGMR', 'I-Vorherige Rechtsprechung des EGMR', 'I-Vorherige Rechtsprechung des EGMR', 'I-Vorherige Rechtsprechung des EGMR', 'I-Vorherige Rechtsprechung des EGMR', 'I-Vorherige Rechtsprechung des EGMR', 'I-Vorherige Rechtsprechung des EGMR', 'I-Vorherige Rechtsprechung des EGMR', 'I-Vorherige Rechtsprechung des EGMR', 'I-Vorherige Rechtsprechung des EGMR', 'I-Vorherige Rechtsprechung des EGMR', 'I-Vorherige Rechtsprechung des EGMR', 'I-Vorherige Rechtsprechung des EGMR', 'I-Vorherige Rechtsprechung des EGMR', 'I-Vorherige Rechtsprechung des EGMR', 'I-Vorherige Rechtsprechung des EGMR', 'I-Vorherige Rechtsprechung des EGMR', 'I-Vorherige Rechtsprechung des EGMR', 'I-Vorherige Rechtsprechung des EGMR', 'I-Vorherige Rechtsprechung des EGMR', 'I-Vorherige Rechtsprechung des EGMR', 'I-Vorherige Rechtsprechung des EGMR', 'I-Vorherige Rechtsprechung des EGMR', 'I-Vorherige Rechtsprechung des EGMR', 'I-Vorherige Rechtsprechung des EGMR', 'I-Vorherige Rechtsprechung des EGMR', 'I-Vorherige Rechtsprechung des EGMR', 'I-Vorherige Rechtsprechung des EGMR', 'I-Vorherige Rechtsprechung des EGMR', 'I-Vorherige Rechtsprechung des EGMR', 'I-Vorherige Rechtsprechung des EGMR', 'I-Vorherige Rechtsprechung des EGMR', 'I-Vorherige Rechtsprechung des EGMR', 'I-Vorherige Rechtsprechung des EGMR', 'I-Vorherige Rechtsprechung des EGMR', 'I-Vorherige Rechtsprechung des EGMR', 'I-Vorherige Rechtsprechung des EGMR', 'I-Vorherige Rechtsprechung des EGMR', 'I-Vorherige Rechtsprechung des EGMR', 'I-Vorherige Rechtsprechung des EGMR', 'I-Vorherige Rechtsprechung des EGMR', 'I-Vorherige Rechtsprechung des EGMR', 'I-Vorherige Rechtsprechung des EGMR', 'I-Vorherige Rechtsprechung des EGMR', 'I-Vorherige Rechtsprechung des EGMR', 'I-Vorherige Rechtsprechung des EGMR', 'I-Vorherige Rechtsprechung des EGMR', 'I-Vorherige Rechtsprechung des EGMR', 'I-Vorherige Rechtsprechung des EGMR', 'I-Vorherige Rechtsprechung des EGMR', 'I-Vorherige Rechtsprechung des EGMR', 'I-Vorherige Rechtsprechung des EGMR', 'I-Vorherige Rechtsprechung des EGMR', 'I-Vorherige Rechtsprechung des EGMR', 'I-Vorherige Rechtsprechung des EGMR', 'I-Vorherige Rechtsprechung des EGMR', 'I-Vorherige Rechtsprechung des EGMR', 'I-Vorherige Rechtsprechung des EGMR', 'I-Vorherige Rechtsprechung des EGMR', 'I-Vorherige Rechtsprechung des EGMR', 'I-Vorherige Rechtsprechung des EGMR', 'I-Vorherige Rechtsprechung des EGMR', 'I-Vorherige Rechtsprechung des EGMR', 'I-Vorherige Rechtsprechung des EGMR', 'I-Vorherige Rechtsprechung des EGMR', 'I-Vorherige Rechtsprechung des EGMR', 'I-Vorherige Rechtsprechung des EGMR', 'I-Vorherige Rechtsprechung des EGMR', 'I-Vorherige Rechtsprechung des EGMR', 'I-Vorherige Rechtsprechung des EGMR', 'I-Vorherige Rechtsprechung des EGMR', 'I-Vorherige Rechtsprechung des EGMR', 'I-Vorherige Rechtsprechung des EGMR', 'I-Vorherige Rechtsprechung des EGMR', 'I-Vorherige Rechtsprechung des EGMR', 'I-Vorherige Rechtsprechung des EGMR', 'I-Vorherige Rechtsprechung des EGMR', 'I-Vorherige Rechtsprechung des EGMR', 'I-Vorherige Rechtsprechung des EGMR', 'I-Vorherige Rechtsprechung des EGMR', 'I-Vorherige Rechtsprechung des EGMR', 'I-Vorherige Rechtsprechung des EGMR', 'I-Vorherige Rechtsprechung des EGMR', 'I-Vorherige Rechtsprechung des EGMR', 'I-Vorherige Rechtsprechung des EGMR', 'I-Vorherige Rechtsprechung des EGMR', 'I-Vorherige Rechtsprechung des EGMR', 'I-Vorherige Rechtsprechung des EGMR', 'I-Vorherige Rechtsprechung des EGMR', 'I-Vorherige Rechtsprechung des EGMR', 'I-Vorherige Rechtsprechung des EGMR', 'I-Vorherige Rechtsprechung des EGMR', 'I-Vorherige Rechtsprechung des EGMR', 'I-Vorherige Rechtsprechung des EGMR', 'I-Vorherige Rechtsprechung des EGMR', 'I-Vorherige Rechtsprechung des EGMR', 'I-Vorherige Rechtsprechung des EGMR', 'I-Vorherige Rechtsprechung des EGMR', 'I-Vorherige Rechtsprechung des EGMR', 'I-Vorherige Rechtsprechung des EGMR', 'I-Vorherige Rechtsprechung des EGMR', 'I-Vorherige Rechtsprechung des EGMR', 'I-Vorherige Rechtsprechung des EGMR', 'I-Vorherige Rechtsprechung des EGMR', 'I-Vorherige Rechtsprechung des EGMR', 'I-Vorherige Rechtsprechung des EGMR', 'I-Vorherige Rechtsprechung des EGMR', 'I-Vorherige Rechtsprechung des EGMR', 'I-Vorherige Rechtsprechung des EGMR', 'I-Vorherige Rechtsprechung des EGMR', 'I-Vorherige Rechtsprechung des EGMR', 'I-Vorherige Rechtsprechung des EGMR', 'I-Vorherige Rechtsprechung des EGMR', 'I-Vorherige Rechtsprechung des EGMR', 'I-Vorherige Rechtsprechung des EGMR', 'I-Vorherige Rechtsprechung des EGMR', 'I-Vorherige Rechtsprechung des EGMR', 'I-Vorherige Rechtsprechung des EGMR', 'I-Vorherige Rechtsprechung des EGMR', 'I-Vorherige Rechtsprechung des EGMR', 'I-Vorherige Rechtsprechung des EGMR', 'I-Vorherige Rechtsprechung des EGMR', 'I-Vorherige Rechtsprechung des EGMR', 'I-Vorherige Rechtsprechung des EGMR', 'I-Vorherige Rechtsprechung des EGMR', 'I-Vorherige Rechtsprechung des EGMR', 'I-Vorherige Rechtsprechung des EGMR', 'I-Vorherige Rechtsprechung des EGMR', 'I-Vorherige Rechtsprechung des EGMR', 'I-Vorherige Rechtsprechung des EGMR', 'I-Vorherige Rechtsprechung des EGMR', 'I-Vorherige Rechtsprechung des EGMR', 'I-Vorherige Rechtsprechung des EGMR', 'I-Vorherige Rechtsprechung des EGMR', 'I-Vorherige Rechtsprechung des EGMR', 'I-Vorherige Rechtsprechung des EGMR', 'I-Vorherige Rechtsprechung des EGMR', 'I-Vorherige Rechtsprechung des EGMR', 'I-Vorherige Rechtsprechung des EGMR', 'I-Vorherige Rechtsprechung des EGMR', 'I-Vorherige Rechtsprechung des EGMR', 'I-Vorherige Rechtsprechung des EGMR', 'I-Vorherige Rechtsprechung des EGMR', 'I-Vorherige Rechtsprechung des EGMR', 'I-Vorherige Rechtsprechung des EGMR', 'I-Vorherige Rechtsprechung des EGMR', 'I-Vorherige Rechtsprechung des EGMR', 'I-Vorherige Rechtsprechung des EGMR', 'I-Vorherige Rechtsprechung des EGMR', 'I-Vorherige Rechtsprechung des EGMR', 'I-Vorherige Rechtsprechung des EGMR', 'I-Vorherige Rechtsprechung des EGMR', 'I-Vorherige Rechtsprechung des EGMR', 'I-Vorherige Rechtsprechung des EGMR', 'I-Vorherige Rechtsprechung des EGMR', 'I-Vorherige Rechtsprechung des EGMR', 'I-Vorherige Rechtsprechung des EGMR', 'I-Vorherige Rechtsprechung des EGMR', 'I-Vorherige Rechtsprechung des EGMR', 'I-Vorherige Rechtsprechung des EGMR', 'I-Vorherige Rechtsprechung des EGMR', 'I-Vorherige Rechtsprechung des EGMR', 'I-Vorherige Rechtsprechung des EGMR', 'I-Vorherige Rechtsprechung des EGMR', 'I-Vorherige Rechtsprechung des EGMR', 'I-Vorherige Rechtsprechung des EGMR', 'I-Vorherige Rechtsprechung des EGMR', 'I-Vorherige Rechtsprechung des EGMR', 'I-Vorherige Rechtsprechung des EGMR', 'I-Vorherige Rechtsprechung des EGMR', 'I-Vorherige Rechtsprechung des EGMR', 'I-Vorherige Rechtsprechung des EGMR', 'I-Vorherige Rechtsprechung des EGMR', 'I-Vorherige Rechtsprechung des EGMR', 'I-Vorherige Rechtsprechung des EGMR', 'I-Vorherige Rechtsprechung des EGMR', 'I-Vorherige Rechtsprechung des EGMR', 'I-Vorherige Rechtsprechung des EGMR', 'I-Vorherige Rechtsprechung des EGMR', 'I-Vorherige Rechtsprechung des EGMR', 'I-Vorherige Rechtsprechung des EGMR', 'I-Vorherige Rechtsprechung des EGMR', 'I-Vorherige Rechtsprechung des EGMR', 'I-Vorherige Rechtsprechung des EGMR', 'I-Vorherige Rechtsprechung des EGMR', 'I-Vorherige Rechtsprechung des EGMR', 'I-Vorherige Rechtsprechung des EGMR', 'I-Vorherige Rechtsprechung des EGMR', 'I-Vorherige Rechtsprechung des EGMR', 'I-Vorherige Rechtsprechung des EGMR', 'I-Vorherige Rechtsprechung des EGMR', 'I-Vorherige Rechtsprechung des EGMR', 'I-Vorherige Rechtsprechung des EGMR', 'I-Vorherige Rechtsprechung des EGMR', 'I-Vorherige Rechtsprechung des EGMR', 'I-Vorherige Rechtsprechung des EGMR', 'I-Vorherige Rechtsprechung des EGMR', 'I-Vorherige Rechtsprechung des EGMR', 'I-Vorherige Rechtsprechung des EGMR', 'I-Vorherige Rechtsprechung des EGMR', 'I-Vorherige Rechtsprechung des EGMR', 'I-Vorherige Rechtsprechung des EGMR', 'I-Vorherige Rechtsprechung des EGMR', 'I-Vorherige Rechtsprechung des EGMR', 'I-Vorherige Rechtsprechung des EGMR', 'I-Vorherige Rechtsprechung des EGMR', 'I-Vorherige Rechtsprechung des EGMR', 'I-Vorherige Rechtsprechung des EGMR', 'I-Vorherige Rechtsprechung des EGMR', 'I-Vorherige Rechtsprechung des EGMR', 'I-Vorherige Rechtsprechung des EGMR', 'I-Vorherige Rechtsprechung des EGMR', 'I-Vorherige Rechtsprechung des EGMR', 'I-Vorherige Rechtsprechung des EGMR', 'I-Vorherige Rechtsprechung des EGMR', 'I-Vorherige Rechtsprechung des EGMR', 'I-Vorherige Rechtsprechung des EGMR', 'I-Vorherige Rechtsprechung des EGMR', 'I-Vorherige Rechtsprechung des EGMR', 'I-Vorherige Rechtsprechung des EGMR', 'I-Vorherige Rechtsprechung des EGMR', 'I-Vorherige Rechtsprechung des EGMR', 'I-Vorherige Rechtsprechung des EGMR', 'I-Vorherige Rechtsprechung des EGMR', 'I-Vorherige Rechtsprechung des EGMR', 'I-Vorherige Rechtsprechung des EGMR', 'I-Vorherige Rechtsprechung des EGMR', 'I-Vorherige Rechtsprechung des EGMR', 'I-Vorherige Rechtsprechung des EGMR', 'I-Vorherige Rechtsprechung des EGMR', 'I-Vorherige Rechtsprechung des EGMR', 'I-Vorherige Rechtsprechung des EGMR', 'I-Vorherige Rechtsprechung des EGMR', 'I-Vorherige Rechtsprechung des EGMR', 'I-Vorherige Rechtsprechung des EGMR', 'I-Vorherige Rechtsprechung des EGMR', 'I-Vorherige Rechtsprechung des EGMR', 'I-Vorherige Rechtsprechung des EGMR', 'I-Vorherige Rechtsprechung des EGMR', 'I-Vorherige Rechtsprechung des EGMR', 'I-Vorherige Rechtsprechung des EGMR', 'I-Vorherige Rechtsprechung des EGMR', 'I-Vorherige Rechtsprechung des EGMR', 'I-Vorherige Rechtsprechung des EGMR', 'I-Vorherige Rechtsprechung des EGMR', 'I-Vorherige Rechtsprechung des EGMR', 'I-Vorherige Rechtsprechung des EGMR', 'I-Vorherige Rechtsprechung des EGMR', 'I-Vorherige Rechtsprechung des EGMR', 'I-Vorherige Rechtsprechung des EGMR', 'I-Vorherige Rechtsprechung des EGMR', 'I-Vorherige Rechtsprechung des EGMR', 'I-Vorherige Rechtsprechung des EGMR', 'I-Vorherige Rechtsprechung des EGMR', 'I-Vorherige Rechtsprechung des EGMR', 'I-Vorherige Rechtsprechung des EGMR', 'I-Vorherige Rechtsprechung des EGMR', 'I-Vorherige Rechtsprechung des EGMR']
['36', '.', 'However', 'clearly', 'drafted', 'a', 'legal', 'provision', 'may', 'be', ',', 'in', 'any', 'system', 'of', 'law', ',', 'including', 'criminal', 'law', ',', 'there', 'is', 'an', 'inevitable', 'element', 'of', 'judicial', 'interpretation', '.', 'There', 'will', 'always', 'be', 'a', 'need', 'for', 'elucidation', 'of', 'doubtful', 'points', 'and', 'for', 'adaptation', 'to', 'changing', 'circumstances', '.', 'Indeed', ',', 'in', 'the', 'United', 'Kingdom', ',', 'as', 'in', 'the', 'other', 'Convention', 'States', ',', 'the', 'progressive', 'development', 'of', 'the', 'criminal', 'law', 'through', 'judicial', 'law', '-', 'making', 'is', 'a', 'well', 'entrenched', 'and', 'necessary', 'part', 'of', 'legal', 'tradition', '.', 'Article', '7', '(', 'art', '.', '7', ')', 'of', 'the', 'Convention', 'can', 'not', 'be', 'read', 'as', 'outlawing', 'the', 'gradual', 'clarification', 'of', 'the', 'rules', 'of', 'criminal', 'liability', 'through', 'judicial', 'interpretation', 'from', 'case', 'to', 'case', ',', 'provided', 'that', 'the', 'resultant', 'development', 'is', 'consistent', 'with', 'the', 'essence', 'of', 'the', 'offence', 'and', 'could', 'reasonably', 'be', 'foreseen', '.']	['O', 'O', 'B-Sinn & Zweck Auslegung', 'I-Sinn & Zweck Auslegung', 'I-Sinn & Zweck Auslegung', 'I-Sinn & Zweck Auslegung', 'I-Sinn & Zweck Auslegung', 'I-Sinn & Zweck Auslegung', 'I-Sinn & Zweck Auslegung', 'I-Sinn & Zweck Auslegung', 'I-Sinn & Zweck Auslegung', 'I-Sinn & Zweck Auslegung', 'I-Sinn & Zweck Auslegung', 'I-Sinn & Zweck Auslegung', 'I-Sinn & Zweck Auslegung', 'I-Sinn & Zweck Auslegung', 'I-Sinn & Zweck Auslegung', 'I-Sinn & Zweck Auslegung', 'I-Sinn & Zweck Auslegung', 'I-Sinn & Zweck Auslegung', 'I-Sinn & Zweck Auslegung', 'I-Sinn & Zweck Auslegung', 'I-Sinn & Zweck Auslegung', 'I-Sinn & Zweck Auslegung', 'I-Sinn & Zweck Auslegung', 'I-Sinn & Zweck Auslegung', 'I-Sinn & Zweck Auslegung', 'I-Sinn & Zweck Auslegung', 'I-Sinn & Zweck Auslegung', 'I-Sinn & Zweck Auslegung', 'I-Sinn & Zweck Auslegung', 'I-Sinn & Zweck Auslegung', 'I-Sinn & Zweck Auslegung', 'I-Sinn & Zweck Auslegung', 'I-Sinn & Zweck Auslegung', 'I-Sinn & Zweck Auslegung', 'I-Sinn & Zweck Auslegung', 'I-Sinn & Zweck Auslegung', 'I-Sinn & Zweck Auslegung', 'I-Sinn & Zweck Auslegung', 'I-Sinn & Zweck Auslegung', 'I-Sinn & Zweck Auslegung', 'I-Sinn & Zweck Auslegung', 'I-Sinn & Zweck Auslegung', 'I-Sinn & Zweck Auslegung', 'I-Sinn & Zweck Auslegung', 'I-Sinn & Zweck Auslegung', 'I-Sinn & Zweck Auslegung', 'B-Rechtsvergleichung', 'I-Rechtsvergleichung', 'I-Rechtsvergleichung', 'I-Rechtsvergleichung', 'I-Rechtsvergleichung', 'I-Rechtsvergleichung', 'I-Rechtsvergleichung', 'I-Rechtsvergleichung', 'I-Rechtsvergleichung', 'I-Rechtsvergleichung', 'I-Rechtsvergleichung', 'I-Rechtsvergleichung', 'I-Rechtsvergleichung', 'I-Rechtsvergleichung', 'I-Rechtsvergleichung', 'I-Rechtsvergleichung', 'I-Rechtsvergleichung', 'I-Rechtsvergleichung', 'I-Rechtsvergleichung', 'I-Rechtsvergleichung', 'I-Rechtsvergleichung', 'I-Rechtsvergleichung', 'I-Rechtsvergleichung', 'I-Rechtsvergleichung', 'I-Rechtsvergleichung', 'I-Rechtsvergleichung', 'I-Rechtsvergleichung', 'I-Rechtsvergleichung', 'I-Rechtsvergleichung', 'I-Rechtsvergleichung', 'I-Rechtsvergleichung', 'I-Rechtsvergleichung', 'I-Rechtsvergleichung', 'I-Rechtsvergleichung', 'I-Rechtsvergleichung', 'I-Rechtsvergleichung', 'I-Rechtsvergleichung', 'B-Sinn & Zweck Auslegung', 'I-Sinn & Zweck Auslegung', 'I-Sinn & Zweck Auslegung', 'I-Sinn & Zweck Auslegung', 'I-Sinn & Zweck Auslegung', 'I-Sinn & Zweck Auslegung', 'I-Sinn & Zweck Auslegung', 'I-Sinn & Zweck Auslegung', 'I-Sinn & Zweck Auslegung', 'I-Sinn & Zweck Auslegung', 'I-Sinn & Zweck Auslegung', 'I-Sinn & Zweck Auslegung', 'I-Sinn & Zweck Auslegung', 'I-Sinn & Zweck Auslegung', 'I-Sinn & Zweck Auslegung', 'I-Sinn & Zweck Auslegung', 'I-Sinn & Zweck Auslegung', 'I-Sinn & Zweck Auslegung', 'I-Sinn & Zweck Auslegung', 'I-Sinn & Zweck Auslegung', 'I-Sinn & Zweck Auslegung', 'I-Sinn & Zweck Auslegung', 'I-Sinn & Zweck Auslegung', 'I-Sinn & Zweck Auslegung', 'I-Sinn & Zweck Auslegung', 'I-Sinn & Zweck Auslegung', 'I-Sinn & Zweck Auslegung', 'I-Sinn & Zweck Auslegung', 'I-Sinn & Zweck Auslegung', 'I-Sinn & Zweck Auslegung', 'I-Sinn & Zweck Auslegung', 'I-Sinn & Zweck Auslegung', 'I-Sinn & Zweck Auslegung', 'I-Sinn & Zweck Auslegung', 'I-Sinn & Zweck Auslegung', 'I-Sinn & Zweck Auslegung', 'I-Sinn & Zweck Auslegung', 'I-Sinn & Zweck Auslegung', 'I-Sinn & Zweck Auslegung', 'I-Sinn & Zweck Auslegung', 'I-Sinn & Zweck Auslegung', 'I-Sinn & Zweck Auslegung', 'I-Sinn & Zweck Auslegung', 'I-Sinn & Zweck Auslegung', 'I-Sinn & Zweck Auslegung', 'I-Sinn & Zweck Auslegung', 'I-Sinn & Zweck Auslegung', 'I-Sinn & Zweck Auslegung', 'I-Sinn & Zweck Auslegung', 'I-Sinn & Zweck Auslegung', 'I-Sinn & Zweck Auslegung', 'I-Sinn & Zweck Auslegung']
['B.', 'Application', 'of', 'the', 'foregoing', 'principles']	['O', 'O', 'O', 'O', 'O', 'O']
['37', '.', 'The', 'applicant', 'maintained', 'that', 'the', 'general', 'common', 'law', 'principle', 'that', 'a', 'husband', 'could', 'not', 'be', 'found', 'guilty', 'of', 'rape', 'upon', 'his', 'wife', ',', 'albeit', 'subject', 'to', 'certain', 'limitations', ',', 'was', 'still', 'effective', 'on', '18', 'September', '1990', ',', 'when', 'he', 'committed', 'the', 'acts', 'which', 'gave', 'rise', 'to', 'the', 'rape', 'charge', '(', 'see', 'paragraph', '8', 'above', ')', '.', 'A', 'succession', 'of', 'court', 'decisions', 'before', 'and', 'also', 'after', 'that', 'date', ',', 'for', 'instance', 'on', '20', 'November', '1990', 'in', 'R.', 'v.', 'J.', '(', 'see', 'paragraph', '23', 'above', ')', ',', 'had', 'affirmed', 'the', 'general', 'principle', 'of', 'immunity', '.', 'It', 'was', 'clearly', 'beyond', 'doubt', 'that', 'as', 'at', '18', 'September', '1990', 'no', 'change', 'in', 'the', 'law', 'had', 'been', 'effected', ',', 'although', 'one', 'was', 'being', 'mooted', '.']	['O', 'O', 'B-Subsumtion', 'I-Subsumtion', 'I-Subsumtion', 'I-Subsumtion', 'I-Subsumtion', 'I-Subsumtion', 'I-Subsumtion', 'I-Subsumtion', 'I-Subsumtion', 'I-Subsumtion', 'I-Subsumtion', 'I-Subsumtion', 'I-Subsumtion', 'I-Subsumtion', 'I-Subsumtion', 'I-Subsumtion', 'I-Subsumtion', 'I-Subsumtion', 'I-Subsumtion', 'I-Subsumtion', 'I-Subsumtion', 'I-Subsumtion', 'I-Subsumtion', 'I-Subsumtion', 'I-Subsumtion', 'I-Subsumtion', 'I-Subsumtion', 'I-Subsumtion', 'I-Subsumtion', 'I-Subsumtion', 'I-Subsumtion', 'I-Subsumtion', 'I-Subsumtion', 'I-Subsumtion', 'I-Subsumtion', 'I-Subsumtion', 'I-Subsumtion', 'I-Subsumtion', 'I-Subsumtion', 'I-Subsumtion', 'I-Subsumtion', 'I-Subsumtion', 'I-Subsumtion', 'I-Subsumtion', 'I-Subsumtion', 'I-Subsumtion', 'I-Subsumtion', 'I-Subsumtion', 'I-Subsumtion', 'I-Subsumtion', 'I-Subsumtion', 'I-Subsumtion', 'I-Subsumtion', 'I-Subsumtion', 'I-Subsumtion', 'I-Subsumtion', 'I-Subsumtion', 'I-Subsumtion', 'I-Subsumtion', 'I-Subsumtion', 'I-Subsumtion', 'I-Subsumtion', 'I-Subsumtion', 'I-Subsumtion', 'I-Subsumtion', 'I-Subsumtion', 'I-Subsumtion', 'I-Subsumtion', 'I-Subsumtion', 'I-Subsumtion', 'I-Subsumtion', 'I-Subsumtion', 'I-Subsumtion', 'I-Subsumtion', 'I-Subsumtion', 'I-Subsumtion', 'I-Subsumtion', 'I-Subsumtion', 'I-Subsumtion', 'I-Subsumtion', 'I-Subsumtion', 'I-Subsumtion', 'I-Subsumtion', 'I-Subsumtion', 'I-Subsumtion', 'I-Subsumtion', 'I-Subsumtion', 'I-Subsumtion', 'I-Subsumtion', 'I-Subsumtion', 'I-Subsumtion', 'I-Subsumtion', 'I-Subsumtion', 'I-Subsumtion', 'I-Subsumtion', 'I-Subsumtion', 'I-Subsumtion', 'I-Subsumtion', 'I-Subsumtion', 'I-Subsumtion', 'I-Subsumtion', 'I-Subsumtion', 'I-Subsumtion', 'I-Subsumtion', 'I-Subsumtion', 'I-Subsumtion', 'I-Subsumtion', 'I-Subsumtion', 'I-Subsumtion', 'I-Subsumtion', 'I-Subsumtion', 'I-Subsumtion', 'I-Subsumtion', 'I-Subsumtion', 'I-Subsumtion', 'I-Subsumtion', 'I-Subsumtion', 'I-Subsumtion', 'I-Subsumtion']
['When', 'the', 'House', 'of', 'Commons', 'debated', 'the', 'Bill', 'for', 'the', 'Sexual', 'Offences', '(', 'Amendment', ')', 'Act', '1976', '(', 'see', 'paragraph', '20', 'above', ')', ',', 'different', 'views', 'on', 'the', 'marital', 'immunity', 'were', 'expressed', '.', 'On', 'the', 'advice', 'of', 'the', 'Minister', 'of', 'State', 'to', 'await', 'a', 'report', 'of', 'the', 'Criminal', 'Law', 'Revision', 'Committee', ',', 'an', 'amendment', 'that', 'would', 'have', 'abolished', 'the', 'immunity', 'was', 'withdrawn', 'and', 'never', 'voted', 'upon', '.', 'In', 'its', 'report', ',', 'which', 'was', 'not', 'presented', 'until', '1984', ',', 'the', 'Criminal', 'Law', 'Revision', 'Committee', 'recommended', 'that', 'the', 'immunity', 'should', 'be', 'maintained', 'and', 'that', 'a', 'new', 'exception', 'should', 'be', 'created', '.']	['I-Subsumtion', 'I-Subsumtion', 'I-Subsumtion', 'I-Subsumtion', 'I-Subsumtion', 'I-Subsumtion', 'I-Subsumtion', 'I-Subsumtion', 'I-Subsumtion', 'I-Subsumtion', 'I-Subsumtion', 'I-Subsumtion', 'I-Subsumtion', 'I-Subsumtion', 'I-Subsumtion', 'I-Subsumtion', 'I-Subsumtion', 'I-Subsumtion', 'I-Subsumtion', 'I-Subsumtion', 'I-Subsumtion', 'I-Subsumtion', 'I-Subsumtion', 'I-Subsumtion', 'I-Subsumtion', 'I-Subsumtion', 'I-Subsumtion', 'I-Subsumtion', 'I-Subsumtion', 'I-Subsumtion', 'I-Subsumtion', 'I-Subsumtion', 'I-Subsumtion', 'I-Subsumtion', 'I-Subsumtion', 'I-Subsumtion', 'I-Subsumtion', 'I-Subsumtion', 'I-Subsumtion', 'I-Subsumtion', 'I-Subsumtion', 'I-Subsumtion', 'I-Subsumtion', 'I-Subsumtion', 'I-Subsumtion', 'I-Subsumtion', 'I-Subsumtion', 'I-Subsumtion', 'I-Subsumtion', 'I-Subsumtion', 'I-Subsumtion', 'I-Subsumtion', 'I-Subsumtion', 'I-Subsumtion', 'I-Subsumtion', 'I-Subsumtion', 'I-Subsumtion', 'I-Subsumtion', 'I-Subsumtion', 'I-Subsumtion', 'I-Subsumtion', 'I-Subsumtion', 'I-Subsumtion', 'I-Subsumtion', 'I-Subsumtion', 'I-Subsumtion', 'I-Subsumtion', 'I-Subsumtion', 'I-Subsumtion', 'I-Subsumtion', 'I-Subsumtion', 'I-Subsumtion', 'I-Subsumtion', 'I-Subsumtion', 'I-Subsumtion', 'I-Subsumtion', 'I-Subsumtion', 'I-Subsumtion', 'I-Subsumtion', 'I-Subsumtion', 'I-Subsumtion', 'I-Subsumtion', 'I-Subsumtion', 'I-Subsumtion', 'I-Subsumtion', 'I-Subsumtion', 'I-Subsumtion', 'I-Subsumtion', 'I-Subsumtion', 'I-Subsumtion', 'I-Subsumtion', 'I-Subsumtion', 'I-Subsumtion', 'I-Subsumtion', 'I-Subsumtion', 'I-Subsumtion', 'I-Subsumtion', 'I-Subsumtion', 'I-Subsumtion']
"['In', '1988', ',', 'when', 'considering', 'certain', 'amendments', 'to', 'the', '1976', 'Act', ',', 'Parliament', 'had', 'the', 'opportunity', 'to', 'take', 'out', 'the', 'word', '""', 'unlawful', '""', 'in', 'section', '1', '(', '1', ')', '(', 'a', ')', '(', 'see', 'paragraph', '20', 'above', ')', 'or', 'to', 'introduce', 'a', 'new', 'provision', 'on', 'marital', 'intercourse', ',', 'but', 'took', 'no', 'action', 'in', 'this', 'respect', '.']"	['I-Subsumtion', 'I-Subsumtion', 'I-Subsumtion', 'I-Subsumtion', 'I-Subsumtion', 'I-Subsumtion', 'I-Subsumtion', 'I-Subsumtion', 'I-Subsumtion', 'I-Subsumtion', 'I-Subsumtion', 'I-Subsumtion', 'I-Subsumtion', 'I-Subsumtion', 'I-Subsumtion', 'I-Subsumtion', 'I-Subsumtion', 'I-Subsumtion', 'I-Subsumtion', 'I-Subsumtion', 'I-Subsumtion', 'I-Subsumtion', 'I-Subsumtion', 'I-Subsumtion', 'I-Subsumtion', 'I-Subsumtion', 'I-Subsumtion', 'I-Subsumtion', 'I-Subsumtion', 'I-Subsumtion', 'I-Subsumtion', 'I-Subsumtion', 'I-Subsumtion', 'I-Subsumtion', 'I-Subsumtion', 'I-Subsumtion', 'I-Subsumtion', 'I-Subsumtion', 'I-Subsumtion', 'I-Subsumtion', 'I-Subsumtion', 'I-Subsumtion', 'I-Subsumtion', 'I-Subsumtion', 'I-Subsumtion', 'I-Subsumtion', 'I-Subsumtion', 'I-Subsumtion', 'I-Subsumtion', 'I-Subsumtion', 'I-Subsumtion', 'I-Subsumtion', 'I-Subsumtion', 'I-Subsumtion', 'I-Subsumtion', 'I-Subsumtion', 'I-Subsumtion']
"['On', '17', 'September', '1990', 'the', 'Law', 'Commission', 'provisionally', 'recommended', 'that', 'the', 'immunity', 'rule', 'be', 'abolished', '(', 'see', 'paragraphs', '26', '-', '27', 'above', ')', '.', 'However', ',', 'the', 'debate', 'was', 'pre', '-', 'empted', 'by', 'the', 'Court', 'of', 'Appeal', '’s', 'and', 'the', 'House', 'of', 'Lords', '’', 'rulings', 'in', 'the', 'case', 'of', 'R.', 'v.', 'R.', '(', 'see', 'paragraphs', '11', 'and', '12', 'above', ')', '.', 'In', 'the', 'applicant', '’s', 'submission', ',', 'these', 'rulings', 'altered', 'the', 'law', 'retrospectively', ',', 'which', 'would', 'not', 'have', 'been', 'the', 'case', 'had', 'the', 'Law', 'Commission', '’s', 'proposal', 'been', 'implemented', 'by', 'Parliament', '.', 'Consequently', ',', 'he', 'concluded', ',', 'when', 'Parliament', 'in', '1994', 'removed', 'the', 'word', '""', 'unlawful', '""', 'from', 'section', '1', 'of', 'the', '1976', 'Act', '(', 'see', 'paragraph', '21', 'above', ')', ',', 'it', 'did', 'not', 'merely', 'restate', 'the', 'law', 'as', 'it', 'had', 'been', 'in', '1976', '.']"	['I-Subsumtion', 'I-Subsumtion', 'I-Subsumtion', 'I-Subsumtion', 'I-Subsumtion', 'I-Subsumtion', 'I-Subsumtion', 'I-Subsumtion', 'I-Subsumtion', 'I-Subsumtion', 'I-Subsumtion', 'I-Subsumtion', 'I-Subsumtion', 'I-Subsumtion', 'I-Subsumtion', 'I-Subsumtion', 'I-Subsumtion', 'I-Subsumtion', 'I-Subsumtion', 'I-Subsumtion', 'I-Subsumtion', 'I-Subsumtion', 'I-Subsumtion', 'I-Subsumtion', 'I-Subsumtion', 'I-Subsumtion', 'I-Subsumtion', 'I-Subsumtion', 'I-Subsumtion', 'I-Subsumtion', 'I-Subsumtion', 'I-Subsumtion', 'I-Subsumtion', 'I-Subsumtion', 'I-Subsumtion', 'I-Subsumtion', 'I-Subsumtion', 'I-Subsumtion', 'I-Subsumtion', 'I-Subsumtion', 'I-Subsumtion', 'I-Subsumtion', 'I-Subsumtion', 'I-Subsumtion', 'I-Subsumtion', 'I-Subsumtion', 'I-Subsumtion', 'I-Subsumtion', 'I-Subsumtion', 'I-Subsumtion', 'I-Subsumtion', 'I-Subsumtion', 'I-Subsumtion', 'I-Subsumtion', 'I-Subsumtion', 'I-Subsumtion', 'I-Subsumtion', 'I-Subsumtion', 'I-Subsumtion', 'I-Subsumtion', 'I-Subsumtion', 'I-Subsumtion', 'I-Subsumtion', 'I-Subsumtion', 'I-Subsumtion', 'I-Subsumtion', 'I-Subsumtion', 'I-Subsumtion', 'I-Subsumtion', 'I-Subsumtion', 'I-Subsumtion', 'I-Subsumtion', 'I-Subsumtion', 'I-Subsumtion', 'I-Subsumtion', 'I-Subsumtion', 'I-Subsumtion', 'I-Subsumtion', 'I-Subsumtion', 'I-Subsumtion', 'I-Subsumtion', 'I-Subsumtion', 'I-Subsumtion', 'I-Subsumtion', 'I-Subsumtion', 'I-Subsumtion', 'I-Subsumtion', 'I-Subsumtion', 'I-Subsumtion', 'I-Subsumtion', 'I-Subsumtion', 'I-Subsumtion', 'I-Subsumtion', 'I-Subsumtion', 'I-Subsumtion', 'I-Subsumtion', 'I-Subsumtion', 'I-Subsumtion', 'I-Subsumtion', 'I-Subsumtion', 'I-Subsumtion', 'I-Subsumtion', 'I-Subsumtion', 'I-Subsumtion', 'I-Subsumtion', 'I-Subsumtion', 'I-Subsumtion', 'I-Subsumtion', 'I-Subsumtion', 'I-Subsumtion', 'I-Subsumtion', 'I-Subsumtion', 'I-Subsumtion', 'I-Subsumtion', 'I-Subsumtion', 'I-Subsumtion', 'I-Subsumtion', 'I-Subsumtion', 'I-Subsumtion', 'I-Subsumtion', 'I-Subsumtion', 'I-Subsumtion', 'I-Subsumtion', 'I-Subsumtion', 'I-Subsumtion', 'I-Subsumtion', 'I-Subsumtion', 'I-Subsumtion', 'I-Subsumtion', 'I-Subsumtion', 'I-Subsumtion', 'I-Subsumtion', 'I-Subsumtion', 'I-Subsumtion', 'I-Subsumtion']
['38', '.', 'The', 'applicant', 'further', 'argued', 'that', 'in', 'examining', 'his', 'complaint', 'under', 'Article', '7', 'para', '.', '1', '(', 'art', '.', '7', '-', '1', ')', 'of', 'the', 'Convention', ',', 'the', 'Court', 'should', 'not', 'consider', 'his', 'conduct', 'in', 'relation', 'to', 'any', 'of', 'the', 'exceptions', 'to', 'the', 'immunity', 'rule', '.', 'Such', 'exceptions', 'were', 'never', 'contemplated', 'in', 'the', 'national', 'proceedings', ',', 'Mr', 'Justice', 'Rose', 'having', 'taken', 'his', 'decision', 'in', 'reliance', 'on', 'the', 'Court', 'of', 'Appeal', '’s', 'ruling', 'of', '14', 'March', '1991', 'in', 'R.', 'v.', 'R.', 'to', 'the', 'effect', 'that', 'the', 'immunity', 'no', 'longer', 'existed', '.', 'Mr', 'Justice', 'Owen', '’s', 'decision', 'of', '30', 'July', '1990', 'in', 'R.', 'v.', 'R.', ',', 'adding', 'implied', 'agreement', 'to', 'terminate', 'consent', 'to', 'intercourse', 'to', 'the', 'list', 'of', 'exceptions', ',', 'had', 'not', 'been', 'reported', 'by', '18', 'September', '1990', 'and', 'was', 'not', 'a', 'binding', 'authority', '.', 'In', 'any', 'event', ',', 'the', 'facts', 'in', 'the', 'present', 'case', 'suggest', 'that', 'no', 'such', 'agreement', 'existed', '.']	['O', 'O', 'B-Subsumtion', 'I-Subsumtion', 'I-Subsumtion', 'I-Subsumtion', 'I-Subsumtion', 'I-Subsumtion', 'I-Subsumtion', 'I-Subsumtion', 'I-Subsumtion', 'I-Subsumtion', 'I-Subsumtion', 'I-Subsumtion', 'I-Subsumtion', 'I-Subsumtion', 'I-Subsumtion', 'I-Subsumtion', 'I-Subsumtion', 'I-Subsumtion', 'I-Subsumtion', 'I-Subsumtion', 'I-Subsumtion', 'I-Subsumtion', 'I-Subsumtion', 'I-Subsumtion', 'I-Subsumtion', 'I-Subsumtion', 'I-Subsumtion', 'I-Subsumtion', 'I-Subsumtion', 'I-Subsumtion', 'I-Subsumtion', 'I-Subsumtion', 'I-Subsumtion', 'I-Subsumtion', 'I-Subsumtion', 'I-Subsumtion', 'I-Subsumtion', 'I-Subsumtion', 'I-Subsumtion', 'I-Subsumtion', 'I-Subsumtion', 'I-Subsumtion', 'I-Subsumtion', 'I-Subsumtion', 'I-Subsumtion', 'I-Subsumtion', 'I-Subsumtion', 'I-Subsumtion', 'I-Subsumtion', 'I-Subsumtion', 'I-Subsumtion', 'I-Subsumtion', 'I-Subsumtion', 'I-Subsumtion', 'I-Subsumtion', 'I-Subsumtion', 'I-Subsumtion', 'I-Subsumtion', 'I-Subsumtion', 'I-Subsumtion', 'I-Subsumtion', 'I-Subsumtion', 'I-Subsumtion', 'I-Subsumtion', 'I-Subsumtion', 'I-Subsumtion', 'I-Subsumtion', 'I-Subsumtion', 'I-Subsumtion', 'I-Subsumtion', 'I-Subsumtion', 'I-Subsumtion', 'I-Subsumtion', 'I-Subsumtion', 'I-Subsumtion', 'I-Subsumtion', 'I-Subsumtion', 'I-Subsumtion', 'I-Subsumtion', 'I-Subsumtion', 'I-Subsumtion', 'I-Subsumtion', 'I-Subsumtion', 'I-Subsumtion', 'I-Subsumtion', 'I-Subsumtion', 'I-Subsumtion', 'I-Subsumtion', 'I-Subsumtion', 'I-Subsumtion', 'I-Subsumtion', 'I-Subsumtion', 'I-Subsumtion', 'I-Subsumtion', 'I-Subsumtion', 'I-Subsumtion', 'I-Subsumtion', 'I-Subsumtion', 'I-Subsumtion', 'I-Subsumtion', 'I-Subsumtion', 'I-Subsumtion', 'I-Subsumtion', 'I-Subsumtion', 'I-Subsumtion', 'I-Subsumtion', 'I-Subsumtion', 'I-Subsumtion', 'I-Subsumtion', 'I-Subsumtion', 'I-Subsumtion', 'I-Subsumtion', 'I-Subsumtion', 'I-Subsumtion', 'I-Subsumtion', 'I-Subsumtion', 'I-Subsumtion', 'I-Subsumtion', 'I-Subsumtion', 'I-Subsumtion', 'I-Subsumtion', 'I-Subsumtion', 'I-Subsumtion', 'I-Subsumtion', 'I-Subsumtion', 'I-Subsumtion', 'I-Subsumtion', 'I-Subsumtion', 'I-Subsumtion', 'I-Subsumtion', 'I-Subsumtion', 'I-Subsumtion', 'I-Subsumtion', 'I-Subsumtion', 'I-Subsumtion', 'I-Subsumtion', 'I-Subsumtion', 'I-Subsumtion', 'I-Subsumtion', 'I-Subsumtion', 'I-Subsumtion', 'I-Subsumtion', 'I-Subsumtion', 'I-Subsumtion', 'I-Subsumtion', 'I-Subsumtion', 'I-Subsumtion', 'I-Subsumtion', 'I-Subsumtion']
['39', '.', 'Should', 'a', 'foreseeability', 'test', 'akin', 'to', 'that', 'under', 'Article', '10', 'para', '.', '2', '(', 'art', '.', '10', '-', '2', ')', 'apply', 'in', 'the', 'instant', 'case', ',', 'the', 'applicant', 'was', 'of', 'the', 'opinion', 'that', 'it', 'had', 'not', 'been', 'satisfied', '.', 'Although', 'the', 'Court', 'of', 'Appeal', 'and', 'the', 'House', 'of', 'Lords', 'did', 'not', 'create', 'a', 'new', 'offence', 'or', 'change', 'the', 'basic', 'ingredients', 'of', 'the', 'offence', 'of', 'rape', ',', 'they', 'were', 'extending', 'an', 'existing', 'offence', 'to', 'include', 'conduct', 'which', 'until', 'then', 'was', 'excluded', 'by', 'the', 'common', 'law', '.', 'They', 'could', 'not', 'be', 'said', 'to', 'have', 'adapted', 'the', 'law', 'to', 'a', 'new', 'kind', 'of', 'conduct', 'but', 'rather', 'to', 'a', 'change', 'of', 'social', 'attitudes', '.', 'To', 'extend', 'the', 'criminal', 'law', ',', 'solely', 'on', 'such', 'a', 'basis', ',', 'to', 'conduct', 'which', 'was', 'previously', 'lawful', 'was', 'precisely', 'what', 'Article', '7', '(', 'art', '.', '7', ')', 'of', 'the', 'Convention', 'was', 'designed', 'to', 'prevent', '.', 'Moreover', ',', 'the', 'applicant', 'stressed', ',', 'it', 'was', 'impossible', 'to', 'specify', 'with', 'precision', 'when', 'the', 'change', 'in', 'question', 'had', 'occurred', '.', 'In', 'September', '1990', ',', 'change', 'by', 'judicial', 'interpretation', 'was', 'not', 'foreseen', 'by', 'the', 'Law', 'Commission', ',', 'which', 'considered', 'that', 'a', 'parliamentary', 'enactment', 'would', 'be', 'necessary', '.']	['O', 'O', 'B-Subsumtion', 'I-Subsumtion', 'I-Subsumtion', 'I-Subsumtion', 'I-Subsumtion', 'I-Subsumtion', 'I-Subsumtion', 'I-Subsumtion', 'I-Subsumtion', 'I-Subsumtion', 'I-Subsumtion', 'I-Subsumtion', 'I-Subsumtion', 'I-Subsumtion', 'I-Subsumtion', 'I-Subsumtion', 'I-Subsumtion', 'I-Subsumtion', 'I-Subsumtion', 'I-Subsumtion', 'I-Subsumtion', 'I-Subsumtion', 'I-Subsumtion', 'I-Subsumtion', 'I-Subsumtion', 'I-Subsumtion', 'I-Subsumtion', 'I-Subsumtion', 'I-Subsumtion', 'I-Subsumtion', 'I-Subsumtion', 'I-Subsumtion', 'I-Subsumtion', 'I-Subsumtion', 'I-Subsumtion', 'I-Subsumtion', 'I-Subsumtion', 'I-Subsumtion', 'I-Subsumtion', 'I-Subsumtion', 'I-Subsumtion', 'I-Subsumtion', 'I-Subsumtion', 'I-Subsumtion', 'I-Subsumtion', 'I-Subsumtion', 'I-Subsumtion', 'I-Subsumtion', 'I-Subsumtion', 'I-Subsumtion', 'I-Subsumtion', 'I-Subsumtion', 'I-Subsumtion', 'I-Subsumtion', 'I-Subsumtion', 'I-Subsumtion', 'I-Subsumtion', 'I-Subsumtion', 'I-Subsumtion', 'I-Subsumtion', 'I-Subsumtion', 'I-Subsumtion', 'I-Subsumtion', 'I-Subsumtion', 'I-Subsumtion', 'I-Subsumtion', 'I-Subsumtion', 'I-Subsumtion', 'I-Subsumtion', 'I-Subsumtion', 'I-Subsumtion', 'I-Subsumtion', 'I-Subsumtion', 'I-Subsumtion', 'I-Subsumtion', 'I-Subsumtion', 'I-Subsumtion', 'I-Subsumtion', 'I-Subsumtion', 'I-Subsumtion', 'I-Subsumtion', 'I-Subsumtion', 'I-Subsumtion', 'I-Subsumtion', 'I-Subsumtion', 'I-Subsumtion', 'I-Subsumtion', 'I-Subsumtion', 'I-Subsumtion', 'I-Subsumtion', 'I-Subsumtion', 'I-Subsumtion', 'I-Subsumtion', 'I-Subsumtion', 'I-Subsumtion', 'I-Subsumtion', 'I-Subsumtion', 'I-Subsumtion', 'I-Subsumtion', 'I-Subsumtion', 'I-Subsumtion', 'I-Subsumtion', 'I-Subsumtion', 'I-Subsumtion', 'I-Subsumtion', 'I-Subsumtion', 'I-Subsumtion', 'I-Subsumtion', 'I-Subsumtion', 'I-Subsumtion', 'I-Subsumtion', 'I-Subsumtion', 'I-Subsumtion', 'I-Subsumtion', 'I-Subsumtion', 'I-Subsumtion', 'I-Subsumtion', 'I-Subsumtion', 'I-Subsumtion', 'I-Subsumtion', 'I-Subsumtion', 'I-Subsumtion', 'I-Subsumtion', 'I-Subsumtion', 'I-Subsumtion', 'I-Subsumtion', 'I-Subsumtion', 'I-Subsumtion', 'I-Subsumtion', 'I-Subsumtion', 'I-Subsumtion', 'I-Subsumtion', 'I-Subsumtion', 'I-Subsumtion', 'I-Subsumtion', 'I-Subsumtion', 'I-Subsumtion', 'I-Subsumtion', 'I-Subsumtion', 'I-Subsumtion', 'I-Subsumtion', 'I-Subsumtion', 'I-Subsumtion', 'I-Subsumtion', 'I-Subsumtion', 'I-Subsumtion', 'I-Subsumtion', 'I-Subsumtion', 'I-Subsumtion', 'I-Subsumtion', 'I-Subsumtion', 'I-Subsumtion', 'I-Subsumtion', 'I-Subsumtion', 'I-Subsumtion', 'I-Subsumtion', 'I-Subsumtion', 'I-Subsumtion', 'I-Subsumtion', 'I-Subsumtion', 'I-Subsumtion', 'I-Subsumtion', 'I-Subsumtion', 'I-Subsumtion', 'I-Subsumtion', 'I-Subsumtion', 'I-Subsumtion', 'I-Subsumtion', 'I-Subsumtion', 'I-Subsumtion', 'I-Subsumtion', 'I-Subsumtion', 'I-Subsumtion', 'I-Subsumtion', 'I-Subsumtion', 'I-Subsumtion', 'I-Subsumtion', 'I-Subsumtion', 'I-Subsumtion', 'I-Subsumtion', 'I-Subsumtion', 'I-Subsumtion', 'I-Subsumtion', 'I-Subsumtion', 'I-Subsumtion', 'I-Subsumtion', 'I-Subsumtion', 'I-Subsumtion', 'I-Subsumtion', 'I-Subsumtion', 'I-Subsumtion', 'I-Subsumtion', 'I-Subsumtion']
['40', '.', 'The', 'Government', 'and', 'the', 'Commission', 'were', 'of', 'the', 'view', 'that', 'by', 'September', '1990', 'there', 'was', 'significant', 'doubt', 'as', 'to', 'the', 'validity', 'of', 'the', 'alleged', 'marital', 'immunity', 'for', 'rape', '.', 'This', 'was', 'an', 'area', 'where', 'the', 'law', 'had', 'been', 'subject', 'to', 'progressive', 'development', 'and', 'there', 'were', 'strong', 'indications', 'that', 'still', 'wider', 'interpretation', 'by', 'the', 'courts', 'of', 'the', 'inroads', 'on', 'the', 'immunity', 'was', 'probable', '.', 'In', 'particular', ',', 'given', 'the', 'recognition', 'of', 'women', '’s', 'equality', 'of', 'status', 'with', 'men', 'in', 'marriage', 'and', 'outside', 'it', 'and', 'of', 'their', 'autonomy', 'over', 'their', 'own', 'bodies', ',', 'the', 'adaptation', 'of', 'the', 'ingredients', 'of', 'the', 'offence', 'of', 'rape', 'was', 'reasonably', 'foreseeable', ',', 'with', 'appropriate', 'legal', 'advice', ',', 'to', 'the', 'applicant', '.', 'He', 'was', 'not', 'convicted', 'of', 'conduct', 'which', 'did', 'not', 'constitute', 'a', 'criminal', 'offence', 'at', 'the', 'time', 'when', 'it', 'was', 'committed', '.']	['O', 'O', 'B-Subsumtion', 'I-Subsumtion', 'I-Subsumtion', 'I-Subsumtion', 'I-Subsumtion', 'I-Subsumtion', 'I-Subsumtion', 'I-Subsumtion', 'I-Subsumtion', 'I-Subsumtion', 'I-Subsumtion', 'I-Subsumtion', 'I-Subsumtion', 'I-Subsumtion', 'I-Subsumtion', 'I-Subsumtion', 'I-Subsumtion', 'I-Subsumtion', 'I-Subsumtion', 'I-Subsumtion', 'I-Subsumtion', 'I-Subsumtion', 'I-Subsumtion', 'I-Subsumtion', 'I-Subsumtion', 'I-Subsumtion', 'I-Subsumtion', 'I-Subsumtion', 'I-Subsumtion', 'I-Subsumtion', 'I-Subsumtion', 'I-Subsumtion', 'I-Subsumtion', 'I-Subsumtion', 'I-Subsumtion', 'I-Subsumtion', 'I-Subsumtion', 'I-Subsumtion', 'I-Subsumtion', 'I-Subsumtion', 'I-Subsumtion', 'I-Subsumtion', 'I-Subsumtion', 'I-Subsumtion', 'I-Subsumtion', 'I-Subsumtion', 'I-Subsumtion', 'I-Subsumtion', 'I-Subsumtion', 'I-Subsumtion', 'I-Subsumtion', 'I-Subsumtion', 'I-Subsumtion', 'I-Subsumtion', 'I-Subsumtion', 'I-Subsumtion', 'I-Subsumtion', 'I-Subsumtion', 'I-Subsumtion', 'I-Subsumtion', 'I-Subsumtion', 'I-Subsumtion', 'I-Subsumtion', 'I-Subsumtion', 'I-Subsumtion', 'I-Subsumtion', 'I-Subsumtion', 'I-Subsumtion', 'I-Subsumtion', 'I-Subsumtion', 'I-Subsumtion', 'I-Subsumtion', 'I-Subsumtion', 'I-Subsumtion', 'I-Subsumtion', 'I-Subsumtion', 'I-Subsumtion', 'I-Subsumtion', 'I-Subsumtion', 'I-Subsumtion', 'I-Subsumtion', 'I-Subsumtion', 'I-Subsumtion', 'I-Subsumtion', 'I-Subsumtion', 'I-Subsumtion', 'I-Subsumtion', 'I-Subsumtion', 'I-Subsumtion', 'I-Subsumtion', 'I-Subsumtion', 'I-Subsumtion', 'I-Subsumtion', 'I-Subsumtion', 'I-Subsumtion', 'I-Subsumtion', 'I-Subsumtion', 'I-Subsumtion', 'I-Subsumtion', 'I-Subsumtion', 'I-Subsumtion', 'I-Subsumtion', 'I-Subsumtion', 'I-Subsumtion', 'I-Subsumtion', 'I-Subsumtion', 'I-Subsumtion', 'I-Subsumtion', 'I-Subsumtion', 'I-Subsumtion', 'I-Subsumtion', 'I-Subsumtion', 'I-Subsumtion', 'I-Subsumtion', 'I-Subsumtion', 'I-Subsumtion', 'I-Subsumtion', 'I-Subsumtion', 'I-Subsumtion', 'I-Subsumtion', 'I-Subsumtion', 'I-Subsumtion', 'I-Subsumtion', 'I-Subsumtion', 'I-Subsumtion', 'I-Subsumtion', 'I-Subsumtion', 'I-Subsumtion', 'I-Subsumtion', 'I-Subsumtion', 'I-Subsumtion', 'I-Subsumtion', 'I-Subsumtion', 'I-Subsumtion', 'I-Subsumtion']
['41', '.', 'The', 'Court', 'notes', 'that', 'the', 'applicant', '’s', 'conviction', 'for', 'rape', 'was', 'based', 'on', 'the', 'statutory', 'offence', 'of', 'rape', 'in', 'section', '1', 'of', 'the', '1956', 'Act', ',', 'as', 'further', 'defined', 'in', 'section', '1', '(', '1', ')', 'of', 'the', '1976', 'Act', '(', 'see', 'paragraphs', '19', 'and', '20', 'above', ')', '.', 'The', 'applicant', 'does', 'not', 'dispute', 'that', 'the', 'conduct', 'for', 'which', 'he', 'was', 'convicted', 'would', 'have', 'constituted', 'rape', 'within', 'the', 'meaning', 'of', 'the', 'statutory', 'definition', 'of', 'rape', 'as', 'applicable', 'at', 'the', 'time', ',', 'had', 'the', 'victim', 'not', 'been', 'his', 'wife', '.', 'His', 'complaint', 'under', 'Article', '7', '(', 'art', '.', '7', ')', 'of', 'the', 'Convention', 'relates', 'solely', 'to', 'the', 'fact', 'that', 'in', 'deciding', 'on', '18', 'April', '1991', 'that', 'the', 'applicant', 'had', 'a', 'case', 'to', 'answer', 'on', 'the', 'rape', 'charge', ',', 'Mr', 'Justice', 'Rose', 'followed', 'the', 'Court', 'of', 'Appeal', '’s', 'ruling', 'of', '14', 'March', '1991', 'in', 'the', 'case', 'of', 'R.', 'v.', 'R.', 'which', 'declared', 'that', 'the', 'immunity', 'no', 'longer', 'existed', '.']	['O', 'O', 'B-Subsumtion', 'I-Subsumtion', 'I-Subsumtion', 'I-Subsumtion', 'I-Subsumtion', 'I-Subsumtion', 'I-Subsumtion', 'I-Subsumtion', 'I-Subsumtion', 'I-Subsumtion', 'I-Subsumtion', 'I-Subsumtion', 'I-Subsumtion', 'I-Subsumtion', 'I-Subsumtion', 'I-Subsumtion', 'I-Subsumtion', 'I-Subsumtion', 'I-Subsumtion', 'I-Subsumtion', 'I-Subsumtion', 'I-Subsumtion', 'I-Subsumtion', 'I-Subsumtion', 'I-Subsumtion', 'I-Subsumtion', 'I-Subsumtion', 'I-Subsumtion', 'I-Subsumtion', 'I-Subsumtion', 'I-Subsumtion', 'I-Subsumtion', 'I-Subsumtion', 'I-Subsumtion', 'I-Subsumtion', 'I-Subsumtion', 'I-Subsumtion', 'I-Subsumtion', 'I-Subsumtion', 'I-Subsumtion', 'I-Subsumtion', 'I-Subsumtion', 'I-Subsumtion', 'I-Subsumtion', 'I-Subsumtion', 'I-Subsumtion', 'I-Subsumtion', 'I-Subsumtion', 'B-Subsumtion', 'I-Subsumtion', 'I-Subsumtion', 'I-Subsumtion', 'I-Subsumtion', 'I-Subsumtion', 'I-Subsumtion', 'I-Subsumtion', 'I-Subsumtion', 'I-Subsumtion', 'I-Subsumtion', 'I-Subsumtion', 'I-Subsumtion', 'I-Subsumtion', 'I-Subsumtion', 'I-Subsumtion', 'I-Subsumtion', 'I-Subsumtion', 'I-Subsumtion', 'I-Subsumtion', 'I-Subsumtion', 'I-Subsumtion', 'I-Subsumtion', 'I-Subsumtion', 'I-Subsumtion', 'I-Subsumtion', 'I-Subsumtion', 'I-Subsumtion', 'I-Subsumtion', 'I-Subsumtion', 'I-Subsumtion', 'I-Subsumtion', 'I-Subsumtion', 'I-Subsumtion', 'I-Subsumtion', 'I-Subsumtion', 'I-Subsumtion', 'I-Subsumtion', 'I-Subsumtion', 'I-Subsumtion', 'I-Subsumtion', 'I-Subsumtion', 'I-Subsumtion', 'I-Subsumtion', 'I-Subsumtion', 'I-Subsumtion', 'I-Subsumtion', 'I-Subsumtion', 'I-Subsumtion', 'I-Subsumtion', 'I-Subsumtion', 'I-Subsumtion', 'I-Subsumtion', 'I-Subsumtion', 'I-Subsumtion', 'I-Subsumtion', 'I-Subsumtion', 'I-Subsumtion', 'I-Subsumtion', 'I-Subsumtion', 'I-Subsumtion', 'I-Subsumtion', 'I-Subsumtion', 'I-Subsumtion', 'I-Subsumtion', 'I-Subsumtion', 'I-Subsumtion', 'I-Subsumtion', 'I-Subsumtion', 'I-Subsumtion', 'I-Subsumtion', 'I-Subsumtion', 'I-Subsumtion', 'I-Subsumtion', 'I-Subsumtion', 'I-Subsumtion', 'I-Subsumtion', 'I-Subsumtion', 'I-Subsumtion', 'I-Subsumtion', 'I-Subsumtion', 'I-Subsumtion', 'I-Subsumtion', 'I-Subsumtion', 'I-Subsumtion', 'I-Subsumtion', 'I-Subsumtion', 'I-Subsumtion', 'I-Subsumtion', 'I-Subsumtion', 'I-Subsumtion', 'I-Subsumtion', 'I-Subsumtion', 'I-Subsumtion', 'I-Subsumtion', 'I-Subsumtion', 'I-Subsumtion', 'I-Subsumtion', 'I-Subsumtion', 'I-Subsumtion', 'I-Subsumtion', 'I-Subsumtion', 'I-Subsumtion', 'I-Subsumtion', 'I-Subsumtion', 'I-Subsumtion', 'I-Subsumtion', 'I-Subsumtion']
"['42', '.', 'It', 'is', 'to', 'be', 'observed', 'that', 'a', 'crucial', 'issue', 'in', 'the', 'judgment', 'of', 'the', 'Court', 'of', 'Appeal', 'in', 'R.', 'v.', 'R.', '(', 'summarised', 'at', 'paragraph', '11', 'above', ')', 'related', 'to', 'the', 'definition', 'of', 'rape', 'in', 'section', '1', '(', '1', ')', '(', 'a', ')', 'of', 'the', '1976', 'Act', ':', '""', 'unlawful', 'sexual', 'intercourse', 'with', 'a', 'woman', 'who', 'at', 'the', 'time', 'of', 'the', 'intercourse', 'does', 'not', 'consent', 'to', 'it', '""', '.', 'The', 'question', 'was', 'whether', '""', 'removal', '""', 'of', 'the', 'marital', 'immunity', 'would', 'conflict', 'with', 'the', 'statutory', 'definition', 'of', 'rape', ',', 'in', 'particular', 'whether', 'it', 'would', 'be', 'prevented', 'by', 'the', 'word', '""', 'unlawful', '""', '.', 'The', 'Court', 'of', 'Appeal', 'carefully', 'examined', 'various', 'strands', 'of', 'interpretation', 'of', 'the', 'provision', 'in', 'the', 'case', '-', 'law', ',', 'including', 'the', 'argument', 'that', 'the', 'term', '""', 'unlawful', '""', 'excluded', 'intercourse', 'within', 'marriage', 'from', 'the', 'definition', 'of', 'rape', '.', 'In', 'this', 'connection', ',', 'the', 'Court', 'recalls', 'that', 'it', 'is', 'in', 'the', 'first', 'place', 'for', 'the', 'national', 'authorities', ',', 'notably', 'the', 'courts', ',', 'to', 'interpret', 'and', 'apply', 'national', 'law', '(', 'see', ',', 'for', 'instance', ',', 'the', 'Kemmache', 'v.', 'France', '(', 'no', '.', '3', ')', 'judgment', 'of', '24', 'November', '1994', ',', 'Series', 'A', 'no', '.', '296', '-', 'C', ',', 'pp', '.', '86', '-', '87', ',', 'para', '.', '37', ')', '.', 'It', 'sees', 'no', 'reason', 'to', 'disagree', 'with', 'the', 'Court', 'of', 'Appeal', '’s', 'conclusion', ',', 'which', 'was', 'subsequently', 'upheld', 'by', 'the', 'House', 'of', 'Lords', '(', 'see', 'paragraph', '12', 'above', ')', ',', 'that', 'the', 'word', '""', 'unlawful', '""', 'in', 'the', 'definition', 'of', 'rape', 'was', 'merely', 'surplusage', 'and', 'did', 'not', 'inhibit', 'them', 'from', '""', 'removing', 'a', 'common', 'law', 'fiction', 'which', 'had', 'become', 'anachronistic', 'and', 'offensive', '""', 'and', 'from', 'declaring', 'that', '""', 'a', 'rapist', 'remains', 'a', 'rapist', 'subject', 'to', 'the', 'criminal', 'law', ',', 'irrespective', 'of', 'his', 'relationship', 'with', 'his', 'victim', '""', '(', 'see', 'paragraph', '11', 'above', ')', '.']"	['O', 'O', 'B-Subsumtion', 'I-Subsumtion', 'I-Subsumtion', 'I-Subsumtion', 'I-Subsumtion', 'I-Subsumtion', 'I-Subsumtion', 'I-Subsumtion', 'I-Subsumtion', 'I-Subsumtion', 'I-Subsumtion', 'I-Subsumtion', 'I-Subsumtion', 'I-Subsumtion', 'I-Subsumtion', 'I-Subsumtion', 'I-Subsumtion', 'I-Subsumtion', 'I-Subsumtion', 'I-Subsumtion', 'I-Subsumtion', 'I-Subsumtion', 'I-Subsumtion', 'I-Subsumtion', 'I-Subsumtion', 'I-Subsumtion', 'I-Subsumtion', 'I-Subsumtion', 'I-Subsumtion', 'I-Subsumtion', 'I-Subsumtion', 'I-Subsumtion', 'I-Subsumtion', 'I-Subsumtion', 'I-Subsumtion', 'I-Subsumtion', 'I-Subsumtion', 'I-Subsumtion', 'I-Subsumtion', 'I-Subsumtion', 'I-Subsumtion', 'I-Subsumtion', 'I-Subsumtion', 'I-Subsumtion', 'I-Subsumtion', 'I-Subsumtion', 'I-Subsumtion', 'I-Subsumtion', 'I-Subsumtion', 'I-Subsumtion', 'I-Subsumtion', 'I-Subsumtion', 'I-Subsumtion', 'I-Subsumtion', 'I-Subsumtion', 'I-Subsumtion', 'I-Subsumtion', 'I-Subsumtion', 'I-Subsumtion', 'I-Subsumtion', 'I-Subsumtion', 'I-Subsumtion', 'I-Subsumtion', 'I-Subsumtion', 'I-Subsumtion', 'I-Subsumtion', 'I-Subsumtion', 'I-Subsumtion', 'I-Subsumtion', 'I-Subsumtion', 'I-Subsumtion', 'I-Subsumtion', 'I-Subsumtion', 'I-Subsumtion', 'I-Subsumtion', 'I-Subsumtion', 'I-Subsumtion', 'I-Subsumtion', 'I-Subsumtion', 'I-Subsumtion', 'I-Subsumtion', 'I-Subsumtion', 'I-Subsumtion', 'I-Subsumtion', 'I-Subsumtion', 'I-Subsumtion', 'I-Subsumtion', 'I-Subsumtion', 'I-Subsumtion', 'I-Subsumtion', 'I-Subsumtion', 'I-Subsumtion', 'I-Subsumtion', 'I-Subsumtion', 'I-Subsumtion', 'I-Subsumtion', 'I-Subsumtion', 'I-Subsumtion', 'I-Subsumtion', 'I-Subsumtion', 'I-Subsumtion', 'I-Subsumtion', 'I-Subsumtion', 'I-Subsumtion', 'I-Subsumtion', 'I-Subsumtion', 'I-Subsumtion', 'I-Subsumtion', 'I-Subsumtion', 'I-Subsumtion', 'I-Subsumtion', 'I-Subsumtion', 'I-Subsumtion', 'I-Subsumtion', 'I-Subsumtion', 'I-Subsumtion', 'I-Subsumtion', 'I-Subsumtion', 'I-Subsumtion', 'I-Subsumtion', 'I-Subsumtion', 'I-Subsumtion', 'I-Subsumtion', 'I-Subsumtion', 'I-Subsumtion', 'I-Subsumtion', 'I-Subsumtion', 'I-Subsumtion', 'I-Subsumtion', 'I-Subsumtion', 'I-Subsumtion', 'I-Subsumtion', 'I-Subsumtion', 'I-Subsumtion', 'I-Subsumtion', 'I-Subsumtion', 'I-Subsumtion', 'I-Subsumtion', 'I-Subsumtion', 'I-Subsumtion', 'I-Subsumtion', 'B-Vorherige Rechtsprechung des EGMR', 'I-Vorherige Rechtsprechung des EGMR', 'I-Vorherige Rechtsprechung des EGMR', 'I-Vorherige Rechtsprechung des EGMR', 'I-Vorherige Rechtsprechung des EGMR', 'I-Vorherige Rechtsprechung des EGMR', 'I-Vorherige Rechtsprechung des EGMR', 'I-Vorherige Rechtsprechung des EGMR', 'I-Vorherige Rechtsprechung des EGMR', 'I-Vorherige Rechtsprechung des EGMR', 'I-Vorherige Rechtsprechung des EGMR', 'I-Vorherige Rechtsprechung des EGMR', 'I-Vorherige Rechtsprechung des EGMR', 'I-Vorherige Rechtsprechung des EGMR', 'I-Vorherige Rechtsprechung des EGMR', 'I-Vorherige Rechtsprechung des EGMR', 'I-Vorherige Rechtsprechung des EGMR', 'I-Vorherige Rechtsprechung des EGMR', 'I-Vorherige Rechtsprechung des EGMR', 'I-Vorherige Rechtsprechung des EGMR', 'I-Vorherige Rechtsprechung des EGMR', 'I-Vorherige Rechtsprechung des EGMR', 'I-Vorherige Rechtsprechung des EGMR', 'I-Vorherige Rechtsprechung des EGMR', 'I-Vorherige Rechtsprechung des EGMR', 'I-Vorherige Rechtsprechung des EGMR', 'I-Vorherige Rechtsprechung des EGMR', 'I-Vorherige Rechtsprechung des EGMR', 'I-Vorherige Rechtsprechung des EGMR', 'I-Vorherige Rechtsprechung des EGMR', 'I-Vorherige Rechtsprechung des EGMR', 'I-Vorherige Rechtsprechung des EGMR', 'I-Vorherige Rechtsprechung des EGMR', 'I-Vorherige Rechtsprechung des EGMR', 'I-Vorherige Rechtsprechung des EGMR', 'I-Vorherige Rechtsprechung des EGMR', 'I-Vorherige Rechtsprechung des EGMR', 'I-Vorherige Rechtsprechung des EGMR', 'I-Vorherige Rechtsprechung des EGMR', 'I-Vorherige Rechtsprechung des EGMR', 'I-Vorherige Rechtsprechung des EGMR', 'I-Vorherige Rechtsprechung des EGMR', 'I-Vorherige Rechtsprechung des EGMR', 'I-Vorherige Rechtsprechung des EGMR', 'I-Vorherige Rechtsprechung des EGMR', 'I-Vorherige Rechtsprechung des EGMR', 'I-Vorherige Rechtsprechung des EGMR', 'I-Vorherige Rechtsprechung des EGMR', 'I-Vorherige Rechtsprechung des EGMR', 'I-Vorherige Rechtsprechung des EGMR', 'I-Vorherige Rechtsprechung des EGMR', 'I-Vorherige Rechtsprechung des EGMR', 'I-Vorherige Rechtsprechung des EGMR', 'I-Vorherige Rechtsprechung des EGMR', 'I-Vorherige Rechtsprechung des EGMR', 'I-Vorherige Rechtsprechung des EGMR', 'I-Vorherige Rechtsprechung des EGMR', 'I-Vorherige Rechtsprechung des EGMR', 'I-Vorherige Rechtsprechung des EGMR', 'I-Vorherige Rechtsprechung des EGMR', 'I-Vorherige Rechtsprechung des EGMR', 'I-Vorherige Rechtsprechung des EGMR', 'I-Vorherige Rechtsprechung des EGMR', 'I-Vorherige Rechtsprechung des EGMR', 'I-Vorherige Rechtsprechung des EGMR', 'I-Vorherige Rechtsprechung des EGMR', 'I-Vorherige Rechtsprechung des EGMR', 'I-Vorherige Rechtsprechung des EGMR', 'I-Vorherige Rechtsprechung des EGMR', 'B-Subsumtion', 'I-Subsumtion', 'I-Subsumtion', 'I-Subsumtion', 'I-Subsumtion', 'I-Subsumtion', 'I-Subsumtion', 'I-Subsumtion', 'I-Subsumtion', 'I-Subsumtion', 'I-Subsumtion', 'I-Subsumtion', 'I-Subsumtion', 'I-Subsumtion', 'I-Subsumtion', 'I-Subsumtion', 'I-Subsumtion', 'I-Subsumtion', 'I-Subsumtion', 'I-Subsumtion', 'I-Subsumtion', 'I-Subsumtion', 'I-Subsumtion', 'I-Subsumtion', 'I-Subsumtion', 'I-Subsumtion', 'I-Subsumtion', 'I-Subsumtion', 'I-Subsumtion', 'I-Subsumtion', 'I-Subsumtion', 'I-Subsumtion', 'I-Subsumtion', 'I-Subsumtion', 'I-Subsumtion', 'I-Subsumtion', 'I-Subsumtion', 'I-Subsumtion', 'I-Subsumtion', 'I-Subsumtion', 'I-Subsumtion', 'I-Subsumtion', 'I-Subsumtion', 'I-Subsumtion', 'I-Subsumtion', 'I-Subsumtion', 'I-Subsumtion', 'I-Subsumtion', 'I-Subsumtion', 'I-Subsumtion', 'I-Subsumtion', 'I-Subsumtion', 'I-Subsumtion', 'I-Subsumtion', 'I-Subsumtion', 'I-Subsumtion', 'I-Subsumtion', 'I-Subsumtion', 'I-Subsumtion', 'I-Subsumtion', 'I-Subsumtion', 'I-Subsumtion', 'I-Subsumtion', 'I-Subsumtion', 'I-Subsumtion', 'I-Subsumtion', 'I-Subsumtion', 'I-Subsumtion', 'I-Subsumtion', 'I-Subsumtion', 'I-Subsumtion', 'I-Subsumtion', 'I-Subsumtion', 'I-Subsumtion', 'I-Subsumtion', 'I-Subsumtion', 'I-Subsumtion', 'I-Subsumtion', 'I-Subsumtion', 'I-Subsumtion', 'I-Subsumtion', 'I-Subsumtion', 'I-Subsumtion', 'I-Subsumtion', 'I-Subsumtion', 'I-Subsumtion', 'I-Subsumtion', 'I-Subsumtion', 'I-Subsumtion', 'I-Subsumtion', 'I-Subsumtion', 'I-Subsumtion', 'I-Subsumtion', 'I-Subsumtion']
['43', '.', 'The', 'decisions', 'of', 'the', 'Court', 'of', 'Appeal', 'and', 'then', 'the', 'House', 'of', 'Lords', 'did', 'no', 'more', 'than', 'continue', 'a', 'perceptible', 'line', 'of', 'case', '-', 'law', 'development', 'dismantling', 'the', 'immunity', 'of', 'a', 'husband', 'from', 'prosecution', 'for', 'rape', 'upon', 'his', 'wife', '(', 'for', 'a', 'description', 'of', 'this', 'development', ',', 'see', 'paragraphs', '11', 'and', '23', '-', '27', 'above', ')', '.', 'There', 'was', 'no', 'doubt', 'under', 'the', 'law', 'as', 'it', 'stood', 'on', '18', 'September', '1990', 'that', 'a', 'husband', 'who', 'forcibly', 'had', 'sexual', 'intercourse', 'with', 'his', 'wife', 'could', ',', 'in', 'various', 'circumstances', ',', 'be', 'found', 'guilty', 'of', 'rape', '.', 'Moreover', ',', 'there', 'was', 'an', 'evident', 'evolution', ',', 'which', 'was', 'consistent', 'with', 'the', 'very', 'essence', 'of', 'the', 'offence', ',', 'of', 'the', 'criminal', 'law', 'through', 'judicial', 'interpretation', 'towards', 'treating', 'such', 'conduct', 'generally', 'as', 'within', 'the', 'scope', 'of', 'the', 'offence', 'of', 'rape', '.', 'This', 'evolution', 'had', 'reached', 'a', 'stage', 'where', 'judicial', 'recognition', 'of', 'the', 'absence', 'of', 'immunity', 'had', 'become', 'a', 'reasonably', 'foreseeable', 'development', 'of', 'the', 'law', '(', 'see', 'paragraph', '36', 'above', ')', '.']	['O', 'O', 'B-Subsumtion', 'I-Subsumtion', 'I-Subsumtion', 'I-Subsumtion', 'I-Subsumtion', 'I-Subsumtion', 'I-Subsumtion', 'I-Subsumtion', 'I-Subsumtion', 'I-Subsumtion', 'I-Subsumtion', 'I-Subsumtion', 'I-Subsumtion', 'I-Subsumtion', 'I-Subsumtion', 'I-Subsumtion', 'I-Subsumtion', 'I-Subsumtion', 'I-Subsumtion', 'I-Subsumtion', 'I-Subsumtion', 'I-Subsumtion', 'I-Subsumtion', 'I-Subsumtion', 'I-Subsumtion', 'I-Subsumtion', 'I-Subsumtion', 'I-Subsumtion', 'I-Subsumtion', 'I-Subsumtion', 'I-Subsumtion', 'I-Subsumtion', 'I-Subsumtion', 'I-Subsumtion', 'I-Subsumtion', 'I-Subsumtion', 'I-Subsumtion', 'I-Subsumtion', 'I-Subsumtion', 'I-Subsumtion', 'I-Subsumtion', 'I-Subsumtion', 'I-Subsumtion', 'I-Subsumtion', 'I-Subsumtion', 'I-Subsumtion', 'I-Subsumtion', 'I-Subsumtion', 'I-Subsumtion', 'I-Subsumtion', 'I-Subsumtion', 'I-Subsumtion', 'I-Subsumtion', 'I-Subsumtion', 'I-Subsumtion', 'I-Subsumtion', 'I-Subsumtion', 'I-Subsumtion', 'I-Subsumtion', 'I-Subsumtion', 'I-Subsumtion', 'I-Subsumtion', 'I-Subsumtion', 'I-Subsumtion', 'I-Subsumtion', 'I-Subsumtion', 'I-Subsumtion', 'I-Subsumtion', 'I-Subsumtion', 'I-Subsumtion', 'I-Subsumtion', 'I-Subsumtion', 'I-Subsumtion', 'I-Subsumtion', 'I-Subsumtion', 'I-Subsumtion', 'I-Subsumtion', 'I-Subsumtion', 'I-Subsumtion', 'I-Subsumtion', 'I-Subsumtion', 'I-Subsumtion', 'I-Subsumtion', 'I-Subsumtion', 'I-Subsumtion', 'I-Subsumtion', 'I-Subsumtion', 'I-Subsumtion', 'I-Subsumtion', 'I-Subsumtion', 'I-Subsumtion', 'I-Subsumtion', 'I-Subsumtion', 'I-Subsumtion', 'I-Subsumtion', 'I-Subsumtion', 'I-Subsumtion', 'I-Subsumtion', 'I-Subsumtion', 'I-Subsumtion', 'I-Subsumtion', 'I-Subsumtion', 'I-Subsumtion', 'I-Subsumtion', 'I-Subsumtion', 'I-Subsumtion', 'I-Subsumtion', 'I-Subsumtion', 'I-Subsumtion', 'I-Subsumtion', 'I-Subsumtion', 'I-Subsumtion', 'I-Subsumtion', 'I-Subsumtion', 'I-Subsumtion', 'I-Subsumtion', 'I-Subsumtion', 'I-Subsumtion', 'I-Subsumtion', 'I-Subsumtion', 'I-Subsumtion', 'I-Subsumtion', 'I-Subsumtion', 'I-Subsumtion', 'I-Subsumtion', 'I-Subsumtion', 'I-Subsumtion', 'I-Subsumtion', 'I-Subsumtion', 'I-Subsumtion', 'I-Subsumtion', 'I-Subsumtion', 'I-Subsumtion', 'I-Subsumtion', 'I-Subsumtion', 'I-Subsumtion', 'I-Subsumtion', 'I-Subsumtion', 'I-Subsumtion', 'I-Subsumtion', 'I-Subsumtion', 'I-Subsumtion', 'I-Subsumtion', 'I-Subsumtion', 'I-Subsumtion', 'I-Subsumtion', 'I-Subsumtion', 'I-Subsumtion', 'I-Subsumtion', 'I-Subsumtion', 'I-Subsumtion', 'I-Subsumtion', 'I-Subsumtion', 'I-Subsumtion', 'I-Subsumtion', 'I-Subsumtion', 'I-Subsumtion', 'I-Subsumtion', 'I-Subsumtion', 'I-Subsumtion', 'I-Subsumtion', 'I-Subsumtion', 'I-Subsumtion', 'I-Subsumtion', 'I-Subsumtion']
['44', '.', 'The', 'essentially', 'debasing', 'character', 'of', 'rape', 'is', 'so', 'manifest', 'that', 'the', 'result', 'of', 'the', 'decisions', 'of', 'the', 'Court', 'of', 'Appeal', 'and', 'the', 'House', 'of', 'Lords', '-', 'that', 'the', 'applicant', 'could', 'be', 'convicted', 'of', 'attempted', 'rape', ',', 'irrespective', 'of', 'his', 'relationship', 'with', 'the', 'victim', '-', 'can', 'not', 'be', 'said', 'to', 'be', 'at', 'variance', 'with', 'the', 'object', 'and', 'purpose', 'of', 'Article', '7', '(', 'art', '.', '7', ')', 'of', 'the', 'Convention', ',', 'namely', 'to', 'ensure', 'that', 'no', 'one', 'should', 'be', 'subjected', 'to', 'arbitrary', 'prosecution', ',', 'conviction', 'or', 'punishment', '(', 'see', 'paragraph', '34', 'above', ')', '.', 'What', 'is', 'more', ',', 'the', 'abandonment', 'of', 'the', 'unacceptable', 'idea', 'of', 'a', 'husband', 'being', 'immune', 'against', 'prosecution', 'for', 'rape', 'of', 'his', 'wife', 'was', 'in', 'conformity', 'not', 'only', 'with', 'a', 'civilised', 'concept', 'of', 'marriage', 'but', 'also', ',', 'and', 'above', 'all', ',', 'with', 'the', 'fundamental', 'objectives', 'of', 'the', 'Convention', ',', 'the', 'very', 'essence', 'of', 'which', 'is', 'respect', 'for', 'human', 'dignity', 'and', 'human', 'freedom', '.']	['O', 'O', 'B-Subsumtion', 'I-Subsumtion', 'I-Subsumtion', 'I-Subsumtion', 'I-Subsumtion', 'I-Subsumtion', 'I-Subsumtion', 'I-Subsumtion', 'I-Subsumtion', 'I-Subsumtion', 'I-Subsumtion', 'I-Subsumtion', 'I-Subsumtion', 'I-Subsumtion', 'I-Subsumtion', 'I-Subsumtion', 'I-Subsumtion', 'I-Subsumtion', 'I-Subsumtion', 'I-Subsumtion', 'I-Subsumtion', 'I-Subsumtion', 'I-Subsumtion', 'I-Subsumtion', 'I-Subsumtion', 'I-Subsumtion', 'I-Subsumtion', 'I-Subsumtion', 'I-Subsumtion', 'I-Subsumtion', 'I-Subsumtion', 'I-Subsumtion', 'I-Subsumtion', 'I-Subsumtion', 'I-Subsumtion', 'I-Subsumtion', 'I-Subsumtion', 'I-Subsumtion', 'I-Subsumtion', 'I-Subsumtion', 'I-Subsumtion', 'I-Subsumtion', 'I-Subsumtion', 'I-Subsumtion', 'I-Subsumtion', 'I-Subsumtion', 'I-Subsumtion', 'I-Subsumtion', 'I-Subsumtion', 'I-Subsumtion', 'I-Subsumtion', 'I-Subsumtion', 'I-Subsumtion', 'I-Subsumtion', 'I-Subsumtion', 'I-Subsumtion', 'I-Subsumtion', 'I-Subsumtion', 'I-Subsumtion', 'I-Subsumtion', 'I-Subsumtion', 'I-Subsumtion', 'I-Subsumtion', 'I-Subsumtion', 'I-Subsumtion', 'I-Subsumtion', 'I-Subsumtion', 'I-Subsumtion', 'I-Subsumtion', 'I-Subsumtion', 'I-Subsumtion', 'I-Subsumtion', 'I-Subsumtion', 'I-Subsumtion', 'I-Subsumtion', 'I-Subsumtion', 'I-Subsumtion', 'I-Subsumtion', 'I-Subsumtion', 'I-Subsumtion', 'I-Subsumtion', 'I-Subsumtion', 'I-Subsumtion', 'I-Subsumtion', 'I-Subsumtion', 'I-Subsumtion', 'I-Subsumtion', 'I-Subsumtion', 'I-Subsumtion', 'I-Subsumtion', 'I-Subsumtion', 'I-Subsumtion', 'I-Subsumtion', 'I-Subsumtion', 'I-Subsumtion', 'I-Subsumtion', 'I-Subsumtion', 'I-Subsumtion', 'I-Subsumtion', 'I-Subsumtion', 'I-Subsumtion', 'I-Subsumtion', 'I-Subsumtion', 'I-Subsumtion', 'I-Subsumtion', 'I-Subsumtion', 'I-Subsumtion', 'I-Subsumtion', 'I-Subsumtion', 'I-Subsumtion', 'I-Subsumtion', 'I-Subsumtion', 'I-Subsumtion', 'I-Subsumtion', 'I-Subsumtion', 'I-Subsumtion', 'I-Subsumtion', 'I-Subsumtion', 'I-Subsumtion', 'I-Subsumtion', 'I-Subsumtion', 'I-Subsumtion', 'I-Subsumtion', 'I-Subsumtion', 'I-Subsumtion', 'I-Subsumtion', 'I-Subsumtion', 'I-Subsumtion', 'I-Subsumtion', 'I-Subsumtion', 'I-Subsumtion', 'I-Subsumtion', 'I-Subsumtion', 'I-Subsumtion', 'I-Subsumtion', 'I-Subsumtion', 'I-Subsumtion', 'I-Subsumtion', 'I-Subsumtion', 'I-Subsumtion', 'I-Subsumtion', 'I-Subsumtion', 'I-Subsumtion', 'I-Subsumtion', 'I-Subsumtion', 'I-Subsumtion', 'I-Subsumtion', 'I-Subsumtion', 'I-Subsumtion', 'I-Subsumtion', 'I-Subsumtion', 'I-Subsumtion', 'I-Subsumtion', 'I-Subsumtion']
['45', '.', 'Consequently', ',', 'by', 'following', 'the', 'Court', 'of', 'Appeal', '’s', 'ruling', 'in', 'R.', 'v.', 'R.', 'in', 'the', 'applicant', '’s', 'case', ',', 'Mr', 'Justice', 'Rose', 'did', 'not', 'render', 'a', 'decision', 'permitting', 'a', 'finding', 'of', 'guilt', 'incompatible', 'with', 'Article', '7', '(', 'art', '.', '7', ')', 'of', 'the', 'Convention', '.']	['O', 'O', 'B-Subsumtion', 'I-Subsumtion', 'I-Subsumtion', 'I-Subsumtion', 'I-Subsumtion', 'I-Subsumtion', 'I-Subsumtion', 'I-Subsumtion', 'I-Subsumtion', 'I-Subsumtion', 'I-Subsumtion', 'I-Subsumtion', 'I-Subsumtion', 'I-Subsumtion', 'I-Subsumtion', 'I-Subsumtion', 'I-Subsumtion', 'I-Subsumtion', 'I-Subsumtion', 'I-Subsumtion', 'I-Subsumtion', 'I-Subsumtion', 'I-Subsumtion', 'I-Subsumtion', 'I-Subsumtion', 'I-Subsumtion', 'I-Subsumtion', 'I-Subsumtion', 'I-Subsumtion', 'I-Subsumtion', 'I-Subsumtion', 'I-Subsumtion', 'I-Subsumtion', 'I-Subsumtion', 'I-Subsumtion', 'I-Subsumtion', 'I-Subsumtion', 'I-Subsumtion', 'I-Subsumtion', 'I-Subsumtion', 'I-Subsumtion', 'I-Subsumtion', 'I-Subsumtion', 'I-Subsumtion', 'I-Subsumtion', 'I-Subsumtion']
['46', '.', 'Having', 'reached', 'this', 'conclusion', ',', 'the', 'Court', 'does', 'not', 'find', 'it', 'necessary', 'to', 'enquire', 'into', 'whether', 'the', 'facts', 'in', 'the', 'applicant', '’s', 'case', 'were', 'covered', 'by', 'the', 'exceptions', 'to', 'the', 'immunity', 'rule', 'already', 'made', 'by', 'the', 'English', 'courts', 'before', '18', 'September', '1990', '.']	['O', 'O', 'B-Subsumtion', 'I-Subsumtion', 'I-Subsumtion', 'I-Subsumtion', 'I-Subsumtion', 'I-Subsumtion', 'I-Subsumtion', 'I-Subsumtion', 'I-Subsumtion', 'I-Subsumtion', 'I-Subsumtion', 'I-Subsumtion', 'I-Subsumtion', 'I-Subsumtion', 'I-Subsumtion', 'I-Subsumtion', 'I-Subsumtion', 'I-Subsumtion', 'I-Subsumtion', 'I-Subsumtion', 'I-Subsumtion', 'I-Subsumtion', 'I-Subsumtion', 'I-Subsumtion', 'I-Subsumtion', 'I-Subsumtion', 'I-Subsumtion', 'I-Subsumtion', 'I-Subsumtion', 'I-Subsumtion', 'I-Subsumtion', 'I-Subsumtion', 'I-Subsumtion', 'I-Subsumtion', 'I-Subsumtion', 'I-Subsumtion', 'I-Subsumtion', 'I-Subsumtion', 'I-Subsumtion', 'I-Subsumtion', 'I-Subsumtion', 'I-Subsumtion', 'I-Subsumtion']
['47', '.', 'In', 'short', ',', 'the', 'Court', ',', 'like', 'the', 'Government', 'and', 'the', 'Commission', ',', 'finds', 'that', 'the', 'Crown', 'Court', '’s', 'decision', 'that', 'the', 'applicant', 'could', 'not', 'invoke', 'immunity', 'to', 'escape', 'conviction', 'and', 'sentence', 'for', 'rape', 'upon', 'his', 'wife', 'did', 'not', 'give', 'rise', 'to', 'a', 'violation', 'of', 'his', 'rights', 'under', 'Article', '7', 'para', '.', '1', '(', 'art', '.', '7', '-', '1', ')', 'of', 'the', 'Convention', '.']	['O', 'O', 'B-Entscheidung des EGMR', 'I-Entscheidung des EGMR', 'I-Entscheidung des EGMR', 'I-Entscheidung des EGMR', 'I-Entscheidung des EGMR', 'I-Entscheidung des EGMR', 'I-Entscheidung des EGMR', 'I-Entscheidung des EGMR', 'I-Entscheidung des EGMR', 'I-Entscheidung des EGMR', 'I-Entscheidung des EGMR', 'I-Entscheidung des EGMR', 'I-Entscheidung des EGMR', 'I-Entscheidung des EGMR', 'I-Entscheidung des EGMR', 'I-Entscheidung des EGMR', 'I-Entscheidung des EGMR', 'I-Entscheidung des EGMR', 'I-Entscheidung des EGMR', 'I-Entscheidung des EGMR', 'I-Entscheidung des EGMR', 'I-Entscheidung des EGMR', 'I-Entscheidung des EGMR', 'I-Entscheidung des EGMR', 'I-Entscheidung des EGMR', 'I-Entscheidung des EGMR', 'I-Entscheidung des EGMR', 'I-Entscheidung des EGMR', 'I-Entscheidung des EGMR', 'I-Entscheidung des EGMR', 'I-Entscheidung des EGMR', 'I-Entscheidung des EGMR', 'I-Entscheidung des EGMR', 'I-Entscheidung des EGMR', 'I-Entscheidung des EGMR', 'I-Entscheidung des EGMR', 'I-Entscheidung des EGMR', 'I-Entscheidung des EGMR', 'I-Entscheidung des EGMR', 'I-Entscheidung des EGMR', 'I-Entscheidung des EGMR', 'I-Entscheidung des EGMR', 'I-Entscheidung des EGMR', 'I-Entscheidung des EGMR', 'I-Entscheidung des EGMR', 'I-Entscheidung des EGMR', 'I-Entscheidung des EGMR', 'I-Entscheidung des EGMR', 'I-Entscheidung des EGMR', 'I-Entscheidung des EGMR', 'I-Entscheidung des EGMR', 'I-Entscheidung des EGMR', 'I-Entscheidung des EGMR', 'I-Entscheidung des EGMR', 'I-Entscheidung des EGMR', 'I-Entscheidung des EGMR', 'I-Entscheidung des EGMR', 'I-Entscheidung des EGMR', 'I-Entscheidung des EGMR', 'I-Entscheidung des EGMR', 'I-Entscheidung des EGMR', 'I-Entscheidung des EGMR', 'I-Entscheidung des EGMR', 'I-Entscheidung des EGMR']
['FOR', 'THESE', 'REASONS', ',', 'THE', 'COURT', 'UNANIMOUSLY']	['O', 'O', 'O', 'O', 'O', 'O', 'O']
['Holds', 'that', 'there', 'has', 'been', 'no', 'violation', 'of', 'Article', '7', 'para', '.', '1', '(', 'art', '.', '7', '-', '1', ')', 'of', 'the', 'Convention', '.']	['O', 'O', 'O', 'O', 'O', 'O', 'O', 'O', 'O', 'O', 'O', 'O', 'O', 'O', 'O', 'O', 'O', 'O', 'O', 'O', 'O', 'O', 'O', 'O']
['Done', 'in', 'English', 'and', 'in', 'French', ',', 'and', 'delivered', 'at', 'a', 'public', 'hearing', 'in', 'the', 'Human', 'Rights', 'Building', ',', 'Strasbourg', ',', 'on', '22', 'November', '1995', '.']	['O', 'O', 'O', 'O', 'O', 'O', 'O', 'O', 'O', 'O', 'O', 'O', 'O', 'O', 'O', 'O', 'O', 'O', 'O', 'O', 'O', 'O', 'O', 'O', 'O', 'O']
['Rolv', 'RYSSDAL']	['O', 'O']
['President']	['O']
['Herbert', 'PETZOLD']	['O', 'O']
['Registrar']	['O']
"['[', '1', ']', 'The', 'case', 'is', 'numbered', '47/1994/494/576', '.', 'The', 'first', 'number', 'is', 'the', 'case', ""'s"", 'position', 'on', 'the', 'list', 'of', 'cases', 'referred', 'to', 'the', 'Court', 'in', 'the', 'relevant', 'year', '(', 'second', 'number', ')', '.', 'The', 'last', 'two', 'numbers', 'indicate', 'the', 'case', ""'s"", 'position', 'on', 'the', 'list', 'of', 'cases', 'referred', 'to', 'the', 'Court', 'since', 'its', 'creation', 'and', 'on', 'the', 'list', 'of', 'the', 'corresponding', 'originating', 'applications', 'to', 'the', 'Commission', '.']"	['O', 'O', 'O', 'O', 'O', 'O', 'O', 'O', 'O', 'O', 'O', 'O', 'O', 'O', 'O', 'O', 'O', 'O', 'O', 'O', 'O', 'O', 'O', 'O', 'O', 'O', 'O', 'O', 'O', 'O', 'O', 'O', 'O', 'O', 'O', 'O', 'O', 'O', 'O', 'O', 'O', 'O', 'O', 'O', 'O', 'O', 'O', 'O', 'O', 'O', 'O', 'O', 'O', 'O', 'O', 'O', 'O', 'O', 'O', 'O', 'O', 'O', 'O', 'O', 'O', 'O', 'O', 'O', 'O']
['[', '2', ']', 'Rules', 'A', 'apply', 'to', 'all', 'cases', 'referred', 'to', 'the', 'Court', 'before', 'the', 'entry', 'into', 'force', 'of', 'Protocol', 'No', '.', '9', '(', 'P9', ')', 'and', 'thereafter', 'only', 'to', 'cases', 'concerning', 'States', 'not', 'bound', 'by', 'that', 'Protocol', '(', 'P9', ')', '.', 'They', 'correspond', 'to', 'the', 'Rules', 'that', 'came', 'into', 'force', 'on', '1', 'January', '1983', ',', 'as', 'amended', 'several', 'times', 'subsequently', '.']	['O', 'O', 'O', 'O', 'O', 'O', 'O', 'O', 'O', 'O', 'O', 'O', 'O', 'O', 'O', 'O', 'O', 'O', 'O', 'O', 'O', 'O', 'O', 'O', 'O', 'O', 'O', 'O', 'O', 'O', 'O', 'O', 'O', 'O', 'O', 'O', 'O', 'O', 'O', 'O', 'O', 'O', 'O', 'O', 'O', 'O', 'O', 'O', 'O', 'O', 'O', 'O', 'O', 'O', 'O', 'O', 'O', 'O', 'O', 'O', 'O', 'O']
['[', '3', ']', 'Case', 'no', '.', '48/1994/495/577', '.']	['O', 'O', 'O', 'O', 'O', 'O', 'O', 'O']
"['[', '4', ']', 'Note', 'by', 'the', 'Registrar', ':', 'for', 'practical', 'reasons', 'this', 'annex', 'will', 'appear', 'only', 'with', 'the', 'printed', 'version', 'of', 'the', 'judgment', '(', 'volume', '335', '-', 'B', 'of', 'Series', 'A', 'of', 'the', 'Publications', 'of', 'the', 'Court', ')', ',', 'but', 'a', 'copy', 'of', 'the', 'Commission', ""'s"", 'report', 'is', 'obtainable', 'from', 'the', 'registry', '.']"	['O', 'O', 'O', 'O', 'O', 'O', 'O', 'O', 'O', 'O', 'O', 'O', 'O', 'O', 'O', 'O', 'O', 'O', 'O', 'O', 'O', 'O', 'O', 'O', 'O', 'O', 'O', 'O', 'O', 'O', 'O', 'O', 'O', 'O', 'O', 'O', 'O', 'O', 'O', 'O', 'O', 'O', 'O', 'O', 'O', 'O', 'O', 'O', 'O', 'O', 'O', 'O', 'O']
