tokens	labels
['I.', 'ALLEGED', 'VIOLATION', 'OF', 'ARTICLE', '8', 'OF', 'THE', 'CONVENTION']	['O', 'O', 'O', 'O', 'O', 'O', 'O', 'O', 'O']
['44', '.', 'The', 'applicant', 'complained', 'that', 'the', 'Hungarian', 'authorities', 'had', 'failed', 'to', 'execute', 'the', 'judicial', 'decision', 'establishing', 'the', 'residence', 'of', 'her', 'child', 'with', 'her', 'and', 'thus', 'also', 'failed', 'to', 'ensure', 'the', 'swift', 'return', 'of', 'her', 'child', 'after', 'his', 'father', 'had', 'taken', 'him', 'without', 'her', 'consent', '.', 'In', 'so', 'doing', ',', 'the', 'authorities', 'had', 'failed', 'to', 'secure', 'her', 'parental', 'rights', 'with', 'respect', 'to', 'her', 'son', '.', 'She', 'relied', 'on', 'Article', '8', 'of', 'the', 'Convention', ',', 'which', 'reads', 'as', 'follows', ':']	['O', 'O', 'B-Subsumtion', 'I-Subsumtion', 'I-Subsumtion', 'I-Subsumtion', 'I-Subsumtion', 'I-Subsumtion', 'I-Subsumtion', 'I-Subsumtion', 'I-Subsumtion', 'I-Subsumtion', 'I-Subsumtion', 'I-Subsumtion', 'I-Subsumtion', 'I-Subsumtion', 'I-Subsumtion', 'I-Subsumtion', 'I-Subsumtion', 'I-Subsumtion', 'I-Subsumtion', 'I-Subsumtion', 'I-Subsumtion', 'I-Subsumtion', 'I-Subsumtion', 'I-Subsumtion', 'I-Subsumtion', 'I-Subsumtion', 'I-Subsumtion', 'I-Subsumtion', 'I-Subsumtion', 'I-Subsumtion', 'I-Subsumtion', 'I-Subsumtion', 'I-Subsumtion', 'I-Subsumtion', 'I-Subsumtion', 'I-Subsumtion', 'I-Subsumtion', 'I-Subsumtion', 'I-Subsumtion', 'I-Subsumtion', 'I-Subsumtion', 'I-Subsumtion', 'I-Subsumtion', 'I-Subsumtion', 'I-Subsumtion', 'I-Subsumtion', 'I-Subsumtion', 'I-Subsumtion', 'I-Subsumtion', 'I-Subsumtion', 'I-Subsumtion', 'I-Subsumtion', 'I-Subsumtion', 'I-Subsumtion', 'I-Subsumtion', 'I-Subsumtion', 'I-Subsumtion', 'I-Subsumtion', 'I-Subsumtion', 'I-Subsumtion', 'I-Subsumtion', 'I-Subsumtion', 'I-Subsumtion', 'I-Subsumtion', 'I-Subsumtion', 'I-Subsumtion', 'I-Subsumtion', 'I-Subsumtion', 'I-Subsumtion', 'I-Subsumtion', 'I-Subsumtion', 'I-Subsumtion', 'I-Subsumtion', 'I-Subsumtion', 'I-Subsumtion', 'I-Subsumtion', 'I-Subsumtion']
['“', '1', '.', 'Everyone', 'has', 'the', 'right', 'to', 'respect', 'for', 'his', '...', 'family', 'life', '...']	['O', 'O', 'O', 'O', 'O', 'O', 'O', 'O', 'O', 'O', 'O', 'O', 'O', 'O', 'O']
['2', '.', 'There', 'shall', 'be', 'no', 'interference', 'by', 'a', 'public', 'authority', 'with', 'the', 'exercise', 'of', 'this', 'right', 'except', 'such', 'as', 'is', 'in', 'accordance', 'with', 'the', 'law', 'and', 'is', 'necessary', 'in', 'a', 'democratic', 'society', 'in', 'the', 'interests', 'of', 'national', 'security', ',', 'public', 'safety', 'or', 'the', 'economic', 'well', '-', 'being', 'of', 'the', 'country', ',', 'for', 'the', 'prevention', 'of', 'disorder', 'or', 'crime', ',', 'for', 'the', 'protection', 'of', 'health', 'or', 'morals', ',', 'or', 'for', 'the', 'protection', 'of', 'the', 'rights', 'and', 'freedoms', 'of', 'others', '.', '”']	['O', 'O', 'O', 'O', 'O', 'O', 'O', 'O', 'O', 'O', 'O', 'O', 'O', 'O', 'O', 'O', 'O', 'O', 'O', 'O', 'O', 'O', 'O', 'O', 'O', 'O', 'O', 'O', 'O', 'O', 'O', 'O', 'O', 'O', 'O', 'O', 'O', 'O', 'O', 'O', 'O', 'O', 'O', 'O', 'O', 'O', 'O', 'O', 'O', 'O', 'O', 'O', 'O', 'O', 'O', 'O', 'O', 'O', 'O', 'O', 'O', 'O', 'O', 'O', 'O', 'O', 'O', 'O', 'O', 'O', 'O', 'O', 'O', 'O', 'O', 'O', 'O', 'O', 'O', 'O', 'O']
['A.', 'Admissibility']	['O', 'O']
['45', '.', 'The', 'Court', 'notes', 'that', 'this', 'complaint', 'is', 'not', 'manifestly', 'ill', '-', 'founded', 'within', 'the', 'meaning', 'of', 'Article', '35', '§', '3', '(', 'a', ')', 'of', 'the', 'Convention', '.', 'It', 'further', 'notes', 'that', 'it', 'is', 'not', 'inadmissible', 'on', 'any', 'other', 'grounds', '.', 'It', 'must', 'therefore', 'be', 'declared', 'admissible', '.']	['O', 'O', 'O', 'O', 'O', 'O', 'O', 'O', 'O', 'O', 'O', 'O', 'O', 'O', 'O', 'O', 'O', 'O', 'O', 'O', 'O', 'O', 'O', 'O', 'O', 'O', 'O', 'O', 'O', 'O', 'O', 'O', 'O', 'O', 'O', 'O', 'O', 'O', 'O', 'O', 'O', 'O', 'O', 'O', 'O', 'O', 'O', 'O', 'O']
['B.', 'Merits']	['O', 'O']
['1', '.', 'The', 'parties', '’', 'submissions']	['O', 'O', 'O', 'O', 'O', 'O']
['(', 'a', ')', 'The', 'applicant']	['O', 'O', 'O', 'O', 'O']
['46', '.', 'The', 'applicant', 'submitted', ',', 'in', 'particular', ',', 'that', 'the', 'Hungarian', 'authorities', 'had', 'failed', 'to', 'make', 'sufficient', 'efforts', 'to', 'secure', 'the', 'return', 'of', 'her', 'child', ',', 'with', 'a', 'view', 'to', 'reasserting', 'the', 'exercise', 'of', 'her', 'parental', 'rights', ',', 'following', 'his', 'abduction', '.', 'She', 'had', 'had', 'no', 'contact', 'with', 'her', 'child', 'between', '26', 'December', '2004', 'and', '8', 'May', '2014', '.', 'Even', 'though', 'by', 'the', 'interim', 'measure', 'of', '16', 'November', '2005', 'the', 'child', 'had', 'been', 'placed', 'in', 'her', 'custody', 'and', 'she', 'had', 'requested', 'enforcement', 'on', '6', 'February', '2006', ',', 'the', 'authorities', 'had', 'not', 'located', 'the', 'child', '.', 'As', 'a', 'result', ',', 'the', 'decision', 'of', '16', 'November', '2005', 'has', 'not', 'been', 'enforced', 'until', '8', 'May', '2014', ',', 'over', 'eight', 'years', 'later', '.', 'She', 'had', 'not', 'seen', 'her', 'child', 'between', 'the', 'ages', 'of', 'two', 'and', 'eleven', '.']	['O', 'O', 'B-Subsumtion', 'I-Subsumtion', 'I-Subsumtion', 'I-Subsumtion', 'I-Subsumtion', 'I-Subsumtion', 'I-Subsumtion', 'I-Subsumtion', 'I-Subsumtion', 'I-Subsumtion', 'I-Subsumtion', 'I-Subsumtion', 'I-Subsumtion', 'I-Subsumtion', 'I-Subsumtion', 'I-Subsumtion', 'I-Subsumtion', 'I-Subsumtion', 'I-Subsumtion', 'I-Subsumtion', 'I-Subsumtion', 'I-Subsumtion', 'I-Subsumtion', 'I-Subsumtion', 'I-Subsumtion', 'I-Subsumtion', 'I-Subsumtion', 'I-Subsumtion', 'I-Subsumtion', 'I-Subsumtion', 'I-Subsumtion', 'I-Subsumtion', 'I-Subsumtion', 'I-Subsumtion', 'I-Subsumtion', 'I-Subsumtion', 'I-Subsumtion', 'I-Subsumtion', 'I-Subsumtion', 'I-Subsumtion', 'I-Subsumtion', 'I-Subsumtion', 'I-Subsumtion', 'I-Subsumtion', 'I-Subsumtion', 'I-Subsumtion', 'I-Subsumtion', 'I-Subsumtion', 'I-Subsumtion', 'I-Subsumtion', 'I-Subsumtion', 'I-Subsumtion', 'I-Subsumtion', 'I-Subsumtion', 'I-Subsumtion', 'I-Subsumtion', 'I-Subsumtion', 'I-Subsumtion', 'I-Subsumtion', 'I-Subsumtion', 'I-Subsumtion', 'I-Subsumtion', 'I-Subsumtion', 'I-Subsumtion', 'I-Subsumtion', 'I-Subsumtion', 'I-Subsumtion', 'I-Subsumtion', 'I-Subsumtion', 'I-Subsumtion', 'I-Subsumtion', 'I-Subsumtion', 'I-Subsumtion', 'I-Subsumtion', 'I-Subsumtion', 'I-Subsumtion', 'I-Subsumtion', 'I-Subsumtion', 'I-Subsumtion', 'I-Subsumtion', 'I-Subsumtion', 'I-Subsumtion', 'I-Subsumtion', 'I-Subsumtion', 'I-Subsumtion', 'I-Subsumtion', 'I-Subsumtion', 'I-Subsumtion', 'I-Subsumtion', 'I-Subsumtion', 'I-Subsumtion', 'I-Subsumtion', 'I-Subsumtion', 'I-Subsumtion', 'I-Subsumtion', 'I-Subsumtion', 'I-Subsumtion', 'I-Subsumtion', 'I-Subsumtion', 'I-Subsumtion', 'I-Subsumtion', 'I-Subsumtion', 'I-Subsumtion', 'I-Subsumtion', 'I-Subsumtion', 'I-Subsumtion', 'I-Subsumtion', 'I-Subsumtion', 'I-Subsumtion', 'I-Subsumtion', 'I-Subsumtion', 'I-Subsumtion', 'I-Subsumtion', 'I-Subsumtion', 'I-Subsumtion', 'I-Subsumtion', 'I-Subsumtion', 'I-Subsumtion', 'I-Subsumtion', 'I-Subsumtion', 'I-Subsumtion', 'I-Subsumtion', 'I-Subsumtion', 'I-Subsumtion', 'I-Subsumtion', 'I-Subsumtion', 'I-Subsumtion', 'I-Subsumtion', 'I-Subsumtion', 'I-Subsumtion', 'I-Subsumtion', 'I-Subsumtion']
['(', 'b', ')', 'The', 'Government']	['O', 'O', 'O', 'O', 'O']
['47', '.', 'The', 'Government', 'were', 'of', 'the', 'opinion', 'that', 'the', 'authorities', 'had', 'taken', 'all', 'the', 'necessary', 'measures', 'that', 'could', 'reasonably', 'be', 'expected', 'to', 'ensure', 'the', 'child', '’s', 'return', '.', 'It', 'had', 'been', 'due', 'to', 'external', 'circumstances', 'beyond', 'their', 'control', '‒', 'namely', 'the', 'fact', 'that', 'the', 'whereabouts', 'of', 'the', 'father', 'and', 'the', 'child', 'were', 'unknown', '‒', 'that', 'the', 'authorities', 'had', 'been', 'not', 'in', 'a', 'position', 'to', 'enforce', 'the', 'District', 'Court', '’s', 'decision', 'for', 'a', 'long', 'time', '.']	['O', 'O', 'B-Subsumtion', 'I-Subsumtion', 'I-Subsumtion', 'I-Subsumtion', 'I-Subsumtion', 'I-Subsumtion', 'I-Subsumtion', 'I-Subsumtion', 'I-Subsumtion', 'I-Subsumtion', 'I-Subsumtion', 'I-Subsumtion', 'I-Subsumtion', 'I-Subsumtion', 'I-Subsumtion', 'I-Subsumtion', 'I-Subsumtion', 'I-Subsumtion', 'I-Subsumtion', 'I-Subsumtion', 'I-Subsumtion', 'I-Subsumtion', 'I-Subsumtion', 'I-Subsumtion', 'I-Subsumtion', 'I-Subsumtion', 'I-Subsumtion', 'I-Subsumtion', 'I-Subsumtion', 'I-Subsumtion', 'I-Subsumtion', 'I-Subsumtion', 'I-Subsumtion', 'I-Subsumtion', 'I-Subsumtion', 'I-Subsumtion', 'I-Subsumtion', 'I-Subsumtion', 'I-Subsumtion', 'I-Subsumtion', 'I-Subsumtion', 'I-Subsumtion', 'I-Subsumtion', 'I-Subsumtion', 'I-Subsumtion', 'I-Subsumtion', 'I-Subsumtion', 'I-Subsumtion', 'I-Subsumtion', 'I-Subsumtion', 'I-Subsumtion', 'I-Subsumtion', 'I-Subsumtion', 'I-Subsumtion', 'I-Subsumtion', 'I-Subsumtion', 'I-Subsumtion', 'I-Subsumtion', 'I-Subsumtion', 'I-Subsumtion', 'I-Subsumtion', 'I-Subsumtion', 'I-Subsumtion', 'I-Subsumtion', 'I-Subsumtion', 'I-Subsumtion', 'I-Subsumtion', 'I-Subsumtion', 'I-Subsumtion', 'I-Subsumtion', 'I-Subsumtion', 'I-Subsumtion', 'I-Subsumtion', 'I-Subsumtion']
['48', '.', 'The', 'mere', 'fact', 'that', 'the', 'various', 'proceedings', 'had', 'not', 'produced', 'the', 'expected', 'outcome', 'did', 'not', 'mean', 'that', 'the', 'domestic', 'or', 'international', 'undertakings', 'had', 'not', 'been', 'complied', 'with', '.', 'Specific', 'actions', 'had', 'been', 'taken', 'by', 'the', 'authorities', 'in', 'the', 'form', 'of', 'enforcement', 'proceedings', ',', 'the', 'issuance', 'of', 'warrants', 'and', 'several', 'sets', 'of', 'criminal', 'proceedings', '.']	['O', 'O', 'B-Subsumtion', 'I-Subsumtion', 'I-Subsumtion', 'I-Subsumtion', 'I-Subsumtion', 'I-Subsumtion', 'I-Subsumtion', 'I-Subsumtion', 'I-Subsumtion', 'I-Subsumtion', 'I-Subsumtion', 'I-Subsumtion', 'I-Subsumtion', 'I-Subsumtion', 'I-Subsumtion', 'I-Subsumtion', 'I-Subsumtion', 'I-Subsumtion', 'I-Subsumtion', 'I-Subsumtion', 'I-Subsumtion', 'I-Subsumtion', 'I-Subsumtion', 'I-Subsumtion', 'I-Subsumtion', 'I-Subsumtion', 'I-Subsumtion', 'I-Subsumtion', 'I-Subsumtion', 'I-Subsumtion', 'I-Subsumtion', 'I-Subsumtion', 'I-Subsumtion', 'I-Subsumtion', 'I-Subsumtion', 'I-Subsumtion', 'I-Subsumtion', 'I-Subsumtion', 'I-Subsumtion', 'I-Subsumtion', 'I-Subsumtion', 'I-Subsumtion', 'I-Subsumtion', 'I-Subsumtion', 'I-Subsumtion', 'I-Subsumtion', 'I-Subsumtion', 'I-Subsumtion', 'I-Subsumtion', 'I-Subsumtion', 'I-Subsumtion', 'I-Subsumtion', 'I-Subsumtion', 'I-Subsumtion']
['2', '.', 'The', 'Court', '’s', 'assessment']	['O', 'O', 'O', 'O', 'O', 'O']
['49', '.', 'The', 'Court', 'reiterates', 'that', 'a', 'parent', 'and', 'child', '’s', 'mutual', 'enjoyment', 'of', 'each', 'other', '’s', 'company', 'constitutes', 'a', 'fundamental', 'element', 'of', '“', 'family', 'life', '”', 'within', 'the', 'meaning', 'of', 'Article', '8', 'of', 'the', 'Convention', '(', 'see', 'Zdravković', 'v.', 'Serbia', ',', 'no', '.', '28181/11', ',', '§', '60', ',', '20', 'September', '2016', ',', 'and', 'McIlwrath', 'v.', 'Russia', ',', 'no', '.', '60393/13', ',', '§', '121', ',', '18', 'July', '2017', ')', '.', 'It', 'is', 'therefore', 'common', 'ground', 'that', 'the', 'relationship', 'between', 'the', 'applicant', 'and', 'her', 'child', 'falls', 'within', 'the', 'sphere', 'of', 'family', 'life', 'under', 'Article', '8', 'of', 'the', 'Convention', '.', 'That', 'being', 'so', ',', 'the', 'Court', 'must', 'determine', 'whether', 'there', 'has', 'been', 'a', 'failure', 'to', 'respect', 'the', 'applicant', '’s', 'family', 'life', '.', '“', 'Respect', '”', 'for', 'family', 'life', 'implies', 'an', 'obligation', 'for', 'a', 'State', 'to', 'act', 'in', 'a', 'manner', 'calculated', 'to', 'allow', 'these', 'ties', 'to', 'develop', 'normally', '(', 'see', 'Scozzari', 'and', 'Giunta', 'v.', 'Italy', '[', 'GC', ']', ',', 'nos', '.', '39221/98', 'and', '41963/98', ',', '§', '221', ',', 'ECHR', '2000‑VIII', ')', '.']	['O', 'O', 'B-Vorherige Rechtsprechung des EGMR', 'I-Vorherige Rechtsprechung des EGMR', 'I-Vorherige Rechtsprechung des EGMR', 'I-Vorherige Rechtsprechung des EGMR', 'I-Vorherige Rechtsprechung des EGMR', 'I-Vorherige Rechtsprechung des EGMR', 'I-Vorherige Rechtsprechung des EGMR', 'I-Vorherige Rechtsprechung des EGMR', 'I-Vorherige Rechtsprechung des EGMR', 'I-Vorherige Rechtsprechung des EGMR', 'I-Vorherige Rechtsprechung des EGMR', 'I-Vorherige Rechtsprechung des EGMR', 'I-Vorherige Rechtsprechung des EGMR', 'I-Vorherige Rechtsprechung des EGMR', 'I-Vorherige Rechtsprechung des EGMR', 'I-Vorherige Rechtsprechung des EGMR', 'I-Vorherige Rechtsprechung des EGMR', 'I-Vorherige Rechtsprechung des EGMR', 'I-Vorherige Rechtsprechung des EGMR', 'I-Vorherige Rechtsprechung des EGMR', 'I-Vorherige Rechtsprechung des EGMR', 'I-Vorherige Rechtsprechung des EGMR', 'I-Vorherige Rechtsprechung des EGMR', 'I-Vorherige Rechtsprechung des EGMR', 'I-Vorherige Rechtsprechung des EGMR', 'I-Vorherige Rechtsprechung des EGMR', 'I-Vorherige Rechtsprechung des EGMR', 'I-Vorherige Rechtsprechung des EGMR', 'I-Vorherige Rechtsprechung des EGMR', 'I-Vorherige Rechtsprechung des EGMR', 'I-Vorherige Rechtsprechung des EGMR', 'I-Vorherige Rechtsprechung des EGMR', 'I-Vorherige Rechtsprechung des EGMR', 'I-Vorherige Rechtsprechung des EGMR', 'I-Vorherige Rechtsprechung des EGMR', 'I-Vorherige Rechtsprechung des EGMR', 'I-Vorherige Rechtsprechung des EGMR', 'I-Vorherige Rechtsprechung des EGMR', 'I-Vorherige Rechtsprechung des EGMR', 'I-Vorherige Rechtsprechung des EGMR', 'I-Vorherige Rechtsprechung des EGMR', 'I-Vorherige Rechtsprechung des EGMR', 'I-Vorherige Rechtsprechung des EGMR', 'I-Vorherige Rechtsprechung des EGMR', 'I-Vorherige Rechtsprechung des EGMR', 'I-Vorherige Rechtsprechung des EGMR', 'I-Vorherige Rechtsprechung des EGMR', 'I-Vorherige Rechtsprechung des EGMR', 'I-Vorherige Rechtsprechung des EGMR', 'I-Vorherige Rechtsprechung des EGMR', 'I-Vorherige Rechtsprechung des EGMR', 'I-Vorherige Rechtsprechung des EGMR', 'I-Vorherige Rechtsprechung des EGMR', 'I-Vorherige Rechtsprechung des EGMR', 'I-Vorherige Rechtsprechung des EGMR', 'I-Vorherige Rechtsprechung des EGMR', 'I-Vorherige Rechtsprechung des EGMR', 'I-Vorherige Rechtsprechung des EGMR', 'I-Vorherige Rechtsprechung des EGMR', 'I-Vorherige Rechtsprechung des EGMR', 'I-Vorherige Rechtsprechung des EGMR', 'I-Vorherige Rechtsprechung des EGMR', 'I-Vorherige Rechtsprechung des EGMR', 'I-Vorherige Rechtsprechung des EGMR', 'I-Vorherige Rechtsprechung des EGMR', 'I-Vorherige Rechtsprechung des EGMR', 'I-Vorherige Rechtsprechung des EGMR', 'I-Vorherige Rechtsprechung des EGMR', 'I-Vorherige Rechtsprechung des EGMR', 'I-Vorherige Rechtsprechung des EGMR', 'I-Vorherige Rechtsprechung des EGMR', 'I-Vorherige Rechtsprechung des EGMR', 'I-Vorherige Rechtsprechung des EGMR', 'I-Vorherige Rechtsprechung des EGMR', 'I-Vorherige Rechtsprechung des EGMR', 'I-Vorherige Rechtsprechung des EGMR', 'I-Vorherige Rechtsprechung des EGMR', 'I-Vorherige Rechtsprechung des EGMR', 'I-Vorherige Rechtsprechung des EGMR', 'I-Vorherige Rechtsprechung des EGMR', 'I-Vorherige Rechtsprechung des EGMR', 'I-Vorherige Rechtsprechung des EGMR', 'I-Vorherige Rechtsprechung des EGMR', 'I-Vorherige Rechtsprechung des EGMR', 'I-Vorherige Rechtsprechung des EGMR', 'I-Vorherige Rechtsprechung des EGMR', 'I-Vorherige Rechtsprechung des EGMR', 'I-Vorherige Rechtsprechung des EGMR', 'I-Vorherige Rechtsprechung des EGMR', 'I-Vorherige Rechtsprechung des EGMR', 'I-Vorherige Rechtsprechung des EGMR', 'I-Vorherige Rechtsprechung des EGMR', 'I-Vorherige Rechtsprechung des EGMR', 'I-Vorherige Rechtsprechung des EGMR', 'I-Vorherige Rechtsprechung des EGMR', 'I-Vorherige Rechtsprechung des EGMR', 'I-Vorherige Rechtsprechung des EGMR', 'I-Vorherige Rechtsprechung des EGMR', 'I-Vorherige Rechtsprechung des EGMR', 'I-Vorherige Rechtsprechung des EGMR', 'I-Vorherige Rechtsprechung des EGMR', 'I-Vorherige Rechtsprechung des EGMR', 'I-Vorherige Rechtsprechung des EGMR', 'I-Vorherige Rechtsprechung des EGMR', 'I-Vorherige Rechtsprechung des EGMR', 'I-Vorherige Rechtsprechung des EGMR', 'I-Vorherige Rechtsprechung des EGMR', 'I-Vorherige Rechtsprechung des EGMR', 'I-Vorherige Rechtsprechung des EGMR', 'I-Vorherige Rechtsprechung des EGMR', 'I-Vorherige Rechtsprechung des EGMR', 'I-Vorherige Rechtsprechung des EGMR', 'I-Vorherige Rechtsprechung des EGMR', 'I-Vorherige Rechtsprechung des EGMR', 'I-Vorherige Rechtsprechung des EGMR', 'I-Vorherige Rechtsprechung des EGMR', 'I-Vorherige Rechtsprechung des EGMR', 'I-Vorherige Rechtsprechung des EGMR', 'I-Vorherige Rechtsprechung des EGMR', 'I-Vorherige Rechtsprechung des EGMR', 'I-Vorherige Rechtsprechung des EGMR', 'I-Vorherige Rechtsprechung des EGMR', 'I-Vorherige Rechtsprechung des EGMR', 'I-Vorherige Rechtsprechung des EGMR', 'I-Vorherige Rechtsprechung des EGMR', 'I-Vorherige Rechtsprechung des EGMR', 'I-Vorherige Rechtsprechung des EGMR', 'I-Vorherige Rechtsprechung des EGMR', 'I-Vorherige Rechtsprechung des EGMR', 'I-Vorherige Rechtsprechung des EGMR', 'I-Vorherige Rechtsprechung des EGMR', 'I-Vorherige Rechtsprechung des EGMR', 'I-Vorherige Rechtsprechung des EGMR', 'I-Vorherige Rechtsprechung des EGMR', 'I-Vorherige Rechtsprechung des EGMR', 'I-Vorherige Rechtsprechung des EGMR', 'I-Vorherige Rechtsprechung des EGMR', 'I-Vorherige Rechtsprechung des EGMR', 'I-Vorherige Rechtsprechung des EGMR', 'I-Vorherige Rechtsprechung des EGMR', 'I-Vorherige Rechtsprechung des EGMR', 'I-Vorherige Rechtsprechung des EGMR', 'I-Vorherige Rechtsprechung des EGMR', 'I-Vorherige Rechtsprechung des EGMR', 'I-Vorherige Rechtsprechung des EGMR', 'I-Vorherige Rechtsprechung des EGMR', 'I-Vorherige Rechtsprechung des EGMR', 'I-Vorherige Rechtsprechung des EGMR', 'I-Vorherige Rechtsprechung des EGMR', 'I-Vorherige Rechtsprechung des EGMR', 'I-Vorherige Rechtsprechung des EGMR', 'I-Vorherige Rechtsprechung des EGMR', 'I-Vorherige Rechtsprechung des EGMR', 'I-Vorherige Rechtsprechung des EGMR', 'I-Vorherige Rechtsprechung des EGMR', 'I-Vorherige Rechtsprechung des EGMR', 'I-Vorherige Rechtsprechung des EGMR', 'I-Vorherige Rechtsprechung des EGMR', 'I-Vorherige Rechtsprechung des EGMR', 'I-Vorherige Rechtsprechung des EGMR', 'I-Vorherige Rechtsprechung des EGMR', 'I-Vorherige Rechtsprechung des EGMR', 'I-Vorherige Rechtsprechung des EGMR', 'I-Vorherige Rechtsprechung des EGMR', 'I-Vorherige Rechtsprechung des EGMR', 'I-Vorherige Rechtsprechung des EGMR', 'I-Vorherige Rechtsprechung des EGMR']
['50', '.', 'Moreover', ',', 'even', 'though', 'the', 'primary', 'object', 'of', 'Article', '8', 'is', 'to', 'protect', 'the', 'individual', 'against', 'arbitrary', 'action', 'by', 'public', 'authorities', ',', 'there', 'are', ',', 'in', 'addition', ',', 'positive', 'obligations', 'inherent', 'in', 'an', 'effective', '“', 'respect', '”', 'for', 'family', 'life', '.', 'In', 'both', 'contexts', ',', 'regard', 'must', 'be', 'had', 'to', 'the', 'fair', 'balance', 'to', 'be', 'struck', 'between', 'the', 'competing', 'interests', 'of', 'the', 'individual', 'and', 'of', 'the', 'community', 'as', 'a', 'whole', ';', 'in', 'both', 'contexts', 'the', 'State', 'enjoys', 'a', 'certain', 'margin', 'of', 'appreciation', '(', 'see', 'Zdravković', ',', 'cited', 'above', ',', '§', '61', ')', '.']	['O', 'O', 'B-Vorherige Rechtsprechung des EGMR', 'I-Vorherige Rechtsprechung des EGMR', 'I-Vorherige Rechtsprechung des EGMR', 'I-Vorherige Rechtsprechung des EGMR', 'I-Vorherige Rechtsprechung des EGMR', 'I-Vorherige Rechtsprechung des EGMR', 'I-Vorherige Rechtsprechung des EGMR', 'I-Vorherige Rechtsprechung des EGMR', 'I-Vorherige Rechtsprechung des EGMR', 'I-Vorherige Rechtsprechung des EGMR', 'I-Vorherige Rechtsprechung des EGMR', 'I-Vorherige Rechtsprechung des EGMR', 'I-Vorherige Rechtsprechung des EGMR', 'I-Vorherige Rechtsprechung des EGMR', 'I-Vorherige Rechtsprechung des EGMR', 'I-Vorherige Rechtsprechung des EGMR', 'I-Vorherige Rechtsprechung des EGMR', 'I-Vorherige Rechtsprechung des EGMR', 'I-Vorherige Rechtsprechung des EGMR', 'I-Vorherige Rechtsprechung des EGMR', 'I-Vorherige Rechtsprechung des EGMR', 'I-Vorherige Rechtsprechung des EGMR', 'I-Vorherige Rechtsprechung des EGMR', 'I-Vorherige Rechtsprechung des EGMR', 'I-Vorherige Rechtsprechung des EGMR', 'I-Vorherige Rechtsprechung des EGMR', 'I-Vorherige Rechtsprechung des EGMR', 'I-Vorherige Rechtsprechung des EGMR', 'I-Vorherige Rechtsprechung des EGMR', 'I-Vorherige Rechtsprechung des EGMR', 'I-Vorherige Rechtsprechung des EGMR', 'I-Vorherige Rechtsprechung des EGMR', 'I-Vorherige Rechtsprechung des EGMR', 'I-Vorherige Rechtsprechung des EGMR', 'I-Vorherige Rechtsprechung des EGMR', 'I-Vorherige Rechtsprechung des EGMR', 'I-Vorherige Rechtsprechung des EGMR', 'I-Vorherige Rechtsprechung des EGMR', 'I-Vorherige Rechtsprechung des EGMR', 'I-Vorherige Rechtsprechung des EGMR', 'I-Vorherige Rechtsprechung des EGMR', 'I-Vorherige Rechtsprechung des EGMR', 'I-Vorherige Rechtsprechung des EGMR', 'I-Vorherige Rechtsprechung des EGMR', 'I-Vorherige Rechtsprechung des EGMR', 'I-Vorherige Rechtsprechung des EGMR', 'I-Vorherige Rechtsprechung des EGMR', 'I-Vorherige Rechtsprechung des EGMR', 'I-Vorherige Rechtsprechung des EGMR', 'I-Vorherige Rechtsprechung des EGMR', 'I-Vorherige Rechtsprechung des EGMR', 'I-Vorherige Rechtsprechung des EGMR', 'I-Vorherige Rechtsprechung des EGMR', 'I-Vorherige Rechtsprechung des EGMR', 'I-Vorherige Rechtsprechung des EGMR', 'I-Vorherige Rechtsprechung des EGMR', 'I-Vorherige Rechtsprechung des EGMR', 'I-Vorherige Rechtsprechung des EGMR', 'I-Vorherige Rechtsprechung des EGMR', 'I-Vorherige Rechtsprechung des EGMR', 'I-Vorherige Rechtsprechung des EGMR', 'I-Vorherige Rechtsprechung des EGMR', 'I-Vorherige Rechtsprechung des EGMR', 'I-Vorherige Rechtsprechung des EGMR', 'I-Vorherige Rechtsprechung des EGMR', 'I-Vorherige Rechtsprechung des EGMR', 'I-Vorherige Rechtsprechung des EGMR', 'I-Vorherige Rechtsprechung des EGMR', 'I-Vorherige Rechtsprechung des EGMR', 'I-Vorherige Rechtsprechung des EGMR', 'I-Vorherige Rechtsprechung des EGMR', 'I-Vorherige Rechtsprechung des EGMR', 'I-Vorherige Rechtsprechung des EGMR', 'I-Vorherige Rechtsprechung des EGMR', 'I-Vorherige Rechtsprechung des EGMR', 'I-Vorherige Rechtsprechung des EGMR', 'I-Vorherige Rechtsprechung des EGMR', 'I-Vorherige Rechtsprechung des EGMR', 'I-Vorherige Rechtsprechung des EGMR', 'I-Vorherige Rechtsprechung des EGMR', 'I-Vorherige Rechtsprechung des EGMR', 'I-Vorherige Rechtsprechung des EGMR', 'I-Vorherige Rechtsprechung des EGMR', 'I-Vorherige Rechtsprechung des EGMR', 'I-Vorherige Rechtsprechung des EGMR', 'I-Vorherige Rechtsprechung des EGMR', 'I-Vorherige Rechtsprechung des EGMR', 'I-Vorherige Rechtsprechung des EGMR', 'I-Vorherige Rechtsprechung des EGMR', 'I-Vorherige Rechtsprechung des EGMR', 'I-Vorherige Rechtsprechung des EGMR', 'I-Vorherige Rechtsprechung des EGMR', 'I-Vorherige Rechtsprechung des EGMR']
['51', '.', 'As', 'to', 'the', 'State', '’s', 'obligation', 'to', 'take', 'positive', 'measures', ',', 'the', 'Court', 'has', 'repeatedly', 'held', 'that', 'Article', '8', 'includes', 'a', 'right', 'for', 'parents', 'to', 'measures', 'that', 'will', 'enable', 'them', 'to', 'be', 'reunited', 'with', 'their', 'children', 'and', 'an', 'obligation', 'on', 'the', 'national', 'authorities', 'to', 'take', 'such', 'measures', '(', 'see', ',', 'among', 'other', 'authorities', ',', 'Iglesias', 'Gil', 'and', 'A.U.I.', 'v.', 'Spain', ',', 'no', '.', '56673/00', ',', '§', '49', ',', 'ECHR', '2003‑V', ')', '.']	['O', 'O', 'B-Vorherige Rechtsprechung des EGMR', 'I-Vorherige Rechtsprechung des EGMR', 'I-Vorherige Rechtsprechung des EGMR', 'I-Vorherige Rechtsprechung des EGMR', 'I-Vorherige Rechtsprechung des EGMR', 'I-Vorherige Rechtsprechung des EGMR', 'I-Vorherige Rechtsprechung des EGMR', 'I-Vorherige Rechtsprechung des EGMR', 'I-Vorherige Rechtsprechung des EGMR', 'I-Vorherige Rechtsprechung des EGMR', 'I-Vorherige Rechtsprechung des EGMR', 'I-Vorherige Rechtsprechung des EGMR', 'I-Vorherige Rechtsprechung des EGMR', 'I-Vorherige Rechtsprechung des EGMR', 'I-Vorherige Rechtsprechung des EGMR', 'I-Vorherige Rechtsprechung des EGMR', 'I-Vorherige Rechtsprechung des EGMR', 'I-Vorherige Rechtsprechung des EGMR', 'I-Vorherige Rechtsprechung des EGMR', 'I-Vorherige Rechtsprechung des EGMR', 'I-Vorherige Rechtsprechung des EGMR', 'I-Vorherige Rechtsprechung des EGMR', 'I-Vorherige Rechtsprechung des EGMR', 'I-Vorherige Rechtsprechung des EGMR', 'I-Vorherige Rechtsprechung des EGMR', 'I-Vorherige Rechtsprechung des EGMR', 'I-Vorherige Rechtsprechung des EGMR', 'I-Vorherige Rechtsprechung des EGMR', 'I-Vorherige Rechtsprechung des EGMR', 'I-Vorherige Rechtsprechung des EGMR', 'I-Vorherige Rechtsprechung des EGMR', 'I-Vorherige Rechtsprechung des EGMR', 'I-Vorherige Rechtsprechung des EGMR', 'I-Vorherige Rechtsprechung des EGMR', 'I-Vorherige Rechtsprechung des EGMR', 'I-Vorherige Rechtsprechung des EGMR', 'I-Vorherige Rechtsprechung des EGMR', 'I-Vorherige Rechtsprechung des EGMR', 'I-Vorherige Rechtsprechung des EGMR', 'I-Vorherige Rechtsprechung des EGMR', 'I-Vorherige Rechtsprechung des EGMR', 'I-Vorherige Rechtsprechung des EGMR', 'I-Vorherige Rechtsprechung des EGMR', 'I-Vorherige Rechtsprechung des EGMR', 'I-Vorherige Rechtsprechung des EGMR', 'I-Vorherige Rechtsprechung des EGMR', 'I-Vorherige Rechtsprechung des EGMR', 'I-Vorherige Rechtsprechung des EGMR', 'I-Vorherige Rechtsprechung des EGMR', 'I-Vorherige Rechtsprechung des EGMR', 'I-Vorherige Rechtsprechung des EGMR', 'I-Vorherige Rechtsprechung des EGMR', 'I-Vorherige Rechtsprechung des EGMR', 'I-Vorherige Rechtsprechung des EGMR', 'I-Vorherige Rechtsprechung des EGMR', 'I-Vorherige Rechtsprechung des EGMR', 'I-Vorherige Rechtsprechung des EGMR', 'I-Vorherige Rechtsprechung des EGMR', 'I-Vorherige Rechtsprechung des EGMR', 'I-Vorherige Rechtsprechung des EGMR', 'I-Vorherige Rechtsprechung des EGMR', 'I-Vorherige Rechtsprechung des EGMR', 'I-Vorherige Rechtsprechung des EGMR', 'I-Vorherige Rechtsprechung des EGMR', 'I-Vorherige Rechtsprechung des EGMR', 'I-Vorherige Rechtsprechung des EGMR', 'I-Vorherige Rechtsprechung des EGMR', 'I-Vorherige Rechtsprechung des EGMR', 'I-Vorherige Rechtsprechung des EGMR', 'I-Vorherige Rechtsprechung des EGMR', 'I-Vorherige Rechtsprechung des EGMR', 'I-Vorherige Rechtsprechung des EGMR']
['52', '.', 'However', ',', 'the', 'national', 'authorities', '’', 'obligation', 'to', 'take', 'measures', 'to', 'facilitate', 'reunion', 'is', 'not', 'absolute', '.', 'The', 'nature', 'and', 'extent', 'of', 'such', 'measures', 'will', 'depend', 'on', 'the', 'circumstances', 'of', 'each', 'case', ',', 'but', 'the', 'understanding', 'and', 'cooperation', 'of', 'all', 'concerned', 'are', 'always', 'an', 'important', 'ingredient', '.', 'Whilst', 'national', 'authorities', 'must', 'do', 'their', 'utmost', 'to', 'facilitate', 'such', 'cooperation', ',', 'any', 'obligation', 'to', 'apply', 'coercion', 'in', 'this', 'area', 'must', 'be', 'limited', ',', 'since', 'the', 'interests', 'as', 'well', 'as', 'the', 'rights', 'and', 'freedoms', 'of', 'all', 'concerned', 'must', 'be', 'taken', 'into', 'account', ',', 'and', 'more', 'particularly', 'the', 'best', 'interests', 'of', 'the', 'child', 'and', 'his', 'or', 'her', 'rights', 'under', 'Article', '8', 'of', 'the', 'Convention', '.', 'Where', 'contacts', 'with', 'the', 'parent', 'might', 'appear', 'to', 'threaten', 'those', 'interests', 'or', 'interfere', 'with', 'those', 'rights', ',', 'it', 'is', 'for', 'the', 'national', 'authorities', 'to', 'strike', 'a', 'fair', 'balance', 'between', 'them', '(', 'see', 'Iglesias', 'Gil', 'and', 'A.U.I.', ',', 'cited', 'above', ',', '§', '50', ')', '.', 'Thus', ',', 'the', 'reunion', 'of', 'a', 'parent', 'with', 'a', 'child', 'who', 'has', 'lived', 'for', 'some', 'time', 'with', 'the', 'other', 'parent', 'may', 'not', 'be', 'able', 'to', 'take', 'place', 'immediately', 'and', 'may', 'require', 'preparatory', 'measures', 'to', 'be', 'taken', '(', 'see', 'Sylvester', 'v.', 'Austria', ',', 'nos', '.', '36812/97', 'and', '40104/98', ',', '§', '58', ',', '24', 'April', '2003', ')', '.']	['O', 'O', 'B-Vorherige Rechtsprechung des EGMR', 'I-Vorherige Rechtsprechung des EGMR', 'I-Vorherige Rechtsprechung des EGMR', 'I-Vorherige Rechtsprechung des EGMR', 'I-Vorherige Rechtsprechung des EGMR', 'I-Vorherige Rechtsprechung des EGMR', 'I-Vorherige Rechtsprechung des EGMR', 'I-Vorherige Rechtsprechung des EGMR', 'I-Vorherige Rechtsprechung des EGMR', 'I-Vorherige Rechtsprechung des EGMR', 'I-Vorherige Rechtsprechung des EGMR', 'I-Vorherige Rechtsprechung des EGMR', 'I-Vorherige Rechtsprechung des EGMR', 'I-Vorherige Rechtsprechung des EGMR', 'I-Vorherige Rechtsprechung des EGMR', 'I-Vorherige Rechtsprechung des EGMR', 'I-Vorherige Rechtsprechung des EGMR', 'I-Vorherige Rechtsprechung des EGMR', 'I-Vorherige Rechtsprechung des EGMR', 'I-Vorherige Rechtsprechung des EGMR', 'I-Vorherige Rechtsprechung des EGMR', 'I-Vorherige Rechtsprechung des EGMR', 'I-Vorherige Rechtsprechung des EGMR', 'I-Vorherige Rechtsprechung des EGMR', 'I-Vorherige Rechtsprechung des EGMR', 'I-Vorherige Rechtsprechung des EGMR', 'I-Vorherige Rechtsprechung des EGMR', 'I-Vorherige Rechtsprechung des EGMR', 'I-Vorherige Rechtsprechung des EGMR', 'I-Vorherige Rechtsprechung des EGMR', 'I-Vorherige Rechtsprechung des EGMR', 'I-Vorherige Rechtsprechung des EGMR', 'I-Vorherige Rechtsprechung des EGMR', 'I-Vorherige Rechtsprechung des EGMR', 'I-Vorherige Rechtsprechung des EGMR', 'I-Vorherige Rechtsprechung des EGMR', 'I-Vorherige Rechtsprechung des EGMR', 'I-Vorherige Rechtsprechung des EGMR', 'I-Vorherige Rechtsprechung des EGMR', 'I-Vorherige Rechtsprechung des EGMR', 'I-Vorherige Rechtsprechung des EGMR', 'I-Vorherige Rechtsprechung des EGMR', 'I-Vorherige Rechtsprechung des EGMR', 'I-Vorherige Rechtsprechung des EGMR', 'I-Vorherige Rechtsprechung des EGMR', 'I-Vorherige Rechtsprechung des EGMR', 'I-Vorherige Rechtsprechung des EGMR', 'I-Vorherige Rechtsprechung des EGMR', 'I-Vorherige Rechtsprechung des EGMR', 'I-Vorherige Rechtsprechung des EGMR', 'I-Vorherige Rechtsprechung des EGMR', 'I-Vorherige Rechtsprechung des EGMR', 'I-Vorherige Rechtsprechung des EGMR', 'I-Vorherige Rechtsprechung des EGMR', 'I-Vorherige Rechtsprechung des EGMR', 'I-Vorherige Rechtsprechung des EGMR', 'I-Vorherige Rechtsprechung des EGMR', 'I-Vorherige Rechtsprechung des EGMR', 'I-Vorherige Rechtsprechung des EGMR', 'I-Vorherige Rechtsprechung des EGMR', 'I-Vorherige Rechtsprechung des EGMR', 'I-Vorherige Rechtsprechung des EGMR', 'I-Vorherige Rechtsprechung des EGMR', 'I-Vorherige Rechtsprechung des EGMR', 'I-Vorherige Rechtsprechung des EGMR', 'I-Vorherige Rechtsprechung des EGMR', 'I-Vorherige Rechtsprechung des EGMR', 'I-Vorherige Rechtsprechung des EGMR', 'I-Vorherige Rechtsprechung des EGMR', 'I-Vorherige Rechtsprechung des EGMR', 'I-Vorherige Rechtsprechung des EGMR', 'I-Vorherige Rechtsprechung des EGMR', 'I-Vorherige Rechtsprechung des EGMR', 'I-Vorherige Rechtsprechung des EGMR', 'I-Vorherige Rechtsprechung des EGMR', 'I-Vorherige Rechtsprechung des EGMR', 'I-Vorherige Rechtsprechung des EGMR', 'I-Vorherige Rechtsprechung des EGMR', 'I-Vorherige Rechtsprechung des EGMR', 'I-Vorherige Rechtsprechung des EGMR', 'I-Vorherige Rechtsprechung des EGMR', 'I-Vorherige Rechtsprechung des EGMR', 'I-Vorherige Rechtsprechung des EGMR', 'I-Vorherige Rechtsprechung des EGMR', 'I-Vorherige Rechtsprechung des EGMR', 'I-Vorherige Rechtsprechung des EGMR', 'I-Vorherige Rechtsprechung des EGMR', 'I-Vorherige Rechtsprechung des EGMR', 'I-Vorherige Rechtsprechung des EGMR', 'I-Vorherige Rechtsprechung des EGMR', 'I-Vorherige Rechtsprechung des EGMR', 'I-Vorherige Rechtsprechung des EGMR', 'I-Vorherige Rechtsprechung des EGMR', 'I-Vorherige Rechtsprechung des EGMR', 'I-Vorherige Rechtsprechung des EGMR', 'I-Vorherige Rechtsprechung des EGMR', 'I-Vorherige Rechtsprechung des EGMR', 'I-Vorherige Rechtsprechung des EGMR', 'I-Vorherige Rechtsprechung des EGMR', 'I-Vorherige Rechtsprechung des EGMR', 'I-Vorherige Rechtsprechung des EGMR', 'I-Vorherige Rechtsprechung des EGMR', 'I-Vorherige Rechtsprechung des EGMR', 'I-Vorherige Rechtsprechung des EGMR', 'I-Vorherige Rechtsprechung des EGMR', 'I-Vorherige Rechtsprechung des EGMR', 'I-Vorherige Rechtsprechung des EGMR', 'I-Vorherige Rechtsprechung des EGMR', 'I-Vorherige Rechtsprechung des EGMR', 'I-Vorherige Rechtsprechung des EGMR', 'I-Vorherige Rechtsprechung des EGMR', 'I-Vorherige Rechtsprechung des EGMR', 'I-Vorherige Rechtsprechung des EGMR', 'I-Vorherige Rechtsprechung des EGMR', 'I-Vorherige Rechtsprechung des EGMR', 'I-Vorherige Rechtsprechung des EGMR', 'I-Vorherige Rechtsprechung des EGMR', 'I-Vorherige Rechtsprechung des EGMR', 'I-Vorherige Rechtsprechung des EGMR', 'I-Vorherige Rechtsprechung des EGMR', 'I-Vorherige Rechtsprechung des EGMR', 'I-Vorherige Rechtsprechung des EGMR', 'I-Vorherige Rechtsprechung des EGMR', 'I-Vorherige Rechtsprechung des EGMR', 'I-Vorherige Rechtsprechung des EGMR', 'I-Vorherige Rechtsprechung des EGMR', 'I-Vorherige Rechtsprechung des EGMR', 'I-Vorherige Rechtsprechung des EGMR', 'I-Vorherige Rechtsprechung des EGMR', 'I-Vorherige Rechtsprechung des EGMR', 'I-Vorherige Rechtsprechung des EGMR', 'I-Vorherige Rechtsprechung des EGMR', 'I-Vorherige Rechtsprechung des EGMR', 'I-Vorherige Rechtsprechung des EGMR', 'I-Vorherige Rechtsprechung des EGMR', 'I-Vorherige Rechtsprechung des EGMR', 'I-Vorherige Rechtsprechung des EGMR', 'I-Vorherige Rechtsprechung des EGMR', 'I-Vorherige Rechtsprechung des EGMR', 'I-Vorherige Rechtsprechung des EGMR', 'I-Vorherige Rechtsprechung des EGMR', 'I-Vorherige Rechtsprechung des EGMR', 'I-Vorherige Rechtsprechung des EGMR', 'I-Vorherige Rechtsprechung des EGMR', 'I-Vorherige Rechtsprechung des EGMR', 'I-Vorherige Rechtsprechung des EGMR', 'I-Vorherige Rechtsprechung des EGMR', 'I-Vorherige Rechtsprechung des EGMR', 'I-Vorherige Rechtsprechung des EGMR', 'I-Vorherige Rechtsprechung des EGMR', 'I-Vorherige Rechtsprechung des EGMR', 'I-Vorherige Rechtsprechung des EGMR', 'I-Vorherige Rechtsprechung des EGMR', 'I-Vorherige Rechtsprechung des EGMR', 'I-Vorherige Rechtsprechung des EGMR', 'I-Vorherige Rechtsprechung des EGMR', 'I-Vorherige Rechtsprechung des EGMR', 'I-Vorherige Rechtsprechung des EGMR', 'I-Vorherige Rechtsprechung des EGMR', 'I-Vorherige Rechtsprechung des EGMR', 'I-Vorherige Rechtsprechung des EGMR', 'I-Vorherige Rechtsprechung des EGMR', 'I-Vorherige Rechtsprechung des EGMR', 'I-Vorherige Rechtsprechung des EGMR', 'I-Vorherige Rechtsprechung des EGMR', 'I-Vorherige Rechtsprechung des EGMR', 'I-Vorherige Rechtsprechung des EGMR', 'I-Vorherige Rechtsprechung des EGMR', 'I-Vorherige Rechtsprechung des EGMR', 'I-Vorherige Rechtsprechung des EGMR', 'I-Vorherige Rechtsprechung des EGMR', 'I-Vorherige Rechtsprechung des EGMR', 'I-Vorherige Rechtsprechung des EGMR', 'I-Vorherige Rechtsprechung des EGMR', 'I-Vorherige Rechtsprechung des EGMR', 'I-Vorherige Rechtsprechung des EGMR', 'I-Vorherige Rechtsprechung des EGMR', 'I-Vorherige Rechtsprechung des EGMR', 'I-Vorherige Rechtsprechung des EGMR', 'I-Vorherige Rechtsprechung des EGMR', 'I-Vorherige Rechtsprechung des EGMR', 'I-Vorherige Rechtsprechung des EGMR', 'I-Vorherige Rechtsprechung des EGMR', 'I-Vorherige Rechtsprechung des EGMR', 'I-Vorherige Rechtsprechung des EGMR', 'I-Vorherige Rechtsprechung des EGMR', 'I-Vorherige Rechtsprechung des EGMR', 'I-Vorherige Rechtsprechung des EGMR', 'I-Vorherige Rechtsprechung des EGMR', 'I-Vorherige Rechtsprechung des EGMR', 'I-Vorherige Rechtsprechung des EGMR', 'I-Vorherige Rechtsprechung des EGMR', 'I-Vorherige Rechtsprechung des EGMR', 'I-Vorherige Rechtsprechung des EGMR', 'I-Vorherige Rechtsprechung des EGMR', 'I-Vorherige Rechtsprechung des EGMR', 'I-Vorherige Rechtsprechung des EGMR', 'I-Vorherige Rechtsprechung des EGMR', 'I-Vorherige Rechtsprechung des EGMR', 'I-Vorherige Rechtsprechung des EGMR', 'I-Vorherige Rechtsprechung des EGMR', 'I-Vorherige Rechtsprechung des EGMR', 'I-Vorherige Rechtsprechung des EGMR', 'I-Vorherige Rechtsprechung des EGMR', 'I-Vorherige Rechtsprechung des EGMR', 'I-Vorherige Rechtsprechung des EGMR', 'I-Vorherige Rechtsprechung des EGMR', 'I-Vorherige Rechtsprechung des EGMR', 'I-Vorherige Rechtsprechung des EGMR', 'I-Vorherige Rechtsprechung des EGMR', 'I-Vorherige Rechtsprechung des EGMR']
['53', '.', 'In', 'cases', 'of', 'this', 'kind', 'the', 'adequacy', 'of', 'a', 'measure', 'is', 'to', 'be', 'judged', 'by', 'the', 'swiftness', 'of', 'its', 'implementation', 'as', 'the', 'passage', 'of', 'time', 'can', 'have', 'irremediable', 'consequences', 'for', 'relations', 'between', 'the', 'child', 'and', 'the', 'parent', 'who', 'does', 'not', 'live', 'with', 'him', 'or', 'her', '.', 'The', 'Court', 'notes', 'that', 'Article', '11', 'of', 'the', 'Hague', 'Convention', 'requires', 'the', 'judicial', 'or', 'administrative', 'authorities', 'concerned', 'to', 'act', 'expeditiously', 'in', 'proceedings', 'for', 'the', 'return', 'of', 'children', 'and', 'any', 'inaction', 'lasting', 'more', 'than', 'six', 'weeks', 'may', 'give', 'rise', 'to', 'a', 'request', 'for', 'a', 'statement', 'of', 'reasons', 'for', 'the', 'delay', '(', 'see', 'Ignaccolo', '-', 'Zenide', 'v.', 'Romania', ',', 'no', '.', '31679/96', ',', '§', '102', ',', 'ECHR', '2000‑I', ')', '.']	['O', 'O', 'B-Vorherige Rechtsprechung des EGMR', 'I-Vorherige Rechtsprechung des EGMR', 'I-Vorherige Rechtsprechung des EGMR', 'I-Vorherige Rechtsprechung des EGMR', 'I-Vorherige Rechtsprechung des EGMR', 'I-Vorherige Rechtsprechung des EGMR', 'I-Vorherige Rechtsprechung des EGMR', 'I-Vorherige Rechtsprechung des EGMR', 'I-Vorherige Rechtsprechung des EGMR', 'I-Vorherige Rechtsprechung des EGMR', 'I-Vorherige Rechtsprechung des EGMR', 'I-Vorherige Rechtsprechung des EGMR', 'I-Vorherige Rechtsprechung des EGMR', 'I-Vorherige Rechtsprechung des EGMR', 'I-Vorherige Rechtsprechung des EGMR', 'I-Vorherige Rechtsprechung des EGMR', 'I-Vorherige Rechtsprechung des EGMR', 'I-Vorherige Rechtsprechung des EGMR', 'I-Vorherige Rechtsprechung des EGMR', 'I-Vorherige Rechtsprechung des EGMR', 'I-Vorherige Rechtsprechung des EGMR', 'I-Vorherige Rechtsprechung des EGMR', 'I-Vorherige Rechtsprechung des EGMR', 'I-Vorherige Rechtsprechung des EGMR', 'I-Vorherige Rechtsprechung des EGMR', 'I-Vorherige Rechtsprechung des EGMR', 'I-Vorherige Rechtsprechung des EGMR', 'I-Vorherige Rechtsprechung des EGMR', 'I-Vorherige Rechtsprechung des EGMR', 'I-Vorherige Rechtsprechung des EGMR', 'I-Vorherige Rechtsprechung des EGMR', 'I-Vorherige Rechtsprechung des EGMR', 'I-Vorherige Rechtsprechung des EGMR', 'I-Vorherige Rechtsprechung des EGMR', 'I-Vorherige Rechtsprechung des EGMR', 'I-Vorherige Rechtsprechung des EGMR', 'I-Vorherige Rechtsprechung des EGMR', 'I-Vorherige Rechtsprechung des EGMR', 'I-Vorherige Rechtsprechung des EGMR', 'I-Vorherige Rechtsprechung des EGMR', 'I-Vorherige Rechtsprechung des EGMR', 'I-Vorherige Rechtsprechung des EGMR', 'I-Vorherige Rechtsprechung des EGMR', 'I-Vorherige Rechtsprechung des EGMR', 'I-Vorherige Rechtsprechung des EGMR', 'I-Vorherige Rechtsprechung des EGMR', 'I-Vorherige Rechtsprechung des EGMR', 'I-Vorherige Rechtsprechung des EGMR', 'I-Vorherige Rechtsprechung des EGMR', 'I-Vorherige Rechtsprechung des EGMR', 'I-Vorherige Rechtsprechung des EGMR', 'I-Vorherige Rechtsprechung des EGMR', 'I-Vorherige Rechtsprechung des EGMR', 'I-Vorherige Rechtsprechung des EGMR', 'I-Vorherige Rechtsprechung des EGMR', 'I-Vorherige Rechtsprechung des EGMR', 'I-Vorherige Rechtsprechung des EGMR', 'I-Vorherige Rechtsprechung des EGMR', 'I-Vorherige Rechtsprechung des EGMR', 'I-Vorherige Rechtsprechung des EGMR', 'I-Vorherige Rechtsprechung des EGMR', 'I-Vorherige Rechtsprechung des EGMR', 'I-Vorherige Rechtsprechung des EGMR', 'I-Vorherige Rechtsprechung des EGMR', 'I-Vorherige Rechtsprechung des EGMR', 'I-Vorherige Rechtsprechung des EGMR', 'I-Vorherige Rechtsprechung des EGMR', 'I-Vorherige Rechtsprechung des EGMR', 'I-Vorherige Rechtsprechung des EGMR', 'I-Vorherige Rechtsprechung des EGMR', 'I-Vorherige Rechtsprechung des EGMR', 'I-Vorherige Rechtsprechung des EGMR', 'I-Vorherige Rechtsprechung des EGMR', 'I-Vorherige Rechtsprechung des EGMR', 'I-Vorherige Rechtsprechung des EGMR', 'I-Vorherige Rechtsprechung des EGMR', 'I-Vorherige Rechtsprechung des EGMR', 'I-Vorherige Rechtsprechung des EGMR', 'I-Vorherige Rechtsprechung des EGMR', 'I-Vorherige Rechtsprechung des EGMR', 'I-Vorherige Rechtsprechung des EGMR', 'I-Vorherige Rechtsprechung des EGMR', 'I-Vorherige Rechtsprechung des EGMR', 'I-Vorherige Rechtsprechung des EGMR', 'I-Vorherige Rechtsprechung des EGMR', 'I-Vorherige Rechtsprechung des EGMR', 'I-Vorherige Rechtsprechung des EGMR', 'I-Vorherige Rechtsprechung des EGMR', 'I-Vorherige Rechtsprechung des EGMR', 'I-Vorherige Rechtsprechung des EGMR', 'I-Vorherige Rechtsprechung des EGMR', 'I-Vorherige Rechtsprechung des EGMR', 'I-Vorherige Rechtsprechung des EGMR', 'I-Vorherige Rechtsprechung des EGMR', 'I-Vorherige Rechtsprechung des EGMR', 'I-Vorherige Rechtsprechung des EGMR', 'I-Vorherige Rechtsprechung des EGMR', 'I-Vorherige Rechtsprechung des EGMR', 'I-Vorherige Rechtsprechung des EGMR', 'I-Vorherige Rechtsprechung des EGMR', 'I-Vorherige Rechtsprechung des EGMR', 'I-Vorherige Rechtsprechung des EGMR', 'I-Vorherige Rechtsprechung des EGMR', 'I-Vorherige Rechtsprechung des EGMR', 'I-Vorherige Rechtsprechung des EGMR', 'I-Vorherige Rechtsprechung des EGMR', 'I-Vorherige Rechtsprechung des EGMR', 'I-Vorherige Rechtsprechung des EGMR', 'I-Vorherige Rechtsprechung des EGMR', 'I-Vorherige Rechtsprechung des EGMR', 'I-Vorherige Rechtsprechung des EGMR', 'I-Vorherige Rechtsprechung des EGMR', 'I-Vorherige Rechtsprechung des EGMR', 'I-Vorherige Rechtsprechung des EGMR']
['54', '.', 'The', 'Court', 'must', 'therefore', 'determine', 'whether', 'the', 'national', 'authorities', 'took', 'the', 'appropriate', 'steps', 'in', 'a', 'speedy', 'manner', 'to', 'facilitate', 'the', 'execution', 'of', 'the', 'District', 'Court', '’s', 'order', 'of', '16', 'November', '2005', '(', 'which', 'became', 'final', 'and', 'immediately', 'enforceable', 'on', '14', 'January', '2006', ')', 'as', 'well', 'as', 'that', 'of', 'the', 'same', 'court', '’s', 'judgment', 'of', '28', 'February', '2007', '.']	['O', 'O', 'B-Verhältnismäßigkeitsprüfung – Geeignetheit', 'I-Verhältnismäßigkeitsprüfung – Geeignetheit', 'I-Verhältnismäßigkeitsprüfung – Geeignetheit', 'I-Verhältnismäßigkeitsprüfung – Geeignetheit', 'I-Verhältnismäßigkeitsprüfung – Geeignetheit', 'I-Verhältnismäßigkeitsprüfung – Geeignetheit', 'I-Verhältnismäßigkeitsprüfung – Geeignetheit', 'I-Verhältnismäßigkeitsprüfung – Geeignetheit', 'I-Verhältnismäßigkeitsprüfung – Geeignetheit', 'I-Verhältnismäßigkeitsprüfung – Geeignetheit', 'I-Verhältnismäßigkeitsprüfung – Geeignetheit', 'I-Verhältnismäßigkeitsprüfung – Geeignetheit', 'I-Verhältnismäßigkeitsprüfung – Geeignetheit', 'I-Verhältnismäßigkeitsprüfung – Geeignetheit', 'I-Verhältnismäßigkeitsprüfung – Geeignetheit', 'I-Verhältnismäßigkeitsprüfung – Geeignetheit', 'I-Verhältnismäßigkeitsprüfung – Geeignetheit', 'I-Verhältnismäßigkeitsprüfung – Geeignetheit', 'I-Verhältnismäßigkeitsprüfung – Geeignetheit', 'I-Verhältnismäßigkeitsprüfung – Geeignetheit', 'I-Verhältnismäßigkeitsprüfung – Geeignetheit', 'I-Verhältnismäßigkeitsprüfung – Geeignetheit', 'I-Verhältnismäßigkeitsprüfung – Geeignetheit', 'I-Verhältnismäßigkeitsprüfung – Geeignetheit', 'I-Verhältnismäßigkeitsprüfung – Geeignetheit', 'I-Verhältnismäßigkeitsprüfung – Geeignetheit', 'I-Verhältnismäßigkeitsprüfung – Geeignetheit', 'I-Verhältnismäßigkeitsprüfung – Geeignetheit', 'I-Verhältnismäßigkeitsprüfung – Geeignetheit', 'I-Verhältnismäßigkeitsprüfung – Geeignetheit', 'I-Verhältnismäßigkeitsprüfung – Geeignetheit', 'I-Verhältnismäßigkeitsprüfung – Geeignetheit', 'I-Verhältnismäßigkeitsprüfung – Geeignetheit', 'I-Verhältnismäßigkeitsprüfung – Geeignetheit', 'I-Verhältnismäßigkeitsprüfung – Geeignetheit', 'I-Verhältnismäßigkeitsprüfung – Geeignetheit', 'I-Verhältnismäßigkeitsprüfung – Geeignetheit', 'I-Verhältnismäßigkeitsprüfung – Geeignetheit', 'I-Verhältnismäßigkeitsprüfung – Geeignetheit', 'I-Verhältnismäßigkeitsprüfung – Geeignetheit', 'I-Verhältnismäßigkeitsprüfung – Geeignetheit', 'I-Verhältnismäßigkeitsprüfung – Geeignetheit', 'I-Verhältnismäßigkeitsprüfung – Geeignetheit', 'I-Verhältnismäßigkeitsprüfung – Geeignetheit', 'I-Verhältnismäßigkeitsprüfung – Geeignetheit', 'I-Verhältnismäßigkeitsprüfung – Geeignetheit', 'I-Verhältnismäßigkeitsprüfung – Geeignetheit', 'I-Verhältnismäßigkeitsprüfung – Geeignetheit', 'I-Verhältnismäßigkeitsprüfung – Geeignetheit', 'I-Verhältnismäßigkeitsprüfung – Geeignetheit', 'I-Verhältnismäßigkeitsprüfung – Geeignetheit', 'I-Verhältnismäßigkeitsprüfung – Geeignetheit', 'I-Verhältnismäßigkeitsprüfung – Geeignetheit', 'I-Verhältnismäßigkeitsprüfung – Geeignetheit', 'I-Verhältnismäßigkeitsprüfung – Geeignetheit', 'I-Verhältnismäßigkeitsprüfung – Geeignetheit', 'I-Verhältnismäßigkeitsprüfung – Geeignetheit', 'I-Verhältnismäßigkeitsprüfung – Geeignetheit']
['55', '.', 'The', 'Court', 'notes', 'that', 'the', 'applicant', 'requested', 'the', 'enforcement', 'of', 'the', 'court', 'order', 'on', '6', 'February', '2006', '.', 'Meanwhile', 'on', '7', 'December', '2005', 'and', 'then', 'again', 'on', '20', 'March', '2006', 'the', 'authorities', 'had', 'established', 'H.B.', '’s', 'residence', 'as', 'being', 'in', 'Sopron', 'but', ',', 'apart', 'from', 'a', 'single', 'attempt', 'by', 'the', 'bailiff', 'to', 'meet', 'him', 'at', 'the', 'relevant', 'address', 'on', '30', 'March', '2006', ',', 'no', 'further', 'steps', 'were', 'taken', 'in', 'the', 'enforcement', 'proceedings', '.']	['O', 'O', 'B-Verhältnismäßigkeitsprüfung – Geeignetheit', 'I-Verhältnismäßigkeitsprüfung – Geeignetheit', 'I-Verhältnismäßigkeitsprüfung – Geeignetheit', 'I-Verhältnismäßigkeitsprüfung – Geeignetheit', 'I-Verhältnismäßigkeitsprüfung – Geeignetheit', 'I-Verhältnismäßigkeitsprüfung – Geeignetheit', 'I-Verhältnismäßigkeitsprüfung – Geeignetheit', 'I-Verhältnismäßigkeitsprüfung – Geeignetheit', 'I-Verhältnismäßigkeitsprüfung – Geeignetheit', 'I-Verhältnismäßigkeitsprüfung – Geeignetheit', 'I-Verhältnismäßigkeitsprüfung – Geeignetheit', 'I-Verhältnismäßigkeitsprüfung – Geeignetheit', 'I-Verhältnismäßigkeitsprüfung – Geeignetheit', 'I-Verhältnismäßigkeitsprüfung – Geeignetheit', 'I-Verhältnismäßigkeitsprüfung – Geeignetheit', 'I-Verhältnismäßigkeitsprüfung – Geeignetheit', 'I-Verhältnismäßigkeitsprüfung – Geeignetheit', 'I-Verhältnismäßigkeitsprüfung – Geeignetheit', 'I-Verhältnismäßigkeitsprüfung – Geeignetheit', 'I-Verhältnismäßigkeitsprüfung – Geeignetheit', 'I-Verhältnismäßigkeitsprüfung – Geeignetheit', 'I-Verhältnismäßigkeitsprüfung – Geeignetheit', 'I-Verhältnismäßigkeitsprüfung – Geeignetheit', 'I-Verhältnismäßigkeitsprüfung – Geeignetheit', 'I-Verhältnismäßigkeitsprüfung – Geeignetheit', 'I-Verhältnismäßigkeitsprüfung – Geeignetheit', 'I-Verhältnismäßigkeitsprüfung – Geeignetheit', 'I-Verhältnismäßigkeitsprüfung – Geeignetheit', 'I-Verhältnismäßigkeitsprüfung – Geeignetheit', 'I-Verhältnismäßigkeitsprüfung – Geeignetheit', 'I-Verhältnismäßigkeitsprüfung – Geeignetheit', 'I-Verhältnismäßigkeitsprüfung – Geeignetheit', 'I-Verhältnismäßigkeitsprüfung – Geeignetheit', 'I-Verhältnismäßigkeitsprüfung – Geeignetheit', 'I-Verhältnismäßigkeitsprüfung – Geeignetheit', 'I-Verhältnismäßigkeitsprüfung – Geeignetheit', 'I-Verhältnismäßigkeitsprüfung – Geeignetheit', 'I-Verhältnismäßigkeitsprüfung – Geeignetheit', 'I-Verhältnismäßigkeitsprüfung – Geeignetheit', 'I-Verhältnismäßigkeitsprüfung – Geeignetheit', 'I-Verhältnismäßigkeitsprüfung – Geeignetheit', 'I-Verhältnismäßigkeitsprüfung – Geeignetheit', 'I-Verhältnismäßigkeitsprüfung – Geeignetheit', 'I-Verhältnismäßigkeitsprüfung – Geeignetheit', 'I-Verhältnismäßigkeitsprüfung – Geeignetheit', 'I-Verhältnismäßigkeitsprüfung – Geeignetheit', 'I-Verhältnismäßigkeitsprüfung – Geeignetheit', 'I-Verhältnismäßigkeitsprüfung – Geeignetheit', 'I-Verhältnismäßigkeitsprüfung – Geeignetheit', 'I-Verhältnismäßigkeitsprüfung – Geeignetheit', 'I-Verhältnismäßigkeitsprüfung – Geeignetheit', 'I-Verhältnismäßigkeitsprüfung – Geeignetheit', 'I-Verhältnismäßigkeitsprüfung – Geeignetheit', 'I-Verhältnismäßigkeitsprüfung – Geeignetheit', 'I-Verhältnismäßigkeitsprüfung – Geeignetheit', 'I-Verhältnismäßigkeitsprüfung – Geeignetheit', 'I-Verhältnismäßigkeitsprüfung – Geeignetheit', 'I-Verhältnismäßigkeitsprüfung – Geeignetheit', 'I-Verhältnismäßigkeitsprüfung – Geeignetheit', 'I-Verhältnismäßigkeitsprüfung – Geeignetheit', 'I-Verhältnismäßigkeitsprüfung – Geeignetheit', 'I-Verhältnismäßigkeitsprüfung – Geeignetheit', 'I-Verhältnismäßigkeitsprüfung – Geeignetheit', 'I-Verhältnismäßigkeitsprüfung – Geeignetheit', 'I-Verhältnismäßigkeitsprüfung – Geeignetheit', 'I-Verhältnismäßigkeitsprüfung – Geeignetheit', 'I-Verhältnismäßigkeitsprüfung – Geeignetheit', 'I-Verhältnismäßigkeitsprüfung – Geeignetheit', 'I-Verhältnismäßigkeitsprüfung – Geeignetheit', 'I-Verhältnismäßigkeitsprüfung – Geeignetheit', 'I-Verhältnismäßigkeitsprüfung – Geeignetheit', 'I-Verhältnismäßigkeitsprüfung – Geeignetheit', 'I-Verhältnismäßigkeitsprüfung – Geeignetheit']
['56', '.', 'Moreover', ',', 'a', 'warrant', 'had', 'been', 'issued', 'against', 'H.B.', 'on', '18', 'May', '2006', 'by', 'the', 'Szentendre', 'Police', 'Department', '(', 'see', 'paragraph', '17', 'above', ')', '.', 'Indeed', ',', 'he', 'was', 'located', 'and', 'admitted', 'to', 'the', 'Sopron', 'Police', 'Department', 'on', '23', 'May', '2007', '(', 'see', 'paragraph', '20', 'above', ')', '.', 'Although', 'he', 'told', 'the', 'police', 'that', 'the', 'child', 'was', 'living', 'with', 'his', 'grandmother', 'in', 'London', ',', 'this', 'prompted', 'no', 'identifiable', 'further', 'action', 'on', 'the', 'authorities', '’', 'side', 'and', 'H.B.', 'was', 'released', '.']	['O', 'O', 'B-Verhältnismäßigkeitsprüfung – Geeignetheit', 'I-Verhältnismäßigkeitsprüfung – Geeignetheit', 'I-Verhältnismäßigkeitsprüfung – Geeignetheit', 'I-Verhältnismäßigkeitsprüfung – Geeignetheit', 'I-Verhältnismäßigkeitsprüfung – Geeignetheit', 'I-Verhältnismäßigkeitsprüfung – Geeignetheit', 'I-Verhältnismäßigkeitsprüfung – Geeignetheit', 'I-Verhältnismäßigkeitsprüfung – Geeignetheit', 'I-Verhältnismäßigkeitsprüfung – Geeignetheit', 'I-Verhältnismäßigkeitsprüfung – Geeignetheit', 'I-Verhältnismäßigkeitsprüfung – Geeignetheit', 'I-Verhältnismäßigkeitsprüfung – Geeignetheit', 'I-Verhältnismäßigkeitsprüfung – Geeignetheit', 'I-Verhältnismäßigkeitsprüfung – Geeignetheit', 'I-Verhältnismäßigkeitsprüfung – Geeignetheit', 'I-Verhältnismäßigkeitsprüfung – Geeignetheit', 'I-Verhältnismäßigkeitsprüfung – Geeignetheit', 'I-Verhältnismäßigkeitsprüfung – Geeignetheit', 'I-Verhältnismäßigkeitsprüfung – Geeignetheit', 'I-Verhältnismäßigkeitsprüfung – Geeignetheit', 'I-Verhältnismäßigkeitsprüfung – Geeignetheit', 'I-Verhältnismäßigkeitsprüfung – Geeignetheit', 'I-Verhältnismäßigkeitsprüfung – Geeignetheit', 'I-Verhältnismäßigkeitsprüfung – Geeignetheit', 'I-Verhältnismäßigkeitsprüfung – Geeignetheit', 'I-Verhältnismäßigkeitsprüfung – Geeignetheit', 'I-Verhältnismäßigkeitsprüfung – Geeignetheit', 'I-Verhältnismäßigkeitsprüfung – Geeignetheit', 'I-Verhältnismäßigkeitsprüfung – Geeignetheit', 'I-Verhältnismäßigkeitsprüfung – Geeignetheit', 'I-Verhältnismäßigkeitsprüfung – Geeignetheit', 'I-Verhältnismäßigkeitsprüfung – Geeignetheit', 'I-Verhältnismäßigkeitsprüfung – Geeignetheit', 'I-Verhältnismäßigkeitsprüfung – Geeignetheit', 'I-Verhältnismäßigkeitsprüfung – Geeignetheit', 'I-Verhältnismäßigkeitsprüfung – Geeignetheit', 'I-Verhältnismäßigkeitsprüfung – Geeignetheit', 'I-Verhältnismäßigkeitsprüfung – Geeignetheit', 'I-Verhältnismäßigkeitsprüfung – Geeignetheit', 'I-Verhältnismäßigkeitsprüfung – Geeignetheit', 'I-Verhältnismäßigkeitsprüfung – Geeignetheit', 'I-Verhältnismäßigkeitsprüfung – Geeignetheit', 'I-Verhältnismäßigkeitsprüfung – Geeignetheit', 'I-Verhältnismäßigkeitsprüfung – Geeignetheit', 'I-Verhältnismäßigkeitsprüfung – Geeignetheit', 'I-Verhältnismäßigkeitsprüfung – Geeignetheit', 'I-Verhältnismäßigkeitsprüfung – Geeignetheit', 'I-Verhältnismäßigkeitsprüfung – Geeignetheit', 'I-Verhältnismäßigkeitsprüfung – Geeignetheit', 'I-Verhältnismäßigkeitsprüfung – Geeignetheit', 'I-Verhältnismäßigkeitsprüfung – Geeignetheit', 'I-Verhältnismäßigkeitsprüfung – Geeignetheit', 'I-Verhältnismäßigkeitsprüfung – Geeignetheit', 'I-Verhältnismäßigkeitsprüfung – Geeignetheit', 'I-Verhältnismäßigkeitsprüfung – Geeignetheit', 'I-Verhältnismäßigkeitsprüfung – Geeignetheit', 'I-Verhältnismäßigkeitsprüfung – Geeignetheit', 'I-Verhältnismäßigkeitsprüfung – Geeignetheit', 'I-Verhältnismäßigkeitsprüfung – Geeignetheit', 'I-Verhältnismäßigkeitsprüfung – Geeignetheit', 'I-Verhältnismäßigkeitsprüfung – Geeignetheit', 'I-Verhältnismäßigkeitsprüfung – Geeignetheit', 'I-Verhältnismäßigkeitsprüfung – Geeignetheit', 'I-Verhältnismäßigkeitsprüfung – Geeignetheit', 'I-Verhältnismäßigkeitsprüfung – Geeignetheit', 'I-Verhältnismäßigkeitsprüfung – Geeignetheit', 'I-Verhältnismäßigkeitsprüfung – Geeignetheit', 'I-Verhältnismäßigkeitsprüfung – Geeignetheit', 'I-Verhältnismäßigkeitsprüfung – Geeignetheit', 'I-Verhältnismäßigkeitsprüfung – Geeignetheit', 'I-Verhältnismäßigkeitsprüfung – Geeignetheit', 'I-Verhältnismäßigkeitsprüfung – Geeignetheit', 'I-Verhältnismäßigkeitsprüfung – Geeignetheit', 'I-Verhältnismäßigkeitsprüfung – Geeignetheit', 'I-Verhältnismäßigkeitsprüfung – Geeignetheit', 'I-Verhältnismäßigkeitsprüfung – Geeignetheit', 'I-Verhältnismäßigkeitsprüfung – Geeignetheit', 'I-Verhältnismäßigkeitsprüfung – Geeignetheit', 'I-Verhältnismäßigkeitsprüfung – Geeignetheit', 'I-Verhältnismäßigkeitsprüfung – Geeignetheit']
['57', '.', 'Furthermore', ',', 'the', 'Court', 'observes', 'that', 'on', '24', 'April', '2007', 'the', 'District', 'Court', '’s', 'judgment', 'of', '28', 'February', '2007', ',', 'which', 'had', 'granted', 'the', 'applicant', 'sole', 'custody', 'of', 'the', 'child', 'and', 'terminated', 'H.B.', '’s', 'parental', 'rights', ',', 'became', 'final', '.', 'It', 'can', 'therefore', 'be', 'concluded', 'that', 'as', 'of', 'this', 'point', 'in', 'time', 'at', 'the', 'latest', ',', 'the', 'Hungarian', 'authorities', 'had', 'a', 'formal', 'obligation', 'to', 'retrieve', 'the', 'child', '.', 'Nevertheless', ',', 'although', 'on', '30', 'May', '2007', '−', 'that', 'is', 'to', 'say', 'after', 'the', 'divorce', 'had', 'been', 'delivered', '−', 'the', 'District', 'Court', 'was', 'notified', 'about', 'H.B.', '’s', 'location', '(', 'see', 'paragraph', '21', 'above', ')', ',', 'it', 'does', 'not', 'appear', 'that', 'this', 'piece', 'of', 'information', 'was', 'ever', 'forwarded', 'to', 'the', 'bailiff', 'so', 'as', 'to', 'enable', 'the', 'latter', 'proceed', 'with', 'the', 'enforcement', '.']	['O', 'O', 'B-Verhältnismäßigkeitsprüfung – Geeignetheit', 'I-Verhältnismäßigkeitsprüfung – Geeignetheit', 'I-Verhältnismäßigkeitsprüfung – Geeignetheit', 'I-Verhältnismäßigkeitsprüfung – Geeignetheit', 'I-Verhältnismäßigkeitsprüfung – Geeignetheit', 'I-Verhältnismäßigkeitsprüfung – Geeignetheit', 'I-Verhältnismäßigkeitsprüfung – Geeignetheit', 'I-Verhältnismäßigkeitsprüfung – Geeignetheit', 'I-Verhältnismäßigkeitsprüfung – Geeignetheit', 'I-Verhältnismäßigkeitsprüfung – Geeignetheit', 'I-Verhältnismäßigkeitsprüfung – Geeignetheit', 'I-Verhältnismäßigkeitsprüfung – Geeignetheit', 'I-Verhältnismäßigkeitsprüfung – Geeignetheit', 'I-Verhältnismäßigkeitsprüfung – Geeignetheit', 'I-Verhältnismäßigkeitsprüfung – Geeignetheit', 'I-Verhältnismäßigkeitsprüfung – Geeignetheit', 'I-Verhältnismäßigkeitsprüfung – Geeignetheit', 'I-Verhältnismäßigkeitsprüfung – Geeignetheit', 'I-Verhältnismäßigkeitsprüfung – Geeignetheit', 'I-Verhältnismäßigkeitsprüfung – Geeignetheit', 'I-Verhältnismäßigkeitsprüfung – Geeignetheit', 'I-Verhältnismäßigkeitsprüfung – Geeignetheit', 'I-Verhältnismäßigkeitsprüfung – Geeignetheit', 'I-Verhältnismäßigkeitsprüfung – Geeignetheit', 'I-Verhältnismäßigkeitsprüfung – Geeignetheit', 'I-Verhältnismäßigkeitsprüfung – Geeignetheit', 'I-Verhältnismäßigkeitsprüfung – Geeignetheit', 'I-Verhältnismäßigkeitsprüfung – Geeignetheit', 'I-Verhältnismäßigkeitsprüfung – Geeignetheit', 'I-Verhältnismäßigkeitsprüfung – Geeignetheit', 'I-Verhältnismäßigkeitsprüfung – Geeignetheit', 'I-Verhältnismäßigkeitsprüfung – Geeignetheit', 'I-Verhältnismäßigkeitsprüfung – Geeignetheit', 'I-Verhältnismäßigkeitsprüfung – Geeignetheit', 'I-Verhältnismäßigkeitsprüfung – Geeignetheit', 'I-Verhältnismäßigkeitsprüfung – Geeignetheit', 'I-Verhältnismäßigkeitsprüfung – Geeignetheit', 'I-Verhältnismäßigkeitsprüfung – Geeignetheit', 'I-Verhältnismäßigkeitsprüfung – Geeignetheit', 'I-Verhältnismäßigkeitsprüfung – Geeignetheit', 'I-Verhältnismäßigkeitsprüfung – Geeignetheit', 'I-Verhältnismäßigkeitsprüfung – Geeignetheit', 'I-Verhältnismäßigkeitsprüfung – Geeignetheit', 'I-Verhältnismäßigkeitsprüfung – Geeignetheit', 'I-Verhältnismäßigkeitsprüfung – Geeignetheit', 'I-Verhältnismäßigkeitsprüfung – Geeignetheit', 'I-Verhältnismäßigkeitsprüfung – Geeignetheit', 'I-Verhältnismäßigkeitsprüfung – Geeignetheit', 'I-Verhältnismäßigkeitsprüfung – Geeignetheit', 'I-Verhältnismäßigkeitsprüfung – Geeignetheit', 'I-Verhältnismäßigkeitsprüfung – Geeignetheit', 'I-Verhältnismäßigkeitsprüfung – Geeignetheit', 'I-Verhältnismäßigkeitsprüfung – Geeignetheit', 'I-Verhältnismäßigkeitsprüfung – Geeignetheit', 'I-Verhältnismäßigkeitsprüfung – Geeignetheit', 'I-Verhältnismäßigkeitsprüfung – Geeignetheit', 'I-Verhältnismäßigkeitsprüfung – Geeignetheit', 'I-Verhältnismäßigkeitsprüfung – Geeignetheit', 'I-Verhältnismäßigkeitsprüfung – Geeignetheit', 'I-Verhältnismäßigkeitsprüfung – Geeignetheit', 'I-Verhältnismäßigkeitsprüfung – Geeignetheit', 'I-Verhältnismäßigkeitsprüfung – Geeignetheit', 'I-Verhältnismäßigkeitsprüfung – Geeignetheit', 'I-Verhältnismäßigkeitsprüfung – Geeignetheit', 'I-Verhältnismäßigkeitsprüfung – Geeignetheit', 'I-Verhältnismäßigkeitsprüfung – Geeignetheit', 'I-Verhältnismäßigkeitsprüfung – Geeignetheit', 'I-Verhältnismäßigkeitsprüfung – Geeignetheit', 'I-Verhältnismäßigkeitsprüfung – Geeignetheit', 'I-Verhältnismäßigkeitsprüfung – Geeignetheit', 'I-Verhältnismäßigkeitsprüfung – Geeignetheit', 'I-Verhältnismäßigkeitsprüfung – Geeignetheit', 'I-Verhältnismäßigkeitsprüfung – Geeignetheit', 'I-Verhältnismäßigkeitsprüfung – Geeignetheit', 'I-Verhältnismäßigkeitsprüfung – Geeignetheit', 'I-Verhältnismäßigkeitsprüfung – Geeignetheit', 'I-Verhältnismäßigkeitsprüfung – Geeignetheit', 'I-Verhältnismäßigkeitsprüfung – Geeignetheit', 'I-Verhältnismäßigkeitsprüfung – Geeignetheit', 'I-Verhältnismäßigkeitsprüfung – Geeignetheit', 'I-Verhältnismäßigkeitsprüfung – Geeignetheit', 'I-Verhältnismäßigkeitsprüfung – Geeignetheit', 'I-Verhältnismäßigkeitsprüfung – Geeignetheit', 'I-Verhältnismäßigkeitsprüfung – Geeignetheit', 'I-Verhältnismäßigkeitsprüfung – Geeignetheit', 'I-Verhältnismäßigkeitsprüfung – Geeignetheit', 'I-Verhältnismäßigkeitsprüfung – Geeignetheit', 'I-Verhältnismäßigkeitsprüfung – Geeignetheit', 'I-Verhältnismäßigkeitsprüfung – Geeignetheit', 'I-Verhältnismäßigkeitsprüfung – Geeignetheit', 'I-Verhältnismäßigkeitsprüfung – Geeignetheit', 'I-Verhältnismäßigkeitsprüfung – Geeignetheit', 'I-Verhältnismäßigkeitsprüfung – Geeignetheit', 'I-Verhältnismäßigkeitsprüfung – Geeignetheit', 'I-Verhältnismäßigkeitsprüfung – Geeignetheit', 'I-Verhältnismäßigkeitsprüfung – Geeignetheit', 'I-Verhältnismäßigkeitsprüfung – Geeignetheit', 'I-Verhältnismäßigkeitsprüfung – Geeignetheit', 'I-Verhältnismäßigkeitsprüfung – Geeignetheit', 'I-Verhältnismäßigkeitsprüfung – Geeignetheit', 'I-Verhältnismäßigkeitsprüfung – Geeignetheit', 'I-Verhältnismäßigkeitsprüfung – Geeignetheit', 'I-Verhältnismäßigkeitsprüfung – Geeignetheit', 'I-Verhältnismäßigkeitsprüfung – Geeignetheit', 'I-Verhältnismäßigkeitsprüfung – Geeignetheit', 'I-Verhältnismäßigkeitsprüfung – Geeignetheit', 'I-Verhältnismäßigkeitsprüfung – Geeignetheit', 'I-Verhältnismäßigkeitsprüfung – Geeignetheit', 'I-Verhältnismäßigkeitsprüfung – Geeignetheit', 'I-Verhältnismäßigkeitsprüfung – Geeignetheit', 'I-Verhältnismäßigkeitsprüfung – Geeignetheit', 'I-Verhältnismäßigkeitsprüfung – Geeignetheit', 'I-Verhältnismäßigkeitsprüfung – Geeignetheit', 'I-Verhältnismäßigkeitsprüfung – Geeignetheit', 'I-Verhältnismäßigkeitsprüfung – Geeignetheit', 'I-Verhältnismäßigkeitsprüfung – Geeignetheit', 'I-Verhältnismäßigkeitsprüfung – Geeignetheit', 'I-Verhältnismäßigkeitsprüfung – Geeignetheit', 'I-Verhältnismäßigkeitsprüfung – Geeignetheit', 'I-Verhältnismäßigkeitsprüfung – Geeignetheit', 'I-Verhältnismäßigkeitsprüfung – Geeignetheit', 'I-Verhältnismäßigkeitsprüfung – Geeignetheit', 'I-Verhältnismäßigkeitsprüfung – Geeignetheit', 'I-Verhältnismäßigkeitsprüfung – Geeignetheit', 'I-Verhältnismäßigkeitsprüfung – Geeignetheit', 'I-Verhältnismäßigkeitsprüfung – Geeignetheit', 'I-Verhältnismäßigkeitsprüfung – Geeignetheit', 'I-Verhältnismäßigkeitsprüfung – Geeignetheit', 'I-Verhältnismäßigkeitsprüfung – Geeignetheit']
['58', '.', 'The', 'applicant', 'and', 'her', 'father', 'had', 'made', 'several', 'requests', 'in', 'order', 'to', 'prevent', 'the', 'damage', 'to', 'family', 'life', 'that', 'may', 'result', 'merely', 'from', 'the', 'lapse', 'of', 'time', '(', 'see', 'paragraphs', '9', ',', '12', ',', '14', ',', '23', ',', '25', ',', '27', 'and', '29', 'above', ')', '.', 'However', ',', 'in', 'spite', 'of', 'all', 'the', 'efforts', 'undertaken', 'by', 'them', ',', 'it', 'was', 'not', 'until', '8', 'May', '2014', 'that', 'the', 'child', '’s', 'location', 'became', 'known', '(', 'see', 'paragraph', '40', 'above', ')', '.']	['O', 'O', 'B-Verhältnismäßigkeitsprüfung – Geeignetheit', 'I-Verhältnismäßigkeitsprüfung – Geeignetheit', 'I-Verhältnismäßigkeitsprüfung – Geeignetheit', 'I-Verhältnismäßigkeitsprüfung – Geeignetheit', 'I-Verhältnismäßigkeitsprüfung – Geeignetheit', 'I-Verhältnismäßigkeitsprüfung – Geeignetheit', 'I-Verhältnismäßigkeitsprüfung – Geeignetheit', 'I-Verhältnismäßigkeitsprüfung – Geeignetheit', 'I-Verhältnismäßigkeitsprüfung – Geeignetheit', 'I-Verhältnismäßigkeitsprüfung – Geeignetheit', 'I-Verhältnismäßigkeitsprüfung – Geeignetheit', 'I-Verhältnismäßigkeitsprüfung – Geeignetheit', 'I-Verhältnismäßigkeitsprüfung – Geeignetheit', 'I-Verhältnismäßigkeitsprüfung – Geeignetheit', 'I-Verhältnismäßigkeitsprüfung – Geeignetheit', 'I-Verhältnismäßigkeitsprüfung – Geeignetheit', 'I-Verhältnismäßigkeitsprüfung – Geeignetheit', 'I-Verhältnismäßigkeitsprüfung – Geeignetheit', 'I-Verhältnismäßigkeitsprüfung – Geeignetheit', 'I-Verhältnismäßigkeitsprüfung – Geeignetheit', 'I-Verhältnismäßigkeitsprüfung – Geeignetheit', 'I-Verhältnismäßigkeitsprüfung – Geeignetheit', 'I-Verhältnismäßigkeitsprüfung – Geeignetheit', 'I-Verhältnismäßigkeitsprüfung – Geeignetheit', 'I-Verhältnismäßigkeitsprüfung – Geeignetheit', 'I-Verhältnismäßigkeitsprüfung – Geeignetheit', 'I-Verhältnismäßigkeitsprüfung – Geeignetheit', 'I-Verhältnismäßigkeitsprüfung – Geeignetheit', 'I-Verhältnismäßigkeitsprüfung – Geeignetheit', 'I-Verhältnismäßigkeitsprüfung – Geeignetheit', 'I-Verhältnismäßigkeitsprüfung – Geeignetheit', 'I-Verhältnismäßigkeitsprüfung – Geeignetheit', 'I-Verhältnismäßigkeitsprüfung – Geeignetheit', 'I-Verhältnismäßigkeitsprüfung – Geeignetheit', 'I-Verhältnismäßigkeitsprüfung – Geeignetheit', 'I-Verhältnismäßigkeitsprüfung – Geeignetheit', 'I-Verhältnismäßigkeitsprüfung – Geeignetheit', 'I-Verhältnismäßigkeitsprüfung – Geeignetheit', 'I-Verhältnismäßigkeitsprüfung – Geeignetheit', 'I-Verhältnismäßigkeitsprüfung – Geeignetheit', 'I-Verhältnismäßigkeitsprüfung – Geeignetheit', 'I-Verhältnismäßigkeitsprüfung – Geeignetheit', 'I-Verhältnismäßigkeitsprüfung – Geeignetheit', 'I-Verhältnismäßigkeitsprüfung – Geeignetheit', 'I-Verhältnismäßigkeitsprüfung – Geeignetheit', 'I-Verhältnismäßigkeitsprüfung – Geeignetheit', 'I-Verhältnismäßigkeitsprüfung – Geeignetheit', 'I-Verhältnismäßigkeitsprüfung – Geeignetheit', 'I-Verhältnismäßigkeitsprüfung – Geeignetheit', 'I-Verhältnismäßigkeitsprüfung – Geeignetheit', 'I-Verhältnismäßigkeitsprüfung – Geeignetheit', 'I-Verhältnismäßigkeitsprüfung – Geeignetheit', 'I-Verhältnismäßigkeitsprüfung – Geeignetheit', 'I-Verhältnismäßigkeitsprüfung – Geeignetheit', 'I-Verhältnismäßigkeitsprüfung – Geeignetheit', 'I-Verhältnismäßigkeitsprüfung – Geeignetheit', 'I-Verhältnismäßigkeitsprüfung – Geeignetheit', 'I-Verhältnismäßigkeitsprüfung – Geeignetheit', 'I-Verhältnismäßigkeitsprüfung – Geeignetheit', 'I-Verhältnismäßigkeitsprüfung – Geeignetheit', 'I-Verhältnismäßigkeitsprüfung – Geeignetheit', 'I-Verhältnismäßigkeitsprüfung – Geeignetheit', 'I-Verhältnismäßigkeitsprüfung – Geeignetheit', 'I-Verhältnismäßigkeitsprüfung – Geeignetheit', 'I-Verhältnismäßigkeitsprüfung – Geeignetheit', 'I-Verhältnismäßigkeitsprüfung – Geeignetheit', 'I-Verhältnismäßigkeitsprüfung – Geeignetheit', 'I-Verhältnismäßigkeitsprüfung – Geeignetheit', 'I-Verhältnismäßigkeitsprüfung – Geeignetheit', 'I-Verhältnismäßigkeitsprüfung – Geeignetheit', 'I-Verhältnismäßigkeitsprüfung – Geeignetheit', 'I-Verhältnismäßigkeitsprüfung – Geeignetheit', 'I-Verhältnismäßigkeitsprüfung – Geeignetheit', 'I-Verhältnismäßigkeitsprüfung – Geeignetheit', 'I-Verhältnismäßigkeitsprüfung – Geeignetheit', 'I-Verhältnismäßigkeitsprüfung – Geeignetheit', 'I-Verhältnismäßigkeitsprüfung – Geeignetheit', 'I-Verhältnismäßigkeitsprüfung – Geeignetheit', 'I-Verhältnismäßigkeitsprüfung – Geeignetheit']
['59', '.', 'The', 'Court', 'notes', 'that', 'the', 'authorities', 'had', 'specific', 'knowledge', 'concerning', 'the', 'whereabouts', 'of', 'H.B.', 'on', 'different', 'occasions', ',', 'and', 'several', 'warrants', 'were', 'issued', 'against', 'him', ',', 'but', 'he', 'was', 'never', 'formally', 'interrogated', 'about', 'the', 'location', 'of', 'the', 'child', '.', 'The', 'authorities', 'acknowledged', 'his', 'statements', 'alleging', 'that', 'the', 'child', 'did', 'not', 'reside', 'with', 'him', ',', 'but', 'did', 'not', 'attempt', 'to', 'gather', 'further', 'information', 'in', 'this', 'regard', '–', 'although', 'the', 'allegations', 'proved', 'to', 'be', 'untrue', 'as', 'during', 'this', 'period', 'the', 'child', 'was', 'living', 'in', 'Hungary', 'and', 'later', 'attended', 'school', 'there', '(', 'see', 'paragraph', '27', 'above', ')', '.', 'The', 'authorities', 'failed', 'to', 'request', 'information', 'from', 'schools', 'on', 'the', 'possible', 'enrolment', 'of', 'the', 'child', '.']	['O', 'O', 'B-Verhältnismäßigkeitsprüfung – Geeignetheit', 'I-Verhältnismäßigkeitsprüfung – Geeignetheit', 'I-Verhältnismäßigkeitsprüfung – Geeignetheit', 'I-Verhältnismäßigkeitsprüfung – Geeignetheit', 'I-Verhältnismäßigkeitsprüfung – Geeignetheit', 'I-Verhältnismäßigkeitsprüfung – Geeignetheit', 'I-Verhältnismäßigkeitsprüfung – Geeignetheit', 'I-Verhältnismäßigkeitsprüfung – Geeignetheit', 'I-Verhältnismäßigkeitsprüfung – Geeignetheit', 'I-Verhältnismäßigkeitsprüfung – Geeignetheit', 'I-Verhältnismäßigkeitsprüfung – Geeignetheit', 'I-Verhältnismäßigkeitsprüfung – Geeignetheit', 'I-Verhältnismäßigkeitsprüfung – Geeignetheit', 'I-Verhältnismäßigkeitsprüfung – Geeignetheit', 'I-Verhältnismäßigkeitsprüfung – Geeignetheit', 'I-Verhältnismäßigkeitsprüfung – Geeignetheit', 'I-Verhältnismäßigkeitsprüfung – Geeignetheit', 'I-Verhältnismäßigkeitsprüfung – Geeignetheit', 'I-Verhältnismäßigkeitsprüfung – Geeignetheit', 'I-Verhältnismäßigkeitsprüfung – Geeignetheit', 'I-Verhältnismäßigkeitsprüfung – Geeignetheit', 'I-Verhältnismäßigkeitsprüfung – Geeignetheit', 'I-Verhältnismäßigkeitsprüfung – Geeignetheit', 'I-Verhältnismäßigkeitsprüfung – Geeignetheit', 'I-Verhältnismäßigkeitsprüfung – Geeignetheit', 'I-Verhältnismäßigkeitsprüfung – Geeignetheit', 'I-Verhältnismäßigkeitsprüfung – Geeignetheit', 'I-Verhältnismäßigkeitsprüfung – Geeignetheit', 'I-Verhältnismäßigkeitsprüfung – Geeignetheit', 'I-Verhältnismäßigkeitsprüfung – Geeignetheit', 'I-Verhältnismäßigkeitsprüfung – Geeignetheit', 'I-Verhältnismäßigkeitsprüfung – Geeignetheit', 'I-Verhältnismäßigkeitsprüfung – Geeignetheit', 'I-Verhältnismäßigkeitsprüfung – Geeignetheit', 'I-Verhältnismäßigkeitsprüfung – Geeignetheit', 'I-Verhältnismäßigkeitsprüfung – Geeignetheit', 'I-Verhältnismäßigkeitsprüfung – Geeignetheit', 'I-Verhältnismäßigkeitsprüfung – Geeignetheit', 'I-Verhältnismäßigkeitsprüfung – Geeignetheit', 'I-Verhältnismäßigkeitsprüfung – Geeignetheit', 'I-Verhältnismäßigkeitsprüfung – Geeignetheit', 'I-Verhältnismäßigkeitsprüfung – Geeignetheit', 'I-Verhältnismäßigkeitsprüfung – Geeignetheit', 'I-Verhältnismäßigkeitsprüfung – Geeignetheit', 'I-Verhältnismäßigkeitsprüfung – Geeignetheit', 'I-Verhältnismäßigkeitsprüfung – Geeignetheit', 'I-Verhältnismäßigkeitsprüfung – Geeignetheit', 'I-Verhältnismäßigkeitsprüfung – Geeignetheit', 'I-Verhältnismäßigkeitsprüfung – Geeignetheit', 'I-Verhältnismäßigkeitsprüfung – Geeignetheit', 'I-Verhältnismäßigkeitsprüfung – Geeignetheit', 'I-Verhältnismäßigkeitsprüfung – Geeignetheit', 'I-Verhältnismäßigkeitsprüfung – Geeignetheit', 'I-Verhältnismäßigkeitsprüfung – Geeignetheit', 'I-Verhältnismäßigkeitsprüfung – Geeignetheit', 'I-Verhältnismäßigkeitsprüfung – Geeignetheit', 'I-Verhältnismäßigkeitsprüfung – Geeignetheit', 'I-Verhältnismäßigkeitsprüfung – Geeignetheit', 'I-Verhältnismäßigkeitsprüfung – Geeignetheit', 'I-Verhältnismäßigkeitsprüfung – Geeignetheit', 'I-Verhältnismäßigkeitsprüfung – Geeignetheit', 'I-Verhältnismäßigkeitsprüfung – Geeignetheit', 'I-Verhältnismäßigkeitsprüfung – Geeignetheit', 'I-Verhältnismäßigkeitsprüfung – Geeignetheit', 'I-Verhältnismäßigkeitsprüfung – Geeignetheit', 'I-Verhältnismäßigkeitsprüfung – Geeignetheit', 'I-Verhältnismäßigkeitsprüfung – Geeignetheit', 'I-Verhältnismäßigkeitsprüfung – Geeignetheit', 'I-Verhältnismäßigkeitsprüfung – Geeignetheit', 'I-Verhältnismäßigkeitsprüfung – Geeignetheit', 'I-Verhältnismäßigkeitsprüfung – Geeignetheit', 'I-Verhältnismäßigkeitsprüfung – Geeignetheit', 'I-Verhältnismäßigkeitsprüfung – Geeignetheit', 'I-Verhältnismäßigkeitsprüfung – Geeignetheit', 'I-Verhältnismäßigkeitsprüfung – Geeignetheit', 'I-Verhältnismäßigkeitsprüfung – Geeignetheit', 'I-Verhältnismäßigkeitsprüfung – Geeignetheit', 'I-Verhältnismäßigkeitsprüfung – Geeignetheit', 'I-Verhältnismäßigkeitsprüfung – Geeignetheit', 'I-Verhältnismäßigkeitsprüfung – Geeignetheit', 'I-Verhältnismäßigkeitsprüfung – Geeignetheit', 'I-Verhältnismäßigkeitsprüfung – Geeignetheit', 'I-Verhältnismäßigkeitsprüfung – Geeignetheit', 'I-Verhältnismäßigkeitsprüfung – Geeignetheit', 'I-Verhältnismäßigkeitsprüfung – Geeignetheit', 'I-Verhältnismäßigkeitsprüfung – Geeignetheit', 'I-Verhältnismäßigkeitsprüfung – Geeignetheit', 'I-Verhältnismäßigkeitsprüfung – Geeignetheit', 'I-Verhältnismäßigkeitsprüfung – Geeignetheit', 'I-Verhältnismäßigkeitsprüfung – Geeignetheit', 'I-Verhältnismäßigkeitsprüfung – Geeignetheit', 'I-Verhältnismäßigkeitsprüfung – Geeignetheit', 'I-Verhältnismäßigkeitsprüfung – Geeignetheit', 'I-Verhältnismäßigkeitsprüfung – Geeignetheit', 'I-Verhältnismäßigkeitsprüfung – Geeignetheit', 'I-Verhältnismäßigkeitsprüfung – Geeignetheit', 'I-Verhältnismäßigkeitsprüfung – Geeignetheit', 'I-Verhältnismäßigkeitsprüfung – Geeignetheit', 'I-Verhältnismäßigkeitsprüfung – Geeignetheit', 'I-Verhältnismäßigkeitsprüfung – Geeignetheit', 'I-Verhältnismäßigkeitsprüfung – Geeignetheit', 'I-Verhältnismäßigkeitsprüfung – Geeignetheit', 'I-Verhältnismäßigkeitsprüfung – Geeignetheit', 'I-Verhältnismäßigkeitsprüfung – Geeignetheit', 'I-Verhältnismäßigkeitsprüfung – Geeignetheit', 'I-Verhältnismäßigkeitsprüfung – Geeignetheit', 'I-Verhältnismäßigkeitsprüfung – Geeignetheit', 'I-Verhältnismäßigkeitsprüfung – Geeignetheit', 'I-Verhältnismäßigkeitsprüfung – Geeignetheit', 'I-Verhältnismäßigkeitsprüfung – Geeignetheit', 'I-Verhältnismäßigkeitsprüfung – Geeignetheit']
['60', '.', 'Lastly', ',', 'the', 'Court', 'observes', 'that', 'the', 'fact', 'that', 'H.B.', 'was', 'not', 'personally', 'served', 'with', 'the', 'District', 'Court', '’s', 'judgment', '(', 'see', 'paragraph', '11', 'above', ')', 'resulted', 'in', 'the', 'paradoxical', 'situation', 'that', 'no', 'criminal', 'proceedings', 'for', 'either', 'the', 'offence', 'of', 'unlawful', 'change', 'of', 'a', 'minor', '’s', 'residence', 'or', 'that', 'of', 'failure', 'to', 'pay', 'child', 'maintenance', 'were', 'conducted', 'against', 'him', '(', 'see', 'paragraphs', '22', 'and', '23', 'above', ')', '.']	['O', 'O', 'B-Verhältnismäßigkeitsprüfung – Geeignetheit', 'I-Verhältnismäßigkeitsprüfung – Geeignetheit', 'I-Verhältnismäßigkeitsprüfung – Geeignetheit', 'I-Verhältnismäßigkeitsprüfung – Geeignetheit', 'I-Verhältnismäßigkeitsprüfung – Geeignetheit', 'I-Verhältnismäßigkeitsprüfung – Geeignetheit', 'I-Verhältnismäßigkeitsprüfung – Geeignetheit', 'I-Verhältnismäßigkeitsprüfung – Geeignetheit', 'I-Verhältnismäßigkeitsprüfung – Geeignetheit', 'I-Verhältnismäßigkeitsprüfung – Geeignetheit', 'I-Verhältnismäßigkeitsprüfung – Geeignetheit', 'I-Verhältnismäßigkeitsprüfung – Geeignetheit', 'I-Verhältnismäßigkeitsprüfung – Geeignetheit', 'I-Verhältnismäßigkeitsprüfung – Geeignetheit', 'I-Verhältnismäßigkeitsprüfung – Geeignetheit', 'I-Verhältnismäßigkeitsprüfung – Geeignetheit', 'I-Verhältnismäßigkeitsprüfung – Geeignetheit', 'I-Verhältnismäßigkeitsprüfung – Geeignetheit', 'I-Verhältnismäßigkeitsprüfung – Geeignetheit', 'I-Verhältnismäßigkeitsprüfung – Geeignetheit', 'I-Verhältnismäßigkeitsprüfung – Geeignetheit', 'I-Verhältnismäßigkeitsprüfung – Geeignetheit', 'I-Verhältnismäßigkeitsprüfung – Geeignetheit', 'I-Verhältnismäßigkeitsprüfung – Geeignetheit', 'I-Verhältnismäßigkeitsprüfung – Geeignetheit', 'I-Verhältnismäßigkeitsprüfung – Geeignetheit', 'I-Verhältnismäßigkeitsprüfung – Geeignetheit', 'I-Verhältnismäßigkeitsprüfung – Geeignetheit', 'I-Verhältnismäßigkeitsprüfung – Geeignetheit', 'I-Verhältnismäßigkeitsprüfung – Geeignetheit', 'I-Verhältnismäßigkeitsprüfung – Geeignetheit', 'I-Verhältnismäßigkeitsprüfung – Geeignetheit', 'I-Verhältnismäßigkeitsprüfung – Geeignetheit', 'I-Verhältnismäßigkeitsprüfung – Geeignetheit', 'I-Verhältnismäßigkeitsprüfung – Geeignetheit', 'I-Verhältnismäßigkeitsprüfung – Geeignetheit', 'I-Verhältnismäßigkeitsprüfung – Geeignetheit', 'I-Verhältnismäßigkeitsprüfung – Geeignetheit', 'I-Verhältnismäßigkeitsprüfung – Geeignetheit', 'I-Verhältnismäßigkeitsprüfung – Geeignetheit', 'I-Verhältnismäßigkeitsprüfung – Geeignetheit', 'I-Verhältnismäßigkeitsprüfung – Geeignetheit', 'I-Verhältnismäßigkeitsprüfung – Geeignetheit', 'I-Verhältnismäßigkeitsprüfung – Geeignetheit', 'I-Verhältnismäßigkeitsprüfung – Geeignetheit', 'I-Verhältnismäßigkeitsprüfung – Geeignetheit', 'I-Verhältnismäßigkeitsprüfung – Geeignetheit', 'I-Verhältnismäßigkeitsprüfung – Geeignetheit', 'I-Verhältnismäßigkeitsprüfung – Geeignetheit', 'I-Verhältnismäßigkeitsprüfung – Geeignetheit', 'I-Verhältnismäßigkeitsprüfung – Geeignetheit', 'I-Verhältnismäßigkeitsprüfung – Geeignetheit', 'I-Verhältnismäßigkeitsprüfung – Geeignetheit', 'I-Verhältnismäßigkeitsprüfung – Geeignetheit', 'I-Verhältnismäßigkeitsprüfung – Geeignetheit', 'I-Verhältnismäßigkeitsprüfung – Geeignetheit', 'I-Verhältnismäßigkeitsprüfung – Geeignetheit', 'I-Verhältnismäßigkeitsprüfung – Geeignetheit', 'I-Verhältnismäßigkeitsprüfung – Geeignetheit', 'I-Verhältnismäßigkeitsprüfung – Geeignetheit', 'I-Verhältnismäßigkeitsprüfung – Geeignetheit', 'I-Verhältnismäßigkeitsprüfung – Geeignetheit', 'I-Verhältnismäßigkeitsprüfung – Geeignetheit', 'I-Verhältnismäßigkeitsprüfung – Geeignetheit', 'I-Verhältnismäßigkeitsprüfung – Geeignetheit', 'I-Verhältnismäßigkeitsprüfung – Geeignetheit', 'I-Verhältnismäßigkeitsprüfung – Geeignetheit', 'I-Verhältnismäßigkeitsprüfung – Geeignetheit']
['61', '.', 'In', 'the', 'light', 'of', 'the', 'foregoing', ',', 'the', 'Court', 'concludes', 'that', 'the', 'Hungarian', 'authorities', 'failed', 'to', 'make', 'adequate', 'and', 'effective', 'efforts', 'to', 'assist', 'the', 'applicant', 'in', 'her', 'attempt', 'to', 'have', 'her', 'child', 'returned', 'to', 'her', 'with', 'a', 'view', 'to', 'exercising', 'her', 'parental', 'rights', '.']	['O', 'O', 'B-Verhältnismäßigkeitsprüfung – Geeignetheit', 'I-Verhältnismäßigkeitsprüfung – Geeignetheit', 'I-Verhältnismäßigkeitsprüfung – Geeignetheit', 'I-Verhältnismäßigkeitsprüfung – Geeignetheit', 'I-Verhältnismäßigkeitsprüfung – Geeignetheit', 'I-Verhältnismäßigkeitsprüfung – Geeignetheit', 'I-Verhältnismäßigkeitsprüfung – Geeignetheit', 'I-Verhältnismäßigkeitsprüfung – Geeignetheit', 'I-Verhältnismäßigkeitsprüfung – Geeignetheit', 'I-Verhältnismäßigkeitsprüfung – Geeignetheit', 'I-Verhältnismäßigkeitsprüfung – Geeignetheit', 'I-Verhältnismäßigkeitsprüfung – Geeignetheit', 'I-Verhältnismäßigkeitsprüfung – Geeignetheit', 'I-Verhältnismäßigkeitsprüfung – Geeignetheit', 'I-Verhältnismäßigkeitsprüfung – Geeignetheit', 'I-Verhältnismäßigkeitsprüfung – Geeignetheit', 'I-Verhältnismäßigkeitsprüfung – Geeignetheit', 'I-Verhältnismäßigkeitsprüfung – Geeignetheit', 'I-Verhältnismäßigkeitsprüfung – Geeignetheit', 'I-Verhältnismäßigkeitsprüfung – Geeignetheit', 'I-Verhältnismäßigkeitsprüfung – Geeignetheit', 'I-Verhältnismäßigkeitsprüfung – Geeignetheit', 'I-Verhältnismäßigkeitsprüfung – Geeignetheit', 'I-Verhältnismäßigkeitsprüfung – Geeignetheit', 'I-Verhältnismäßigkeitsprüfung – Geeignetheit', 'I-Verhältnismäßigkeitsprüfung – Geeignetheit', 'I-Verhältnismäßigkeitsprüfung – Geeignetheit', 'I-Verhältnismäßigkeitsprüfung – Geeignetheit', 'I-Verhältnismäßigkeitsprüfung – Geeignetheit', 'I-Verhältnismäßigkeitsprüfung – Geeignetheit', 'I-Verhältnismäßigkeitsprüfung – Geeignetheit', 'I-Verhältnismäßigkeitsprüfung – Geeignetheit', 'I-Verhältnismäßigkeitsprüfung – Geeignetheit', 'I-Verhältnismäßigkeitsprüfung – Geeignetheit', 'I-Verhältnismäßigkeitsprüfung – Geeignetheit', 'I-Verhältnismäßigkeitsprüfung – Geeignetheit', 'I-Verhältnismäßigkeitsprüfung – Geeignetheit', 'I-Verhältnismäßigkeitsprüfung – Geeignetheit', 'I-Verhältnismäßigkeitsprüfung – Geeignetheit', 'I-Verhältnismäßigkeitsprüfung – Geeignetheit', 'I-Verhältnismäßigkeitsprüfung – Geeignetheit', 'I-Verhältnismäßigkeitsprüfung – Geeignetheit', 'I-Verhältnismäßigkeitsprüfung – Geeignetheit', 'I-Verhältnismäßigkeitsprüfung – Geeignetheit']
['62', '.', 'There', 'has', 'accordingly', 'been', 'a', 'violation', 'of', 'Article', '8', 'of', 'the', 'Convention', '.']	['O', 'O', 'B-Entscheidung des EGMR', 'I-Entscheidung des EGMR', 'I-Entscheidung des EGMR', 'I-Entscheidung des EGMR', 'I-Entscheidung des EGMR', 'I-Entscheidung des EGMR', 'I-Entscheidung des EGMR', 'I-Entscheidung des EGMR', 'I-Entscheidung des EGMR', 'I-Entscheidung des EGMR', 'I-Entscheidung des EGMR', 'I-Entscheidung des EGMR', 'I-Entscheidung des EGMR']
['II', '.', 'OTHER', 'ALLEGED', 'VIOLATIONS', 'OF', 'THE', 'CONVENTION']	['O', 'O', 'O', 'O', 'O', 'O', 'O', 'O']
['63', '.', 'The', 'applicant', 'also', 'complained', 'under', 'Article', '6', 'that', 'the', 'proceedings', 'had', 'been', 'too', 'lengthy', 'and', ',', 'under', 'Article', '13', ',', 'that', 'she', 'had', 'no', 'effective', 'remedy', 'in', 'respect', 'of', 'the', 'shortcomings', 'of', 'the', 'proceedings', 'aimed', 'at', 'the', 'retrieval', 'of', 'her', 'son', '.']	['O', 'O', 'B-Subsumtion', 'I-Subsumtion', 'I-Subsumtion', 'I-Subsumtion', 'I-Subsumtion', 'I-Subsumtion', 'I-Subsumtion', 'I-Subsumtion', 'I-Subsumtion', 'I-Subsumtion', 'I-Subsumtion', 'I-Subsumtion', 'I-Subsumtion', 'I-Subsumtion', 'I-Subsumtion', 'I-Subsumtion', 'I-Subsumtion', 'I-Subsumtion', 'I-Subsumtion', 'I-Subsumtion', 'I-Subsumtion', 'I-Subsumtion', 'I-Subsumtion', 'I-Subsumtion', 'I-Subsumtion', 'I-Subsumtion', 'I-Subsumtion', 'I-Subsumtion', 'I-Subsumtion', 'I-Subsumtion', 'I-Subsumtion', 'I-Subsumtion', 'I-Subsumtion', 'I-Subsumtion', 'I-Subsumtion', 'I-Subsumtion', 'I-Subsumtion', 'I-Subsumtion', 'I-Subsumtion', 'I-Subsumtion', 'I-Subsumtion', 'I-Subsumtion']
['64', '.', 'As', 'regards', 'the', 'violation', 'which', 'it', 'has', 'found', 'in', 'respect', 'of', 'Article', '8', 'of', 'the', 'Convention', ',', 'the', 'Court', 'considers', 'that', 'it', 'has', 'already', 'examined', 'the', 'principal', 'legal', 'question', 'arising', 'in', 'the', 'present', 'case', '(', 'see', 'paragraph', '62', 'above', ')', '.']	['O', 'O', 'B-Subsumtion', 'I-Subsumtion', 'I-Subsumtion', 'I-Subsumtion', 'I-Subsumtion', 'I-Subsumtion', 'I-Subsumtion', 'I-Subsumtion', 'I-Subsumtion', 'I-Subsumtion', 'I-Subsumtion', 'I-Subsumtion', 'I-Subsumtion', 'I-Subsumtion', 'I-Subsumtion', 'I-Subsumtion', 'I-Subsumtion', 'I-Subsumtion', 'I-Subsumtion', 'I-Subsumtion', 'I-Subsumtion', 'I-Subsumtion', 'I-Subsumtion', 'I-Subsumtion', 'I-Subsumtion', 'I-Subsumtion', 'I-Subsumtion', 'I-Subsumtion', 'I-Subsumtion', 'I-Subsumtion', 'I-Subsumtion', 'I-Subsumtion', 'I-Subsumtion', 'I-Subsumtion', 'I-Subsumtion', 'I-Subsumtion', 'I-Subsumtion', 'I-Subsumtion', 'I-Subsumtion', 'I-Subsumtion', 'I-Subsumtion']
['65', '.', 'Taking', 'into', 'account', 'the', 'facts', 'of', 'the', 'case', 'and', 'the', 'parties', '’', 'arguments', ',', 'the', 'Court', 'considers', 'that', 'a', 'separate', 'examination', 'of', 'the', 'applicant', '’s', 'complaints', 'under', 'Article', '6', 'and', '13', 'of', 'the', 'Convention', 'is', 'not', 'warranted', '(', 'see', 'Kamil', 'Uzun', 'v.', 'Turkey', ',', 'no', '.', '37410/97', ',', '§', '64', ',', '10', 'May', '2007', ')', '.']	['O', 'O', 'B-Subsumtion', 'I-Subsumtion', 'I-Subsumtion', 'I-Subsumtion', 'I-Subsumtion', 'I-Subsumtion', 'I-Subsumtion', 'I-Subsumtion', 'I-Subsumtion', 'I-Subsumtion', 'I-Subsumtion', 'I-Subsumtion', 'I-Subsumtion', 'I-Subsumtion', 'B-Entscheidung des EGMR', 'I-Entscheidung des EGMR', 'I-Entscheidung des EGMR', 'I-Entscheidung des EGMR', 'I-Entscheidung des EGMR', 'I-Entscheidung des EGMR', 'I-Entscheidung des EGMR', 'I-Entscheidung des EGMR', 'I-Entscheidung des EGMR', 'I-Entscheidung des EGMR', 'I-Entscheidung des EGMR', 'I-Entscheidung des EGMR', 'I-Entscheidung des EGMR', 'I-Entscheidung des EGMR', 'I-Entscheidung des EGMR', 'I-Entscheidung des EGMR', 'I-Entscheidung des EGMR', 'I-Entscheidung des EGMR', 'I-Entscheidung des EGMR', 'I-Entscheidung des EGMR', 'I-Entscheidung des EGMR', 'I-Entscheidung des EGMR', 'I-Entscheidung des EGMR', 'I-Entscheidung des EGMR', 'I-Entscheidung des EGMR', 'I-Entscheidung des EGMR', 'I-Entscheidung des EGMR', 'I-Entscheidung des EGMR', 'I-Entscheidung des EGMR', 'I-Entscheidung des EGMR', 'I-Entscheidung des EGMR', 'I-Entscheidung des EGMR', 'I-Entscheidung des EGMR', 'I-Entscheidung des EGMR', 'I-Entscheidung des EGMR', 'I-Entscheidung des EGMR', 'I-Entscheidung des EGMR', 'I-Entscheidung des EGMR', 'I-Entscheidung des EGMR', 'I-Entscheidung des EGMR', 'I-Entscheidung des EGMR', 'I-Entscheidung des EGMR']
['III', '.', 'APPLICATION', 'OF', 'ARTICLE', '41', 'OF', 'THE', 'CONVENTION']	['O', 'O', 'O', 'O', 'O', 'O', 'O', 'O', 'O']
['66', '.', 'Article', '41', 'of', 'the', 'Convention', 'provides', ':']	['O', 'O', 'O', 'O', 'O', 'O', 'O', 'O', 'O']
['“', 'If', 'the', 'Court', 'finds', 'that', 'there', 'has', 'been', 'a', 'violation', 'of', 'the', 'Convention', 'or', 'the', 'Protocols', 'thereto', ',', 'and', 'if', 'the', 'internal', 'law', 'of', 'the', 'High', 'Contracting', 'Party', 'concerned', 'allows', 'only', 'partial', 'reparation', 'to', 'be', 'made', ',', 'the', 'Court', 'shall', ',', 'if', 'necessary', ',', 'afford', 'just', 'satisfaction', 'to', 'the', 'injured', 'party', '.', '”']	['O', 'O', 'O', 'O', 'O', 'O', 'O', 'O', 'O', 'O', 'O', 'O', 'O', 'O', 'O', 'O', 'O', 'O', 'O', 'O', 'O', 'O', 'O', 'O', 'O', 'O', 'O', 'O', 'O', 'O', 'O', 'O', 'O', 'O', 'O', 'O', 'O', 'O', 'O', 'O', 'O', 'O', 'O', 'O', 'O', 'O', 'O', 'O', 'O', 'O', 'O', 'O', 'O', 'O']
['A.', 'Damage']	['O', 'O']
['67', '.', 'The', 'applicant', 'claimed', '25,000', 'euros', '(', 'EUR', ')', 'in', 'respect', 'of', 'non‑pecuniary', 'damage', '.']	['O', 'O', 'O', 'O', 'O', 'O', 'O', 'O', 'O', 'O', 'O', 'O', 'O', 'O', 'O', 'O']
['68', '.', 'The', 'Government', 'contested', 'this', 'claim', '.']	['O', 'O', 'O', 'O', 'O', 'O', 'O', 'O']
['69', '.', 'The', 'Court', 'considers', 'that', 'the', 'applicant', 'must', 'have', 'suffered', 'considerable', 'distress', 'on', 'account', 'of', 'the', 'violation', 'found', 'and', 'awards', 'her', ',', 'on', 'the', 'basis', 'of', 'equity', ',', 'EUR', '12,500', 'under', 'this', 'head', '.']	['O', 'O', 'O', 'O', 'O', 'O', 'O', 'O', 'O', 'O', 'O', 'O', 'O', 'O', 'O', 'O', 'O', 'O', 'O', 'O', 'O', 'O', 'O', 'O', 'O', 'O', 'O', 'O', 'O', 'O', 'O', 'O', 'O', 'O', 'O']
['B.', 'Costs', 'and', 'expenses']	['O', 'O', 'O', 'O']
['70', '.', 'The', 'applicant', 'also', 'claimed', 'EUR', '3,800', 'plus', 'VAT', 'for', 'the', 'costs', 'and', 'expenses', 'incurred', 'before', 'the', 'Court', '.', 'That', 'sum', 'corresponds', 'to', '19', 'hours', 'of', 'legal', 'work', 'billable', 'by', 'her', 'lawyer', 'at', 'an', 'hourly', 'rate', 'of', 'EUR', '200', 'plus', 'VAT', '.']	['O', 'O', 'O', 'O', 'O', 'O', 'O', 'O', 'O', 'O', 'O', 'O', 'O', 'O', 'O', 'O', 'O', 'O', 'O', 'O', 'O', 'O', 'O', 'O', 'O', 'O', 'O', 'O', 'O', 'O', 'O', 'O', 'O', 'O', 'O', 'O', 'O', 'O', 'O', 'O', 'O', 'O', 'O']
['71', '.', 'The', 'Government', 'contested', 'this', 'claim', '.']	['O', 'O', 'O', 'O', 'O', 'O', 'O', 'O']
['72', '.', 'According', 'to', 'the', 'Court', '’s', 'case', '-', 'law', ',', 'an', 'applicant', 'is', 'entitled', 'to', 'the', 'reimbursement', 'of', 'costs', 'and', 'expenses', 'only', 'in', 'so', 'far', 'as', 'it', 'has', 'been', 'shown', 'that', 'these', 'have', 'been', 'actually', 'and', 'necessarily', 'incurred', 'and', 'are', 'reasonable', 'as', 'to', 'quantum', '.', 'In', 'the', 'present', 'case', ',', 'regard', 'being', 'had', 'to', 'the', 'documents', 'in', 'its', 'possession', 'and', 'the', 'above', 'criteria', ',', 'the', 'Court', 'considers', 'it', 'reasonable', 'to', 'award', 'the', 'full', 'sum', 'claimed', '.']	['O', 'O', 'O', 'O', 'O', 'O', 'O', 'O', 'O', 'O', 'O', 'O', 'O', 'O', 'O', 'O', 'O', 'O', 'O', 'O', 'O', 'O', 'O', 'O', 'O', 'O', 'O', 'O', 'O', 'O', 'O', 'O', 'O', 'O', 'O', 'O', 'O', 'O', 'O', 'O', 'O', 'O', 'O', 'O', 'O', 'O', 'O', 'O', 'O', 'O', 'O', 'O', 'O', 'O', 'O', 'O', 'O', 'O', 'O', 'O', 'O', 'O', 'O', 'O', 'O', 'O', 'O', 'O', 'O', 'O', 'O', 'O', 'O', 'O', 'O', 'O', 'O']
['C.', 'Default', 'interest']	['O', 'O', 'O']
['73', '.', 'The', 'Court', 'considers', 'it', 'appropriate', 'that', 'the', 'default', 'interest', 'rate', 'should', 'be', 'based', 'on', 'the', 'marginal', 'lending', 'rate', 'of', 'the', 'European', 'Central', 'Bank', ',', 'to', 'which', 'should', 'be', 'added', 'three', 'percentage', 'points', '.']	['O', 'O', 'O', 'O', 'O', 'O', 'O', 'O', 'O', 'O', 'O', 'O', 'O', 'O', 'O', 'O', 'O', 'O', 'O', 'O', 'O', 'O', 'O', 'O', 'O', 'O', 'O', 'O', 'O', 'O', 'O', 'O', 'O', 'O', 'O']
['FOR', 'THESE', 'REASONS', ',', 'THE', 'COURT', ',', 'UNANIMOUSLY', ',']	['O', 'O', 'O', 'O', 'O', 'O', 'O', 'O', 'O']
['1', '.', 'Declares', 'the', 'complaint', 'under', 'Article', '8', 'admissible', ';']	['O', 'O', 'O', 'O', 'O', 'O', 'O', 'O', 'O', 'O']
['2', '.', 'Holds', 'that', 'there', 'has', 'been', 'a', 'violation', 'of', 'Article', '8', 'of', 'the', 'Convention', ';']	['O', 'O', 'O', 'O', 'O', 'O', 'O', 'O', 'O', 'O', 'O', 'O', 'O', 'O', 'O', 'O']
['3', '.', 'Holds', 'that', 'it', 'is', 'not', 'necessary', 'to', 'examine', 'separately', 'the', 'remainder', 'of', 'the', 'complaints', ';']	['O', 'O', 'O', 'O', 'O', 'O', 'O', 'O', 'O', 'O', 'O', 'O', 'O', 'O', 'O', 'O', 'O']
['4', '.', 'Holds']	['O', 'O', 'O']
['(', 'a', ')', 'that', 'the', 'respondent', 'State', 'is', 'to', 'pay', ',', 'within', 'three', 'months', 'from', 'the', 'date', 'on', 'which', 'the', 'judgment', 'becomes', 'final', 'in', 'accordance', 'with', 'Article', '44', '§', '2', 'of', 'the', 'Convention', ',', 'the', 'following', 'amounts', ',', 'to', 'be', 'converted', 'into', 'the', 'currency', 'of', 'the', 'respondent', 'State', 'at', 'the', 'rate', 'applicable', 'at', 'the', 'date', 'of', 'settlement', ':']	['O', 'O', 'O', 'O', 'O', 'O', 'O', 'O', 'O', 'O', 'O', 'O', 'O', 'O', 'O', 'O', 'O', 'O', 'O', 'O', 'O', 'O', 'O', 'O', 'O', 'O', 'O', 'O', 'O', 'O', 'O', 'O', 'O', 'O', 'O', 'O', 'O', 'O', 'O', 'O', 'O', 'O', 'O', 'O', 'O', 'O', 'O', 'O', 'O', 'O', 'O', 'O', 'O', 'O', 'O', 'O', 'O', 'O']
['(', 'i', ')', 'EUR', '12,500', '(', 'twelve', 'thousand', 'five', 'hundred', 'euros', ')', ',', 'plus', 'any', 'tax', 'that', 'may', 'be', 'chargeable', ',', 'in', 'respect', 'of', 'non', '-', 'pecuniary', 'damage', ';']	['O', 'O', 'O', 'O', 'O', 'O', 'O', 'O', 'O', 'O', 'O', 'O', 'O', 'O', 'O', 'O', 'O', 'O', 'O', 'O', 'O', 'O', 'O', 'O', 'O', 'O', 'O', 'O', 'O']
['(', 'ii', ')', 'EUR', '3,800', '(', 'three', 'thousand', 'eight', 'hundred', 'euros', ')', ',', 'plus', 'any', 'tax', 'that', 'may', 'be', 'chargeable', 'to', 'the', 'applicant', ',', 'in', 'respect', 'of', 'costs', 'and', 'expenses', ';']	['O', 'O', 'O', 'O', 'O', 'O', 'O', 'O', 'O', 'O', 'O', 'O', 'O', 'O', 'O', 'O', 'O', 'O', 'O', 'O', 'O', 'O', 'O', 'O', 'O', 'O', 'O', 'O', 'O', 'O', 'O']
['(', 'b', ')', 'that', 'from', 'the', 'expiry', 'of', 'the', 'above', '-', 'mentioned', 'three', 'months', 'until', 'settlement', 'simple', 'interest', 'shall', 'be', 'payable', 'on', 'the', 'above', 'amounts', 'at', 'a', 'rate', 'equal', 'to', 'the', 'marginal', 'lending', 'rate', 'of', 'the', 'European', 'Central', 'Bank', 'during', 'the', 'default', 'period', 'plus', 'three', 'percentage', 'points', ';']	['O', 'O', 'O', 'O', 'O', 'O', 'O', 'O', 'O', 'O', 'O', 'O', 'O', 'O', 'O', 'O', 'O', 'O', 'O', 'O', 'O', 'O', 'O', 'O', 'O', 'O', 'O', 'O', 'O', 'O', 'O', 'O', 'O', 'O', 'O', 'O', 'O', 'O', 'O', 'O', 'O', 'O', 'O', 'O', 'O', 'O', 'O', 'O']
['5', '.', 'Dismisses', 'the', 'remainder', 'of', 'the', 'applicant', '’s', 'claim', 'for', 'just', 'satisfaction', '.']	['O', 'O', 'O', 'O', 'O', 'O', 'O', 'O', 'O', 'O', 'O', 'O', 'O', 'O']
['Done', 'in', 'English', ',', 'and', 'notified', 'in', 'writing', 'on', '30', 'January', '2018', ',', 'pursuant', 'to', 'Rule', '77', '§', '§', '2', 'and', '3', 'of', 'the', 'Rules', 'of', 'Court', '.']	['O', 'O', 'O', 'O', 'O', 'O', 'O', 'O', 'O', 'O', 'O', 'O', 'O', 'O', 'O', 'O', 'O', 'O', 'O', 'O', 'O', 'O', 'O', 'O', 'O', 'O', 'O', 'O']
['Marialena', 'Tsirli']	['O', 'O']
['Ganna', 'Yudkivska']	['O', 'O']
['Registrar']	['O']
['President']	['O']
