tokens	labels
['I.', 'ALLEGED', 'VIOLATIONS', 'OF', 'ARTICLES', '8', 'AND', '13', 'OF', 'THE', 'CONVENTION']	['O', 'O', 'O', 'O', 'O', 'O', 'O', 'O', 'O', 'O', 'O']
['35', '.', 'The', 'applicant', 'complained', 'under', 'Article', '8', 'of', 'the', 'Convention', 'that', 'an', 'invasion', 'of', 'his', 'private', 'life', 'had', 'taken', 'place', 'and', 'that', 'no', 'effective', 'remedy', 'existed', 'to', 'reveal', 'the', 'identity', 'of', 'the', 'person', 'who', 'had', 'put', 'a', 'defamatory', 'advertisement', 'on', 'the', 'Internet', 'in', 'his', 'name', ',', 'contrary', 'to', 'Article', '13', 'of', 'the', 'Convention', '.']	['O', 'O', 'B-Subsumtion', 'I-Subsumtion', 'I-Subsumtion', 'I-Subsumtion', 'I-Subsumtion', 'I-Subsumtion', 'I-Subsumtion', 'I-Subsumtion', 'I-Subsumtion', 'I-Subsumtion', 'I-Subsumtion', 'I-Subsumtion', 'I-Subsumtion', 'I-Subsumtion', 'I-Subsumtion', 'I-Subsumtion', 'I-Subsumtion', 'I-Subsumtion', 'I-Subsumtion', 'I-Subsumtion', 'I-Subsumtion', 'I-Subsumtion', 'I-Subsumtion', 'I-Subsumtion', 'I-Subsumtion', 'I-Subsumtion', 'I-Subsumtion', 'I-Subsumtion', 'I-Subsumtion', 'I-Subsumtion', 'I-Subsumtion', 'I-Subsumtion', 'I-Subsumtion', 'I-Subsumtion', 'I-Subsumtion', 'I-Subsumtion', 'I-Subsumtion', 'I-Subsumtion', 'I-Subsumtion', 'I-Subsumtion', 'I-Subsumtion', 'I-Subsumtion', 'I-Subsumtion', 'I-Subsumtion', 'I-Subsumtion', 'I-Subsumtion', 'I-Subsumtion', 'I-Subsumtion', 'I-Subsumtion', 'I-Subsumtion', 'I-Subsumtion', 'I-Subsumtion', 'I-Subsumtion']
['Article', '8', 'provides', ':']	['I-Subsumtion', 'I-Subsumtion', 'I-Subsumtion', 'I-Subsumtion']
['“', '1', '.', 'Everyone', 'has', 'the', 'right', 'to', 'respect', 'for', 'his', 'private', 'and', 'family', 'life', ',', 'his', 'home', 'and', 'his', 'correspondence', '.']	['O', 'O', 'O', 'O', 'O', 'O', 'O', 'O', 'O', 'O', 'O', 'O', 'O', 'O', 'O', 'O', 'O', 'O', 'O', 'O', 'O', 'O']
['2', '.', 'There', 'shall', 'be', 'no', 'interference', 'by', 'a', 'public', 'authority', 'with', 'the', 'exercise', 'of', 'this', 'right', 'except', 'such', 'as', 'is', 'in', 'accordance', 'with', 'the', 'law', 'and', 'is', 'necessary', 'in', 'a', 'democratic', 'society', 'in', 'the', 'interests', 'of', 'national', 'security', ',', 'public', 'safety', 'or', 'the', 'economic', 'well', '-', 'being', 'of', 'the', 'country', ',', 'for', 'the', 'prevention', 'of', 'disorder', 'or', 'crime', ',', 'for', 'the', 'protection', 'of', 'health', 'or', 'morals', ',', 'or', 'for', 'the', 'protection', 'of', 'the', 'rights', 'and', 'freedoms', 'of', 'others', '.', '”']	['O', 'O', 'O', 'O', 'O', 'O', 'O', 'O', 'O', 'O', 'O', 'O', 'O', 'O', 'O', 'O', 'O', 'O', 'O', 'O', 'O', 'O', 'O', 'O', 'O', 'O', 'O', 'O', 'O', 'O', 'O', 'O', 'O', 'O', 'O', 'O', 'O', 'O', 'O', 'O', 'O', 'O', 'O', 'O', 'O', 'O', 'O', 'O', 'O', 'O', 'O', 'O', 'O', 'O', 'O', 'O', 'O', 'O', 'O', 'O', 'O', 'O', 'O', 'O', 'O', 'O', 'O', 'O', 'O', 'O', 'O', 'O', 'O', 'O', 'O', 'O', 'O', 'O', 'O', 'O', 'O']
['Article', '13', 'provides', ':']	['O', 'O', 'O', 'O']
['“', 'Everyone', 'whose', 'rights', 'and', 'freedoms', 'as', 'set', 'forth', 'in', '[', 'the', ']', 'Convention', 'are', 'violated', 'shall', 'have', 'an', 'effective', 'remedy', 'before', 'a', 'national', 'authority', 'notwithstanding', 'that', 'the', 'violation', 'has', 'been', 'committed', 'by', 'persons', 'acting', 'in', 'an', 'official', 'capacity', '.', '”']	['O', 'O', 'O', 'O', 'O', 'O', 'O', 'O', 'O', 'O', 'O', 'O', 'O', 'O', 'O', 'O', 'O', 'O', 'O', 'O', 'O', 'O', 'O', 'O', 'O', 'O', 'O', 'O', 'O', 'O', 'O', 'O', 'O', 'O', 'O', 'O', 'O', 'O', 'O', 'O', 'O']
['A.', 'The', 'parties', '’', 'submissions']	['O', 'O', 'O', 'O', 'O']
['36', '.', 'The', 'applicant', 'submitted', 'that', 'Finnish', 'legislation', 'at', 'the', 'time', 'protected', 'the', 'criminal', ',', 'whereas', 'the', 'victim', 'had', 'no', 'means', 'to', 'obtain', 'redress', 'or', 'protection', 'against', 'a', 'breach', 'of', 'privacy', '.', 'Under', 'the', 'Penal', 'Code', 'the', 'impugned', 'act', 'was', 'punishable', ',', 'but', 'the', 'Government', 'had', 'neglected', 'to', 'ensure', 'that', 'the', 'Protection', 'of', 'Privacy', 'and', 'Data', 'Security', 'in', 'Telecommunications', 'Act', 'and', 'the', 'Coercive', 'Measures', 'Act', 'were', 'consistent', 'with', 'each', 'other', '.', 'He', 'argued', 'that', 'the', 'random', 'possibility', 'of', 'seeking', 'civil', 'damages', ',', 'particularly', 'from', 'a', 'third', 'party', ',', 'was', 'not', 'sufficient', 'to', 'protect', 'his', 'rights', '.', 'He', 'emphasised', 'that', 'he', 'did', 'not', 'have', 'the', 'means', 'to', 'identify', 'the', 'person', 'who', 'had', 'placed', 'the', 'advertisement', 'on', 'the', 'Internet', '.', 'While', 'compensation', 'might', 'in', 'some', 'cases', 'be', 'an', 'effective', 'remedy', ',', 'this', 'depended', 'on', 'whether', 'it', 'was', 'paid', 'by', 'the', 'person', 'who', 'had', 'infringed', 'the', 'victim', '’s', 'rights', ',', 'which', 'was', 'not', 'the', 'case', 'in', 'his', 'application', '.', 'According', 'to', 'the', 'Government', ',', 'new', 'legislation', 'was', 'in', 'place', 'which', ',', 'had', 'it', 'existed', 'at', 'the', 'time', 'of', 'the', 'events', ',', 'would', 'have', 'rendered', 'this', 'complaint', 'unnecessary', '.', 'In', 'the', 'applicant', '’s', 'view', ',', 'the', 'Government', 'had', 'not', 'provided', 'any', 'justification', 'for', 'the', 'failure', 'to', 'afford', 'him', 'this', 'protection', 'at', 'the', 'material', 'time', '.', 'He', 'considered', ',', 'therefore', ',', 'that', 'there', 'had', 'been', 'breaches', 'of', 'Articles', '8', 'and', '13', 'of', 'the', 'Convention', '.']	['O', 'O', 'B-Subsumtion', 'I-Subsumtion', 'I-Subsumtion', 'I-Subsumtion', 'I-Subsumtion', 'I-Subsumtion', 'I-Subsumtion', 'I-Subsumtion', 'I-Subsumtion', 'I-Subsumtion', 'I-Subsumtion', 'I-Subsumtion', 'I-Subsumtion', 'I-Subsumtion', 'I-Subsumtion', 'I-Subsumtion', 'I-Subsumtion', 'I-Subsumtion', 'I-Subsumtion', 'I-Subsumtion', 'I-Subsumtion', 'I-Subsumtion', 'I-Subsumtion', 'I-Subsumtion', 'I-Subsumtion', 'I-Subsumtion', 'I-Subsumtion', 'I-Subsumtion', 'I-Subsumtion', 'I-Subsumtion', 'I-Subsumtion', 'I-Subsumtion', 'I-Subsumtion', 'I-Subsumtion', 'I-Subsumtion', 'I-Subsumtion', 'I-Subsumtion', 'I-Subsumtion', 'I-Subsumtion', 'I-Subsumtion', 'I-Subsumtion', 'I-Subsumtion', 'I-Subsumtion', 'I-Subsumtion', 'I-Subsumtion', 'I-Subsumtion', 'I-Subsumtion', 'I-Subsumtion', 'I-Subsumtion', 'I-Subsumtion', 'I-Subsumtion', 'I-Subsumtion', 'I-Subsumtion', 'I-Subsumtion', 'I-Subsumtion', 'I-Subsumtion', 'I-Subsumtion', 'I-Subsumtion', 'I-Subsumtion', 'I-Subsumtion', 'I-Subsumtion', 'I-Subsumtion', 'I-Subsumtion', 'I-Subsumtion', 'I-Subsumtion', 'I-Subsumtion', 'I-Subsumtion', 'I-Subsumtion', 'I-Subsumtion', 'I-Subsumtion', 'I-Subsumtion', 'I-Subsumtion', 'I-Subsumtion', 'I-Subsumtion', 'I-Subsumtion', 'I-Subsumtion', 'I-Subsumtion', 'I-Subsumtion', 'I-Subsumtion', 'I-Subsumtion', 'I-Subsumtion', 'I-Subsumtion', 'I-Subsumtion', 'I-Subsumtion', 'I-Subsumtion', 'I-Subsumtion', 'I-Subsumtion', 'I-Subsumtion', 'I-Subsumtion', 'I-Subsumtion', 'I-Subsumtion', 'I-Subsumtion', 'I-Subsumtion', 'I-Subsumtion', 'I-Subsumtion', 'I-Subsumtion', 'I-Subsumtion', 'I-Subsumtion', 'I-Subsumtion', 'I-Subsumtion', 'I-Subsumtion', 'I-Subsumtion', 'I-Subsumtion', 'I-Subsumtion', 'I-Subsumtion', 'I-Subsumtion', 'I-Subsumtion', 'I-Subsumtion', 'I-Subsumtion', 'I-Subsumtion', 'I-Subsumtion', 'I-Subsumtion', 'I-Subsumtion', 'I-Subsumtion', 'I-Subsumtion', 'I-Subsumtion', 'I-Subsumtion', 'I-Subsumtion', 'I-Subsumtion', 'I-Subsumtion', 'I-Subsumtion', 'I-Subsumtion', 'I-Subsumtion', 'I-Subsumtion', 'I-Subsumtion', 'I-Subsumtion', 'I-Subsumtion', 'I-Subsumtion', 'I-Subsumtion', 'I-Subsumtion', 'I-Subsumtion', 'I-Subsumtion', 'I-Subsumtion', 'I-Subsumtion', 'I-Subsumtion', 'I-Subsumtion', 'I-Subsumtion', 'I-Subsumtion', 'I-Subsumtion', 'I-Subsumtion', 'I-Subsumtion', 'I-Subsumtion', 'I-Subsumtion', 'I-Subsumtion', 'I-Subsumtion', 'I-Subsumtion', 'I-Subsumtion', 'I-Subsumtion', 'I-Subsumtion', 'I-Subsumtion', 'I-Subsumtion', 'I-Subsumtion', 'I-Subsumtion', 'I-Subsumtion', 'I-Subsumtion', 'I-Subsumtion', 'I-Subsumtion', 'I-Subsumtion', 'I-Subsumtion', 'I-Subsumtion', 'I-Subsumtion', 'I-Subsumtion', 'I-Subsumtion', 'I-Subsumtion', 'I-Subsumtion', 'I-Subsumtion', 'I-Subsumtion', 'I-Subsumtion', 'I-Subsumtion', 'I-Subsumtion', 'I-Subsumtion', 'I-Subsumtion', 'I-Subsumtion', 'I-Subsumtion', 'I-Subsumtion', 'I-Subsumtion', 'I-Subsumtion', 'I-Subsumtion', 'I-Subsumtion', 'I-Subsumtion', 'I-Subsumtion', 'I-Subsumtion', 'I-Subsumtion', 'I-Subsumtion', 'I-Subsumtion', 'I-Subsumtion', 'I-Subsumtion', 'I-Subsumtion', 'I-Subsumtion', 'I-Subsumtion', 'I-Subsumtion', 'I-Subsumtion', 'I-Subsumtion', 'I-Subsumtion', 'I-Subsumtion', 'I-Subsumtion', 'I-Subsumtion', 'I-Subsumtion', 'I-Subsumtion', 'I-Subsumtion', 'I-Subsumtion', 'I-Subsumtion', 'I-Subsumtion', 'I-Subsumtion', 'I-Subsumtion', 'I-Subsumtion', 'I-Subsumtion', 'I-Subsumtion', 'I-Subsumtion', 'I-Subsumtion', 'I-Subsumtion', 'I-Subsumtion', 'I-Subsumtion', 'I-Subsumtion', 'I-Subsumtion', 'I-Subsumtion', 'I-Subsumtion', 'I-Subsumtion', 'I-Subsumtion', 'I-Subsumtion', 'I-Subsumtion', 'I-Subsumtion', 'I-Subsumtion', 'I-Subsumtion', 'I-Subsumtion', 'I-Subsumtion', 'I-Subsumtion', 'I-Subsumtion']
['37', '.', 'The', 'Government', 'emphasised', 'that', 'in', 'the', 'present', 'case', 'the', 'interference', 'with', 'the', 'applicant', '’s', 'private', 'life', 'had', 'been', 'committed', 'by', 'another', 'individual', '.', 'The', 'impugned', 'act', 'was', 'considered', 'in', 'domestic', 'law', 'as', 'an', 'act', 'of', 'malicious', 'misrepresentation', 'and', 'would', 'have', 'been', 'punishable', 'as', 'such', ',', 'which', 'had', 'a', 'deterrent', 'effect', '.', 'An', 'investigation', 'had', 'been', 'initiated', 'to', 'identify', 'the', 'person', 'who', 'had', 'placed', 'the', 'advertisement', 'on', 'the', 'Internet', ',', 'but', 'had', 'proved', 'unsuccessful', 'due', 'to', 'the', 'legislation', 'in', 'force', 'at', 'the', 'time', ',', 'which', 'aimed', 'to', 'protect', 'freedom', 'of', 'expression', 'and', 'the', 'right', 'to', 'anonymous', 'expression', '.', 'The', 'legislation', 'protected', 'the', 'publisher', 'of', 'an', 'anonymous', 'Internet', 'message', 'so', 'extensively', 'that', 'the', 'protection', 'also', 'covered', 'messages', 'that', 'possibly', 'interfered', 'with', 'another', 'person', '’s', 'privacy', '.', 'This', 'side', '-', 'effect', 'of', 'the', 'protection', 'was', 'due', 'to', 'the', 'fact', 'that', 'the', 'concept', 'of', 'a', 'message', 'interfering', 'with', 'the', 'protection', 'of', 'privacy', 'was', 'not', 'clear', 'cut', ',', 'and', 'therefore', 'it', 'had', 'not', 'been', 'possible', 'to', 'clearly', 'exclude', 'such', 'messages', 'from', 'the', 'protection', 'provided', 'by', 'law', '.', 'There', 'were', ',', 'however', ',', 'other', 'avenues', 'of', 'redress', 'available', ',', 'for', 'example', 'the', 'Personal', 'Data', 'Act', ',', 'which', 'provided', 'protection', 'against', 'malicious', 'misrepresentation', 'in', 'that', 'the', 'operator', 'of', 'the', 'Internet', 'server', ',', 'on', 'the', 'basis', 'of', 'that', 'Act', '’s', 'provisions', 'on', 'criminal', 'liability', 'and', 'liability', 'in', 'damages', ',', 'was', 'obliged', 'to', 'ensure', 'that', 'sensitive', 'data', 'recorded', 'by', 'it', 'were', 'processed', 'with', 'the', 'consent', 'of', 'the', 'data', 'subject', '.', 'Furthermore', ',', 'although', 'the', 'personal', 'data', 'offence', 'had', 'become', 'time', '-', 'barred', ',', 'the', 'applicant', 'still', 'had', 'the', 'possibility', 'of', 'seeking', 'compensation', 'from', 'the', 'publisher', 'of', 'the', 'advertisement', '.', 'By', 'comparison', 'with', 'the', 'X', 'and', 'Y', 'v.', 'the', 'Netherlands', 'case', '(', '26', 'March', '1985', ',', 'Series', 'A', 'no', '.', '91', ')', ',', 'in', 'the', 'present', 'case', 'liability', 'in', 'damages', 'in', 'the', 'context', 'of', 'a', 'less', 'serious', 'offence', 'provided', 'a', 'sufficient', 'deterrent', 'effect', '.', 'In', 'addition', ',', 'there', 'were', 'other', 'mechanisms', 'available', 'to', 'the', 'applicant', ',', 'such', 'as', 'a', 'pre', '-', 'trial', 'police', 'investigation', ',', 'prosecution', ',', 'court', 'proceedings', 'and', 'damages', '.']	['O', 'O', 'B-Subsumtion', 'I-Subsumtion', 'I-Subsumtion', 'I-Subsumtion', 'I-Subsumtion', 'I-Subsumtion', 'I-Subsumtion', 'I-Subsumtion', 'I-Subsumtion', 'I-Subsumtion', 'I-Subsumtion', 'I-Subsumtion', 'I-Subsumtion', 'I-Subsumtion', 'I-Subsumtion', 'I-Subsumtion', 'I-Subsumtion', 'I-Subsumtion', 'I-Subsumtion', 'I-Subsumtion', 'I-Subsumtion', 'I-Subsumtion', 'I-Subsumtion', 'I-Subsumtion', 'I-Subsumtion', 'I-Subsumtion', 'I-Subsumtion', 'I-Subsumtion', 'I-Subsumtion', 'I-Subsumtion', 'I-Subsumtion', 'I-Subsumtion', 'I-Subsumtion', 'I-Subsumtion', 'I-Subsumtion', 'I-Subsumtion', 'I-Subsumtion', 'I-Subsumtion', 'I-Subsumtion', 'I-Subsumtion', 'I-Subsumtion', 'I-Subsumtion', 'I-Subsumtion', 'I-Subsumtion', 'I-Subsumtion', 'I-Subsumtion', 'I-Subsumtion', 'I-Subsumtion', 'I-Subsumtion', 'I-Subsumtion', 'I-Subsumtion', 'I-Subsumtion', 'I-Subsumtion', 'I-Subsumtion', 'I-Subsumtion', 'I-Subsumtion', 'I-Subsumtion', 'I-Subsumtion', 'I-Subsumtion', 'I-Subsumtion', 'I-Subsumtion', 'I-Subsumtion', 'I-Subsumtion', 'I-Subsumtion', 'I-Subsumtion', 'I-Subsumtion', 'I-Subsumtion', 'I-Subsumtion', 'I-Subsumtion', 'I-Subsumtion', 'I-Subsumtion', 'I-Subsumtion', 'I-Subsumtion', 'I-Subsumtion', 'I-Subsumtion', 'I-Subsumtion', 'I-Subsumtion', 'I-Subsumtion', 'I-Subsumtion', 'I-Subsumtion', 'I-Subsumtion', 'I-Subsumtion', 'I-Subsumtion', 'I-Subsumtion', 'I-Subsumtion', 'I-Subsumtion', 'I-Subsumtion', 'I-Subsumtion', 'I-Subsumtion', 'I-Subsumtion', 'I-Subsumtion', 'I-Subsumtion', 'I-Subsumtion', 'I-Subsumtion', 'I-Subsumtion', 'I-Subsumtion', 'I-Subsumtion', 'I-Subsumtion', 'I-Subsumtion', 'I-Subsumtion', 'I-Subsumtion', 'I-Subsumtion', 'I-Subsumtion', 'I-Subsumtion', 'I-Subsumtion', 'I-Subsumtion', 'I-Subsumtion', 'I-Subsumtion', 'I-Subsumtion', 'I-Subsumtion', 'I-Subsumtion', 'I-Subsumtion', 'I-Subsumtion', 'I-Subsumtion', 'I-Subsumtion', 'I-Subsumtion', 'I-Subsumtion', 'I-Subsumtion', 'I-Subsumtion', 'I-Subsumtion', 'I-Subsumtion', 'I-Subsumtion', 'I-Subsumtion', 'I-Subsumtion', 'I-Subsumtion', 'I-Subsumtion', 'I-Subsumtion', 'I-Subsumtion', 'I-Subsumtion', 'I-Subsumtion', 'I-Subsumtion', 'I-Subsumtion', 'I-Subsumtion', 'I-Subsumtion', 'I-Subsumtion', 'I-Subsumtion', 'I-Subsumtion', 'I-Subsumtion', 'I-Subsumtion', 'I-Subsumtion', 'I-Subsumtion', 'I-Subsumtion', 'I-Subsumtion', 'I-Subsumtion', 'I-Subsumtion', 'I-Subsumtion', 'I-Subsumtion', 'I-Subsumtion', 'I-Subsumtion', 'I-Subsumtion', 'I-Subsumtion', 'I-Subsumtion', 'I-Subsumtion', 'I-Subsumtion', 'I-Subsumtion', 'I-Subsumtion', 'I-Subsumtion', 'I-Subsumtion', 'I-Subsumtion', 'I-Subsumtion', 'I-Subsumtion', 'I-Subsumtion', 'I-Subsumtion', 'I-Subsumtion', 'I-Subsumtion', 'I-Subsumtion', 'I-Subsumtion', 'I-Subsumtion', 'I-Subsumtion', 'I-Subsumtion', 'I-Subsumtion', 'I-Subsumtion', 'I-Subsumtion', 'I-Subsumtion', 'I-Subsumtion', 'I-Subsumtion', 'I-Subsumtion', 'I-Subsumtion', 'I-Subsumtion', 'I-Subsumtion', 'I-Subsumtion', 'I-Subsumtion', 'I-Subsumtion', 'I-Subsumtion', 'I-Subsumtion', 'I-Subsumtion', 'I-Subsumtion', 'I-Subsumtion', 'I-Subsumtion', 'I-Subsumtion', 'I-Subsumtion', 'I-Subsumtion', 'I-Subsumtion', 'I-Subsumtion', 'I-Subsumtion', 'I-Subsumtion', 'I-Subsumtion', 'I-Subsumtion', 'I-Subsumtion', 'I-Subsumtion', 'I-Subsumtion', 'I-Subsumtion', 'I-Subsumtion', 'I-Subsumtion', 'I-Subsumtion', 'I-Subsumtion', 'I-Subsumtion', 'I-Subsumtion', 'I-Subsumtion', 'I-Subsumtion', 'I-Subsumtion', 'I-Subsumtion', 'I-Subsumtion', 'I-Subsumtion', 'I-Subsumtion', 'I-Subsumtion', 'I-Subsumtion', 'I-Subsumtion', 'I-Subsumtion', 'I-Subsumtion', 'I-Subsumtion', 'I-Subsumtion', 'I-Subsumtion', 'I-Subsumtion', 'I-Subsumtion', 'I-Subsumtion', 'I-Subsumtion', 'I-Subsumtion', 'I-Subsumtion', 'I-Subsumtion', 'I-Subsumtion', 'I-Subsumtion', 'I-Subsumtion', 'I-Subsumtion', 'I-Subsumtion', 'I-Subsumtion', 'I-Subsumtion', 'I-Subsumtion', 'I-Subsumtion', 'I-Subsumtion', 'I-Subsumtion', 'I-Subsumtion', 'I-Subsumtion', 'I-Subsumtion', 'I-Subsumtion', 'I-Subsumtion', 'I-Subsumtion', 'I-Subsumtion', 'I-Subsumtion', 'I-Subsumtion', 'I-Subsumtion', 'I-Subsumtion', 'I-Subsumtion', 'I-Subsumtion', 'I-Subsumtion', 'I-Subsumtion', 'I-Subsumtion', 'I-Subsumtion', 'I-Subsumtion', 'I-Subsumtion', 'I-Subsumtion', 'I-Subsumtion', 'I-Subsumtion', 'I-Subsumtion', 'I-Subsumtion', 'I-Subsumtion', 'I-Subsumtion', 'I-Subsumtion', 'I-Subsumtion', 'I-Subsumtion', 'I-Subsumtion', 'I-Subsumtion', 'I-Subsumtion', 'I-Subsumtion', 'I-Subsumtion', 'I-Subsumtion', 'I-Subsumtion', 'I-Subsumtion', 'I-Subsumtion', 'I-Subsumtion', 'I-Subsumtion', 'I-Subsumtion', 'I-Subsumtion', 'I-Subsumtion', 'I-Subsumtion', 'I-Subsumtion', 'I-Subsumtion', 'I-Subsumtion', 'I-Subsumtion', 'I-Subsumtion', 'I-Subsumtion', 'I-Subsumtion', 'I-Subsumtion', 'I-Subsumtion', 'I-Subsumtion', 'I-Subsumtion', 'I-Subsumtion', 'I-Subsumtion', 'I-Subsumtion', 'I-Subsumtion', 'I-Subsumtion', 'I-Subsumtion', 'I-Subsumtion', 'I-Subsumtion', 'I-Subsumtion', 'I-Subsumtion', 'I-Subsumtion', 'I-Subsumtion', 'I-Subsumtion', 'I-Subsumtion', 'I-Subsumtion', 'I-Subsumtion', 'I-Subsumtion', 'I-Subsumtion', 'I-Subsumtion', 'I-Subsumtion', 'I-Subsumtion', 'I-Subsumtion', 'I-Subsumtion', 'I-Subsumtion', 'I-Subsumtion', 'I-Subsumtion', 'I-Subsumtion', 'I-Subsumtion', 'I-Subsumtion', 'I-Subsumtion', 'I-Subsumtion', 'I-Subsumtion', 'I-Subsumtion', 'I-Subsumtion', 'I-Subsumtion', 'I-Subsumtion', 'I-Subsumtion', 'I-Subsumtion', 'I-Subsumtion', 'I-Subsumtion', 'I-Subsumtion', 'I-Subsumtion', 'I-Subsumtion', 'I-Subsumtion', 'I-Subsumtion', 'I-Subsumtion']
['38', '.', 'The', 'Government', 'submitted', 'that', 'it', 'was', 'important', 'to', 'look', 'at', 'the', 'legislative', 'situation', 'at', 'the', 'material', 'time', 'in', 'its', 'social', 'context', ',', 'when', 'a', 'rapid', 'increase', 'in', 'the', 'use', 'of', 'the', 'Internet', 'was', 'just', 'beginning', '.', 'The', 'current', 'legislation', ',', 'the', 'Exercise', 'of', 'Freedom', 'of', 'Expression', 'in', 'Mass', 'Media', 'Act', '(', 'sections', '2', 'and', '17', ')', ',', 'which', 'took', 'effect', 'on', '1', 'January', '2004', ',', 'gives', 'the', 'police', 'more', 'extensive', 'powers', 'to', 'break', 'the', 'protection', 'of', 'the', 'publisher', 'of', 'an', 'anonymous', 'Internet', 'message', 'for', 'the', 'purposes', 'of', 'criminal', 'investigations', '.', 'The', 'new', 'legislation', 'reflects', 'the', 'legislator', '’s', 'reaction', 'to', 'social', 'development', 'where', 'increased', 'use', '–', 'and', 'at', 'the', 'same', 'time', 'abuse', '–', 'of', 'the', 'Internet', 'has', 'required', 'a', 'redefinition', 'of', 'the', 'limits', 'of', 'protection', '.', 'Thus', ',', 'because', 'of', 'a', 'changed', 'situation', 'in', 'society', ',', 'subsequent', 'legislation', 'has', 'further', 'strengthened', 'the', 'protection', 'of', 'private', 'life', 'in', 'respect', 'of', 'freedom', 'of', 'expression', ',', 'and', 'especially', 'the', 'protection', 'of', 'the', 'publishers', 'of', 'anonymous', 'Internet', 'messages', '.']	['O', 'O', 'B-Subsumtion', 'I-Subsumtion', 'I-Subsumtion', 'I-Subsumtion', 'I-Subsumtion', 'I-Subsumtion', 'I-Subsumtion', 'I-Subsumtion', 'I-Subsumtion', 'I-Subsumtion', 'I-Subsumtion', 'I-Subsumtion', 'I-Subsumtion', 'I-Subsumtion', 'I-Subsumtion', 'I-Subsumtion', 'I-Subsumtion', 'I-Subsumtion', 'I-Subsumtion', 'I-Subsumtion', 'I-Subsumtion', 'I-Subsumtion', 'I-Subsumtion', 'I-Subsumtion', 'I-Subsumtion', 'I-Subsumtion', 'I-Subsumtion', 'I-Subsumtion', 'I-Subsumtion', 'I-Subsumtion', 'I-Subsumtion', 'I-Subsumtion', 'I-Subsumtion', 'I-Subsumtion', 'I-Subsumtion', 'I-Subsumtion', 'I-Subsumtion', 'I-Subsumtion', 'I-Subsumtion', 'I-Subsumtion', 'I-Subsumtion', 'I-Subsumtion', 'I-Subsumtion', 'I-Subsumtion', 'I-Subsumtion', 'I-Subsumtion', 'I-Subsumtion', 'I-Subsumtion', 'I-Subsumtion', 'I-Subsumtion', 'I-Subsumtion', 'I-Subsumtion', 'I-Subsumtion', 'I-Subsumtion', 'I-Subsumtion', 'I-Subsumtion', 'I-Subsumtion', 'I-Subsumtion', 'I-Subsumtion', 'I-Subsumtion', 'I-Subsumtion', 'I-Subsumtion', 'I-Subsumtion', 'I-Subsumtion', 'I-Subsumtion', 'I-Subsumtion', 'I-Subsumtion', 'I-Subsumtion', 'I-Subsumtion', 'I-Subsumtion', 'I-Subsumtion', 'I-Subsumtion', 'I-Subsumtion', 'I-Subsumtion', 'I-Subsumtion', 'I-Subsumtion', 'I-Subsumtion', 'I-Subsumtion', 'I-Subsumtion', 'I-Subsumtion', 'I-Subsumtion', 'I-Subsumtion', 'I-Subsumtion', 'I-Subsumtion', 'I-Subsumtion', 'I-Subsumtion', 'I-Subsumtion', 'I-Subsumtion', 'I-Subsumtion', 'I-Subsumtion', 'I-Subsumtion', 'I-Subsumtion', 'I-Subsumtion', 'I-Subsumtion', 'I-Subsumtion', 'I-Subsumtion', 'I-Subsumtion', 'I-Subsumtion', 'I-Subsumtion', 'I-Subsumtion', 'I-Subsumtion', 'I-Subsumtion', 'I-Subsumtion', 'I-Subsumtion', 'I-Subsumtion', 'I-Subsumtion', 'I-Subsumtion', 'I-Subsumtion', 'I-Subsumtion', 'I-Subsumtion', 'I-Subsumtion', 'I-Subsumtion', 'I-Subsumtion', 'I-Subsumtion', 'I-Subsumtion', 'I-Subsumtion', 'I-Subsumtion', 'I-Subsumtion', 'I-Subsumtion', 'I-Subsumtion', 'I-Subsumtion', 'I-Subsumtion', 'I-Subsumtion', 'I-Subsumtion', 'I-Subsumtion', 'I-Subsumtion', 'I-Subsumtion', 'I-Subsumtion', 'I-Subsumtion', 'I-Subsumtion', 'I-Subsumtion', 'I-Subsumtion', 'I-Subsumtion', 'I-Subsumtion', 'I-Subsumtion', 'I-Subsumtion', 'I-Subsumtion', 'I-Subsumtion', 'I-Subsumtion', 'I-Subsumtion', 'I-Subsumtion', 'I-Subsumtion', 'I-Subsumtion', 'I-Subsumtion', 'I-Subsumtion', 'I-Subsumtion', 'I-Subsumtion', 'I-Subsumtion', 'I-Subsumtion', 'I-Subsumtion', 'I-Subsumtion', 'I-Subsumtion', 'I-Subsumtion', 'I-Subsumtion', 'I-Subsumtion', 'I-Subsumtion', 'I-Subsumtion', 'I-Subsumtion', 'I-Subsumtion', 'I-Subsumtion', 'I-Subsumtion', 'I-Subsumtion', 'I-Subsumtion', 'I-Subsumtion']
['39', '.', 'However', ',', 'most', 'essential', 'in', 'the', 'present', 'case', 'was', 'that', 'even', 'the', 'legislation', 'in', 'force', 'at', 'the', 'material', 'time', 'provided', 'the', 'applicant', 'with', 'means', 'of', 'action', 'against', 'the', 'distribution', 'of', 'messages', 'invading', 'his', 'privacy', ',', 'in', 'that', 'the', 'operator', 'of', 'the', 'Internet', 'server', 'on', 'which', 'the', 'message', 'was', 'published', 'was', 'obliged', 'by', 'law', 'to', 'verify', 'that', 'the', 'person', 'in', 'question', 'had', 'consented', 'to', 'the', 'processing', 'of', 'sensitive', 'information', 'concerning', 'him', 'or', 'her', 'on', 'the', 'operator', '’s', 'server', '.', 'This', 'obligation', 'was', 'bolstered', 'by', 'criminal', 'liability', 'and', 'liability', 'in', 'damages', '.', 'Thus', ',', 'the', 'legislation', 'provided', 'the', 'applicant', 'with', 'sufficient', 'protection', 'of', 'privacy', 'and', 'effective', 'legal', 'remedies', '.']	['O', 'O', 'B-Subsumtion', 'I-Subsumtion', 'I-Subsumtion', 'I-Subsumtion', 'I-Subsumtion', 'I-Subsumtion', 'I-Subsumtion', 'I-Subsumtion', 'I-Subsumtion', 'I-Subsumtion', 'I-Subsumtion', 'I-Subsumtion', 'I-Subsumtion', 'I-Subsumtion', 'I-Subsumtion', 'I-Subsumtion', 'I-Subsumtion', 'I-Subsumtion', 'I-Subsumtion', 'I-Subsumtion', 'I-Subsumtion', 'I-Subsumtion', 'I-Subsumtion', 'I-Subsumtion', 'I-Subsumtion', 'I-Subsumtion', 'I-Subsumtion', 'I-Subsumtion', 'I-Subsumtion', 'I-Subsumtion', 'I-Subsumtion', 'I-Subsumtion', 'I-Subsumtion', 'I-Subsumtion', 'I-Subsumtion', 'I-Subsumtion', 'I-Subsumtion', 'I-Subsumtion', 'I-Subsumtion', 'I-Subsumtion', 'I-Subsumtion', 'I-Subsumtion', 'I-Subsumtion', 'I-Subsumtion', 'I-Subsumtion', 'I-Subsumtion', 'I-Subsumtion', 'I-Subsumtion', 'I-Subsumtion', 'I-Subsumtion', 'I-Subsumtion', 'I-Subsumtion', 'I-Subsumtion', 'I-Subsumtion', 'I-Subsumtion', 'I-Subsumtion', 'I-Subsumtion', 'I-Subsumtion', 'I-Subsumtion', 'I-Subsumtion', 'I-Subsumtion', 'I-Subsumtion', 'I-Subsumtion', 'I-Subsumtion', 'I-Subsumtion', 'I-Subsumtion', 'I-Subsumtion', 'I-Subsumtion', 'I-Subsumtion', 'I-Subsumtion', 'I-Subsumtion', 'I-Subsumtion', 'I-Subsumtion', 'I-Subsumtion', 'I-Subsumtion', 'I-Subsumtion', 'I-Subsumtion', 'I-Subsumtion', 'I-Subsumtion', 'I-Subsumtion', 'I-Subsumtion', 'I-Subsumtion', 'I-Subsumtion', 'I-Subsumtion', 'I-Subsumtion', 'I-Subsumtion', 'I-Subsumtion', 'I-Subsumtion', 'I-Subsumtion', 'I-Subsumtion', 'I-Subsumtion', 'I-Subsumtion', 'I-Subsumtion', 'I-Subsumtion', 'I-Subsumtion', 'I-Subsumtion', 'I-Subsumtion', 'I-Subsumtion', 'I-Subsumtion', 'I-Subsumtion', 'I-Subsumtion', 'I-Subsumtion', 'I-Subsumtion', 'I-Subsumtion', 'I-Subsumtion', 'I-Subsumtion', 'I-Subsumtion']
['B.', 'The', 'Court', '’s', 'assessment']	['O', 'O', 'O', 'O', 'O']
['40', '.', 'The', 'Court', 'notes', 'at', 'the', 'outset', 'that', 'the', 'applicant', ',', 'a', 'minor', 'of', '12', 'years', 'at', 'the', 'time', ',', 'was', 'the', 'subject', 'of', 'an', 'advertisement', 'of', 'a', 'sexual', 'nature', 'on', 'an', 'Internet', 'dating', 'site', '.', 'The', 'identity', 'of', 'the', 'person', 'who', 'had', 'placed', 'the', 'advertisement', 'could', 'not', ',', 'however', ',', 'be', 'obtained', 'from', 'the', 'Internet', 'service', 'provider', 'due', 'to', 'the', 'legislation', 'in', 'place', 'at', 'the', 'time', '.']	['O', 'O', 'B-Subsumtion', 'I-Subsumtion', 'I-Subsumtion', 'I-Subsumtion', 'I-Subsumtion', 'I-Subsumtion', 'I-Subsumtion', 'I-Subsumtion', 'I-Subsumtion', 'I-Subsumtion', 'I-Subsumtion', 'I-Subsumtion', 'I-Subsumtion', 'I-Subsumtion', 'I-Subsumtion', 'I-Subsumtion', 'I-Subsumtion', 'I-Subsumtion', 'I-Subsumtion', 'I-Subsumtion', 'I-Subsumtion', 'I-Subsumtion', 'I-Subsumtion', 'I-Subsumtion', 'I-Subsumtion', 'I-Subsumtion', 'I-Subsumtion', 'I-Subsumtion', 'I-Subsumtion', 'I-Subsumtion', 'I-Subsumtion', 'I-Subsumtion', 'I-Subsumtion', 'I-Subsumtion', 'I-Subsumtion', 'I-Subsumtion', 'I-Subsumtion', 'I-Subsumtion', 'I-Subsumtion', 'I-Subsumtion', 'I-Subsumtion', 'I-Subsumtion', 'I-Subsumtion', 'I-Subsumtion', 'I-Subsumtion', 'I-Subsumtion', 'I-Subsumtion', 'I-Subsumtion', 'I-Subsumtion', 'I-Subsumtion', 'I-Subsumtion', 'I-Subsumtion', 'I-Subsumtion', 'I-Subsumtion', 'I-Subsumtion', 'I-Subsumtion', 'I-Subsumtion', 'I-Subsumtion', 'I-Subsumtion', 'I-Subsumtion', 'I-Subsumtion', 'I-Subsumtion', 'I-Subsumtion', 'I-Subsumtion', 'I-Subsumtion', 'I-Subsumtion', 'I-Subsumtion']
['41', '.', 'There', 'is', 'no', 'dispute', 'as', 'to', 'the', 'applicability', 'of', 'Article', '8', ':', 'the', 'facts', 'underlying', 'the', 'application', 'concern', 'a', 'matter', 'of', '“', 'private', 'life', '”', ',', 'a', 'concept', 'which', 'covers', 'the', 'physical', 'and', 'moral', 'integrity', 'of', 'the', 'person', '(', 'see', 'X', 'and', 'Y', 'v.', 'the', 'Netherlands', ',', 'cited', 'above', ',', '§', '22', ')', '.', 'Although', 'this', 'case', 'is', 'seen', 'in', 'domestic', 'law', 'terms', 'as', 'one', 'of', 'malicious', 'misrepresentation', ',', 'the', 'Court', 'would', 'prefer', 'to', 'highlight', 'these', 'particular', 'aspects', 'of', 'the', 'notion', 'of', 'private', 'life', ',', 'having', 'regard', 'to', 'the', 'potential', 'threat', 'to', 'the', 'applicant', '’s', 'physical', 'and', 'mental', 'welfare', 'brought', 'about', 'by', 'the', 'impugned', 'situation', 'and', 'to', 'his', 'vulnerability', 'in', 'view', 'of', 'his', 'young', 'age', '.']	['O', 'O', 'B-Subsumtion', 'I-Subsumtion', 'I-Subsumtion', 'I-Subsumtion', 'I-Subsumtion', 'I-Subsumtion', 'I-Subsumtion', 'I-Subsumtion', 'I-Subsumtion', 'I-Subsumtion', 'I-Subsumtion', 'I-Subsumtion', 'I-Subsumtion', 'I-Subsumtion', 'I-Subsumtion', 'I-Subsumtion', 'I-Subsumtion', 'I-Subsumtion', 'I-Subsumtion', 'I-Subsumtion', 'I-Subsumtion', 'I-Subsumtion', 'I-Subsumtion', 'I-Subsumtion', 'I-Subsumtion', 'I-Subsumtion', 'I-Subsumtion', 'I-Subsumtion', 'I-Subsumtion', 'I-Subsumtion', 'I-Subsumtion', 'I-Subsumtion', 'I-Subsumtion', 'I-Subsumtion', 'I-Subsumtion', 'I-Subsumtion', 'I-Subsumtion', 'I-Subsumtion', 'I-Subsumtion', 'I-Subsumtion', 'I-Subsumtion', 'I-Subsumtion', 'I-Subsumtion', 'I-Subsumtion', 'I-Subsumtion', 'I-Subsumtion', 'I-Subsumtion', 'I-Subsumtion', 'I-Subsumtion', 'I-Subsumtion', 'I-Subsumtion', 'I-Subsumtion', 'I-Subsumtion', 'I-Subsumtion', 'I-Subsumtion', 'I-Subsumtion', 'I-Subsumtion', 'I-Subsumtion', 'I-Subsumtion', 'I-Subsumtion', 'I-Subsumtion', 'I-Subsumtion', 'I-Subsumtion', 'I-Subsumtion', 'I-Subsumtion', 'I-Subsumtion', 'I-Subsumtion', 'I-Subsumtion', 'I-Subsumtion', 'I-Subsumtion', 'I-Subsumtion', 'I-Subsumtion', 'I-Subsumtion', 'I-Subsumtion', 'I-Subsumtion', 'I-Subsumtion', 'I-Subsumtion', 'I-Subsumtion', 'I-Subsumtion', 'I-Subsumtion', 'I-Subsumtion', 'I-Subsumtion', 'I-Subsumtion', 'I-Subsumtion', 'I-Subsumtion', 'I-Subsumtion', 'I-Subsumtion', 'I-Subsumtion', 'I-Subsumtion', 'I-Subsumtion', 'I-Subsumtion', 'I-Subsumtion', 'I-Subsumtion', 'I-Subsumtion', 'I-Subsumtion', 'I-Subsumtion', 'I-Subsumtion', 'I-Subsumtion', 'I-Subsumtion', 'I-Subsumtion', 'I-Subsumtion', 'I-Subsumtion', 'I-Subsumtion', 'I-Subsumtion', 'I-Subsumtion', 'I-Subsumtion', 'I-Subsumtion', 'I-Subsumtion', 'I-Subsumtion', 'I-Subsumtion', 'I-Subsumtion', 'I-Subsumtion', 'I-Subsumtion', 'I-Subsumtion', 'I-Subsumtion', 'I-Subsumtion']
['42', '.', 'The', 'Court', 'reiterates', 'that', ',', 'although', 'the', 'object', 'of', 'Article', '8', 'is', 'essentially', 'to', 'protect', 'the', 'individual', 'against', 'arbitrary', 'interference', 'by', 'the', 'public', 'authorities', ',', 'it', 'does', 'not', 'merely', 'compel', 'the', 'State', 'to', 'abstain', 'from', 'such', 'interference', ':', 'in', 'addition', 'to', 'this', 'primarily', 'negative', 'undertaking', ',', 'there', 'may', 'be', 'positive', 'obligations', 'inherent', 'in', 'an', 'effective', 'respect', 'for', 'private', 'or', 'family', 'life', '(', 'see', 'Airey', 'v.', 'Ireland', ',', '9', 'October', '1979', ',', '§', '32', ',', 'Series', 'A', 'no', '.', '32', ')', '.']	['O', 'O', 'B-Vorherige Rechtsprechung des EGMR', 'I-Vorherige Rechtsprechung des EGMR', 'I-Vorherige Rechtsprechung des EGMR', 'I-Vorherige Rechtsprechung des EGMR', 'I-Vorherige Rechtsprechung des EGMR', 'I-Vorherige Rechtsprechung des EGMR', 'I-Vorherige Rechtsprechung des EGMR', 'I-Vorherige Rechtsprechung des EGMR', 'I-Vorherige Rechtsprechung des EGMR', 'I-Vorherige Rechtsprechung des EGMR', 'I-Vorherige Rechtsprechung des EGMR', 'I-Vorherige Rechtsprechung des EGMR', 'I-Vorherige Rechtsprechung des EGMR', 'I-Vorherige Rechtsprechung des EGMR', 'I-Vorherige Rechtsprechung des EGMR', 'I-Vorherige Rechtsprechung des EGMR', 'I-Vorherige Rechtsprechung des EGMR', 'I-Vorherige Rechtsprechung des EGMR', 'I-Vorherige Rechtsprechung des EGMR', 'I-Vorherige Rechtsprechung des EGMR', 'I-Vorherige Rechtsprechung des EGMR', 'I-Vorherige Rechtsprechung des EGMR', 'I-Vorherige Rechtsprechung des EGMR', 'I-Vorherige Rechtsprechung des EGMR', 'I-Vorherige Rechtsprechung des EGMR', 'I-Vorherige Rechtsprechung des EGMR', 'I-Vorherige Rechtsprechung des EGMR', 'I-Vorherige Rechtsprechung des EGMR', 'I-Vorherige Rechtsprechung des EGMR', 'I-Vorherige Rechtsprechung des EGMR', 'I-Vorherige Rechtsprechung des EGMR', 'I-Vorherige Rechtsprechung des EGMR', 'I-Vorherige Rechtsprechung des EGMR', 'I-Vorherige Rechtsprechung des EGMR', 'I-Vorherige Rechtsprechung des EGMR', 'I-Vorherige Rechtsprechung des EGMR', 'I-Vorherige Rechtsprechung des EGMR', 'I-Vorherige Rechtsprechung des EGMR', 'I-Vorherige Rechtsprechung des EGMR', 'I-Vorherige Rechtsprechung des EGMR', 'I-Vorherige Rechtsprechung des EGMR', 'I-Vorherige Rechtsprechung des EGMR', 'I-Vorherige Rechtsprechung des EGMR', 'I-Vorherige Rechtsprechung des EGMR', 'I-Vorherige Rechtsprechung des EGMR', 'I-Vorherige Rechtsprechung des EGMR', 'I-Vorherige Rechtsprechung des EGMR', 'I-Vorherige Rechtsprechung des EGMR', 'I-Vorherige Rechtsprechung des EGMR', 'I-Vorherige Rechtsprechung des EGMR', 'I-Vorherige Rechtsprechung des EGMR', 'I-Vorherige Rechtsprechung des EGMR', 'I-Vorherige Rechtsprechung des EGMR', 'I-Vorherige Rechtsprechung des EGMR', 'I-Vorherige Rechtsprechung des EGMR', 'I-Vorherige Rechtsprechung des EGMR', 'I-Vorherige Rechtsprechung des EGMR', 'I-Vorherige Rechtsprechung des EGMR', 'I-Vorherige Rechtsprechung des EGMR', 'I-Vorherige Rechtsprechung des EGMR', 'I-Vorherige Rechtsprechung des EGMR', 'I-Vorherige Rechtsprechung des EGMR', 'I-Vorherige Rechtsprechung des EGMR', 'I-Vorherige Rechtsprechung des EGMR', 'I-Vorherige Rechtsprechung des EGMR', 'I-Vorherige Rechtsprechung des EGMR', 'I-Vorherige Rechtsprechung des EGMR', 'I-Vorherige Rechtsprechung des EGMR', 'I-Vorherige Rechtsprechung des EGMR', 'I-Vorherige Rechtsprechung des EGMR', 'I-Vorherige Rechtsprechung des EGMR', 'I-Vorherige Rechtsprechung des EGMR', 'I-Vorherige Rechtsprechung des EGMR', 'I-Vorherige Rechtsprechung des EGMR', 'I-Vorherige Rechtsprechung des EGMR', 'I-Vorherige Rechtsprechung des EGMR', 'I-Vorherige Rechtsprechung des EGMR', 'I-Vorherige Rechtsprechung des EGMR', 'I-Vorherige Rechtsprechung des EGMR', 'I-Vorherige Rechtsprechung des EGMR', 'I-Vorherige Rechtsprechung des EGMR']
['43', '.', 'These', 'obligations', 'may', 'involve', 'the', 'adoption', 'of', 'measures', 'designed', 'to', 'secure', 'respect', 'for', 'private', 'life', 'even', 'in', 'the', 'sphere', 'of', 'the', 'relations', 'of', 'individuals', 'between', 'themselves', '.', 'There', 'are', 'different', 'ways', 'of', 'ensuring', 'respect', 'for', 'private', 'life', 'and', 'the', 'nature', 'of', 'the', 'State', '’s', 'obligation', 'will', 'depend', 'on', 'the', 'particular', 'aspect', 'of', 'private', 'life', 'that', 'is', 'at', 'issue', '.', 'While', 'the', 'choice', 'of', 'the', 'means', 'to', 'secure', 'compliance', 'with', 'Article', '8', 'in', 'the', 'sphere', 'of', 'protection', 'against', 'acts', 'of', 'individuals', 'is', ',', 'in', 'principle', ',', 'within', 'the', 'State', '’s', 'margin', 'of', 'appreciation', ',', 'effective', 'deterrence', 'against', 'grave', 'acts', ',', 'where', 'fundamental', 'values', 'and', 'essential', 'aspects', 'of', 'private', 'life', 'are', 'at', 'stake', ',', 'requires', 'efficient', 'criminal', '-', 'law', 'provisions', '(', 'see', 'X', 'and', 'Y', 'v.', 'the', 'Netherlands', ',', 'cited', 'above', ',', '§', '§', '23‑24', 'and', '27', ';', 'August', 'v.', 'the', 'United', 'Kingdom', '(', 'dec', '.', ')', ',', 'no', '.', '36505/02', ',', '21', 'January', '2003', ';', 'and', 'M.C.', 'v.', 'Bulgaria', ',', 'no', '.', '39272/98', ',', '§', '150', ',', 'ECHR', '2003‑XII', ')', '.']	['O', 'O', 'B-Vorherige Rechtsprechung des EGMR', 'I-Vorherige Rechtsprechung des EGMR', 'I-Vorherige Rechtsprechung des EGMR', 'I-Vorherige Rechtsprechung des EGMR', 'I-Vorherige Rechtsprechung des EGMR', 'I-Vorherige Rechtsprechung des EGMR', 'I-Vorherige Rechtsprechung des EGMR', 'I-Vorherige Rechtsprechung des EGMR', 'I-Vorherige Rechtsprechung des EGMR', 'I-Vorherige Rechtsprechung des EGMR', 'I-Vorherige Rechtsprechung des EGMR', 'I-Vorherige Rechtsprechung des EGMR', 'I-Vorherige Rechtsprechung des EGMR', 'I-Vorherige Rechtsprechung des EGMR', 'I-Vorherige Rechtsprechung des EGMR', 'I-Vorherige Rechtsprechung des EGMR', 'I-Vorherige Rechtsprechung des EGMR', 'I-Vorherige Rechtsprechung des EGMR', 'I-Vorherige Rechtsprechung des EGMR', 'I-Vorherige Rechtsprechung des EGMR', 'I-Vorherige Rechtsprechung des EGMR', 'I-Vorherige Rechtsprechung des EGMR', 'I-Vorherige Rechtsprechung des EGMR', 'I-Vorherige Rechtsprechung des EGMR', 'I-Vorherige Rechtsprechung des EGMR', 'I-Vorherige Rechtsprechung des EGMR', 'I-Vorherige Rechtsprechung des EGMR', 'I-Vorherige Rechtsprechung des EGMR', 'I-Vorherige Rechtsprechung des EGMR', 'I-Vorherige Rechtsprechung des EGMR', 'I-Vorherige Rechtsprechung des EGMR', 'I-Vorherige Rechtsprechung des EGMR', 'I-Vorherige Rechtsprechung des EGMR', 'I-Vorherige Rechtsprechung des EGMR', 'I-Vorherige Rechtsprechung des EGMR', 'I-Vorherige Rechtsprechung des EGMR', 'I-Vorherige Rechtsprechung des EGMR', 'I-Vorherige Rechtsprechung des EGMR', 'I-Vorherige Rechtsprechung des EGMR', 'I-Vorherige Rechtsprechung des EGMR', 'I-Vorherige Rechtsprechung des EGMR', 'I-Vorherige Rechtsprechung des EGMR', 'I-Vorherige Rechtsprechung des EGMR', 'I-Vorherige Rechtsprechung des EGMR', 'I-Vorherige Rechtsprechung des EGMR', 'I-Vorherige Rechtsprechung des EGMR', 'I-Vorherige Rechtsprechung des EGMR', 'I-Vorherige Rechtsprechung des EGMR', 'I-Vorherige Rechtsprechung des EGMR', 'I-Vorherige Rechtsprechung des EGMR', 'I-Vorherige Rechtsprechung des EGMR', 'I-Vorherige Rechtsprechung des EGMR', 'I-Vorherige Rechtsprechung des EGMR', 'I-Vorherige Rechtsprechung des EGMR', 'I-Vorherige Rechtsprechung des EGMR', 'I-Vorherige Rechtsprechung des EGMR', 'I-Vorherige Rechtsprechung des EGMR', 'I-Vorherige Rechtsprechung des EGMR', 'I-Vorherige Rechtsprechung des EGMR', 'I-Vorherige Rechtsprechung des EGMR', 'I-Vorherige Rechtsprechung des EGMR', 'I-Vorherige Rechtsprechung des EGMR', 'I-Vorherige Rechtsprechung des EGMR', 'I-Vorherige Rechtsprechung des EGMR', 'I-Vorherige Rechtsprechung des EGMR', 'I-Vorherige Rechtsprechung des EGMR', 'I-Vorherige Rechtsprechung des EGMR', 'I-Vorherige Rechtsprechung des EGMR', 'I-Vorherige Rechtsprechung des EGMR', 'I-Vorherige Rechtsprechung des EGMR', 'I-Vorherige Rechtsprechung des EGMR', 'I-Vorherige Rechtsprechung des EGMR', 'I-Vorherige Rechtsprechung des EGMR', 'I-Vorherige Rechtsprechung des EGMR', 'I-Vorherige Rechtsprechung des EGMR', 'I-Vorherige Rechtsprechung des EGMR', 'I-Vorherige Rechtsprechung des EGMR', 'I-Vorherige Rechtsprechung des EGMR', 'I-Vorherige Rechtsprechung des EGMR', 'I-Vorherige Rechtsprechung des EGMR', 'I-Vorherige Rechtsprechung des EGMR', 'I-Vorherige Rechtsprechung des EGMR', 'I-Vorherige Rechtsprechung des EGMR', 'I-Vorherige Rechtsprechung des EGMR', 'I-Vorherige Rechtsprechung des EGMR', 'I-Vorherige Rechtsprechung des EGMR', 'I-Vorherige Rechtsprechung des EGMR', 'I-Vorherige Rechtsprechung des EGMR', 'I-Vorherige Rechtsprechung des EGMR', 'I-Vorherige Rechtsprechung des EGMR', 'I-Vorherige Rechtsprechung des EGMR', 'I-Vorherige Rechtsprechung des EGMR', 'I-Vorherige Rechtsprechung des EGMR', 'I-Vorherige Rechtsprechung des EGMR', 'I-Vorherige Rechtsprechung des EGMR', 'I-Vorherige Rechtsprechung des EGMR', 'I-Vorherige Rechtsprechung des EGMR', 'I-Vorherige Rechtsprechung des EGMR', 'I-Vorherige Rechtsprechung des EGMR', 'I-Vorherige Rechtsprechung des EGMR', 'I-Vorherige Rechtsprechung des EGMR', 'I-Vorherige Rechtsprechung des EGMR', 'I-Vorherige Rechtsprechung des EGMR', 'I-Vorherige Rechtsprechung des EGMR', 'I-Vorherige Rechtsprechung des EGMR', 'I-Vorherige Rechtsprechung des EGMR', 'I-Vorherige Rechtsprechung des EGMR', 'I-Vorherige Rechtsprechung des EGMR', 'I-Vorherige Rechtsprechung des EGMR', 'I-Vorherige Rechtsprechung des EGMR', 'I-Vorherige Rechtsprechung des EGMR', 'I-Vorherige Rechtsprechung des EGMR', 'I-Vorherige Rechtsprechung des EGMR', 'I-Vorherige Rechtsprechung des EGMR', 'I-Vorherige Rechtsprechung des EGMR', 'I-Vorherige Rechtsprechung des EGMR', 'I-Vorherige Rechtsprechung des EGMR', 'I-Vorherige Rechtsprechung des EGMR', 'I-Vorherige Rechtsprechung des EGMR', 'I-Vorherige Rechtsprechung des EGMR', 'I-Vorherige Rechtsprechung des EGMR', 'I-Vorherige Rechtsprechung des EGMR', 'I-Vorherige Rechtsprechung des EGMR', 'I-Vorherige Rechtsprechung des EGMR', 'I-Vorherige Rechtsprechung des EGMR', 'I-Vorherige Rechtsprechung des EGMR', 'I-Vorherige Rechtsprechung des EGMR', 'I-Vorherige Rechtsprechung des EGMR', 'I-Vorherige Rechtsprechung des EGMR', 'I-Vorherige Rechtsprechung des EGMR', 'I-Vorherige Rechtsprechung des EGMR', 'I-Vorherige Rechtsprechung des EGMR', 'I-Vorherige Rechtsprechung des EGMR', 'I-Vorherige Rechtsprechung des EGMR', 'I-Vorherige Rechtsprechung des EGMR', 'I-Vorherige Rechtsprechung des EGMR', 'I-Vorherige Rechtsprechung des EGMR', 'I-Vorherige Rechtsprechung des EGMR', 'I-Vorherige Rechtsprechung des EGMR', 'I-Vorherige Rechtsprechung des EGMR', 'I-Vorherige Rechtsprechung des EGMR', 'I-Vorherige Rechtsprechung des EGMR', 'I-Vorherige Rechtsprechung des EGMR', 'I-Vorherige Rechtsprechung des EGMR', 'I-Vorherige Rechtsprechung des EGMR', 'I-Vorherige Rechtsprechung des EGMR', 'I-Vorherige Rechtsprechung des EGMR', 'I-Vorherige Rechtsprechung des EGMR', 'I-Vorherige Rechtsprechung des EGMR', 'I-Vorherige Rechtsprechung des EGMR', 'I-Vorherige Rechtsprechung des EGMR', 'I-Vorherige Rechtsprechung des EGMR', 'I-Vorherige Rechtsprechung des EGMR', 'I-Vorherige Rechtsprechung des EGMR', 'I-Vorherige Rechtsprechung des EGMR', 'I-Vorherige Rechtsprechung des EGMR', 'I-Vorherige Rechtsprechung des EGMR', 'I-Vorherige Rechtsprechung des EGMR', 'I-Vorherige Rechtsprechung des EGMR', 'I-Vorherige Rechtsprechung des EGMR', 'I-Vorherige Rechtsprechung des EGMR', 'I-Vorherige Rechtsprechung des EGMR', 'I-Vorherige Rechtsprechung des EGMR', 'I-Vorherige Rechtsprechung des EGMR', 'I-Vorherige Rechtsprechung des EGMR', 'I-Vorherige Rechtsprechung des EGMR', 'I-Vorherige Rechtsprechung des EGMR', 'I-Vorherige Rechtsprechung des EGMR', 'I-Vorherige Rechtsprechung des EGMR', 'I-Vorherige Rechtsprechung des EGMR']
['44', '.', 'The', 'limits', 'of', 'the', 'national', 'authorities', '’', 'margin', 'of', 'appreciation', 'are', 'nonetheless', 'circumscribed', 'by', 'the', 'Convention', 'provisions', '.', 'In', 'interpreting', 'them', ',', 'since', 'the', 'Convention', 'is', 'first', 'and', 'foremost', 'a', 'system', 'for', 'the', 'protection', 'of', 'human', 'rights', ',', 'the', 'Court', 'must', 'have', 'regard', 'to', 'the', 'changing', 'conditions', 'within', 'Contracting', 'States', 'and', 'respond', ',', 'for', 'example', ',', 'to', 'any', 'evolving', 'convergence', 'as', 'to', 'the', 'standards', 'to', 'be', 'achieved', '(', 'see', 'Christine', 'Goodwin', 'v.', 'the', 'United', 'Kingdom', '[', 'GC', ']', ',', 'no', '.', '28957/95', ',', '§', '74', ',', 'ECHR', '2002', '-', 'VI', ')', '.']	['O', 'O', 'B-Vorherige Rechtsprechung des EGMR', 'I-Vorherige Rechtsprechung des EGMR', 'I-Vorherige Rechtsprechung des EGMR', 'I-Vorherige Rechtsprechung des EGMR', 'I-Vorherige Rechtsprechung des EGMR', 'I-Vorherige Rechtsprechung des EGMR', 'I-Vorherige Rechtsprechung des EGMR', 'I-Vorherige Rechtsprechung des EGMR', 'I-Vorherige Rechtsprechung des EGMR', 'I-Vorherige Rechtsprechung des EGMR', 'I-Vorherige Rechtsprechung des EGMR', 'I-Vorherige Rechtsprechung des EGMR', 'I-Vorherige Rechtsprechung des EGMR', 'I-Vorherige Rechtsprechung des EGMR', 'I-Vorherige Rechtsprechung des EGMR', 'I-Vorherige Rechtsprechung des EGMR', 'I-Vorherige Rechtsprechung des EGMR', 'I-Vorherige Rechtsprechung des EGMR', 'I-Vorherige Rechtsprechung des EGMR', 'I-Vorherige Rechtsprechung des EGMR', 'I-Vorherige Rechtsprechung des EGMR', 'I-Vorherige Rechtsprechung des EGMR', 'I-Vorherige Rechtsprechung des EGMR', 'I-Vorherige Rechtsprechung des EGMR', 'I-Vorherige Rechtsprechung des EGMR', 'I-Vorherige Rechtsprechung des EGMR', 'I-Vorherige Rechtsprechung des EGMR', 'I-Vorherige Rechtsprechung des EGMR', 'I-Vorherige Rechtsprechung des EGMR', 'I-Vorherige Rechtsprechung des EGMR', 'I-Vorherige Rechtsprechung des EGMR', 'I-Vorherige Rechtsprechung des EGMR', 'I-Vorherige Rechtsprechung des EGMR', 'I-Vorherige Rechtsprechung des EGMR', 'I-Vorherige Rechtsprechung des EGMR', 'I-Vorherige Rechtsprechung des EGMR', 'I-Vorherige Rechtsprechung des EGMR', 'I-Vorherige Rechtsprechung des EGMR', 'I-Vorherige Rechtsprechung des EGMR', 'I-Vorherige Rechtsprechung des EGMR', 'I-Vorherige Rechtsprechung des EGMR', 'I-Vorherige Rechtsprechung des EGMR', 'I-Vorherige Rechtsprechung des EGMR', 'I-Vorherige Rechtsprechung des EGMR', 'I-Vorherige Rechtsprechung des EGMR', 'I-Vorherige Rechtsprechung des EGMR', 'I-Vorherige Rechtsprechung des EGMR', 'I-Vorherige Rechtsprechung des EGMR', 'I-Vorherige Rechtsprechung des EGMR', 'I-Vorherige Rechtsprechung des EGMR', 'I-Vorherige Rechtsprechung des EGMR', 'I-Vorherige Rechtsprechung des EGMR', 'I-Vorherige Rechtsprechung des EGMR', 'I-Vorherige Rechtsprechung des EGMR', 'I-Vorherige Rechtsprechung des EGMR', 'I-Vorherige Rechtsprechung des EGMR', 'I-Vorherige Rechtsprechung des EGMR', 'I-Vorherige Rechtsprechung des EGMR', 'I-Vorherige Rechtsprechung des EGMR', 'I-Vorherige Rechtsprechung des EGMR', 'I-Vorherige Rechtsprechung des EGMR', 'I-Vorherige Rechtsprechung des EGMR', 'I-Vorherige Rechtsprechung des EGMR', 'I-Vorherige Rechtsprechung des EGMR', 'I-Vorherige Rechtsprechung des EGMR', 'I-Vorherige Rechtsprechung des EGMR', 'I-Vorherige Rechtsprechung des EGMR', 'I-Vorherige Rechtsprechung des EGMR', 'I-Vorherige Rechtsprechung des EGMR', 'I-Vorherige Rechtsprechung des EGMR', 'I-Vorherige Rechtsprechung des EGMR', 'I-Vorherige Rechtsprechung des EGMR', 'I-Vorherige Rechtsprechung des EGMR', 'I-Vorherige Rechtsprechung des EGMR', 'I-Vorherige Rechtsprechung des EGMR', 'I-Vorherige Rechtsprechung des EGMR', 'I-Vorherige Rechtsprechung des EGMR', 'I-Vorherige Rechtsprechung des EGMR', 'I-Vorherige Rechtsprechung des EGMR', 'I-Vorherige Rechtsprechung des EGMR', 'I-Vorherige Rechtsprechung des EGMR', 'I-Vorherige Rechtsprechung des EGMR', 'I-Vorherige Rechtsprechung des EGMR', 'I-Vorherige Rechtsprechung des EGMR', 'I-Vorherige Rechtsprechung des EGMR', 'I-Vorherige Rechtsprechung des EGMR', 'I-Vorherige Rechtsprechung des EGMR', 'I-Vorherige Rechtsprechung des EGMR', 'I-Vorherige Rechtsprechung des EGMR', 'I-Vorherige Rechtsprechung des EGMR', 'I-Vorherige Rechtsprechung des EGMR', 'I-Vorherige Rechtsprechung des EGMR']
['45', '.', 'The', 'Court', 'considers', 'that', ',', 'while', 'this', 'case', 'might', 'not', 'attain', 'the', 'seriousness', 'of', 'X', 'and', 'Y', 'v.', 'the', 'Netherlands', ',', 'where', 'a', 'breach', 'of', 'Article', '8', 'arose', 'from', 'the', 'lack', 'of', 'an', 'effective', 'criminal', 'sanction', 'for', 'the', 'rape', 'of', 'a', 'girl', 'with', 'disabilities', ',', 'it', 'can', 'not', 'be', 'treated', 'as', 'trivial', '.', 'The', 'act', 'was', 'criminal', ',', 'involved', 'a', 'minor', 'and', 'made', 'him', 'a', 'target', 'for', 'approaches', 'by', 'paedophiles', '(', 'see', ',', 'also', ',', 'paragraph', '41', 'above', 'in', 'this', 'connection', ')', '.']	['O', 'O', 'B-Subsumtion', 'I-Subsumtion', 'I-Subsumtion', 'I-Subsumtion', 'I-Subsumtion', 'I-Subsumtion', 'I-Subsumtion', 'I-Subsumtion', 'I-Subsumtion', 'I-Subsumtion', 'I-Subsumtion', 'I-Subsumtion', 'I-Subsumtion', 'I-Subsumtion', 'I-Subsumtion', 'I-Subsumtion', 'I-Subsumtion', 'I-Subsumtion', 'I-Subsumtion', 'I-Subsumtion', 'I-Subsumtion', 'I-Subsumtion', 'I-Subsumtion', 'I-Subsumtion', 'I-Subsumtion', 'I-Subsumtion', 'I-Subsumtion', 'I-Subsumtion', 'I-Subsumtion', 'I-Subsumtion', 'I-Subsumtion', 'I-Subsumtion', 'I-Subsumtion', 'I-Subsumtion', 'I-Subsumtion', 'I-Subsumtion', 'I-Subsumtion', 'I-Subsumtion', 'I-Subsumtion', 'I-Subsumtion', 'I-Subsumtion', 'I-Subsumtion', 'I-Subsumtion', 'I-Subsumtion', 'I-Subsumtion', 'I-Subsumtion', 'I-Subsumtion', 'I-Subsumtion', 'I-Subsumtion', 'I-Subsumtion', 'I-Subsumtion', 'I-Subsumtion', 'I-Subsumtion', 'I-Subsumtion', 'I-Subsumtion', 'I-Subsumtion', 'I-Subsumtion', 'I-Subsumtion', 'I-Subsumtion', 'I-Subsumtion', 'I-Subsumtion', 'I-Subsumtion', 'I-Subsumtion', 'I-Subsumtion', 'I-Subsumtion', 'I-Subsumtion', 'I-Subsumtion', 'I-Subsumtion', 'I-Subsumtion', 'I-Subsumtion', 'I-Subsumtion', 'I-Subsumtion', 'I-Subsumtion', 'I-Subsumtion', 'I-Subsumtion', 'I-Subsumtion', 'I-Subsumtion', 'I-Subsumtion', 'I-Subsumtion', 'I-Subsumtion', 'I-Subsumtion', 'I-Subsumtion', 'I-Subsumtion']
['46', '.', 'The', 'Government', 'conceded', 'that', ',', 'at', 'the', 'time', ',', 'the', 'operator', 'of', 'the', 'Internet', 'server', 'could', 'not', 'be', 'ordered', 'to', 'provide', 'information', 'identifying', 'the', 'offender', '.', 'They', 'argued', 'that', 'protection', 'was', 'provided', 'by', 'the', 'mere', 'existence', 'of', 'the', 'criminal', 'offence', 'of', 'malicious', 'misrepresentation', 'and', 'by', 'the', 'possibility', 'of', 'bringing', 'criminal', 'charges', 'or', 'an', 'action', 'for', 'damages', 'against', 'the', 'server', 'operator', '.', 'As', 'to', 'the', 'former', ',', 'the', 'Court', 'notes', 'that', 'the', 'existence', 'of', 'an', 'offence', 'has', 'limited', 'deterrent', 'effects', 'if', 'there', 'is', 'no', 'means', 'to', 'identify', 'the', 'actual', 'offender', 'and', 'to', 'bring', 'him', 'to', 'justice', '.', 'Here', ',', 'the', 'Court', 'notes', 'that', 'it', 'has', 'not', 'excluded', 'the', 'possibility', 'that', 'the', 'State', '’s', 'positive', 'obligations', 'under', 'Article', '8', 'to', 'safeguard', 'the', 'individual', '’s', 'physical', 'or', 'moral', 'integrity', 'may', 'extend', 'to', 'questions', 'relating', 'to', 'the', 'effectiveness', 'of', 'a', 'criminal', 'investigation', 'even', 'where', 'the', 'criminal', 'liability', 'of', 'agents', 'of', 'the', 'State', 'is', 'not', 'at', 'issue', '(', 'see', 'Osman', 'v.', 'the', 'United', 'Kingdom', ',', '28', 'October', '1998', ',', '§', '128', ',', 'Reports', 'of', 'Judgments', 'and', 'Decisions', '1998', '-', 'VIII', ')', '.', 'For', 'the', 'Court', ',', 'States', 'have', 'a', 'positive', 'obligation', 'inherent', 'in', 'Article', '8', 'of', 'the', 'Convention', 'to', 'criminalise', 'offences', 'against', 'the', 'person', ',', 'including', 'attempted', 'offences', ',', 'and', 'to', 'reinforce', 'the', 'deterrent', 'effect', 'of', 'criminalisation', 'by', 'applying', 'criminal‑law', 'provisions', 'in', 'practice', 'through', 'effective', 'investigation', 'and', 'prosecution', '(', 'see', ',', 'mutatis', 'mutandis', ',', 'M.C.', 'v.', 'Bulgaria', ',', 'cited', 'above', ',', '§', '153', ')', '.', 'Where', 'the', 'physical', 'and', 'moral', 'welfare', 'of', 'a', 'child', 'is', 'threatened', ',', 'such', 'injunction', 'assumes', 'even', 'greater', 'importance', '.', 'The', 'Court', 'notes', 'in', 'this', 'connection', 'that', 'sexual', 'abuse', 'is', 'unquestionably', 'an', 'abhorrent', 'type', 'of', 'wrongdoing', ',', 'with', 'debilitating', 'effects', 'on', 'its', 'victims', '.', 'Children', 'and', 'other', 'vulnerable', 'individuals', 'are', 'entitled', 'to', 'State', 'protection', ',', 'in', 'the', 'form', 'of', 'effective', 'deterrence', ',', 'from', 'such', 'grave', 'types', 'of', 'interference', 'with', 'essential', 'aspects', 'of', 'their', 'private', 'lives', '(', 'see', 'Stubbings', 'and', 'Others', 'v.', 'the', 'United', 'Kingdom', ',', '22', 'October', '1996', ',', '§', '64', ',', 'Reports', '1996‑IV', ')', '.']	['O', 'O', 'B-Subsumtion', 'I-Subsumtion', 'I-Subsumtion', 'I-Subsumtion', 'I-Subsumtion', 'I-Subsumtion', 'I-Subsumtion', 'I-Subsumtion', 'I-Subsumtion', 'I-Subsumtion', 'I-Subsumtion', 'I-Subsumtion', 'I-Subsumtion', 'I-Subsumtion', 'I-Subsumtion', 'I-Subsumtion', 'I-Subsumtion', 'I-Subsumtion', 'I-Subsumtion', 'I-Subsumtion', 'I-Subsumtion', 'I-Subsumtion', 'I-Subsumtion', 'I-Subsumtion', 'I-Subsumtion', 'I-Subsumtion', 'I-Subsumtion', 'I-Subsumtion', 'I-Subsumtion', 'I-Subsumtion', 'I-Subsumtion', 'I-Subsumtion', 'I-Subsumtion', 'I-Subsumtion', 'I-Subsumtion', 'I-Subsumtion', 'I-Subsumtion', 'I-Subsumtion', 'I-Subsumtion', 'I-Subsumtion', 'I-Subsumtion', 'I-Subsumtion', 'I-Subsumtion', 'I-Subsumtion', 'I-Subsumtion', 'I-Subsumtion', 'I-Subsumtion', 'I-Subsumtion', 'I-Subsumtion', 'I-Subsumtion', 'I-Subsumtion', 'I-Subsumtion', 'I-Subsumtion', 'I-Subsumtion', 'I-Subsumtion', 'I-Subsumtion', 'I-Subsumtion', 'I-Subsumtion', 'I-Subsumtion', 'I-Subsumtion', 'I-Subsumtion', 'I-Subsumtion', 'I-Subsumtion', 'I-Subsumtion', 'I-Subsumtion', 'I-Subsumtion', 'I-Subsumtion', 'I-Subsumtion', 'I-Subsumtion', 'I-Subsumtion', 'I-Subsumtion', 'I-Subsumtion', 'I-Subsumtion', 'I-Subsumtion', 'I-Subsumtion', 'I-Subsumtion', 'I-Subsumtion', 'I-Subsumtion', 'I-Subsumtion', 'I-Subsumtion', 'I-Subsumtion', 'I-Subsumtion', 'I-Subsumtion', 'I-Subsumtion', 'I-Subsumtion', 'I-Subsumtion', 'I-Subsumtion', 'I-Subsumtion', 'I-Subsumtion', 'I-Subsumtion', 'I-Subsumtion', 'I-Subsumtion', 'I-Subsumtion', 'I-Subsumtion', 'I-Subsumtion', 'I-Subsumtion', 'B-Vorherige Rechtsprechung des EGMR', 'I-Vorherige Rechtsprechung des EGMR', 'I-Vorherige Rechtsprechung des EGMR', 'I-Vorherige Rechtsprechung des EGMR', 'I-Vorherige Rechtsprechung des EGMR', 'I-Vorherige Rechtsprechung des EGMR', 'I-Vorherige Rechtsprechung des EGMR', 'I-Vorherige Rechtsprechung des EGMR', 'I-Vorherige Rechtsprechung des EGMR', 'I-Vorherige Rechtsprechung des EGMR', 'I-Vorherige Rechtsprechung des EGMR', 'I-Vorherige Rechtsprechung des EGMR', 'I-Vorherige Rechtsprechung des EGMR', 'I-Vorherige Rechtsprechung des EGMR', 'I-Vorherige Rechtsprechung des EGMR', 'I-Vorherige Rechtsprechung des EGMR', 'I-Vorherige Rechtsprechung des EGMR', 'I-Vorherige Rechtsprechung des EGMR', 'I-Vorherige Rechtsprechung des EGMR', 'I-Vorherige Rechtsprechung des EGMR', 'I-Vorherige Rechtsprechung des EGMR', 'I-Vorherige Rechtsprechung des EGMR', 'I-Vorherige Rechtsprechung des EGMR', 'I-Vorherige Rechtsprechung des EGMR', 'I-Vorherige Rechtsprechung des EGMR', 'I-Vorherige Rechtsprechung des EGMR', 'I-Vorherige Rechtsprechung des EGMR', 'I-Vorherige Rechtsprechung des EGMR', 'I-Vorherige Rechtsprechung des EGMR', 'I-Vorherige Rechtsprechung des EGMR', 'I-Vorherige Rechtsprechung des EGMR', 'I-Vorherige Rechtsprechung des EGMR', 'I-Vorherige Rechtsprechung des EGMR', 'I-Vorherige Rechtsprechung des EGMR', 'I-Vorherige Rechtsprechung des EGMR', 'I-Vorherige Rechtsprechung des EGMR', 'I-Vorherige Rechtsprechung des EGMR', 'I-Vorherige Rechtsprechung des EGMR', 'I-Vorherige Rechtsprechung des EGMR', 'I-Vorherige Rechtsprechung des EGMR', 'I-Vorherige Rechtsprechung des EGMR', 'I-Vorherige Rechtsprechung des EGMR', 'I-Vorherige Rechtsprechung des EGMR', 'I-Vorherige Rechtsprechung des EGMR', 'I-Vorherige Rechtsprechung des EGMR', 'I-Vorherige Rechtsprechung des EGMR', 'I-Vorherige Rechtsprechung des EGMR', 'I-Vorherige Rechtsprechung des EGMR', 'I-Vorherige Rechtsprechung des EGMR', 'I-Vorherige Rechtsprechung des EGMR', 'I-Vorherige Rechtsprechung des EGMR', 'I-Vorherige Rechtsprechung des EGMR', 'I-Vorherige Rechtsprechung des EGMR', 'I-Vorherige Rechtsprechung des EGMR', 'I-Vorherige Rechtsprechung des EGMR', 'I-Vorherige Rechtsprechung des EGMR', 'I-Vorherige Rechtsprechung des EGMR', 'I-Vorherige Rechtsprechung des EGMR', 'I-Vorherige Rechtsprechung des EGMR', 'I-Vorherige Rechtsprechung des EGMR', 'I-Vorherige Rechtsprechung des EGMR', 'I-Vorherige Rechtsprechung des EGMR', 'I-Vorherige Rechtsprechung des EGMR', 'I-Vorherige Rechtsprechung des EGMR', 'I-Vorherige Rechtsprechung des EGMR', 'I-Vorherige Rechtsprechung des EGMR', 'I-Vorherige Rechtsprechung des EGMR', 'I-Vorherige Rechtsprechung des EGMR', 'I-Vorherige Rechtsprechung des EGMR', 'I-Vorherige Rechtsprechung des EGMR', 'I-Vorherige Rechtsprechung des EGMR', 'I-Vorherige Rechtsprechung des EGMR', 'I-Vorherige Rechtsprechung des EGMR', 'I-Vorherige Rechtsprechung des EGMR', 'I-Vorherige Rechtsprechung des EGMR', 'I-Vorherige Rechtsprechung des EGMR', 'I-Vorherige Rechtsprechung des EGMR', 'I-Vorherige Rechtsprechung des EGMR', 'I-Vorherige Rechtsprechung des EGMR', 'I-Vorherige Rechtsprechung des EGMR', 'I-Vorherige Rechtsprechung des EGMR', 'I-Vorherige Rechtsprechung des EGMR', 'I-Vorherige Rechtsprechung des EGMR', 'I-Vorherige Rechtsprechung des EGMR', 'I-Vorherige Rechtsprechung des EGMR', 'I-Vorherige Rechtsprechung des EGMR', 'I-Vorherige Rechtsprechung des EGMR', 'I-Vorherige Rechtsprechung des EGMR', 'I-Vorherige Rechtsprechung des EGMR', 'I-Vorherige Rechtsprechung des EGMR', 'I-Vorherige Rechtsprechung des EGMR', 'I-Vorherige Rechtsprechung des EGMR', 'I-Vorherige Rechtsprechung des EGMR', 'I-Vorherige Rechtsprechung des EGMR', 'I-Vorherige Rechtsprechung des EGMR', 'I-Vorherige Rechtsprechung des EGMR', 'I-Vorherige Rechtsprechung des EGMR', 'I-Vorherige Rechtsprechung des EGMR', 'I-Vorherige Rechtsprechung des EGMR', 'I-Vorherige Rechtsprechung des EGMR', 'I-Vorherige Rechtsprechung des EGMR', 'I-Vorherige Rechtsprechung des EGMR', 'I-Vorherige Rechtsprechung des EGMR', 'I-Vorherige Rechtsprechung des EGMR', 'I-Vorherige Rechtsprechung des EGMR', 'I-Vorherige Rechtsprechung des EGMR', 'I-Vorherige Rechtsprechung des EGMR', 'I-Vorherige Rechtsprechung des EGMR', 'I-Vorherige Rechtsprechung des EGMR', 'I-Vorherige Rechtsprechung des EGMR', 'I-Vorherige Rechtsprechung des EGMR', 'I-Vorherige Rechtsprechung des EGMR', 'I-Vorherige Rechtsprechung des EGMR', 'I-Vorherige Rechtsprechung des EGMR', 'I-Vorherige Rechtsprechung des EGMR', 'I-Vorherige Rechtsprechung des EGMR', 'I-Vorherige Rechtsprechung des EGMR', 'I-Vorherige Rechtsprechung des EGMR', 'I-Vorherige Rechtsprechung des EGMR', 'I-Vorherige Rechtsprechung des EGMR', 'I-Vorherige Rechtsprechung des EGMR', 'I-Vorherige Rechtsprechung des EGMR', 'I-Vorherige Rechtsprechung des EGMR', 'I-Vorherige Rechtsprechung des EGMR', 'I-Vorherige Rechtsprechung des EGMR', 'I-Vorherige Rechtsprechung des EGMR', 'I-Vorherige Rechtsprechung des EGMR', 'I-Vorherige Rechtsprechung des EGMR', 'I-Vorherige Rechtsprechung des EGMR', 'I-Vorherige Rechtsprechung des EGMR', 'I-Vorherige Rechtsprechung des EGMR', 'I-Vorherige Rechtsprechung des EGMR', 'I-Vorherige Rechtsprechung des EGMR', 'I-Vorherige Rechtsprechung des EGMR', 'I-Vorherige Rechtsprechung des EGMR', 'I-Vorherige Rechtsprechung des EGMR', 'I-Vorherige Rechtsprechung des EGMR', 'I-Vorherige Rechtsprechung des EGMR', 'I-Vorherige Rechtsprechung des EGMR', 'I-Vorherige Rechtsprechung des EGMR', 'I-Vorherige Rechtsprechung des EGMR', 'I-Vorherige Rechtsprechung des EGMR', 'I-Vorherige Rechtsprechung des EGMR', 'I-Vorherige Rechtsprechung des EGMR', 'I-Vorherige Rechtsprechung des EGMR', 'I-Vorherige Rechtsprechung des EGMR', 'I-Vorherige Rechtsprechung des EGMR', 'I-Vorherige Rechtsprechung des EGMR', 'I-Vorherige Rechtsprechung des EGMR', 'I-Vorherige Rechtsprechung des EGMR', 'I-Vorherige Rechtsprechung des EGMR', 'I-Vorherige Rechtsprechung des EGMR', 'I-Vorherige Rechtsprechung des EGMR', 'I-Vorherige Rechtsprechung des EGMR', 'I-Vorherige Rechtsprechung des EGMR', 'I-Vorherige Rechtsprechung des EGMR', 'I-Vorherige Rechtsprechung des EGMR', 'I-Vorherige Rechtsprechung des EGMR', 'I-Vorherige Rechtsprechung des EGMR', 'I-Vorherige Rechtsprechung des EGMR', 'I-Vorherige Rechtsprechung des EGMR', 'I-Vorherige Rechtsprechung des EGMR', 'I-Vorherige Rechtsprechung des EGMR', 'I-Vorherige Rechtsprechung des EGMR', 'I-Vorherige Rechtsprechung des EGMR', 'I-Vorherige Rechtsprechung des EGMR', 'I-Vorherige Rechtsprechung des EGMR', 'I-Vorherige Rechtsprechung des EGMR', 'I-Vorherige Rechtsprechung des EGMR', 'I-Vorherige Rechtsprechung des EGMR', 'I-Vorherige Rechtsprechung des EGMR', 'I-Vorherige Rechtsprechung des EGMR', 'I-Vorherige Rechtsprechung des EGMR', 'I-Vorherige Rechtsprechung des EGMR', 'I-Vorherige Rechtsprechung des EGMR', 'I-Vorherige Rechtsprechung des EGMR', 'I-Vorherige Rechtsprechung des EGMR', 'I-Vorherige Rechtsprechung des EGMR', 'I-Vorherige Rechtsprechung des EGMR', 'I-Vorherige Rechtsprechung des EGMR', 'I-Vorherige Rechtsprechung des EGMR', 'I-Vorherige Rechtsprechung des EGMR', 'I-Vorherige Rechtsprechung des EGMR', 'I-Vorherige Rechtsprechung des EGMR', 'I-Vorherige Rechtsprechung des EGMR', 'I-Vorherige Rechtsprechung des EGMR', 'I-Vorherige Rechtsprechung des EGMR', 'I-Vorherige Rechtsprechung des EGMR', 'I-Vorherige Rechtsprechung des EGMR', 'I-Vorherige Rechtsprechung des EGMR', 'I-Vorherige Rechtsprechung des EGMR', 'I-Vorherige Rechtsprechung des EGMR', 'I-Vorherige Rechtsprechung des EGMR', 'I-Vorherige Rechtsprechung des EGMR', 'I-Vorherige Rechtsprechung des EGMR', 'I-Vorherige Rechtsprechung des EGMR', 'I-Vorherige Rechtsprechung des EGMR', 'I-Vorherige Rechtsprechung des EGMR', 'I-Vorherige Rechtsprechung des EGMR', 'I-Vorherige Rechtsprechung des EGMR', 'I-Vorherige Rechtsprechung des EGMR', 'I-Vorherige Rechtsprechung des EGMR', 'I-Vorherige Rechtsprechung des EGMR', 'I-Vorherige Rechtsprechung des EGMR', 'I-Vorherige Rechtsprechung des EGMR', 'I-Vorherige Rechtsprechung des EGMR', 'I-Vorherige Rechtsprechung des EGMR', 'I-Vorherige Rechtsprechung des EGMR', 'I-Vorherige Rechtsprechung des EGMR', 'I-Vorherige Rechtsprechung des EGMR', 'I-Vorherige Rechtsprechung des EGMR', 'I-Vorherige Rechtsprechung des EGMR', 'I-Vorherige Rechtsprechung des EGMR', 'I-Vorherige Rechtsprechung des EGMR', 'I-Vorherige Rechtsprechung des EGMR', 'I-Vorherige Rechtsprechung des EGMR', 'I-Vorherige Rechtsprechung des EGMR', 'I-Vorherige Rechtsprechung des EGMR', 'I-Vorherige Rechtsprechung des EGMR', 'I-Vorherige Rechtsprechung des EGMR', 'I-Vorherige Rechtsprechung des EGMR', 'I-Vorherige Rechtsprechung des EGMR', 'I-Vorherige Rechtsprechung des EGMR', 'I-Vorherige Rechtsprechung des EGMR', 'I-Vorherige Rechtsprechung des EGMR', 'I-Vorherige Rechtsprechung des EGMR', 'I-Vorherige Rechtsprechung des EGMR', 'I-Vorherige Rechtsprechung des EGMR', 'I-Vorherige Rechtsprechung des EGMR', 'I-Vorherige Rechtsprechung des EGMR', 'I-Vorherige Rechtsprechung des EGMR', 'I-Vorherige Rechtsprechung des EGMR', 'I-Vorherige Rechtsprechung des EGMR', 'I-Vorherige Rechtsprechung des EGMR', 'I-Vorherige Rechtsprechung des EGMR', 'I-Vorherige Rechtsprechung des EGMR', 'I-Vorherige Rechtsprechung des EGMR', 'I-Vorherige Rechtsprechung des EGMR', 'I-Vorherige Rechtsprechung des EGMR']
['47', '.', 'As', 'to', 'the', 'Government', '’s', 'argument', 'that', 'the', 'applicant', 'had', 'the', 'possibility', 'to', 'obtain', 'damages', 'from', 'a', 'third', 'party', ',', 'namely', 'the', 'service', 'provider', ',', 'the', 'Court', 'considers', 'that', 'it', 'was', 'not', 'sufficient', 'in', 'the', 'circumstances', 'of', 'this', 'case', '.', 'It', 'is', 'plain', 'that', 'both', 'the', 'public', 'interest', 'and', 'the', 'protection', 'of', 'the', 'interests', 'of', 'victims', 'of', 'crimes', 'committed', 'against', 'their', 'physical', 'or', 'psychological', 'well', '-', 'being', 'require', 'the', 'availability', 'of', 'a', 'remedy', 'enabling', 'the', 'actual', 'offender', 'to', 'be', 'identified', 'and', 'brought', 'to', 'justice', ',', 'in', 'the', 'instant', 'case', 'the', 'person', 'who', 'placed', 'the', 'advertisement', 'in', 'the', 'applicant', '’s', 'name', ',', 'and', 'the', 'victim', 'to', 'obtain', 'financial', 'reparation', 'from', 'him', '.']	['O', 'O', 'B-Subsumtion', 'I-Subsumtion', 'I-Subsumtion', 'I-Subsumtion', 'I-Subsumtion', 'I-Subsumtion', 'I-Subsumtion', 'I-Subsumtion', 'I-Subsumtion', 'I-Subsumtion', 'I-Subsumtion', 'I-Subsumtion', 'I-Subsumtion', 'I-Subsumtion', 'I-Subsumtion', 'I-Subsumtion', 'I-Subsumtion', 'I-Subsumtion', 'I-Subsumtion', 'I-Subsumtion', 'I-Subsumtion', 'I-Subsumtion', 'I-Subsumtion', 'I-Subsumtion', 'I-Subsumtion', 'I-Subsumtion', 'I-Subsumtion', 'I-Subsumtion', 'I-Subsumtion', 'I-Subsumtion', 'I-Subsumtion', 'I-Subsumtion', 'I-Subsumtion', 'I-Subsumtion', 'I-Subsumtion', 'I-Subsumtion', 'I-Subsumtion', 'I-Subsumtion', 'I-Subsumtion', 'I-Subsumtion', 'I-Subsumtion', 'I-Subsumtion', 'I-Subsumtion', 'I-Subsumtion', 'I-Subsumtion', 'I-Subsumtion', 'I-Subsumtion', 'I-Subsumtion', 'I-Subsumtion', 'I-Subsumtion', 'I-Subsumtion', 'I-Subsumtion', 'I-Subsumtion', 'I-Subsumtion', 'I-Subsumtion', 'I-Subsumtion', 'I-Subsumtion', 'I-Subsumtion', 'I-Subsumtion', 'I-Subsumtion', 'I-Subsumtion', 'I-Subsumtion', 'I-Subsumtion', 'I-Subsumtion', 'I-Subsumtion', 'I-Subsumtion', 'I-Subsumtion', 'I-Subsumtion', 'I-Subsumtion', 'I-Subsumtion', 'I-Subsumtion', 'I-Subsumtion', 'I-Subsumtion', 'I-Subsumtion', 'I-Subsumtion', 'I-Subsumtion', 'I-Subsumtion', 'I-Subsumtion', 'I-Subsumtion', 'I-Subsumtion', 'I-Subsumtion', 'I-Subsumtion', 'I-Subsumtion', 'I-Subsumtion', 'I-Subsumtion', 'I-Subsumtion', 'I-Subsumtion', 'I-Subsumtion', 'I-Subsumtion', 'I-Subsumtion', 'I-Subsumtion', 'I-Subsumtion', 'I-Subsumtion', 'I-Subsumtion', 'I-Subsumtion', 'I-Subsumtion', 'I-Subsumtion', 'I-Subsumtion', 'I-Subsumtion', 'I-Subsumtion', 'I-Subsumtion', 'I-Subsumtion', 'I-Subsumtion', 'I-Subsumtion', 'I-Subsumtion', 'I-Subsumtion', 'I-Subsumtion', 'I-Subsumtion', 'I-Subsumtion', 'I-Subsumtion', 'I-Subsumtion']
['48', '.', 'The', 'Court', 'accepts', 'that', ',', 'in', 'view', 'of', 'the', 'difficulties', 'involved', 'in', 'policing', 'modern', 'societies', ',', 'a', 'positive', 'obligation', 'must', 'be', 'interpreted', 'in', 'a', 'way', 'which', 'does', 'not', 'impose', 'an', 'impossible', 'or', 'disproportionate', 'burden', 'on', 'the', 'authorities', 'or', ',', 'as', 'in', 'this', 'case', ',', 'the', 'legislator', '.', 'Another', 'relevant', 'consideration', 'is', 'the', 'need', 'to', 'ensure', 'that', 'powers', 'to', 'control', ',', 'prevent', 'and', 'investigate', 'crime', 'are', 'exercised', 'in', 'a', 'manner', 'which', 'fully', 'respects', 'the', 'due', 'process', 'and', 'other', 'guarantees', 'which', 'legitimately', 'place', 'restraints', 'on', 'criminal', 'investigations', 'and', 'bringing', 'offenders', 'to', 'justice', ',', 'including', 'the', 'guarantees', 'contained', 'in', 'Articles', '8', 'and', '10', 'of', 'the', 'Convention', ',', 'guarantees', 'which', 'offenders', 'themselves', 'can', 'rely', 'on', '.', 'The', 'Court', 'is', 'sensitive', 'to', 'the', 'Government', '’s', 'argument', 'that', 'any', 'legislative', 'shortcoming', 'should', 'be', 'seen', 'in', 'its', 'social', 'context', 'at', 'the', 'time', '.', 'The', 'Court', 'notes', 'at', 'the', 'same', 'time', 'that', 'the', 'relevant', 'incident', 'took', 'place', 'in', '1999', ',', 'that', 'is', ',', 'at', 'a', 'time', 'when', 'it', 'was', 'well', '-', 'known', 'that', 'the', 'Internet', ',', 'precisely', 'because', 'of', 'its', 'anonymous', 'character', ',', 'could', 'be', 'used', 'for', 'criminal', 'purposes', '(', 'see', 'paragraphs', '22', 'and', '24', 'above', ')', '.', 'Also', ',', 'the', 'widespread', 'problem', 'of', 'child', 'sexual', 'abuse', 'had', 'become', 'well', 'known', 'over', 'the', 'preceding', 'decade', '.', 'Therefore', ',', 'it', 'can', 'not', 'be', 'said', 'that', 'the', 'respondent', 'Government', 'did', 'not', 'have', 'the', 'opportunity', 'to', 'put', 'in', 'place', 'a', 'system', 'to', 'protect', 'child', 'victims', 'from', 'being', 'exposed', 'as', 'targets', 'for', 'paedophiliac', 'approaches', 'via', 'the', 'Internet', '.']	['O', 'O', 'B-Subsumtion', 'I-Subsumtion', 'I-Subsumtion', 'I-Subsumtion', 'I-Subsumtion', 'I-Subsumtion', 'I-Subsumtion', 'I-Subsumtion', 'I-Subsumtion', 'I-Subsumtion', 'I-Subsumtion', 'I-Subsumtion', 'I-Subsumtion', 'I-Subsumtion', 'I-Subsumtion', 'I-Subsumtion', 'I-Subsumtion', 'I-Subsumtion', 'I-Subsumtion', 'I-Subsumtion', 'I-Subsumtion', 'I-Subsumtion', 'I-Subsumtion', 'I-Subsumtion', 'I-Subsumtion', 'I-Subsumtion', 'I-Subsumtion', 'I-Subsumtion', 'I-Subsumtion', 'I-Subsumtion', 'I-Subsumtion', 'I-Subsumtion', 'I-Subsumtion', 'I-Subsumtion', 'I-Subsumtion', 'I-Subsumtion', 'I-Subsumtion', 'I-Subsumtion', 'I-Subsumtion', 'I-Subsumtion', 'I-Subsumtion', 'I-Subsumtion', 'I-Subsumtion', 'I-Subsumtion', 'I-Subsumtion', 'I-Subsumtion', 'I-Subsumtion', 'I-Subsumtion', 'I-Subsumtion', 'I-Subsumtion', 'I-Subsumtion', 'I-Subsumtion', 'I-Subsumtion', 'I-Subsumtion', 'I-Subsumtion', 'I-Subsumtion', 'I-Subsumtion', 'I-Subsumtion', 'I-Subsumtion', 'I-Subsumtion', 'I-Subsumtion', 'I-Subsumtion', 'I-Subsumtion', 'I-Subsumtion', 'I-Subsumtion', 'I-Subsumtion', 'I-Subsumtion', 'I-Subsumtion', 'I-Subsumtion', 'I-Subsumtion', 'I-Subsumtion', 'I-Subsumtion', 'I-Subsumtion', 'I-Subsumtion', 'I-Subsumtion', 'I-Subsumtion', 'I-Subsumtion', 'I-Subsumtion', 'I-Subsumtion', 'I-Subsumtion', 'I-Subsumtion', 'I-Subsumtion', 'I-Subsumtion', 'I-Subsumtion', 'I-Subsumtion', 'I-Subsumtion', 'I-Subsumtion', 'I-Subsumtion', 'I-Subsumtion', 'I-Subsumtion', 'I-Subsumtion', 'I-Subsumtion', 'I-Subsumtion', 'I-Subsumtion', 'I-Subsumtion', 'I-Subsumtion', 'I-Subsumtion', 'I-Subsumtion', 'I-Subsumtion', 'I-Subsumtion', 'I-Subsumtion', 'I-Subsumtion', 'I-Subsumtion', 'I-Subsumtion', 'I-Subsumtion', 'I-Subsumtion', 'I-Subsumtion', 'I-Subsumtion', 'I-Subsumtion', 'I-Subsumtion', 'I-Subsumtion', 'I-Subsumtion', 'I-Subsumtion', 'I-Subsumtion', 'I-Subsumtion', 'I-Subsumtion', 'I-Subsumtion', 'I-Subsumtion', 'I-Subsumtion', 'I-Subsumtion', 'I-Subsumtion', 'I-Subsumtion', 'I-Subsumtion', 'I-Subsumtion', 'I-Subsumtion', 'I-Subsumtion', 'I-Subsumtion', 'I-Subsumtion', 'I-Subsumtion', 'I-Subsumtion', 'I-Subsumtion', 'I-Subsumtion', 'I-Subsumtion', 'I-Subsumtion', 'I-Subsumtion', 'I-Subsumtion', 'I-Subsumtion', 'I-Subsumtion', 'I-Subsumtion', 'I-Subsumtion', 'I-Subsumtion', 'I-Subsumtion', 'I-Subsumtion', 'I-Subsumtion', 'I-Subsumtion', 'I-Subsumtion', 'I-Subsumtion', 'I-Subsumtion', 'I-Subsumtion', 'I-Subsumtion', 'I-Subsumtion', 'I-Subsumtion', 'I-Subsumtion', 'I-Subsumtion', 'I-Subsumtion', 'I-Subsumtion', 'I-Subsumtion', 'I-Subsumtion', 'I-Subsumtion', 'I-Subsumtion', 'I-Subsumtion', 'I-Subsumtion', 'I-Subsumtion', 'I-Subsumtion', 'I-Subsumtion', 'I-Subsumtion', 'I-Subsumtion', 'I-Subsumtion', 'I-Subsumtion', 'I-Subsumtion', 'I-Subsumtion', 'I-Subsumtion', 'I-Subsumtion', 'I-Subsumtion', 'I-Subsumtion', 'I-Subsumtion', 'I-Subsumtion', 'I-Subsumtion', 'I-Subsumtion', 'I-Subsumtion', 'I-Subsumtion', 'I-Subsumtion', 'I-Subsumtion', 'I-Subsumtion', 'I-Subsumtion', 'I-Subsumtion', 'I-Subsumtion', 'I-Subsumtion', 'I-Subsumtion', 'I-Subsumtion', 'I-Subsumtion', 'I-Subsumtion', 'I-Subsumtion', 'I-Subsumtion', 'I-Subsumtion', 'I-Subsumtion', 'I-Subsumtion', 'I-Subsumtion', 'I-Subsumtion', 'I-Subsumtion', 'I-Subsumtion', 'I-Subsumtion', 'I-Subsumtion', 'I-Subsumtion', 'I-Subsumtion', 'I-Subsumtion', 'I-Subsumtion', 'I-Subsumtion', 'I-Subsumtion', 'I-Subsumtion', 'I-Subsumtion', 'I-Subsumtion', 'I-Subsumtion', 'I-Subsumtion', 'I-Subsumtion', 'I-Subsumtion', 'I-Subsumtion', 'I-Subsumtion', 'I-Subsumtion', 'I-Subsumtion', 'I-Subsumtion', 'I-Subsumtion', 'I-Subsumtion', 'I-Subsumtion', 'I-Subsumtion', 'I-Subsumtion', 'I-Subsumtion', 'I-Subsumtion', 'I-Subsumtion', 'I-Subsumtion', 'I-Subsumtion', 'I-Subsumtion', 'I-Subsumtion', 'I-Subsumtion', 'I-Subsumtion', 'I-Subsumtion', 'I-Subsumtion', 'I-Subsumtion', 'I-Subsumtion', 'I-Subsumtion', 'I-Subsumtion', 'I-Subsumtion', 'I-Subsumtion', 'I-Subsumtion', 'I-Subsumtion', 'I-Subsumtion']
['49', '.', 'The', 'Court', 'considers', 'that', 'practical', 'and', 'effective', 'protection', 'of', 'the', 'applicant', 'required', 'that', 'effective', 'steps', 'be', 'taken', 'to', 'identify', 'and', 'prosecute', 'the', 'perpetrator', ',', 'that', 'is', ',', 'the', 'person', 'who', 'placed', 'the', 'advertisement', '.', 'In', 'the', 'instant', 'case', ',', 'such', 'protection', 'was', 'not', 'afforded', '.', 'An', 'effective', 'investigation', 'could', 'never', 'be', 'launched', 'because', 'of', 'an', 'overriding', 'requirement', 'of', 'confidentiality', '.', 'Although', 'freedom', 'of', 'expression', 'and', 'confidentiality', 'of', 'communications', 'are', 'primary', 'considerations', 'and', 'users', 'of', 'telecommunications', 'and', 'Internet', 'services', 'must', 'have', 'a', 'guarantee', 'that', 'their', 'own', 'privacy', 'and', 'freedom', 'of', 'expression', 'will', 'be', 'respected', ',', 'such', 'guarantee', 'can', 'not', 'be', 'absolute', 'and', 'must', 'yield', 'on', 'occasion', 'to', 'other', 'legitimate', 'imperatives', ',', 'such', 'as', 'the', 'prevention', 'of', 'disorder', 'or', 'crime', 'or', 'the', 'protection', 'of', 'the', 'rights', 'and', 'freedoms', 'of', 'others', '.', 'Without', 'prejudice', 'to', 'the', 'question', 'whether', 'the', 'conduct', 'of', 'the', 'person', 'who', 'placed', 'the', 'offending', 'advertisement', 'on', 'the', 'Internet', 'can', 'attract', 'the', 'protection', 'of', 'Articles', '8', 'and', '10', ',', 'having', 'regard', 'to', 'its', 'reprehensible', 'nature', ',', 'it', 'is', 'nonetheless', 'the', 'task', 'of', 'the', 'legislator', 'to', 'provide', 'the', 'framework', 'for', 'reconciling', 'the', 'various', 'claims', 'which', 'compete', 'for', 'protection', 'in', 'this', 'context', '.', 'Such', 'framework', 'was', 'not', ',', 'however', ',', 'in', 'place', 'at', 'the', 'material', 'time', ',', 'with', 'the', 'result', 'that', 'Finland', '’s', 'positive', 'obligation', 'with', 'respect', 'to', 'the', 'applicant', 'could', 'not', 'be', 'discharged', '.', 'This', 'deficiency', 'was', 'later', 'addressed', '.', 'However', ',', 'the', 'mechanisms', 'introduced', 'by', 'the', 'Exercise', 'of', 'Freedom', 'of', 'Expression', 'in', 'Mass', 'Media', 'Act', '(', 'see', 'paragraph', '21', 'above', ')', 'came', 'too', 'late', 'for', 'the', 'applicant', '.']	['O', 'O', 'B-Verhältnismäßigkeitsprüfung – Angemessenheit', 'I-Verhältnismäßigkeitsprüfung – Angemessenheit', 'I-Verhältnismäßigkeitsprüfung – Angemessenheit', 'I-Verhältnismäßigkeitsprüfung – Angemessenheit', 'I-Verhältnismäßigkeitsprüfung – Angemessenheit', 'I-Verhältnismäßigkeitsprüfung – Angemessenheit', 'I-Verhältnismäßigkeitsprüfung – Angemessenheit', 'I-Verhältnismäßigkeitsprüfung – Angemessenheit', 'I-Verhältnismäßigkeitsprüfung – Angemessenheit', 'I-Verhältnismäßigkeitsprüfung – Angemessenheit', 'I-Verhältnismäßigkeitsprüfung – Angemessenheit', 'I-Verhältnismäßigkeitsprüfung – Angemessenheit', 'I-Verhältnismäßigkeitsprüfung – Angemessenheit', 'I-Verhältnismäßigkeitsprüfung – Angemessenheit', 'I-Verhältnismäßigkeitsprüfung – Angemessenheit', 'I-Verhältnismäßigkeitsprüfung – Angemessenheit', 'I-Verhältnismäßigkeitsprüfung – Angemessenheit', 'I-Verhältnismäßigkeitsprüfung – Angemessenheit', 'I-Verhältnismäßigkeitsprüfung – Angemessenheit', 'I-Verhältnismäßigkeitsprüfung – Angemessenheit', 'I-Verhältnismäßigkeitsprüfung – Angemessenheit', 'I-Verhältnismäßigkeitsprüfung – Angemessenheit', 'I-Verhältnismäßigkeitsprüfung – Angemessenheit', 'I-Verhältnismäßigkeitsprüfung – Angemessenheit', 'I-Verhältnismäßigkeitsprüfung – Angemessenheit', 'I-Verhältnismäßigkeitsprüfung – Angemessenheit', 'I-Verhältnismäßigkeitsprüfung – Angemessenheit', 'I-Verhältnismäßigkeitsprüfung – Angemessenheit', 'I-Verhältnismäßigkeitsprüfung – Angemessenheit', 'I-Verhältnismäßigkeitsprüfung – Angemessenheit', 'I-Verhältnismäßigkeitsprüfung – Angemessenheit', 'I-Verhältnismäßigkeitsprüfung – Angemessenheit', 'I-Verhältnismäßigkeitsprüfung – Angemessenheit', 'I-Verhältnismäßigkeitsprüfung – Angemessenheit', 'I-Verhältnismäßigkeitsprüfung – Angemessenheit', 'I-Verhältnismäßigkeitsprüfung – Angemessenheit', 'I-Verhältnismäßigkeitsprüfung – Angemessenheit', 'I-Verhältnismäßigkeitsprüfung – Angemessenheit', 'I-Verhältnismäßigkeitsprüfung – Angemessenheit', 'I-Verhältnismäßigkeitsprüfung – Angemessenheit', 'I-Verhältnismäßigkeitsprüfung – Angemessenheit', 'I-Verhältnismäßigkeitsprüfung – Angemessenheit', 'I-Verhältnismäßigkeitsprüfung – Angemessenheit', 'I-Verhältnismäßigkeitsprüfung – Angemessenheit', 'I-Verhältnismäßigkeitsprüfung – Angemessenheit', 'I-Verhältnismäßigkeitsprüfung – Angemessenheit', 'I-Verhältnismäßigkeitsprüfung – Angemessenheit', 'I-Verhältnismäßigkeitsprüfung – Angemessenheit', 'I-Verhältnismäßigkeitsprüfung – Angemessenheit', 'I-Verhältnismäßigkeitsprüfung – Angemessenheit', 'I-Verhältnismäßigkeitsprüfung – Angemessenheit', 'I-Verhältnismäßigkeitsprüfung – Angemessenheit', 'I-Verhältnismäßigkeitsprüfung – Angemessenheit', 'I-Verhältnismäßigkeitsprüfung – Angemessenheit', 'I-Verhältnismäßigkeitsprüfung – Angemessenheit', 'I-Verhältnismäßigkeitsprüfung – Angemessenheit', 'I-Verhältnismäßigkeitsprüfung – Angemessenheit', 'I-Verhältnismäßigkeitsprüfung – Angemessenheit', 'I-Verhältnismäßigkeitsprüfung – Angemessenheit', 'I-Verhältnismäßigkeitsprüfung – Angemessenheit', 'I-Verhältnismäßigkeitsprüfung – Angemessenheit', 'I-Verhältnismäßigkeitsprüfung – Angemessenheit', 'I-Verhältnismäßigkeitsprüfung – Angemessenheit', 'I-Verhältnismäßigkeitsprüfung – Angemessenheit', 'I-Verhältnismäßigkeitsprüfung – Angemessenheit', 'I-Verhältnismäßigkeitsprüfung – Angemessenheit', 'I-Verhältnismäßigkeitsprüfung – Angemessenheit', 'I-Verhältnismäßigkeitsprüfung – Angemessenheit', 'I-Verhältnismäßigkeitsprüfung – Angemessenheit', 'I-Verhältnismäßigkeitsprüfung – Angemessenheit', 'I-Verhältnismäßigkeitsprüfung – Angemessenheit', 'I-Verhältnismäßigkeitsprüfung – Angemessenheit', 'I-Verhältnismäßigkeitsprüfung – Angemessenheit', 'I-Verhältnismäßigkeitsprüfung – Angemessenheit', 'I-Verhältnismäßigkeitsprüfung – Angemessenheit', 'I-Verhältnismäßigkeitsprüfung – Angemessenheit', 'I-Verhältnismäßigkeitsprüfung – Angemessenheit', 'I-Verhältnismäßigkeitsprüfung – Angemessenheit', 'I-Verhältnismäßigkeitsprüfung – Angemessenheit', 'I-Verhältnismäßigkeitsprüfung – Angemessenheit', 'I-Verhältnismäßigkeitsprüfung – Angemessenheit', 'I-Verhältnismäßigkeitsprüfung – Angemessenheit', 'I-Verhältnismäßigkeitsprüfung – Angemessenheit', 'I-Verhältnismäßigkeitsprüfung – Angemessenheit', 'I-Verhältnismäßigkeitsprüfung – Angemessenheit', 'I-Verhältnismäßigkeitsprüfung – Angemessenheit', 'I-Verhältnismäßigkeitsprüfung – Angemessenheit', 'I-Verhältnismäßigkeitsprüfung – Angemessenheit', 'I-Verhältnismäßigkeitsprüfung – Angemessenheit', 'I-Verhältnismäßigkeitsprüfung – Angemessenheit', 'I-Verhältnismäßigkeitsprüfung – Angemessenheit', 'I-Verhältnismäßigkeitsprüfung – Angemessenheit', 'I-Verhältnismäßigkeitsprüfung – Angemessenheit', 'I-Verhältnismäßigkeitsprüfung – Angemessenheit', 'I-Verhältnismäßigkeitsprüfung – Angemessenheit', 'I-Verhältnismäßigkeitsprüfung – Angemessenheit', 'I-Verhältnismäßigkeitsprüfung – Angemessenheit', 'I-Verhältnismäßigkeitsprüfung – Angemessenheit', 'I-Verhältnismäßigkeitsprüfung – Angemessenheit', 'I-Verhältnismäßigkeitsprüfung – Angemessenheit', 'I-Verhältnismäßigkeitsprüfung – Angemessenheit', 'I-Verhältnismäßigkeitsprüfung – Angemessenheit', 'I-Verhältnismäßigkeitsprüfung – Angemessenheit', 'I-Verhältnismäßigkeitsprüfung – Angemessenheit', 'I-Verhältnismäßigkeitsprüfung – Angemessenheit', 'I-Verhältnismäßigkeitsprüfung – Angemessenheit', 'I-Verhältnismäßigkeitsprüfung – Angemessenheit', 'I-Verhältnismäßigkeitsprüfung – Angemessenheit', 'I-Verhältnismäßigkeitsprüfung – Angemessenheit', 'I-Verhältnismäßigkeitsprüfung – Angemessenheit', 'I-Verhältnismäßigkeitsprüfung – Angemessenheit', 'I-Verhältnismäßigkeitsprüfung – Angemessenheit', 'I-Verhältnismäßigkeitsprüfung – Angemessenheit', 'I-Verhältnismäßigkeitsprüfung – Angemessenheit', 'I-Verhältnismäßigkeitsprüfung – Angemessenheit', 'I-Verhältnismäßigkeitsprüfung – Angemessenheit', 'I-Verhältnismäßigkeitsprüfung – Angemessenheit', 'I-Verhältnismäßigkeitsprüfung – Angemessenheit', 'I-Verhältnismäßigkeitsprüfung – Angemessenheit', 'I-Verhältnismäßigkeitsprüfung – Angemessenheit', 'I-Verhältnismäßigkeitsprüfung – Angemessenheit', 'I-Verhältnismäßigkeitsprüfung – Angemessenheit', 'I-Verhältnismäßigkeitsprüfung – Angemessenheit', 'I-Verhältnismäßigkeitsprüfung – Angemessenheit', 'I-Verhältnismäßigkeitsprüfung – Angemessenheit', 'I-Verhältnismäßigkeitsprüfung – Angemessenheit', 'I-Verhältnismäßigkeitsprüfung – Angemessenheit', 'I-Verhältnismäßigkeitsprüfung – Angemessenheit', 'I-Verhältnismäßigkeitsprüfung – Angemessenheit', 'I-Verhältnismäßigkeitsprüfung – Angemessenheit', 'I-Verhältnismäßigkeitsprüfung – Angemessenheit', 'I-Verhältnismäßigkeitsprüfung – Angemessenheit', 'I-Verhältnismäßigkeitsprüfung – Angemessenheit', 'I-Verhältnismäßigkeitsprüfung – Angemessenheit', 'I-Verhältnismäßigkeitsprüfung – Angemessenheit', 'I-Verhältnismäßigkeitsprüfung – Angemessenheit', 'I-Verhältnismäßigkeitsprüfung – Angemessenheit', 'I-Verhältnismäßigkeitsprüfung – Angemessenheit', 'I-Verhältnismäßigkeitsprüfung – Angemessenheit', 'I-Verhältnismäßigkeitsprüfung – Angemessenheit', 'I-Verhältnismäßigkeitsprüfung – Angemessenheit', 'I-Verhältnismäßigkeitsprüfung – Angemessenheit', 'I-Verhältnismäßigkeitsprüfung – Angemessenheit', 'I-Verhältnismäßigkeitsprüfung – Angemessenheit', 'I-Verhältnismäßigkeitsprüfung – Angemessenheit', 'I-Verhältnismäßigkeitsprüfung – Angemessenheit', 'I-Verhältnismäßigkeitsprüfung – Angemessenheit', 'I-Verhältnismäßigkeitsprüfung – Angemessenheit', 'I-Verhältnismäßigkeitsprüfung – Angemessenheit', 'I-Verhältnismäßigkeitsprüfung – Angemessenheit', 'I-Verhältnismäßigkeitsprüfung – Angemessenheit', 'I-Verhältnismäßigkeitsprüfung – Angemessenheit', 'I-Verhältnismäßigkeitsprüfung – Angemessenheit', 'I-Verhältnismäßigkeitsprüfung – Angemessenheit', 'I-Verhältnismäßigkeitsprüfung – Angemessenheit', 'I-Verhältnismäßigkeitsprüfung – Angemessenheit', 'I-Verhältnismäßigkeitsprüfung – Angemessenheit', 'I-Verhältnismäßigkeitsprüfung – Angemessenheit', 'I-Verhältnismäßigkeitsprüfung – Angemessenheit', 'I-Verhältnismäßigkeitsprüfung – Angemessenheit', 'I-Verhältnismäßigkeitsprüfung – Angemessenheit', 'I-Verhältnismäßigkeitsprüfung – Angemessenheit', 'I-Verhältnismäßigkeitsprüfung – Angemessenheit', 'I-Verhältnismäßigkeitsprüfung – Angemessenheit', 'I-Verhältnismäßigkeitsprüfung – Angemessenheit', 'I-Verhältnismäßigkeitsprüfung – Angemessenheit', 'I-Verhältnismäßigkeitsprüfung – Angemessenheit', 'I-Verhältnismäßigkeitsprüfung – Angemessenheit', 'I-Verhältnismäßigkeitsprüfung – Angemessenheit', 'I-Verhältnismäßigkeitsprüfung – Angemessenheit', 'I-Verhältnismäßigkeitsprüfung – Angemessenheit', 'I-Verhältnismäßigkeitsprüfung – Angemessenheit', 'I-Verhältnismäßigkeitsprüfung – Angemessenheit', 'I-Verhältnismäßigkeitsprüfung – Angemessenheit', 'I-Verhältnismäßigkeitsprüfung – Angemessenheit', 'I-Verhältnismäßigkeitsprüfung – Angemessenheit', 'I-Verhältnismäßigkeitsprüfung – Angemessenheit', 'I-Verhältnismäßigkeitsprüfung – Angemessenheit', 'I-Verhältnismäßigkeitsprüfung – Angemessenheit', 'I-Verhältnismäßigkeitsprüfung – Angemessenheit', 'I-Verhältnismäßigkeitsprüfung – Angemessenheit', 'I-Verhältnismäßigkeitsprüfung – Angemessenheit', 'I-Verhältnismäßigkeitsprüfung – Angemessenheit', 'I-Verhältnismäßigkeitsprüfung – Angemessenheit', 'I-Verhältnismäßigkeitsprüfung – Angemessenheit', 'I-Verhältnismäßigkeitsprüfung – Angemessenheit', 'I-Verhältnismäßigkeitsprüfung – Angemessenheit', 'I-Verhältnismäßigkeitsprüfung – Angemessenheit', 'I-Verhältnismäßigkeitsprüfung – Angemessenheit', 'I-Verhältnismäßigkeitsprüfung – Angemessenheit', 'I-Verhältnismäßigkeitsprüfung – Angemessenheit', 'I-Verhältnismäßigkeitsprüfung – Angemessenheit', 'I-Verhältnismäßigkeitsprüfung – Angemessenheit', 'I-Verhältnismäßigkeitsprüfung – Angemessenheit', 'I-Verhältnismäßigkeitsprüfung – Angemessenheit', 'I-Verhältnismäßigkeitsprüfung – Angemessenheit', 'I-Verhältnismäßigkeitsprüfung – Angemessenheit', 'I-Verhältnismäßigkeitsprüfung – Angemessenheit', 'I-Verhältnismäßigkeitsprüfung – Angemessenheit', 'I-Verhältnismäßigkeitsprüfung – Angemessenheit', 'I-Verhältnismäßigkeitsprüfung – Angemessenheit', 'I-Verhältnismäßigkeitsprüfung – Angemessenheit', 'I-Verhältnismäßigkeitsprüfung – Angemessenheit', 'I-Verhältnismäßigkeitsprüfung – Angemessenheit', 'I-Verhältnismäßigkeitsprüfung – Angemessenheit', 'I-Verhältnismäßigkeitsprüfung – Angemessenheit', 'I-Verhältnismäßigkeitsprüfung – Angemessenheit', 'I-Verhältnismäßigkeitsprüfung – Angemessenheit', 'I-Verhältnismäßigkeitsprüfung – Angemessenheit', 'I-Verhältnismäßigkeitsprüfung – Angemessenheit', 'I-Verhältnismäßigkeitsprüfung – Angemessenheit', 'I-Verhältnismäßigkeitsprüfung – Angemessenheit', 'I-Verhältnismäßigkeitsprüfung – Angemessenheit', 'I-Verhältnismäßigkeitsprüfung – Angemessenheit', 'I-Verhältnismäßigkeitsprüfung – Angemessenheit', 'I-Verhältnismäßigkeitsprüfung – Angemessenheit', 'I-Verhältnismäßigkeitsprüfung – Angemessenheit', 'I-Verhältnismäßigkeitsprüfung – Angemessenheit', 'I-Verhältnismäßigkeitsprüfung – Angemessenheit', 'I-Verhältnismäßigkeitsprüfung – Angemessenheit', 'I-Verhältnismäßigkeitsprüfung – Angemessenheit', 'I-Verhältnismäßigkeitsprüfung – Angemessenheit', 'I-Verhältnismäßigkeitsprüfung – Angemessenheit', 'I-Verhältnismäßigkeitsprüfung – Angemessenheit', 'I-Verhältnismäßigkeitsprüfung – Angemessenheit', 'I-Verhältnismäßigkeitsprüfung – Angemessenheit', 'I-Verhältnismäßigkeitsprüfung – Angemessenheit', 'I-Verhältnismäßigkeitsprüfung – Angemessenheit', 'I-Verhältnismäßigkeitsprüfung – Angemessenheit', 'I-Verhältnismäßigkeitsprüfung – Angemessenheit', 'I-Verhältnismäßigkeitsprüfung – Angemessenheit', 'I-Verhältnismäßigkeitsprüfung – Angemessenheit', 'I-Verhältnismäßigkeitsprüfung – Angemessenheit', 'I-Verhältnismäßigkeitsprüfung – Angemessenheit', 'I-Verhältnismäßigkeitsprüfung – Angemessenheit', 'I-Verhältnismäßigkeitsprüfung – Angemessenheit', 'I-Verhältnismäßigkeitsprüfung – Angemessenheit', 'I-Verhältnismäßigkeitsprüfung – Angemessenheit', 'I-Verhältnismäßigkeitsprüfung – Angemessenheit', 'I-Verhältnismäßigkeitsprüfung – Angemessenheit', 'I-Verhältnismäßigkeitsprüfung – Angemessenheit', 'I-Verhältnismäßigkeitsprüfung – Angemessenheit', 'I-Verhältnismäßigkeitsprüfung – Angemessenheit', 'I-Verhältnismäßigkeitsprüfung – Angemessenheit', 'I-Verhältnismäßigkeitsprüfung – Angemessenheit', 'I-Verhältnismäßigkeitsprüfung – Angemessenheit', 'I-Verhältnismäßigkeitsprüfung – Angemessenheit', 'I-Verhältnismäßigkeitsprüfung – Angemessenheit', 'I-Verhältnismäßigkeitsprüfung – Angemessenheit', 'I-Verhältnismäßigkeitsprüfung – Angemessenheit', 'I-Verhältnismäßigkeitsprüfung – Angemessenheit', 'I-Verhältnismäßigkeitsprüfung – Angemessenheit', 'I-Verhältnismäßigkeitsprüfung – Angemessenheit', 'I-Verhältnismäßigkeitsprüfung – Angemessenheit', 'I-Verhältnismäßigkeitsprüfung – Angemessenheit', 'I-Verhältnismäßigkeitsprüfung – Angemessenheit', 'I-Verhältnismäßigkeitsprüfung – Angemessenheit']
['50', '.', 'The', 'Court', 'finds', 'that', 'there', 'has', 'been', 'a', 'violation', 'of', 'Article', '8', 'of', 'the', 'Convention', 'in', 'the', 'present', 'case', '.']	['O', 'O', 'B-Entscheidung des EGMR', 'I-Entscheidung des EGMR', 'I-Entscheidung des EGMR', 'I-Entscheidung des EGMR', 'I-Entscheidung des EGMR', 'I-Entscheidung des EGMR', 'I-Entscheidung des EGMR', 'I-Entscheidung des EGMR', 'I-Entscheidung des EGMR', 'I-Entscheidung des EGMR', 'I-Entscheidung des EGMR', 'I-Entscheidung des EGMR', 'I-Entscheidung des EGMR', 'I-Entscheidung des EGMR', 'I-Entscheidung des EGMR', 'I-Entscheidung des EGMR', 'I-Entscheidung des EGMR', 'I-Entscheidung des EGMR', 'I-Entscheidung des EGMR', 'I-Entscheidung des EGMR']
['51', '.', 'Having', 'regard', 'to', 'the', 'finding', 'relating', 'to', 'Article', '8', ',', 'the', 'Court', 'considers', 'that', 'it', 'is', 'not', 'necessary', 'to', 'examine', 'whether', ',', 'in', 'this', 'case', ',', 'there', 'has', 'also', 'been', 'a', 'violation', 'of', 'Article', '13', 'of', 'the', 'Convention', '(', 'see', ',', 'among', 'other', 'authorities', ',', 'Sallinen', 'and', 'Others', 'v.', 'Finland', ',', 'no', '.', '50882/99', ',', '§', '§', '102', 'and', '110', ',', '27', 'September', '2005', ',', 'and', 'Copland', 'v.', 'the', 'United', 'Kingdom', ',', 'no', '.', '62617/00', ',', '§', '§', '50', '-', '51', ',', 'ECHR', '2007‑I', ')', '.']	['O', 'O', 'B-Subsumtion', 'I-Subsumtion', 'I-Subsumtion', 'I-Subsumtion', 'I-Subsumtion', 'I-Subsumtion', 'I-Subsumtion', 'I-Subsumtion', 'I-Subsumtion', 'I-Subsumtion', 'I-Subsumtion', 'I-Subsumtion', 'I-Subsumtion', 'I-Subsumtion', 'I-Subsumtion', 'I-Subsumtion', 'I-Subsumtion', 'I-Subsumtion', 'I-Subsumtion', 'I-Subsumtion', 'I-Subsumtion', 'I-Subsumtion', 'I-Subsumtion', 'I-Subsumtion', 'I-Subsumtion', 'I-Subsumtion', 'I-Subsumtion', 'I-Subsumtion', 'I-Subsumtion', 'I-Subsumtion', 'I-Subsumtion', 'I-Subsumtion', 'I-Subsumtion', 'I-Subsumtion', 'I-Subsumtion', 'I-Subsumtion', 'I-Subsumtion', 'I-Subsumtion', 'I-Subsumtion', 'I-Subsumtion', 'I-Subsumtion', 'I-Subsumtion', 'I-Subsumtion', 'I-Subsumtion', 'I-Subsumtion', 'I-Subsumtion', 'I-Subsumtion', 'I-Subsumtion', 'I-Subsumtion', 'I-Subsumtion', 'I-Subsumtion', 'I-Subsumtion', 'I-Subsumtion', 'I-Subsumtion', 'I-Subsumtion', 'I-Subsumtion', 'I-Subsumtion', 'I-Subsumtion', 'I-Subsumtion', 'I-Subsumtion', 'I-Subsumtion', 'I-Subsumtion', 'I-Subsumtion', 'I-Subsumtion', 'I-Subsumtion', 'I-Subsumtion', 'I-Subsumtion', 'I-Subsumtion', 'I-Subsumtion', 'I-Subsumtion', 'I-Subsumtion', 'I-Subsumtion', 'I-Subsumtion', 'I-Subsumtion', 'I-Subsumtion', 'I-Subsumtion', 'I-Subsumtion', 'I-Subsumtion', 'I-Subsumtion', 'I-Subsumtion', 'I-Subsumtion', 'I-Subsumtion', 'I-Subsumtion', 'I-Subsumtion', 'I-Subsumtion', 'I-Subsumtion']
['II', '.', 'APPLICATION', 'OF', 'ARTICLE', '41', 'OF', 'THE', 'CONVENTION']	['O', 'O', 'O', 'O', 'O', 'O', 'O', 'O', 'O']
['52', '.', 'Article', '41', 'of', 'the', 'Convention', 'provides', ':']	['O', 'O', 'O', 'O', 'O', 'O', 'O', 'O', 'O']
['“', 'If', 'the', 'Court', 'finds', 'that', 'there', 'has', 'been', 'a', 'violation', 'of', 'the', 'Convention', 'or', 'the', 'Protocols', 'thereto', ',', 'and', 'if', 'the', 'internal', 'law', 'of', 'the', 'High', 'Contracting', 'Party', 'concerned', 'allows', 'only', 'partial', 'reparation', 'to', 'be', 'made', ',', 'the', 'Court', 'shall', ',', 'if', 'necessary', ',', 'afford', 'just', 'satisfaction', 'to', 'the', 'injured', 'party', '.', '”']	['O', 'O', 'O', 'O', 'O', 'O', 'O', 'O', 'O', 'O', 'O', 'O', 'O', 'O', 'O', 'O', 'O', 'O', 'O', 'O', 'O', 'O', 'O', 'O', 'O', 'O', 'O', 'O', 'O', 'O', 'O', 'O', 'O', 'O', 'O', 'O', 'O', 'O', 'O', 'O', 'O', 'O', 'O', 'O', 'O', 'O', 'O', 'O', 'O', 'O', 'O', 'O', 'O', 'O']
['A.', 'Damage']	['O', 'O']
['53', '.', 'Under', 'the', 'head', 'of', 'non', '-', 'pecuniary', 'damage', ',', 'the', 'applicant', 'claimed', '3,500', 'euros', '(', 'EUR', ')', 'for', 'suffering', '.']	['O', 'O', 'O', 'O', 'O', 'O', 'O', 'O', 'O', 'O', 'O', 'O', 'O', 'O', 'O', 'O', 'O', 'O', 'O', 'O', 'O', 'O']
['54', '.', 'The', 'Government', 'submitted', 'that', 'the', 'award', 'should', 'not', 'exceed', 'EUR', '2,500', '.']	['O', 'O', 'O', 'O', 'O', 'O', 'O', 'O', 'O', 'O', 'O', 'O', 'O', 'O']
['55', '.', 'The', 'Court', 'finds', 'it', 'established', 'that', 'the', 'applicant', 'must', 'have', 'suffered', 'non', '-', 'pecuniary', 'damage', '.', 'It', 'considers', 'that', 'sufficient', 'just', 'satisfaction', 'would', 'not', 'be', 'provided', 'solely', 'by', 'the', 'finding', 'of', 'a', 'violation', 'and', 'that', 'compensation', 'has', 'thus', 'to', 'be', 'awarded', '.', 'Deciding', 'on', 'an', 'equitable', 'basis', ',', 'it', 'awards', 'the', 'applicant', 'EUR', '3,000', 'under', 'this', 'head', '.']	['O', 'O', 'O', 'O', 'O', 'O', 'O', 'O', 'O', 'O', 'O', 'O', 'O', 'O', 'O', 'O', 'O', 'O', 'O', 'O', 'O', 'O', 'O', 'O', 'O', 'O', 'O', 'O', 'O', 'O', 'O', 'O', 'O', 'O', 'O', 'O', 'O', 'O', 'O', 'O', 'O', 'O', 'O', 'O', 'O', 'O', 'O', 'O', 'O', 'O', 'O', 'O', 'O', 'O', 'O', 'O', 'O', 'O', 'O', 'O']
['B.', 'Costs', 'and', 'expenses']	['O', 'O', 'O', 'O']
['56', '.', 'The', 'applicant', 'claimed', 'EUR', '2,500', 'for', 'costs', 'incurred', 'during', 'the', 'national', 'proceedings', 'and', 'the', 'proceedings', 'before', 'the', 'Court', '.']	['O', 'O', 'O', 'O', 'O', 'O', 'O', 'O', 'O', 'O', 'O', 'O', 'O', 'O', 'O', 'O', 'O', 'O', 'O', 'O', 'O']
['57', '.', 'The', 'Government', 'questioned', 'whether', 'the', 'applicant', 'had', 'furnished', 'the', 'requisite', 'documentation', '.']	['O', 'O', 'O', 'O', 'O', 'O', 'O', 'O', 'O', 'O', 'O', 'O', 'O', 'O']
['58', '.', 'The', 'Court', 'notes', 'that', 'no', 'documentation', 'as', 'required', 'by', 'Rule', '60', 'of', 'the', 'Rules', 'of', 'Court', 'has', 'been', 'submitted', '.', 'These', 'claims', 'must', 'therefore', 'be', 'rejected', '.']	['O', 'O', 'O', 'O', 'O', 'O', 'O', 'O', 'O', 'O', 'O', 'O', 'O', 'O', 'O', 'O', 'O', 'O', 'O', 'O', 'O', 'O', 'O', 'O', 'O', 'O', 'O', 'O', 'O']
['C.', 'Default', 'interest']	['O', 'O', 'O']
['59', '.', 'The', 'Court', 'considers', 'it', 'appropriate', 'that', 'the', 'default', 'interest', 'rate', 'should', 'be', 'based', 'on', 'the', 'marginal', 'lending', 'rate', 'of', 'the', 'European', 'Central', 'Bank', ',', 'to', 'which', 'should', 'be', 'added', 'three', 'percentage', 'points', '.']	['O', 'O', 'O', 'O', 'O', 'O', 'O', 'O', 'O', 'O', 'O', 'O', 'O', 'O', 'O', 'O', 'O', 'O', 'O', 'O', 'O', 'O', 'O', 'O', 'O', 'O', 'O', 'O', 'O', 'O', 'O', 'O', 'O', 'O', 'O']
['FOR', 'THESE', 'REASONS', ',', 'THE', 'COURT', 'UNANIMOUSLY']	['O', 'O', 'O', 'O', 'O', 'O', 'O']
['1', '.', 'Holds', 'that', 'there', 'has', 'been', 'a', 'violation', 'of', 'Article', '8', 'of', 'the', 'Convention', ';']	['O', 'O', 'O', 'O', 'O', 'O', 'O', 'O', 'O', 'O', 'O', 'O', 'O', 'O', 'O', 'O']
['2', '.', 'Holds', 'that', 'there', 'is', 'no', 'need', 'to', 'examine', 'the', 'complaint', 'under', 'Article', '13', 'of', 'the', 'Convention', ';']	['O', 'O', 'O', 'O', 'O', 'O', 'O', 'O', 'O', 'O', 'O', 'O', 'O', 'O', 'O', 'O', 'O', 'O', 'O']
['3', '.', 'Holds']	['O', 'O', 'O']
['(', 'a', ')', 'that', 'the', 'respondent', 'State', 'is', 'to', 'pay', 'the', 'applicant', ',', 'within', 'three', 'months', 'from', 'the', 'date', 'on', 'which', 'the', 'judgment', 'becomes', 'final', 'in', 'accordance', 'with', 'Article', '44', '§', '2', 'of', 'the', 'Convention', ',', 'EUR', '3,000', '(', 'three', 'thousand', 'euros', ')', ',', 'plus', 'any', 'tax', 'that', 'may', 'be', 'chargeable', ',', 'in', 'respect', 'of', 'non', '-', 'pecuniary', 'damage', ';']	['O', 'O', 'O', 'O', 'O', 'O', 'O', 'O', 'O', 'O', 'O', 'O', 'O', 'O', 'O', 'O', 'O', 'O', 'O', 'O', 'O', 'O', 'O', 'O', 'O', 'O', 'O', 'O', 'O', 'O', 'O', 'O', 'O', 'O', 'O', 'O', 'O', 'O', 'O', 'O', 'O', 'O', 'O', 'O', 'O', 'O', 'O', 'O', 'O', 'O', 'O', 'O', 'O', 'O', 'O', 'O', 'O', 'O', 'O', 'O']
['(', 'b', ')', 'that', 'from', 'the', 'expiry', 'of', 'the', 'above', '-', 'mentioned', 'three', 'months', 'until', 'settlement', 'simple', 'interest', 'shall', 'be', 'payable', 'on', 'the', 'above', 'amount', 'at', 'a', 'rate', 'equal', 'to', 'the', 'marginal', 'lending', 'rate', 'of', 'the', 'European', 'Central', 'Bank', 'during', 'the', 'default', 'period', 'plus', 'three', 'percentage', 'points', ';']	['O', 'O', 'O', 'O', 'O', 'O', 'O', 'O', 'O', 'O', 'O', 'O', 'O', 'O', 'O', 'O', 'O', 'O', 'O', 'O', 'O', 'O', 'O', 'O', 'O', 'O', 'O', 'O', 'O', 'O', 'O', 'O', 'O', 'O', 'O', 'O', 'O', 'O', 'O', 'O', 'O', 'O', 'O', 'O', 'O', 'O', 'O', 'O']
['4', '.', 'Dismisses', 'the', 'remainder', 'of', 'the', 'applicant', '’s', 'claim', 'for', 'just', 'satisfaction', '.']	['O', 'O', 'O', 'O', 'O', 'O', 'O', 'O', 'O', 'O', 'O', 'O', 'O', 'O']
['Done', 'in', 'English', ',', 'and', 'notified', 'in', 'writing', 'on', '2', 'December', '2008', ',', 'pursuant', 'to', 'Rule', '77', '§', '§', '2', 'and', '3', 'of', 'the', 'Rules', 'of', 'Court', '.']	['O', 'O', 'O', 'O', 'O', 'O', 'O', 'O', 'O', 'O', 'O', 'O', 'O', 'O', 'O', 'O', 'O', 'O', 'O', 'O', 'O', 'O', 'O', 'O', 'O', 'O', 'O', 'O']
['Lawrence', 'Early', 'Nicolas', 'Bratza']	['O', 'O', 'O', 'O']
['President']	['O']
