tokens	labels
['I.', 'PRELIMINARY', 'OBSERVATION']	['O', 'O', 'O']
['35', '.', 'The', 'applicant', 'was', 'shot', 'dead', 'outside', 'his', 'home', 'on', '2', 'October', '1996', ',', 'while', 'the', 'case', 'was', 'pending', 'before', 'the', 'Court', '(', 'see', 'paragraph', '7', 'above', ')', '.', 'It', 'has', 'not', 'been', 'disputed', 'that', 'his', 'widow', 'and', 'two', 'children', '(', 'see', 'paragraph', '5', 'above', ')', 'were', 'entitled', 'to', 'pursue', 'the', 'application', 'on', 'his', 'behalf', 'and', 'the', 'Court', 'sees', 'no', 'reason', 'to', 'hold', 'otherwise', '(', 'see', ',', 'for', 'instance', ',', 'the', 'Ahmet', 'Sadik', 'v.', 'Greece', 'judgment', 'of', '15', 'November', '1996', ',', 'Reports', 'of', 'Judgments', 'and', 'Decisions', '1996', '-', 'V', ',', 'p.', '1652', ',', 'para', '.', '26', ')', '.']	['O', 'O', 'B-Subsumtion', 'I-Subsumtion', 'I-Subsumtion', 'I-Subsumtion', 'I-Subsumtion', 'I-Subsumtion', 'I-Subsumtion', 'I-Subsumtion', 'I-Subsumtion', 'I-Subsumtion', 'I-Subsumtion', 'I-Subsumtion', 'I-Subsumtion', 'I-Subsumtion', 'I-Subsumtion', 'I-Subsumtion', 'I-Subsumtion', 'I-Subsumtion', 'I-Subsumtion', 'I-Subsumtion', 'I-Subsumtion', 'I-Subsumtion', 'I-Subsumtion', 'I-Subsumtion', 'I-Subsumtion', 'I-Subsumtion', 'I-Subsumtion', 'I-Subsumtion', 'B-Konsens der prozessualen Parteien', 'I-Konsens der prozessualen Parteien', 'I-Konsens der prozessualen Parteien', 'I-Konsens der prozessualen Parteien', 'I-Konsens der prozessualen Parteien', 'I-Konsens der prozessualen Parteien', 'I-Konsens der prozessualen Parteien', 'I-Konsens der prozessualen Parteien', 'I-Konsens der prozessualen Parteien', 'I-Konsens der prozessualen Parteien', 'I-Konsens der prozessualen Parteien', 'I-Konsens der prozessualen Parteien', 'I-Konsens der prozessualen Parteien', 'I-Konsens der prozessualen Parteien', 'I-Konsens der prozessualen Parteien', 'I-Konsens der prozessualen Parteien', 'I-Konsens der prozessualen Parteien', 'I-Konsens der prozessualen Parteien', 'I-Konsens der prozessualen Parteien', 'I-Konsens der prozessualen Parteien', 'I-Konsens der prozessualen Parteien', 'I-Konsens der prozessualen Parteien', 'I-Konsens der prozessualen Parteien', 'I-Konsens der prozessualen Parteien', 'I-Konsens der prozessualen Parteien', 'I-Konsens der prozessualen Parteien', 'I-Konsens der prozessualen Parteien', 'I-Konsens der prozessualen Parteien', 'I-Konsens der prozessualen Parteien', 'I-Konsens der prozessualen Parteien', 'I-Konsens der prozessualen Parteien', 'I-Konsens der prozessualen Parteien', 'I-Konsens der prozessualen Parteien', 'I-Konsens der prozessualen Parteien', 'I-Konsens der prozessualen Parteien', 'I-Konsens der prozessualen Parteien', 'I-Konsens der prozessualen Parteien', 'I-Konsens der prozessualen Parteien', 'I-Konsens der prozessualen Parteien', 'I-Konsens der prozessualen Parteien', 'I-Konsens der prozessualen Parteien', 'I-Konsens der prozessualen Parteien', 'I-Konsens der prozessualen Parteien', 'I-Konsens der prozessualen Parteien', 'I-Konsens der prozessualen Parteien', 'I-Konsens der prozessualen Parteien', 'I-Konsens der prozessualen Parteien', 'I-Konsens der prozessualen Parteien', 'I-Konsens der prozessualen Parteien', 'I-Konsens der prozessualen Parteien', 'I-Konsens der prozessualen Parteien', 'I-Konsens der prozessualen Parteien', 'I-Konsens der prozessualen Parteien', 'I-Konsens der prozessualen Parteien', 'I-Konsens der prozessualen Parteien', 'I-Konsens der prozessualen Parteien', 'I-Konsens der prozessualen Parteien', 'I-Konsens der prozessualen Parteien', 'I-Konsens der prozessualen Parteien', 'I-Konsens der prozessualen Parteien', 'I-Konsens der prozessualen Parteien', 'I-Konsens der prozessualen Parteien', 'I-Konsens der prozessualen Parteien', 'I-Konsens der prozessualen Parteien', 'I-Konsens der prozessualen Parteien', 'I-Konsens der prozessualen Parteien', 'I-Konsens der prozessualen Parteien', 'I-Konsens der prozessualen Parteien', 'I-Konsens der prozessualen Parteien']
['II', '.', 'ALLEGED', 'VIOLATION', 'OF', 'ARTICLE', '5', 'PARA', '.', '1', 'OF', 'THE', 'CONVENTION', '(', 'art', '.', '5', '-', '1', ')']	['O', 'O', 'O', 'O', 'O', 'O', 'O', 'O', 'O', 'O', 'O', 'O', 'O', 'O', 'O', 'O', 'O', 'O', 'O', 'O']
['36', '.', 'The', 'applicant', 'alleged', 'that', 'there', 'had', 'been', 'a', 'violation', 'of', 'Article', '5', 'para', '.', '1', 'of', 'the', 'Convention', '(', 'art', '.', '5', '-', '1', ')', ',', 'which', ',', 'in', 'so', 'far', 'as', 'relevant', ',', 'reads', ':']	['O', 'O', 'B-Subsumtion', 'I-Subsumtion', 'I-Subsumtion', 'I-Subsumtion', 'I-Subsumtion', 'I-Subsumtion', 'I-Subsumtion', 'I-Subsumtion', 'I-Subsumtion', 'I-Subsumtion', 'I-Subsumtion', 'I-Subsumtion', 'I-Subsumtion', 'I-Subsumtion', 'I-Subsumtion', 'I-Subsumtion', 'I-Subsumtion', 'I-Subsumtion', 'I-Subsumtion', 'I-Subsumtion', 'I-Subsumtion', 'I-Subsumtion', 'I-Subsumtion', 'I-Subsumtion', 'I-Subsumtion', 'I-Subsumtion', 'I-Subsumtion', 'I-Subsumtion', 'I-Subsumtion', 'I-Subsumtion', 'I-Subsumtion', 'I-Subsumtion', 'I-Subsumtion', 'I-Subsumtion', 'I-Subsumtion', 'I-Subsumtion']
"['""', 'Everyone', 'has', 'the', 'right', 'to', 'liberty', 'and', 'security', 'of', 'person', '.', 'No', 'one', 'shall', 'be', 'deprived', 'of', 'his', 'liberty', 'save', 'in', 'the', 'following', 'cases', 'and', 'in', 'accordance', 'with', 'a', 'procedure', 'prescribed', 'by', 'law', ':']"	['O', 'O', 'O', 'O', 'O', 'O', 'O', 'O', 'O', 'O', 'O', 'O', 'O', 'O', 'O', 'O', 'O', 'O', 'O', 'O', 'O', 'O', 'O', 'O', 'O', 'O', 'O', 'O', 'O', 'O', 'O', 'O', 'O', 'O', 'O']
['...']	['O']
['(', 'c', ')', 'the', 'lawful', 'arrest', 'or', 'detention', 'of', 'a', 'person', 'effected', 'for', 'the', 'purpose', 'of', 'bringing', 'him', 'before', 'the', 'competent', 'legal', 'authority', 'on', 'reasonable', 'suspicion', 'of', 'having', 'committed', 'an', 'offence', 'or', 'when', 'it', 'is', 'reasonably', 'considered', 'necessary', 'to', 'prevent', 'his', 'committing', 'an', 'offence', 'or', 'fleeing', 'after', 'having', 'done', 'so', ';']	['O', 'O', 'O', 'O', 'O', 'O', 'O', 'O', 'O', 'O', 'O', 'O', 'O', 'O', 'O', 'O', 'O', 'O', 'O', 'O', 'O', 'O', 'O', 'O', 'O', 'O', 'O', 'O', 'O', 'O', 'O', 'O', 'O', 'O', 'O', 'O', 'O', 'O', 'O', 'O', 'O', 'O', 'O', 'O', 'O', 'O', 'O', 'O', 'O', 'O', 'O']
"['...', '""']"	['O', 'O']
"['37', '.', 'The', 'applicant', ',', 'with', 'whom', 'the', 'Commission', 'agreed', ',', 'was', 'of', 'the', 'opinion', 'that', 'the', 'facts', 'which', 'had', 'been', 'invoked', 'against', 'him', 'at', 'the', 'time', 'of', 'his', 'arrest', 'and', 'during', 'his', 'continued', 'detention', '(', 'see', 'paragraphs', '9', ',', '11', 'and', '13', 'above', ')', 'could', 'not', ',', 'in', 'the', 'eyes', 'of', 'an', 'objective', 'observer', ',', 'be', 'construed', 'as', 'misappropriation', 'of', 'funds', 'or', 'as', 'a', 'breach', 'of', 'official', 'duties', 'aimed', 'at', 'facilitating', 'the', 'commission', 'of', 'such', 'an', 'offence', '.', 'Accordingly', ',', 'there', 'had', 'been', 'no', '""', 'reasonable', 'suspicion', 'of', '[', 'his', ']', 'having', 'committed', 'an', 'offence', '""', 'within', 'the', 'meaning', 'of', 'Article', '5', 'para', '.', '1', '(', 'c', ')', '(', 'art', '.', '5', '-', '1', '-', 'c', ')', '.', 'Nor', 'could', 'the', 'detention', 'be', '""', 'reasonably', 'considered', 'necessary', 'to', 'prevent', 'his', 'committing', 'an', 'offence', 'or', 'fleeing', 'after', 'having', 'done', 'so', '""', '.']"	['O', 'O', 'B-Subsumtion', 'I-Subsumtion', 'I-Subsumtion', 'I-Subsumtion', 'I-Subsumtion', 'I-Subsumtion', 'I-Subsumtion', 'I-Subsumtion', 'I-Subsumtion', 'I-Subsumtion', 'I-Subsumtion', 'I-Subsumtion', 'I-Subsumtion', 'I-Subsumtion', 'I-Subsumtion', 'I-Subsumtion', 'I-Subsumtion', 'I-Subsumtion', 'I-Subsumtion', 'I-Subsumtion', 'I-Subsumtion', 'I-Subsumtion', 'I-Subsumtion', 'I-Subsumtion', 'I-Subsumtion', 'I-Subsumtion', 'I-Subsumtion', 'I-Subsumtion', 'I-Subsumtion', 'I-Subsumtion', 'I-Subsumtion', 'I-Subsumtion', 'I-Subsumtion', 'I-Subsumtion', 'I-Subsumtion', 'I-Subsumtion', 'I-Subsumtion', 'I-Subsumtion', 'I-Subsumtion', 'I-Subsumtion', 'I-Subsumtion', 'I-Subsumtion', 'I-Subsumtion', 'I-Subsumtion', 'I-Subsumtion', 'I-Subsumtion', 'I-Subsumtion', 'I-Subsumtion', 'I-Subsumtion', 'I-Subsumtion', 'I-Subsumtion', 'I-Subsumtion', 'I-Subsumtion', 'I-Subsumtion', 'I-Subsumtion', 'I-Subsumtion', 'I-Subsumtion', 'I-Subsumtion', 'I-Subsumtion', 'I-Subsumtion', 'I-Subsumtion', 'I-Subsumtion', 'I-Subsumtion', 'I-Subsumtion', 'I-Subsumtion', 'I-Subsumtion', 'I-Subsumtion', 'I-Subsumtion', 'I-Subsumtion', 'I-Subsumtion', 'I-Subsumtion', 'I-Subsumtion', 'I-Subsumtion', 'I-Subsumtion', 'I-Subsumtion', 'I-Subsumtion', 'I-Subsumtion', 'I-Subsumtion', 'I-Subsumtion', 'I-Subsumtion', 'I-Subsumtion', 'I-Subsumtion', 'I-Subsumtion', 'I-Subsumtion', 'I-Subsumtion', 'I-Subsumtion', 'I-Subsumtion', 'I-Subsumtion', 'I-Subsumtion', 'I-Subsumtion', 'I-Subsumtion', 'I-Subsumtion', 'I-Subsumtion', 'I-Subsumtion', 'I-Subsumtion', 'I-Subsumtion', 'I-Subsumtion', 'I-Subsumtion', 'I-Subsumtion', 'I-Subsumtion', 'I-Subsumtion', 'I-Subsumtion', 'I-Subsumtion', 'I-Subsumtion', 'I-Subsumtion', 'I-Subsumtion', 'I-Subsumtion', 'I-Subsumtion', 'I-Subsumtion', 'I-Subsumtion', 'I-Subsumtion', 'I-Subsumtion', 'I-Subsumtion', 'I-Subsumtion', 'I-Subsumtion', 'I-Subsumtion', 'I-Subsumtion', 'I-Subsumtion', 'I-Subsumtion', 'I-Subsumtion', 'I-Subsumtion', 'I-Subsumtion', 'I-Subsumtion', 'I-Subsumtion', 'I-Subsumtion', 'I-Subsumtion', 'I-Subsumtion', 'I-Subsumtion', 'I-Subsumtion', 'I-Subsumtion', 'I-Subsumtion', 'I-Subsumtion', 'I-Subsumtion', 'I-Subsumtion', 'I-Subsumtion', 'I-Subsumtion', 'I-Subsumtion', 'I-Subsumtion', 'I-Subsumtion', 'I-Subsumtion']
"['In', 'these', 'circumstances', ',', 'the', 'Commission', 'did', 'not', 'find', 'it', 'necessary', 'to', 'examine', 'whether', 'the', 'detention', 'was', '""', 'lawful', '""', 'under', 'domestic', 'law', '.']"	['B-Subsumtion', 'I-Subsumtion', 'I-Subsumtion', 'I-Subsumtion', 'I-Subsumtion', 'I-Subsumtion', 'I-Subsumtion', 'I-Subsumtion', 'I-Subsumtion', 'I-Subsumtion', 'I-Subsumtion', 'I-Subsumtion', 'I-Subsumtion', 'I-Subsumtion', 'I-Subsumtion', 'I-Subsumtion', 'I-Subsumtion', 'I-Subsumtion', 'I-Subsumtion', 'I-Subsumtion', 'I-Subsumtion', 'I-Subsumtion', 'I-Subsumtion', 'I-Subsumtion']
['The', 'applicant', ',', 'for', 'his', 'part', ',', 'stressed', 'that', 'the', 'decisions', 'leading', 'to', 'the', 'charges', 'against', 'him', 'and', 'his', 'being', 'detained', 'on', 'remand', 'had', 'been', 'taken', 'collectively', 'by', 'the', 'government', 'at', 'the', 'time', 'and', 'in', 'a', 'manner', 'which', 'was', 'consistent', 'with', 'the', 'relevant', 'law', ',', 'including', 'the', 'then', 'Bulgarian', 'Constitution', ';', 'the', 'allocation', 'of', 'the', 'funds', 'in', 'question', 'had', 'been', 'effected', 'in', 'accordance', 'with', 'the', 'national', 'budget', 'as', 'adopted', 'by', 'the', 'National', 'Assembly', 'and', 'had', 'subsequently', 'been', 'approved', 'by', 'the', 'latter', '.', 'The', 'measures', 'had', 'been', 'in', 'keeping', 'not', 'only', 'with', 'the', 'policies', 'of', 'the', 'government', 'at', 'the', 'time', 'but', 'also', 'with', 'relevant', 'United', 'Nations', 'resolutions', 'on', 'development', 'assistance', '.', 'They', 'had', 'not', 'benefited', 'any', 'members', 'of', 'the', 'government', 'or', 'any', 'third', 'parties', ';', 'the', 'funds', 'had', 'been', 'received', 'in', 'their', 'entirety', 'by', 'the', 'addressee', 'countries', '.']	['B-Subsumtion', 'I-Subsumtion', 'I-Subsumtion', 'I-Subsumtion', 'I-Subsumtion', 'I-Subsumtion', 'I-Subsumtion', 'I-Subsumtion', 'I-Subsumtion', 'I-Subsumtion', 'I-Subsumtion', 'I-Subsumtion', 'I-Subsumtion', 'I-Subsumtion', 'I-Subsumtion', 'I-Subsumtion', 'I-Subsumtion', 'I-Subsumtion', 'I-Subsumtion', 'I-Subsumtion', 'I-Subsumtion', 'I-Subsumtion', 'I-Subsumtion', 'I-Subsumtion', 'I-Subsumtion', 'I-Subsumtion', 'I-Subsumtion', 'I-Subsumtion', 'I-Subsumtion', 'I-Subsumtion', 'I-Subsumtion', 'I-Subsumtion', 'I-Subsumtion', 'I-Subsumtion', 'I-Subsumtion', 'I-Subsumtion', 'I-Subsumtion', 'I-Subsumtion', 'I-Subsumtion', 'I-Subsumtion', 'I-Subsumtion', 'I-Subsumtion', 'I-Subsumtion', 'I-Subsumtion', 'I-Subsumtion', 'I-Subsumtion', 'I-Subsumtion', 'I-Subsumtion', 'I-Subsumtion', 'I-Subsumtion', 'I-Subsumtion', 'I-Subsumtion', 'I-Subsumtion', 'I-Subsumtion', 'I-Subsumtion', 'I-Subsumtion', 'I-Subsumtion', 'I-Subsumtion', 'I-Subsumtion', 'I-Subsumtion', 'I-Subsumtion', 'I-Subsumtion', 'I-Subsumtion', 'I-Subsumtion', 'I-Subsumtion', 'I-Subsumtion', 'I-Subsumtion', 'I-Subsumtion', 'I-Subsumtion', 'I-Subsumtion', 'I-Subsumtion', 'I-Subsumtion', 'I-Subsumtion', 'I-Subsumtion', 'I-Subsumtion', 'I-Subsumtion', 'I-Subsumtion', 'I-Subsumtion', 'I-Subsumtion', 'I-Subsumtion', 'I-Subsumtion', 'I-Subsumtion', 'I-Subsumtion', 'I-Subsumtion', 'I-Subsumtion', 'I-Subsumtion', 'I-Subsumtion', 'I-Subsumtion', 'I-Subsumtion', 'I-Subsumtion', 'I-Subsumtion', 'I-Subsumtion', 'I-Subsumtion', 'I-Subsumtion', 'I-Subsumtion', 'I-Subsumtion', 'I-Subsumtion', 'I-Subsumtion', 'I-Subsumtion', 'I-Subsumtion', 'I-Subsumtion', 'I-Subsumtion', 'I-Subsumtion', 'I-Subsumtion', 'I-Subsumtion', 'I-Subsumtion', 'I-Subsumtion', 'I-Subsumtion', 'I-Subsumtion', 'I-Subsumtion', 'I-Subsumtion', 'I-Subsumtion', 'I-Subsumtion', 'I-Subsumtion', 'I-Subsumtion', 'I-Subsumtion', 'I-Subsumtion', 'I-Subsumtion', 'I-Subsumtion', 'I-Subsumtion', 'I-Subsumtion', 'I-Subsumtion', 'I-Subsumtion', 'I-Subsumtion', 'I-Subsumtion', 'I-Subsumtion', 'I-Subsumtion', 'I-Subsumtion', 'I-Subsumtion', 'I-Subsumtion', 'I-Subsumtion', 'I-Subsumtion', 'I-Subsumtion', 'I-Subsumtion', 'I-Subsumtion', 'I-Subsumtion', 'I-Subsumtion']
"['38', '.', 'The', 'Government', 'maintained', 'before', 'the', 'Commission', 'that', 'the', 'applicant', '’s', 'detention', 'had', 'been', 'effected', 'on', 'the', 'grounds', 'of', 'suspicion', 'of', 'his', 'having', 'committed', 'a', 'crime', 'and', 'had', 'been', 'in', 'conformity', 'with', 'Bulgarian', 'law', '.', 'Although', 'it', 'was', 'true', 'that', 'the', 'allocation', 'of', 'development', 'aid', 'had', 'not', 'as', 'such', 'constituted', 'a', 'criminal', 'offence', ',', 'the', 'charges', 'in', 'question', 'had', 'been', 'brought', 'because', 'the', 'transfers', 'of', 'funds', 'had', ',', 'under', 'the', 'cover', 'of', 'development', 'assistance', ',', 'involved', 'improper', '""', 'deals', '""', 'causing', 'damage', 'to', 'Bulgaria', '’s', 'economic', 'interests', '.', 'The', 'Government', 'were', ',', 'however', ',', 'not', 'in', 'a', 'position', 'to', 'provide', 'any', 'details', 'of', 'such', '""', 'deals', '""', 'as', 'it', 'would', 'adversely', 'affect', 'the', 'confidentiality', 'of', 'the', 'criminal', 'proceedings', 'instituted', 'against', 'the', 'applicant', 'and', 'eight', 'other', 'former', 'government', 'members', '.']"	['O', 'O', 'O', 'O', 'O', 'O', 'O', 'O', 'O', 'O', 'O', 'O', 'O', 'O', 'O', 'O', 'O', 'O', 'O', 'O', 'O', 'O', 'O', 'O', 'O', 'O', 'O', 'O', 'O', 'O', 'O', 'O', 'O', 'O', 'O', 'O', 'O', 'O', 'O', 'O', 'O', 'O', 'O', 'O', 'O', 'O', 'O', 'O', 'O', 'O', 'O', 'O', 'O', 'O', 'O', 'O', 'O', 'O', 'O', 'O', 'O', 'O', 'O', 'O', 'O', 'O', 'O', 'O', 'O', 'O', 'O', 'O', 'O', 'O', 'O', 'O', 'O', 'O', 'O', 'O', 'O', 'O', 'O', 'O', 'O', 'O', 'O', 'O', 'O', 'O', 'O', 'O', 'O', 'O', 'O', 'O', 'O', 'O', 'O', 'O', 'O', 'O', 'O', 'O', 'O', 'O', 'O', 'O', 'O', 'O', 'O', 'O', 'O', 'O', 'O', 'O', 'O', 'O', 'O', 'O', 'O', 'O', 'O', 'O', 'O', 'O', 'O', 'O', 'O', 'O']
['Before', 'the', 'Court', 'the', 'Government', 'stated', 'that', 'they', 'were', 'prepared', 'to', 'accept', 'the', 'Commission', '’s', 'opinion', 'that', 'there', 'had', 'been', 'a', 'violation', 'of', 'Article', '5', 'para', '.', '1', 'of', 'the', 'Convention', '(', 'art', '.', '5', '-', '1', ')', ',', 'whilst', 'at', 'the', 'same', 'time', 'informing', 'the', 'Court', 'of', 'the', 'views', 'of', 'the', 'Prosecutor', '-', 'General', ',', 'the', 'authority', 'which', 'had', 'ordered', 'the', 'applicant', '’s', 'detention', 'on', 'remand', '(', 'see', 'paragraph', '11', 'above', ')', '.', 'In', 'this', 'regard', 'the', 'Government', 'pointed', 'out', 'that', 'it', 'was', 'not', 'within', 'their', 'competence', 'to', 'assess', 'the', 'measures', 'taken', 'in', 'this', 'case', 'by', 'the', 'prosecution', 'and', 'the', 'Supreme', 'Court', 'which', ',', 'under', 'the', 'Constitution', ',', 'were', 'both', 'independent', 'judicial', 'authorities', '.']	['O', 'O', 'O', 'O', 'O', 'O', 'O', 'O', 'O', 'O', 'O', 'O', 'O', 'O', 'O', 'O', 'O', 'O', 'O', 'O', 'O', 'O', 'O', 'O', 'O', 'O', 'O', 'O', 'O', 'O', 'O', 'O', 'O', 'O', 'O', 'O', 'O', 'O', 'O', 'O', 'O', 'O', 'O', 'O', 'O', 'O', 'O', 'O', 'O', 'O', 'O', 'O', 'O', 'O', 'O', 'O', 'O', 'O', 'O', 'O', 'O', 'O', 'O', 'O', 'O', 'O', 'O', 'O', 'O', 'O', 'O', 'O', 'O', 'O', 'O', 'O', 'O', 'O', 'O', 'O', 'O', 'O', 'O', 'O', 'O', 'O', 'O', 'O', 'O', 'O', 'O', 'O', 'O', 'O', 'O', 'O', 'O', 'O', 'O', 'O', 'O', 'O', 'O', 'O', 'O', 'O', 'O', 'O', 'O', 'O', 'O', 'O', 'O', 'O', 'O']
['39', '.', 'The', 'Prosecutor', '-', 'General', '’s', 'submission', 'on', 'the', 'applicant', '’s', 'complaints', 'included', 'the', 'following', 'observations', '.']	['O', 'O', 'O', 'O', 'O', 'O', 'O', 'O', 'O', 'O', 'O', 'O', 'O', 'O', 'O', 'O', 'O', 'O']
['It', 'was', 'a', 'key', 'element', 'of', 'the', 'offence', 'of', 'misappropriation', 'under', 'Bulgarian', 'law', 'that', 'the', 'offender', 'had', 'dealt', 'with', 'someone', 'else', '’s', 'property', 'as', 'though', 'it', 'had', 'been', 'his', 'or', 'her', 'own', 'and', 'had', 'thereby', 'infringed', 'the', 'owner', '’s', 'interests', ';', 'it', 'was', 'not', 'decisive', 'whether', 'he', 'or', 'she', 'had', 'sought', 'to', 'obtain', 'an', 'advantage', 'for', 'himself', 'or', 'herself', 'or', 'for', 'a', 'third', 'party', '(', 'see', 'paragraph', '26', 'above', ')', '.', 'Furthermore', ',', 'members', 'of', 'a', 'body', 'could', 'by', 'reason', 'of', 'their', 'joint', 'decisions', 'and', 'actions', 'be', 'found', 'guilty', 'if', 'they', 'had', 'thereby', 'knowingly', 'committed', 'acts', 'which', 'amounted', 'to', 'an', 'offence', '.', 'In', 'the', 'present', 'case', ',', 'since', 'the', 'collective', 'decisions', 'concerned', 'had', 'caused', 'economic', 'loss', ',', 'criminal', 'proceedings', 'had', 'been', 'instituted', 'against', 'each', 'member', 'of', 'the', 'body', 'which', 'had', 'taken', 'those', 'decisions', '(', 'see', 'paragraphs', '9', 'and', '11', 'above', ')', '.', 'The', 'prosecutor', 'had', 'believed', 'that', 'the', 'funds', 'concerned', 'had', 'been', 'spent', 'in', 'a', 'manner', 'which', 'was', 'unlawful', 'since', 'there', 'was', 'no', 'information', 'as', 'to', 'whether', 'they', 'had', 'appeared', 'in', 'the', 'budget', 'as', 'an', 'expenditure', '.']	['O', 'O', 'O', 'O', 'O', 'O', 'O', 'O', 'O', 'O', 'O', 'O', 'O', 'O', 'O', 'O', 'O', 'O', 'O', 'O', 'O', 'O', 'O', 'O', 'O', 'O', 'O', 'O', 'O', 'O', 'O', 'O', 'O', 'O', 'O', 'O', 'O', 'O', 'O', 'O', 'O', 'O', 'O', 'O', 'O', 'O', 'O', 'O', 'O', 'O', 'O', 'O', 'O', 'O', 'O', 'O', 'O', 'O', 'O', 'O', 'O', 'O', 'O', 'O', 'O', 'O', 'O', 'O', 'O', 'O', 'O', 'O', 'O', 'O', 'O', 'O', 'O', 'O', 'O', 'O', 'O', 'O', 'O', 'O', 'O', 'O', 'O', 'O', 'O', 'O', 'O', 'O', 'O', 'O', 'O', 'O', 'O', 'O', 'O', 'O', 'O', 'O', 'O', 'O', 'O', 'O', 'O', 'O', 'O', 'O', 'O', 'O', 'O', 'O', 'O', 'O', 'O', 'O', 'O', 'O', 'O', 'O', 'O', 'O', 'O', 'O', 'O', 'O', 'O', 'O', 'O', 'O', 'O', 'O', 'O', 'O', 'O', 'O', 'O', 'O', 'O', 'O', 'O', 'O', 'O', 'O', 'O', 'O', 'O', 'O', 'O', 'O', 'O', 'O', 'O', 'O', 'O', 'O', 'O', 'O', 'O', 'O', 'O', 'O', 'O', 'O', 'O', 'O', 'O', 'O', 'O', 'O', 'O', 'O', 'O', 'O', 'O']
['Admittedly', ',', 'the', 'Prosecutor', '-', 'General', 'had', 'not', 'been', 'in', 'a', 'position', 'at', 'the', 'time', 'to', 'ascertain', 'whether', 'there', 'was', 'criminal', 'intent', '.', 'He', 'had', 'considered', ',', 'having', 'regard', 'to', 'the', 'circumstances', 'and', 'complexity', 'of', 'the', 'case', ',', 'that', 'this', 'could', 'only', 'be', 'determined', 'in', 'the', 'course', 'of', 'the', 'preliminary', 'investigations', '.']	['O', 'O', 'O', 'O', 'O', 'O', 'O', 'O', 'O', 'O', 'O', 'O', 'O', 'O', 'O', 'O', 'O', 'O', 'O', 'O', 'O', 'O', 'O', 'O', 'O', 'O', 'O', 'O', 'O', 'O', 'O', 'O', 'O', 'O', 'O', 'O', 'O', 'O', 'O', 'O', 'O', 'O', 'O', 'O', 'O', 'O', 'O', 'O', 'O', 'O', 'O', 'O']
['Although', 'not', 'expressly', 'stated', 'in', 'the', 'order', 'to', 'detain', 'the', 'applicant', 'on', 'remand', ',', 'the', 'decision', 'had', 'been', 'taken', 'in', 'view', 'of', 'who', 'the', 'applicant', 'was', 'and', 'the', 'gravity', 'of', 'the', 'offence', 'committed', '(', 'see', 'paragraphs', '9', 'and', '11', 'above', ')', '.', 'The', 'Supreme', 'Court', 'too', 'had', 'laid', 'stress', 'on', 'the', 'applicant', '’s', 'status', 'as', 'a', 'member', 'of', 'the', 'National', 'Assembly', '(', 'see', 'paragraph', '13', 'above', ')', '.', 'The', 'extremely', 'wide', 'powers', 'which', 'he', 'had', 'enjoyed', 'by', 'virtue', 'of', 'his', 'position', 'had', 'given', 'him', 'greater', 'opportunities', 'to', 'abscond', 'or', 'commit', 'further', 'offences', 'than', 'he', 'would', 'have', 'had', 'otherwise', '.', 'Furthermore', ',', 'his', 'position', 'in', 'society', ',', 'his', 'numerous', 'contacts', 'abroad', 'and', 'his', 'repeated', 'requests', 'that', 'the', 'authorities', 'return', 'his', 'passport', ',', 'were', 'all', 'considerations', 'which', 'went', 'to', 'justify', 'placing', 'him', 'in', 'pre', '-', 'trial', 'detention', '.', 'As', 'stated', 'by', 'the', 'Supreme', 'Court', ',', 'the', 'fact', 'that', 'the', 'applicant', 'had', 'appealed', 'against', 'the', 'withdrawal', 'of', 'his', 'passport', 'had', 'given', 'rise', 'to', 'a', 'justified', 'suspicion', 'that', 'he', 'might', 'commit', 'a', 'further', 'offence', ',', 'within', 'the', 'meaning', 'of', 'Article', '152', 'para', '.', '2', 'of', 'the', 'Code', 'of', 'Criminal', 'Procedure', '(', 'see', 'paragraph', '13', 'above', ')', '.']	['O', 'O', 'O', 'O', 'O', 'O', 'O', 'O', 'O', 'O', 'O', 'O', 'O', 'O', 'O', 'O', 'O', 'O', 'O', 'O', 'O', 'O', 'O', 'O', 'O', 'O', 'O', 'O', 'O', 'O', 'O', 'O', 'O', 'O', 'O', 'O', 'O', 'O', 'O', 'O', 'O', 'O', 'O', 'O', 'O', 'O', 'O', 'O', 'O', 'O', 'O', 'O', 'O', 'O', 'O', 'O', 'O', 'O', 'O', 'O', 'O', 'O', 'O', 'O', 'O', 'O', 'O', 'O', 'O', 'O', 'O', 'O', 'O', 'O', 'O', 'O', 'O', 'O', 'O', 'O', 'O', 'O', 'O', 'O', 'O', 'O', 'O', 'O', 'O', 'O', 'O', 'O', 'O', 'O', 'O', 'O', 'O', 'O', 'O', 'O', 'O', 'O', 'O', 'O', 'O', 'O', 'O', 'O', 'O', 'O', 'O', 'O', 'O', 'O', 'O', 'O', 'O', 'O', 'O', 'O', 'O', 'O', 'O', 'O', 'O', 'O', 'O', 'O', 'O', 'O', 'O', 'O', 'O', 'O', 'O', 'O', 'O', 'O', 'O', 'O', 'O', 'O', 'O', 'O', 'O', 'O', 'O', 'O', 'O', 'O', 'O', 'O', 'O', 'O', 'O', 'O', 'O', 'O', 'O', 'O', 'O', 'O', 'O', 'O', 'O', 'O', 'O', 'O', 'O', 'O', 'O', 'O', 'O', 'O', 'O', 'O', 'O', 'O', 'O', 'O', 'O', 'O', 'O', 'O', 'O', 'O', 'O', 'O', 'O', 'O', 'O', 'O', 'O']
['In', 'the', 'view', 'of', 'the', 'Prosecutor', '-', 'General', ',', 'the', 'contested', 'pre', '-', 'trial', 'detention', 'was', 'in', 'accordance', 'with', 'domestic', 'law', ',', 'including', 'the', 'Bulgarian', 'Constitution', ',', 'and', 'had', 'been', 'entirely', 'in', 'keeping', 'with', 'Article', '5', 'para', '.', '1', '(', 'c', ')', 'of', 'the', 'Convention', '(', 'art', '.', '5', '-', '1', '-', 'c', ')', '.']	['O', 'O', 'O', 'O', 'O', 'O', 'O', 'O', 'O', 'O', 'O', 'O', 'O', 'O', 'O', 'O', 'O', 'O', 'O', 'O', 'O', 'O', 'O', 'O', 'O', 'O', 'O', 'O', 'O', 'O', 'O', 'O', 'O', 'O', 'O', 'O', 'O', 'O', 'O', 'O', 'O', 'O', 'O', 'O', 'O', 'O', 'O', 'O', 'O', 'O', 'O', 'O', 'O', 'O', 'O']
['40', '.', 'The', 'Court', 'observes', 'at', 'the', 'outset', 'that', 'it', 'has', 'jurisdiction', 'to', 'examine', 'the', 'facts', 'and', 'circumstances', 'of', 'the', 'applicant', '’s', 'complaints', 'in', 'so', 'far', 'as', 'they', 'related', 'to', 'the', 'period', 'after', '7', 'September', '1992', ',', 'when', 'Bulgaria', 'ratified', 'the', 'Convention', 'and', 'recognised', 'the', 'Court', '’s', 'compulsory', 'jurisdiction', '.', 'In', 'doing', 'so', ',', 'it', 'will', 'take', 'into', 'account', 'the', 'state', 'of', 'the', 'proceedings', 'as', 'of', 'that', 'date', '(', 'see', ',', 'for', 'instance', ',', 'the', 'Hokkanen', 'v.', 'Finland', 'judgment', 'of', '23', 'September', '1994', ',', 'Series', 'A', 'no', '.', '299', '-', 'A', ',', 'p.', '19', ',', 'para', '.', '53', ';', 'and', 'the', 'Yagci', 'and', 'Sargin', 'v.', 'Turkey', 'judgment', 'of', '8', 'June', '1995', ',', 'Series', 'A', 'no', '.', '319', '-', 'A', ',', 'p.', '16', ',', 'para', '.', '40', ')', ',', 'in', 'particular', 'the', 'fact', 'that', 'the', 'grounds', 'for', 'his', 'detention', ',', 'stated', 'in', 'the', 'detention', 'order', 'of', '9', 'July', 'and', 'the', 'Supreme', 'Court', 'judgment', 'of', '13', 'July', 'upholding', 'the', 'order', ',', 'remained', 'the', 'same', 'until', 'his', 'release', 'on', '30', 'December', '1992', '(', 'see', 'paragraphs', '11', 'and', '13', 'above', ')', '.', 'This', 'has', 'not', 'been', 'disputed', 'before', 'the', 'Court', '.']	['O', 'O', 'B-Subsumtion', 'I-Subsumtion', 'I-Subsumtion', 'I-Subsumtion', 'I-Subsumtion', 'I-Subsumtion', 'I-Subsumtion', 'I-Subsumtion', 'I-Subsumtion', 'I-Subsumtion', 'I-Subsumtion', 'I-Subsumtion', 'I-Subsumtion', 'I-Subsumtion', 'I-Subsumtion', 'I-Subsumtion', 'I-Subsumtion', 'I-Subsumtion', 'I-Subsumtion', 'I-Subsumtion', 'I-Subsumtion', 'I-Subsumtion', 'I-Subsumtion', 'I-Subsumtion', 'I-Subsumtion', 'I-Subsumtion', 'I-Subsumtion', 'I-Subsumtion', 'I-Subsumtion', 'I-Subsumtion', 'I-Subsumtion', 'I-Subsumtion', 'I-Subsumtion', 'I-Subsumtion', 'I-Subsumtion', 'I-Subsumtion', 'I-Subsumtion', 'I-Subsumtion', 'I-Subsumtion', 'I-Subsumtion', 'I-Subsumtion', 'I-Subsumtion', 'I-Subsumtion', 'I-Subsumtion', 'I-Subsumtion', 'I-Subsumtion', 'I-Subsumtion', 'I-Subsumtion', 'I-Subsumtion', 'I-Subsumtion', 'I-Subsumtion', 'I-Subsumtion', 'I-Subsumtion', 'I-Subsumtion', 'I-Subsumtion', 'I-Subsumtion', 'I-Subsumtion', 'I-Subsumtion', 'I-Subsumtion', 'I-Subsumtion', 'I-Subsumtion', 'I-Subsumtion', 'I-Subsumtion', 'I-Subsumtion', 'I-Subsumtion', 'I-Subsumtion', 'I-Subsumtion', 'I-Subsumtion', 'I-Subsumtion', 'I-Subsumtion', 'I-Subsumtion', 'I-Subsumtion', 'I-Subsumtion', 'I-Subsumtion', 'I-Subsumtion', 'I-Subsumtion', 'I-Subsumtion', 'I-Subsumtion', 'I-Subsumtion', 'I-Subsumtion', 'I-Subsumtion', 'I-Subsumtion', 'I-Subsumtion', 'I-Subsumtion', 'I-Subsumtion', 'I-Subsumtion', 'I-Subsumtion', 'I-Subsumtion', 'I-Subsumtion', 'I-Subsumtion', 'I-Subsumtion', 'I-Subsumtion', 'I-Subsumtion', 'I-Subsumtion', 'I-Subsumtion', 'I-Subsumtion', 'I-Subsumtion', 'I-Subsumtion', 'I-Subsumtion', 'I-Subsumtion', 'I-Subsumtion', 'I-Subsumtion', 'I-Subsumtion', 'I-Subsumtion', 'I-Subsumtion', 'I-Subsumtion', 'I-Subsumtion', 'I-Subsumtion', 'I-Subsumtion', 'I-Subsumtion', 'I-Subsumtion', 'I-Subsumtion', 'I-Subsumtion', 'I-Subsumtion', 'I-Subsumtion', 'I-Subsumtion', 'I-Subsumtion', 'I-Subsumtion', 'I-Subsumtion', 'I-Subsumtion', 'I-Subsumtion', 'I-Subsumtion', 'I-Subsumtion', 'I-Subsumtion', 'I-Subsumtion', 'I-Subsumtion', 'I-Subsumtion', 'I-Subsumtion', 'I-Subsumtion', 'I-Subsumtion', 'I-Subsumtion', 'I-Subsumtion', 'I-Subsumtion', 'I-Subsumtion', 'I-Subsumtion', 'I-Subsumtion', 'I-Subsumtion', 'I-Subsumtion', 'I-Subsumtion', 'I-Subsumtion', 'I-Subsumtion', 'I-Subsumtion', 'I-Subsumtion', 'I-Subsumtion', 'I-Subsumtion', 'I-Subsumtion', 'I-Subsumtion', 'I-Subsumtion', 'I-Subsumtion', 'I-Subsumtion', 'I-Subsumtion', 'I-Subsumtion', 'I-Subsumtion', 'I-Subsumtion', 'I-Subsumtion', 'I-Subsumtion', 'I-Subsumtion', 'I-Subsumtion', 'I-Subsumtion', 'I-Subsumtion', 'I-Subsumtion', 'I-Subsumtion', 'I-Subsumtion', 'I-Subsumtion', 'I-Subsumtion', 'I-Subsumtion', 'I-Subsumtion', 'I-Subsumtion', 'I-Subsumtion', 'I-Subsumtion', 'I-Subsumtion', 'I-Subsumtion', 'I-Subsumtion', 'I-Subsumtion', 'I-Subsumtion', 'I-Subsumtion', 'B-Konsens der prozessualen Parteien', 'I-Konsens der prozessualen Parteien', 'I-Konsens der prozessualen Parteien', 'I-Konsens der prozessualen Parteien', 'I-Konsens der prozessualen Parteien', 'I-Konsens der prozessualen Parteien', 'I-Konsens der prozessualen Parteien', 'I-Konsens der prozessualen Parteien', 'I-Konsens der prozessualen Parteien']
['As', 'to', 'the', 'observations', 'made', 'by', 'the', 'Government', 'concerning', 'the', 'independence', 'of', 'the', 'authorities', 'which', 'had', 'taken', 'the', 'measures', 'giving', 'rise', 'to', 'the', 'applicant', '’s', 'Convention', 'complaints', '(', 'see', 'paragraph', '38', 'above', ')', ',', 'it', 'should', 'be', 'emphasised', 'that', 'the', 'Governments', 'are', 'answerable', 'under', 'the', 'Convention', 'for', 'the', 'acts', 'of', 'such', 'authorities', 'as', 'they', 'are', 'for', 'those', 'of', 'any', 'other', 'State', 'agency', '.', 'In', 'all', 'cases', 'before', 'the', 'Court', ',', 'what', 'is', 'in', 'issue', 'is', 'the', 'international', 'responsibility', 'of', 'the', 'State', '(', 'see', ',', 'mutatis', 'mutandis', ',', 'the', 'Foti', 'and', 'Others', 'v.', 'Italy', 'judgment', 'of', '10', 'December', '1982', ',', 'Series', 'A', 'no', '.', '56', ',', 'p.', '21', ',', 'para', '.', '63', ')', '.', 'Notwithstanding', 'the', 'Government', '’s', 'acceptance', 'of', 'the', 'Commission', '’s', 'opinion', 'that', 'there', 'had', 'been', 'a', 'violation', 'of', 'Article', '5', 'para', '.', '1', '(', 'art', '.', '5', '-', '1', ')', ',', 'the', 'Court', 'considers', 'it', 'appropriate', 'to', 'examine', 'this', 'question', 'for', 'itself', '.']	['B-Subsumtion', 'I-Subsumtion', 'I-Subsumtion', 'I-Subsumtion', 'I-Subsumtion', 'I-Subsumtion', 'I-Subsumtion', 'I-Subsumtion', 'I-Subsumtion', 'I-Subsumtion', 'I-Subsumtion', 'I-Subsumtion', 'I-Subsumtion', 'I-Subsumtion', 'I-Subsumtion', 'I-Subsumtion', 'I-Subsumtion', 'I-Subsumtion', 'I-Subsumtion', 'I-Subsumtion', 'I-Subsumtion', 'I-Subsumtion', 'I-Subsumtion', 'I-Subsumtion', 'I-Subsumtion', 'I-Subsumtion', 'I-Subsumtion', 'I-Subsumtion', 'I-Subsumtion', 'I-Subsumtion', 'I-Subsumtion', 'I-Subsumtion', 'I-Subsumtion', 'I-Subsumtion', 'I-Subsumtion', 'I-Subsumtion', 'I-Subsumtion', 'I-Subsumtion', 'I-Subsumtion', 'I-Subsumtion', 'I-Subsumtion', 'I-Subsumtion', 'I-Subsumtion', 'I-Subsumtion', 'I-Subsumtion', 'I-Subsumtion', 'I-Subsumtion', 'I-Subsumtion', 'I-Subsumtion', 'I-Subsumtion', 'I-Subsumtion', 'I-Subsumtion', 'I-Subsumtion', 'I-Subsumtion', 'I-Subsumtion', 'I-Subsumtion', 'I-Subsumtion', 'I-Subsumtion', 'I-Subsumtion', 'I-Subsumtion', 'I-Subsumtion', 'I-Subsumtion', 'I-Subsumtion', 'I-Subsumtion', 'I-Subsumtion', 'I-Subsumtion', 'I-Subsumtion', 'I-Subsumtion', 'I-Subsumtion', 'I-Subsumtion', 'I-Subsumtion', 'I-Subsumtion', 'I-Subsumtion', 'I-Subsumtion', 'I-Subsumtion', 'I-Subsumtion', 'I-Subsumtion', 'I-Subsumtion', 'I-Subsumtion', 'I-Subsumtion', 'I-Subsumtion', 'I-Subsumtion', 'I-Subsumtion', 'I-Subsumtion', 'I-Subsumtion', 'I-Subsumtion', 'I-Subsumtion', 'I-Subsumtion', 'I-Subsumtion', 'I-Subsumtion', 'I-Subsumtion', 'I-Subsumtion', 'I-Subsumtion', 'I-Subsumtion', 'I-Subsumtion', 'I-Subsumtion', 'I-Subsumtion', 'I-Subsumtion', 'I-Subsumtion', 'I-Subsumtion', 'I-Subsumtion', 'I-Subsumtion', 'I-Subsumtion', 'I-Subsumtion', 'I-Subsumtion', 'I-Subsumtion', 'I-Subsumtion', 'I-Subsumtion', 'I-Subsumtion', 'I-Subsumtion', 'I-Subsumtion', 'I-Subsumtion', 'I-Subsumtion', 'I-Subsumtion', 'I-Subsumtion', 'I-Subsumtion', 'I-Subsumtion', 'I-Subsumtion', 'I-Subsumtion', 'I-Subsumtion', 'I-Subsumtion', 'I-Subsumtion', 'I-Subsumtion', 'I-Subsumtion', 'I-Subsumtion', 'I-Subsumtion', 'I-Subsumtion', 'I-Subsumtion', 'I-Subsumtion', 'I-Subsumtion', 'I-Subsumtion', 'I-Subsumtion', 'I-Subsumtion', 'I-Subsumtion', 'I-Subsumtion', 'I-Subsumtion', 'I-Subsumtion', 'I-Subsumtion', 'I-Subsumtion', 'I-Subsumtion', 'I-Subsumtion', 'I-Subsumtion', 'I-Subsumtion', 'I-Subsumtion', 'I-Subsumtion', 'I-Subsumtion', 'I-Subsumtion', 'I-Subsumtion', 'I-Subsumtion', 'I-Subsumtion', 'I-Subsumtion', 'I-Subsumtion', 'I-Subsumtion', 'I-Subsumtion', 'I-Subsumtion']
['41', '.', 'Article', '5', 'para', '.', '1', 'of', 'the', 'Convention', '(', 'art', '.', '5', '-', '1', ')', 'contains', 'an', 'exhaustive', 'list', 'of', 'permissible', 'grounds', 'for', 'deprivation', 'of', 'liberty', 'which', 'must', 'be', 'interpreted', 'strictly', '(', 'see', ',', 'for', 'instance', ',', 'the', 'Ciulla', 'v.', 'Italy', 'judgment', 'of', '22', 'February', '1989', ',', 'Series', 'A', 'no', '.', '148', ',', 'p.', '18', ',', 'para', '.', '41', ')', '.']	['O', 'O', 'B-Vorherige Rechtsprechung des EGMR', 'I-Vorherige Rechtsprechung des EGMR', 'I-Vorherige Rechtsprechung des EGMR', 'I-Vorherige Rechtsprechung des EGMR', 'I-Vorherige Rechtsprechung des EGMR', 'I-Vorherige Rechtsprechung des EGMR', 'I-Vorherige Rechtsprechung des EGMR', 'I-Vorherige Rechtsprechung des EGMR', 'I-Vorherige Rechtsprechung des EGMR', 'I-Vorherige Rechtsprechung des EGMR', 'I-Vorherige Rechtsprechung des EGMR', 'I-Vorherige Rechtsprechung des EGMR', 'I-Vorherige Rechtsprechung des EGMR', 'I-Vorherige Rechtsprechung des EGMR', 'I-Vorherige Rechtsprechung des EGMR', 'I-Vorherige Rechtsprechung des EGMR', 'I-Vorherige Rechtsprechung des EGMR', 'I-Vorherige Rechtsprechung des EGMR', 'I-Vorherige Rechtsprechung des EGMR', 'I-Vorherige Rechtsprechung des EGMR', 'I-Vorherige Rechtsprechung des EGMR', 'I-Vorherige Rechtsprechung des EGMR', 'I-Vorherige Rechtsprechung des EGMR', 'I-Vorherige Rechtsprechung des EGMR', 'I-Vorherige Rechtsprechung des EGMR', 'I-Vorherige Rechtsprechung des EGMR', 'I-Vorherige Rechtsprechung des EGMR', 'I-Vorherige Rechtsprechung des EGMR', 'I-Vorherige Rechtsprechung des EGMR', 'I-Vorherige Rechtsprechung des EGMR', 'I-Vorherige Rechtsprechung des EGMR', 'I-Vorherige Rechtsprechung des EGMR', 'I-Vorherige Rechtsprechung des EGMR', 'I-Vorherige Rechtsprechung des EGMR', 'I-Vorherige Rechtsprechung des EGMR', 'I-Vorherige Rechtsprechung des EGMR', 'I-Vorherige Rechtsprechung des EGMR', 'I-Vorherige Rechtsprechung des EGMR', 'I-Vorherige Rechtsprechung des EGMR', 'I-Vorherige Rechtsprechung des EGMR', 'I-Vorherige Rechtsprechung des EGMR', 'I-Vorherige Rechtsprechung des EGMR', 'I-Vorherige Rechtsprechung des EGMR', 'I-Vorherige Rechtsprechung des EGMR', 'I-Vorherige Rechtsprechung des EGMR', 'I-Vorherige Rechtsprechung des EGMR', 'I-Vorherige Rechtsprechung des EGMR', 'I-Vorherige Rechtsprechung des EGMR', 'I-Vorherige Rechtsprechung des EGMR', 'I-Vorherige Rechtsprechung des EGMR', 'I-Vorherige Rechtsprechung des EGMR', 'I-Vorherige Rechtsprechung des EGMR', 'I-Vorherige Rechtsprechung des EGMR', 'I-Vorherige Rechtsprechung des EGMR', 'I-Vorherige Rechtsprechung des EGMR', 'I-Vorherige Rechtsprechung des EGMR', 'I-Vorherige Rechtsprechung des EGMR', 'I-Vorherige Rechtsprechung des EGMR', 'I-Vorherige Rechtsprechung des EGMR', 'I-Vorherige Rechtsprechung des EGMR', 'I-Vorherige Rechtsprechung des EGMR']
"['The', 'Court', 'is', 'of', 'the', 'view', 'that', 'the', 'central', 'issue', 'in', 'the', 'case', 'under', 'consideration', 'is', 'whether', 'the', 'applicant', '’s', 'detention', 'from', '7', 'September', 'to', '30', 'December', '1992', 'was', '""', 'lawful', '""', 'within', 'the', 'meaning', 'of', 'Article', '5', 'para', '.', '1', '(', 'art', '.', '5', '-', '1', ')', ',', 'including', 'whether', 'it', 'was', 'effected', '""', 'in', 'accordance', 'with', 'a', 'procedure', 'prescribed', 'by', 'law', '""', '.', 'The', 'Court', 'reiterates', 'that', 'the', 'Convention', 'here', 'refers', 'essentially', 'to', 'national', 'law', ',', 'but', 'it', 'also', 'requires', 'that', 'any', 'measure', 'depriving', 'the', 'individual', 'of', 'his', 'liberty', 'be', 'compatible', 'with', 'the', 'purpose', 'of', 'Article', '5', '(', 'art', '.', '5', ')', ',', 'namely', 'to', 'protect', 'the', 'individual', 'from', 'arbitrariness', '(', 'see', ',', 'for', 'instance', ',', 'the', 'Bozano', 'v.', 'France', 'judgment', 'of', '18', 'December', '1986', ',', 'Series', 'A', 'no', '.', '111', ',', 'p.', '23', ',', 'para', '.', '54', ';', 'and', 'the', 'Benham', 'v.', 'the', 'United', 'Kingdom', 'judgment', 'of', '10', 'June', '1996', ',', 'Reports', '1996', '-', 'III', ',', 'pp', '.', '752', '-', '53', ',', 'para', '.', '40', ')', '.']"	['B-Subsumtion', 'I-Subsumtion', 'I-Subsumtion', 'I-Subsumtion', 'I-Subsumtion', 'I-Subsumtion', 'I-Subsumtion', 'I-Subsumtion', 'I-Subsumtion', 'I-Subsumtion', 'I-Subsumtion', 'I-Subsumtion', 'I-Subsumtion', 'I-Subsumtion', 'I-Subsumtion', 'I-Subsumtion', 'I-Subsumtion', 'I-Subsumtion', 'I-Subsumtion', 'I-Subsumtion', 'I-Subsumtion', 'I-Subsumtion', 'I-Subsumtion', 'I-Subsumtion', 'I-Subsumtion', 'I-Subsumtion', 'I-Subsumtion', 'I-Subsumtion', 'I-Subsumtion', 'I-Subsumtion', 'I-Subsumtion', 'I-Subsumtion', 'I-Subsumtion', 'I-Subsumtion', 'I-Subsumtion', 'I-Subsumtion', 'I-Subsumtion', 'I-Subsumtion', 'I-Subsumtion', 'I-Subsumtion', 'I-Subsumtion', 'I-Subsumtion', 'I-Subsumtion', 'I-Subsumtion', 'I-Subsumtion', 'I-Subsumtion', 'I-Subsumtion', 'I-Subsumtion', 'I-Subsumtion', 'I-Subsumtion', 'I-Subsumtion', 'I-Subsumtion', 'I-Subsumtion', 'I-Subsumtion', 'I-Subsumtion', 'I-Subsumtion', 'I-Subsumtion', 'I-Subsumtion', 'I-Subsumtion', 'I-Subsumtion', 'I-Subsumtion', 'I-Subsumtion', 'I-Subsumtion', 'I-Subsumtion', 'I-Subsumtion', 'O', 'O', 'O', 'O', 'O', 'O', 'O', 'O', 'O', 'O', 'O', 'O', 'O', 'O', 'O', 'O', 'O', 'O', 'O', 'O', 'O', 'O', 'O', 'O', 'O', 'O', 'O', 'O', 'O', 'O', 'O', 'O', 'O', 'O', 'O', 'O', 'O', 'O', 'O', 'O', 'O', 'O', 'O', 'O', 'O', 'O', 'O', 'O', 'O', 'O', 'O', 'O', 'O', 'O', 'O', 'O', 'O', 'O', 'O', 'O', 'O', 'O', 'O', 'O', 'O', 'O', 'O', 'O', 'O', 'O', 'O', 'O', 'O', 'O', 'O', 'O', 'O', 'O', 'O', 'O', 'O', 'O', 'O', 'O', 'O', 'O', 'O', 'O', 'O', 'O', 'O', 'O', 'O', 'O', 'O', 'O', 'O', 'O', 'O', 'O', 'O', 'O', 'O', 'O', 'O']
['Where', 'the', 'Convention', 'refers', 'directly', 'back', 'to', 'domestic', 'law', ',', 'as', 'in', 'Article', '5', '(', 'art', '.', '5', ')', ',', 'compliance', 'with', 'such', 'law', 'is', 'an', 'integral', 'part', 'of', 'the', 'obligations', 'of', 'the', 'Contracting', 'States', 'and', 'the', 'Court', 'is', 'accordingly', 'competent', 'to', 'satisfy', 'itself', 'of', 'such', 'compliance', 'where', 'relevant', '(', 'Article', '19', ')', '(', 'art', '.', '19', ')', ';', 'the', 'scope', 'of', 'its', 'task', 'in', 'this', 'connection', ',', 'however', ',', 'is', 'subject', 'to', 'limits', 'inherent', 'in', 'the', 'logic', 'of', 'the', 'European', 'system', 'of', 'protection', ',', 'since', 'it', 'is', 'in', 'the', 'first', 'place', 'for', 'the', 'national', 'authorities', ',', 'notably', 'the', 'courts', ',', 'to', 'interpret', 'and', 'apply', 'domestic', 'law', '(', 'see', ',', 'inter', 'alia', ',', 'the', 'above', '-', 'mentioned', 'Bozano', 'judgment', ',', 'p.', '25', ',', 'para', '.', '58', ';', 'and', 'the', 'Kemmache', 'v.', 'France', '(', 'no', '.', '3', ')', 'judgment', 'of', '24', 'November', '1994', ',', 'Series', 'A', 'no', '.', '296', '-', 'C', ',', 'p.', '88', ',', 'para', '.', '42', ')', '.']	['O', 'O', 'O', 'O', 'O', 'O', 'O', 'O', 'O', 'O', 'O', 'O', 'O', 'O', 'O', 'O', 'O', 'O', 'O', 'O', 'O', 'O', 'O', 'O', 'O', 'O', 'O', 'O', 'O', 'O', 'O', 'O', 'O', 'O', 'O', 'O', 'O', 'O', 'O', 'O', 'O', 'O', 'O', 'O', 'O', 'O', 'O', 'O', 'O', 'O', 'O', 'O', 'O', 'O', 'O', 'O', 'O', 'O', 'O', 'O', 'O', 'O', 'O', 'O', 'O', 'O', 'O', 'O', 'O', 'O', 'O', 'O', 'O', 'O', 'O', 'O', 'O', 'O', 'O', 'O', 'O', 'O', 'O', 'O', 'O', 'O', 'O', 'O', 'O', 'O', 'O', 'O', 'O', 'O', 'O', 'O', 'O', 'O', 'O', 'O', 'O', 'O', 'O', 'O', 'O', 'O', 'O', 'O', 'O', 'O', 'O', 'O', 'O', 'O', 'O', 'O', 'O', 'O', 'O', 'O', 'O', 'O', 'O', 'O', 'O', 'O', 'O', 'O', 'O', 'O', 'O', 'O', 'O', 'O', 'O', 'O', 'O', 'O', 'O', 'O', 'O', 'O', 'O', 'O', 'O', 'O', 'O', 'O', 'O', 'O', 'O', 'O', 'O', 'O', 'O', 'O', 'O', 'O', 'O']
['42', '.', 'Turning', 'to', 'the', 'particular', 'circumstances', 'of', 'the', 'case', ',', 'the', 'Court', 'observes', 'that', 'it', 'is', 'undisputed', 'that', 'the', 'applicant', 'had', ',', 'as', 'a', 'member', 'of', 'the', 'Bulgarian', 'Government', ',', 'taken', 'part', 'in', 'the', 'decisions', '-', 'granting', 'funds', 'in', 'assistance', 'and', 'loans', 'to', 'certain', 'developing', 'countries', '-', 'which', 'had', 'given', 'rise', 'to', 'the', 'charges', 'against', 'him', '.']	['O', 'O', 'B-Subsumtion', 'I-Subsumtion', 'I-Subsumtion', 'I-Subsumtion', 'I-Subsumtion', 'I-Subsumtion', 'I-Subsumtion', 'I-Subsumtion', 'I-Subsumtion', 'I-Subsumtion', 'I-Subsumtion', 'I-Subsumtion', 'I-Subsumtion', 'I-Subsumtion', 'I-Subsumtion', 'I-Subsumtion', 'I-Subsumtion', 'I-Subsumtion', 'I-Subsumtion', 'I-Subsumtion', 'I-Subsumtion', 'I-Subsumtion', 'I-Subsumtion', 'I-Subsumtion', 'I-Subsumtion', 'I-Subsumtion', 'I-Subsumtion', 'I-Subsumtion', 'I-Subsumtion', 'I-Subsumtion', 'I-Subsumtion', 'I-Subsumtion', 'I-Subsumtion', 'I-Subsumtion', 'I-Subsumtion', 'I-Subsumtion', 'I-Subsumtion', 'I-Subsumtion', 'I-Subsumtion', 'I-Subsumtion', 'I-Subsumtion', 'I-Subsumtion', 'I-Subsumtion', 'I-Subsumtion', 'I-Subsumtion', 'I-Subsumtion', 'I-Subsumtion', 'I-Subsumtion', 'I-Subsumtion', 'I-Subsumtion', 'I-Subsumtion', 'I-Subsumtion', 'I-Subsumtion', 'I-Subsumtion', 'I-Subsumtion', 'I-Subsumtion']
['43', '.', 'However', ',', 'none', 'of', 'the', 'provisions', 'of', 'the', 'Criminal', 'Code', 'relied', 'on', 'to', 'justify', 'the', 'detention', '-', 'Articles', '201', 'to', '203', ',', '219', 'and', '282', '(', 'see', 'paragraphs', '11', 'and', '13', 'above', ')', '-', 'specified', 'or', 'even', 'implied', 'that', 'anyone', 'could', 'incur', 'criminal', 'liability', 'by', 'taking', 'part', 'in', 'collective', 'decisions', 'of', 'this', 'nature', '.', 'Moreover', ',', 'no', 'evidence', 'has', 'been', 'adduced', 'to', 'show', 'that', 'such', 'decisions', 'were', 'unlawful', ',', 'that', 'is', 'to', 'say', 'contrary', 'to', 'Bulgaria', '’s', 'Constitution', 'or', 'legislation', ',', 'or', 'more', 'specifically', 'that', 'the', 'decisions', 'were', 'taken', 'in', 'excess', 'of', 'powers', 'or', 'were', 'contrary', 'to', 'the', 'law', 'on', 'the', 'national', 'budget', '.']	['O', 'O', 'O', 'O', 'O', 'O', 'O', 'O', 'O', 'O', 'O', 'O', 'O', 'O', 'O', 'O', 'O', 'O', 'O', 'O', 'O', 'O', 'O', 'O', 'O', 'O', 'O', 'O', 'O', 'O', 'O', 'O', 'O', 'O', 'O', 'O', 'O', 'O', 'O', 'O', 'O', 'O', 'O', 'O', 'O', 'O', 'O', 'O', 'O', 'O', 'O', 'O', 'O', 'O', 'O', 'O', 'O', 'O', 'O', 'O', 'O', 'O', 'O', 'O', 'O', 'O', 'O', 'O', 'O', 'O', 'O', 'O', 'O', 'O', 'O', 'O', 'O', 'O', 'O', 'O', 'O', 'O', 'O', 'O', 'O', 'O', 'O', 'O', 'O', 'O', 'O', 'O', 'O', 'O', 'O', 'O', 'O', 'O', 'O', 'O', 'O', 'O', 'O', 'O', 'O', 'O']
['In', 'the', 'light', 'of', 'the', 'above', ',', 'the', 'Court', 'is', 'not', 'persuaded', 'that', 'the', 'conduct', 'for', 'which', 'the', 'applicant', 'was', 'prosecuted', 'constituted', 'a', 'criminal', 'offence', 'under', 'Bulgarian', 'law', 'at', 'the', 'relevant', 'time', '.']	['O', 'O', 'O', 'O', 'O', 'O', 'O', 'O', 'O', 'O', 'O', 'O', 'O', 'O', 'O', 'O', 'O', 'O', 'O', 'O', 'O', 'O', 'O', 'O', 'O', 'O', 'O', 'O', 'O', 'O', 'O', 'O', 'O']
['44', '.', 'What', 'is', 'more', ',', 'the', 'public', 'prosecutor', '’s', 'order', 'of', 'detention', 'of', '9', 'July', '1992', 'and', 'the', 'Supreme', 'Court', '’s', 'decision', 'of', '13', 'July', 'upholding', 'the', 'order', 'referred', 'to', 'Articles', '201', 'to', '203', 'of', 'the', 'Criminal', 'Code', '(', 'see', 'paragraphs', '13', 'and', '25', 'above', ')', '.', 'As', 'appears', 'from', 'the', 'case', '-', 'law', 'supplied', 'to', 'the', 'Court', ',', 'a', 'constituent', 'element', 'of', 'the', 'offence', 'of', 'misappropriation', 'under', 'Articles', '201', 'to', '203', 'of', 'the', 'Criminal', 'Code', 'was', 'that', 'the', 'offender', 'had', 'sought', 'to', 'obtain', 'for', 'himself', 'or', 'herself', 'or', 'for', 'a', 'third', 'party', 'an', 'advantage', '(', 'see', 'paragraph', '26', 'above', ')', '.', 'The', 'order', 'of', '9', 'July', 'in', 'addition', 'referred', 'to', 'Article', '282', 'which', 'specifically', 'makes', 'it', 'an', 'offence', 'for', 'a', 'public', 'servant', 'to', 'abuse', 'his', 'or', 'her', 'power', 'in', 'order', 'to', 'obtain', 'such', 'advantage', '(', 'see', 'paragraphs', '9', 'and', '28', 'above', ')', '.']	['O', 'O', 'B-Subsumtion', 'I-Subsumtion', 'I-Subsumtion', 'I-Subsumtion', 'I-Subsumtion', 'I-Subsumtion', 'I-Subsumtion', 'I-Subsumtion', 'I-Subsumtion', 'I-Subsumtion', 'I-Subsumtion', 'I-Subsumtion', 'I-Subsumtion', 'I-Subsumtion', 'I-Subsumtion', 'I-Subsumtion', 'I-Subsumtion', 'I-Subsumtion', 'I-Subsumtion', 'I-Subsumtion', 'I-Subsumtion', 'I-Subsumtion', 'I-Subsumtion', 'I-Subsumtion', 'I-Subsumtion', 'I-Subsumtion', 'I-Subsumtion', 'I-Subsumtion', 'I-Subsumtion', 'I-Subsumtion', 'I-Subsumtion', 'I-Subsumtion', 'I-Subsumtion', 'I-Subsumtion', 'I-Subsumtion', 'I-Subsumtion', 'I-Subsumtion', 'I-Subsumtion', 'I-Subsumtion', 'I-Subsumtion', 'I-Subsumtion', 'I-Subsumtion', 'I-Subsumtion', 'I-Subsumtion', 'I-Subsumtion', 'I-Subsumtion', 'I-Subsumtion', 'I-Subsumtion', 'I-Subsumtion', 'I-Subsumtion', 'I-Subsumtion', 'I-Subsumtion', 'I-Subsumtion', 'I-Subsumtion', 'I-Subsumtion', 'I-Subsumtion', 'I-Subsumtion', 'I-Subsumtion', 'I-Subsumtion', 'I-Subsumtion', 'I-Subsumtion', 'I-Subsumtion', 'I-Subsumtion', 'I-Subsumtion', 'I-Subsumtion', 'I-Subsumtion', 'I-Subsumtion', 'I-Subsumtion', 'I-Subsumtion', 'I-Subsumtion', 'I-Subsumtion', 'I-Subsumtion', 'I-Subsumtion', 'I-Subsumtion', 'I-Subsumtion', 'I-Subsumtion', 'I-Subsumtion', 'I-Subsumtion', 'I-Subsumtion', 'I-Subsumtion', 'I-Subsumtion', 'I-Subsumtion', 'I-Subsumtion', 'I-Subsumtion', 'I-Subsumtion', 'I-Subsumtion', 'I-Subsumtion', 'I-Subsumtion', 'I-Subsumtion', 'I-Subsumtion', 'I-Subsumtion', 'I-Subsumtion', 'I-Subsumtion', 'I-Subsumtion', 'I-Subsumtion', 'I-Subsumtion', 'I-Subsumtion', 'I-Subsumtion', 'I-Subsumtion', 'I-Subsumtion', 'I-Subsumtion', 'I-Subsumtion', 'I-Subsumtion', 'I-Subsumtion', 'I-Subsumtion', 'I-Subsumtion', 'I-Subsumtion', 'I-Subsumtion', 'I-Subsumtion', 'I-Subsumtion', 'I-Subsumtion', 'I-Subsumtion', 'I-Subsumtion', 'I-Subsumtion', 'I-Subsumtion', 'I-Subsumtion', 'I-Subsumtion', 'I-Subsumtion', 'I-Subsumtion', 'I-Subsumtion', 'I-Subsumtion', 'I-Subsumtion', 'I-Subsumtion', 'I-Subsumtion', 'I-Subsumtion', 'I-Subsumtion', 'I-Subsumtion', 'I-Subsumtion', 'I-Subsumtion', 'I-Subsumtion', 'I-Subsumtion', 'I-Subsumtion', 'I-Subsumtion', 'I-Subsumtion', 'I-Subsumtion', 'I-Subsumtion', 'I-Subsumtion', 'I-Subsumtion', 'I-Subsumtion', 'I-Subsumtion', 'I-Subsumtion', 'I-Subsumtion', 'I-Subsumtion']
"['However', ',', 'the', 'Court', 'has', 'not', 'been', 'provided', 'with', 'any', 'fact', 'or', 'information', 'capable', 'of', 'showing', 'that', 'the', 'applicant', 'was', 'at', 'the', 'time', 'reasonably', 'suspected', 'of', 'having', 'sought', 'to', 'obtain', 'for', 'himself', 'or', 'a', 'third', 'party', 'an', 'advantage', 'from', 'his', 'participation', 'in', 'the', 'allocation', 'of', 'funds', 'in', 'question', '(', 'see', ',', 'for', 'instance', ',', 'the', 'Murray', 'v.', 'the', 'United', 'Kingdom', 'judgment', 'of', '28', 'October', '1994', ',', 'Series', 'A', 'no', '.', '300', '-', 'A', ',', 'p.', '25', ',', 'para', '.', '51', ')', '.', 'In', 'this', 'connection', 'it', 'is', 'to', 'be', 'noted', 'that', 'the', 'Government', '’s', 'submission', 'that', 'there', 'had', 'been', 'certain', '""', 'deals', '""', 'was', 'found', 'by', 'the', 'Commission', 'to', 'be', 'unsubstantiated', 'and', 'was', 'not', 'reiterated', 'before', 'the', 'Court', '.', 'Indeed', ',', 'it', 'was', 'not', 'contended', 'before', 'the', 'Convention', 'institutions', 'that', 'the', 'funds', 'had', 'not', 'been', 'received', 'by', 'the', 'States', 'concerned', '.']"	['I-Subsumtion', 'I-Subsumtion', 'I-Subsumtion', 'I-Subsumtion', 'I-Subsumtion', 'I-Subsumtion', 'I-Subsumtion', 'I-Subsumtion', 'I-Subsumtion', 'I-Subsumtion', 'I-Subsumtion', 'I-Subsumtion', 'I-Subsumtion', 'I-Subsumtion', 'I-Subsumtion', 'I-Subsumtion', 'I-Subsumtion', 'I-Subsumtion', 'I-Subsumtion', 'I-Subsumtion', 'I-Subsumtion', 'I-Subsumtion', 'I-Subsumtion', 'I-Subsumtion', 'I-Subsumtion', 'I-Subsumtion', 'I-Subsumtion', 'I-Subsumtion', 'I-Subsumtion', 'I-Subsumtion', 'I-Subsumtion', 'I-Subsumtion', 'I-Subsumtion', 'I-Subsumtion', 'I-Subsumtion', 'I-Subsumtion', 'I-Subsumtion', 'I-Subsumtion', 'I-Subsumtion', 'I-Subsumtion', 'I-Subsumtion', 'I-Subsumtion', 'I-Subsumtion', 'I-Subsumtion', 'I-Subsumtion', 'I-Subsumtion', 'I-Subsumtion', 'I-Subsumtion', 'I-Subsumtion', 'I-Subsumtion', 'I-Subsumtion', 'I-Subsumtion', 'I-Subsumtion', 'I-Subsumtion', 'I-Subsumtion', 'I-Subsumtion', 'I-Subsumtion', 'I-Subsumtion', 'I-Subsumtion', 'I-Subsumtion', 'I-Subsumtion', 'I-Subsumtion', 'I-Subsumtion', 'I-Subsumtion', 'I-Subsumtion', 'I-Subsumtion', 'I-Subsumtion', 'I-Subsumtion', 'I-Subsumtion', 'I-Subsumtion', 'I-Subsumtion', 'I-Subsumtion', 'I-Subsumtion', 'I-Subsumtion', 'I-Subsumtion', 'I-Subsumtion', 'I-Subsumtion', 'I-Subsumtion', 'I-Subsumtion', 'I-Subsumtion', 'I-Subsumtion', 'I-Subsumtion', 'I-Subsumtion', 'I-Subsumtion', 'I-Subsumtion', 'I-Subsumtion', 'I-Subsumtion', 'I-Subsumtion', 'I-Subsumtion', 'I-Subsumtion', 'I-Subsumtion', 'I-Subsumtion', 'I-Subsumtion', 'I-Subsumtion', 'I-Subsumtion', 'I-Subsumtion', 'I-Subsumtion', 'I-Subsumtion', 'I-Subsumtion', 'I-Subsumtion', 'I-Subsumtion', 'I-Subsumtion', 'I-Subsumtion', 'I-Subsumtion', 'I-Subsumtion', 'I-Subsumtion', 'I-Subsumtion', 'I-Subsumtion', 'I-Subsumtion', 'I-Subsumtion', 'I-Subsumtion', 'I-Subsumtion', 'I-Subsumtion', 'I-Subsumtion', 'I-Subsumtion', 'I-Subsumtion', 'I-Subsumtion', 'I-Subsumtion', 'I-Subsumtion', 'I-Subsumtion', 'I-Subsumtion', 'I-Subsumtion', 'I-Subsumtion', 'I-Subsumtion', 'I-Subsumtion', 'I-Subsumtion', 'I-Subsumtion', 'I-Subsumtion', 'I-Subsumtion', 'I-Subsumtion', 'I-Subsumtion', 'I-Subsumtion', 'I-Subsumtion', 'I-Subsumtion', 'I-Subsumtion', 'I-Subsumtion', 'I-Subsumtion', 'I-Subsumtion', 'I-Subsumtion', 'I-Subsumtion', 'I-Subsumtion']
"['45', '.', 'In', 'these', 'circumstances', ',', 'the', 'Court', 'does', 'not', 'find', 'that', 'the', 'deprivation', 'of', 'the', 'applicant', '’s', 'liberty', 'during', 'the', 'period', 'under', 'consideration', 'was', '""', 'lawful', 'detention', '""', 'effected', '""', 'on', 'reasonable', 'suspicion', 'of', '[', 'his', ']', 'having', 'committed', 'an', 'offence', '""', '.']"	['O', 'O', 'O', 'O', 'O', 'O', 'O', 'O', 'O', 'O', 'O', 'O', 'O', 'O', 'O', 'O', 'O', 'O', 'O', 'O', 'O', 'O', 'O', 'O', 'O', 'O', 'O', 'O', 'O', 'O', 'O', 'O', 'O', 'O', 'O', 'O', 'O', 'O', 'O', 'O', 'O', 'O', 'O', 'O']
['Having', 'reached', 'this', 'conclusion', ',', 'the', 'Court', 'does', 'not', 'need', 'to', 'examine', 'whether', 'the', 'detention', 'could', 'reasonably', 'be', 'considered', 'necessary', 'to', 'prevent', 'his', 'committing', 'an', 'offence', 'or', 'fleeing', 'after', 'having', 'done', 'so', '.']	['O', 'O', 'O', 'O', 'O', 'O', 'O', 'O', 'O', 'O', 'O', 'O', 'O', 'O', 'O', 'O', 'O', 'O', 'O', 'O', 'O', 'O', 'O', 'O', 'O', 'O', 'O', 'O', 'O', 'O', 'O', 'O', 'O']
['46', '.', 'Accordingly', ',', 'there', 'has', 'been', 'a', 'violation', 'of', 'Article', '5', 'para', '.', '1', '(', 'art', '.', '5', '-', '1', ')', 'in', 'the', 'present', 'case', '.']	['O', 'O', 'B-Entscheidung des EGMR', 'I-Entscheidung des EGMR', 'I-Entscheidung des EGMR', 'I-Entscheidung des EGMR', 'I-Entscheidung des EGMR', 'I-Entscheidung des EGMR', 'I-Entscheidung des EGMR', 'I-Entscheidung des EGMR', 'I-Entscheidung des EGMR', 'I-Entscheidung des EGMR', 'I-Entscheidung des EGMR', 'I-Entscheidung des EGMR', 'I-Entscheidung des EGMR', 'I-Entscheidung des EGMR', 'I-Entscheidung des EGMR', 'I-Entscheidung des EGMR', 'I-Entscheidung des EGMR', 'I-Entscheidung des EGMR', 'I-Entscheidung des EGMR', 'I-Entscheidung des EGMR', 'I-Entscheidung des EGMR', 'I-Entscheidung des EGMR', 'I-Entscheidung des EGMR', 'I-Entscheidung des EGMR', 'I-Entscheidung des EGMR']
['III', '.', 'ALLEGED', 'VIOLATION', 'OF', 'ARTICLE', '18', 'OF', 'THE', 'CONVENTION', '(', 'art', '.', '18', ')']	['O', 'O', 'O', 'O', 'O', 'O', 'O', 'O', 'O', 'O', 'O', 'O', 'O', 'O', 'O']
['47', '.', 'Before', 'the', 'Commission', ',', 'the', 'applicant', 'alleged', 'that', 'there', 'had', 'also', 'been', 'a', 'violation', 'of', 'Article', '18', 'of', 'the', 'Convention', '(', 'art', '.', '18', ')', ',', 'which', 'reads', ':']	['O', 'O', 'B-Subsumtion', 'I-Subsumtion', 'I-Subsumtion', 'I-Subsumtion', 'I-Subsumtion', 'I-Subsumtion', 'I-Subsumtion', 'I-Subsumtion', 'I-Subsumtion', 'I-Subsumtion', 'I-Subsumtion', 'I-Subsumtion', 'I-Subsumtion', 'I-Subsumtion', 'I-Subsumtion', 'I-Subsumtion', 'I-Subsumtion', 'I-Subsumtion', 'I-Subsumtion', 'I-Subsumtion', 'I-Subsumtion', 'I-Subsumtion', 'I-Subsumtion', 'I-Subsumtion', 'I-Subsumtion', 'I-Subsumtion', 'I-Subsumtion', 'I-Subsumtion', 'I-Subsumtion']
"['""', 'The', 'restrictions', 'permitted', 'under', '[', 'the', ']', 'Convention', 'to', 'the', 'said', 'rights', 'and', 'freedoms', 'shall', 'not', 'be', 'applied', 'for', 'any', 'purpose', 'other', 'than', 'those', 'for', 'which', 'they', 'have', 'been', 'prescribed', '.', '""']"	['O', 'O', 'O', 'O', 'O', 'O', 'O', 'O', 'O', 'O', 'O', 'O', 'O', 'O', 'O', 'O', 'O', 'O', 'O', 'O', 'O', 'O', 'O', 'O', 'O', 'O', 'O', 'O', 'O', 'O', 'O', 'O', 'O']
['48', '.', 'The', 'Commission', ',', 'having', 'regard', 'to', 'its', 'findings', 'with', 'respect', 'to', 'Article', '5', 'para', '.', '1', 'of', 'the', 'Convention', '(', 'art', '.', '5', '-', '1', ')', '(', 'see', 'paragraph', '37', 'above', ')', ',', 'concluded', 'that', 'no', 'separate', 'issue', 'arose', 'under', 'Article', '18', '(', 'art', '.', '18', ')', '.', 'On', 'this', 'point', 'too', 'the', 'applicant', 'agreed', 'with', 'the', 'Commission', '.']	['O', 'O', 'B-Subsumtion', 'I-Subsumtion', 'I-Subsumtion', 'I-Subsumtion', 'I-Subsumtion', 'I-Subsumtion', 'I-Subsumtion', 'I-Subsumtion', 'I-Subsumtion', 'I-Subsumtion', 'I-Subsumtion', 'I-Subsumtion', 'I-Subsumtion', 'I-Subsumtion', 'I-Subsumtion', 'I-Subsumtion', 'I-Subsumtion', 'I-Subsumtion', 'I-Subsumtion', 'I-Subsumtion', 'I-Subsumtion', 'I-Subsumtion', 'I-Subsumtion', 'I-Subsumtion', 'I-Subsumtion', 'I-Subsumtion', 'I-Subsumtion', 'I-Subsumtion', 'I-Subsumtion', 'I-Subsumtion', 'I-Subsumtion', 'I-Subsumtion', 'I-Subsumtion', 'I-Subsumtion', 'I-Subsumtion', 'I-Subsumtion', 'I-Subsumtion', 'I-Subsumtion', 'I-Subsumtion', 'I-Subsumtion', 'I-Subsumtion', 'I-Subsumtion', 'I-Subsumtion', 'I-Subsumtion', 'I-Subsumtion', 'I-Subsumtion', 'I-Subsumtion', 'I-Subsumtion', 'B-Subsumtion', 'I-Subsumtion', 'I-Subsumtion', 'I-Subsumtion', 'I-Subsumtion', 'I-Subsumtion', 'I-Subsumtion', 'I-Subsumtion', 'I-Subsumtion', 'I-Subsumtion', 'I-Subsumtion']
['49', '.', 'The', 'Court', ',', 'bearing', 'in', 'mind', 'its', 'conclusions', 'with', 'regard', 'to', 'Article', '5', 'para', '.', '1', '(', 'art', '.', '5', '-', '1', ')', ',', 'likewise', 'considers', 'that', 'no', 'separate', 'issue', 'arises', 'under', 'Article', '18', '(', 'art', '.', '18', ')', '.']	['O', 'O', 'B-Entscheidung des EGMR', 'I-Entscheidung des EGMR', 'I-Entscheidung des EGMR', 'I-Entscheidung des EGMR', 'I-Entscheidung des EGMR', 'I-Entscheidung des EGMR', 'I-Entscheidung des EGMR', 'I-Entscheidung des EGMR', 'I-Entscheidung des EGMR', 'I-Entscheidung des EGMR', 'I-Entscheidung des EGMR', 'I-Entscheidung des EGMR', 'I-Entscheidung des EGMR', 'I-Entscheidung des EGMR', 'I-Entscheidung des EGMR', 'I-Entscheidung des EGMR', 'I-Entscheidung des EGMR', 'I-Entscheidung des EGMR', 'I-Entscheidung des EGMR', 'I-Entscheidung des EGMR', 'I-Entscheidung des EGMR', 'I-Entscheidung des EGMR', 'I-Entscheidung des EGMR', 'I-Entscheidung des EGMR', 'I-Entscheidung des EGMR', 'I-Entscheidung des EGMR', 'I-Entscheidung des EGMR', 'I-Entscheidung des EGMR', 'I-Entscheidung des EGMR', 'I-Entscheidung des EGMR', 'I-Entscheidung des EGMR', 'I-Entscheidung des EGMR', 'I-Entscheidung des EGMR', 'I-Entscheidung des EGMR', 'I-Entscheidung des EGMR', 'I-Entscheidung des EGMR', 'I-Entscheidung des EGMR', 'I-Entscheidung des EGMR', 'I-Entscheidung des EGMR', 'I-Entscheidung des EGMR']
['IV', '.', 'APPLICATION', 'OF', 'ARTICLE', '50', 'OF', 'THE', 'CONVENTION', '(', 'art', '.', '50', ')']	['O', 'O', 'O', 'O', 'O', 'O', 'O', 'O', 'O', 'O', 'O', 'O', 'O', 'O']
['50', '.', 'In', 'his', 'memorial', 'to', 'the', 'Court', ',', 'Mr', 'Andrei', 'Lukanov', 'sought', 'just', 'satisfaction', 'under', 'Article', '50', 'of', 'the', 'Convention', '(', 'art', '.', '50', ')', ',', 'which', 'reads', ':']	['O', 'O', 'B-Subsumtion', 'I-Subsumtion', 'I-Subsumtion', 'I-Subsumtion', 'I-Subsumtion', 'I-Subsumtion', 'I-Subsumtion', 'I-Subsumtion', 'I-Subsumtion', 'I-Subsumtion', 'I-Subsumtion', 'I-Subsumtion', 'I-Subsumtion', 'I-Subsumtion', 'I-Subsumtion', 'I-Subsumtion', 'I-Subsumtion', 'I-Subsumtion', 'I-Subsumtion', 'I-Subsumtion', 'I-Subsumtion', 'I-Subsumtion', 'I-Subsumtion', 'I-Subsumtion', 'I-Subsumtion', 'I-Subsumtion', 'I-Subsumtion', 'I-Subsumtion']
"['""', 'If', 'the', 'Court', 'finds', 'that', 'a', 'decision', 'or', 'a', 'measure', 'taken', 'by', 'a', 'legal', 'authority', 'or', 'any', 'other', 'authority', 'of', 'a', 'High', 'Contracting', 'Party', 'is', 'completely', 'or', 'partially', 'in', 'conflict', 'with', 'the', 'obligations', 'arising', 'from', 'the', '...', 'Convention', ',', 'and', 'if', 'the', 'internal', 'law', 'of', 'the', 'said', 'Party', 'allows', 'only', 'partial', 'reparation', 'to', 'be', 'made', 'for', 'the', 'consequences', 'of', 'this', 'decision', 'or', 'measure', ',', 'the', 'decision', 'of', 'the', 'Court', 'shall', ',', 'if', 'necessary', ',', 'afford', 'just', 'satisfaction', 'to', 'the', 'injured', 'party', '.', '""']"	['O', 'O', 'O', 'O', 'O', 'O', 'O', 'O', 'O', 'O', 'O', 'O', 'O', 'O', 'O', 'O', 'O', 'O', 'O', 'O', 'O', 'O', 'O', 'O', 'O', 'O', 'O', 'O', 'O', 'O', 'O', 'O', 'O', 'O', 'O', 'O', 'O', 'O', 'O', 'O', 'O', 'O', 'O', 'O', 'O', 'O', 'O', 'O', 'O', 'O', 'O', 'O', 'O', 'O', 'O', 'O', 'O', 'O', 'O', 'O', 'O', 'O', 'O', 'O', 'O', 'O', 'O', 'O', 'O', 'O', 'O', 'O', 'O', 'O', 'O', 'O', 'O', 'O', 'O', 'O', 'O', 'O', 'O', 'O']
['A.', 'Non', '-', 'pecuniary', 'damage']	['O', 'O', 'O', 'O', 'O']
['51', '.', 'The', 'applicant', 'claimed', 'no', 'compensation', 'for', 'pecuniary', 'damage', 'but', 'asked', 'the', 'Court', 'to', 'award', 'him', 'compensation', 'for', 'the', 'moral', 'and', 'physical', 'injury', 'which', 'he', 'had', 'suffered', 'as', 'a', 'result', 'of', 'the', 'detention', '.']	['O', 'O', 'B-Subsumtion', 'I-Subsumtion', 'I-Subsumtion', 'I-Subsumtion', 'I-Subsumtion', 'I-Subsumtion', 'I-Subsumtion', 'I-Subsumtion', 'I-Subsumtion', 'I-Subsumtion', 'I-Subsumtion', 'I-Subsumtion', 'I-Subsumtion', 'I-Subsumtion', 'I-Subsumtion', 'I-Subsumtion', 'I-Subsumtion', 'I-Subsumtion', 'I-Subsumtion', 'I-Subsumtion', 'I-Subsumtion', 'I-Subsumtion', 'I-Subsumtion', 'I-Subsumtion', 'I-Subsumtion', 'I-Subsumtion', 'I-Subsumtion', 'I-Subsumtion', 'I-Subsumtion', 'I-Subsumtion', 'I-Subsumtion', 'I-Subsumtion', 'I-Subsumtion']
['52', '.', 'The', 'Government', 'left', 'the', 'matter', 'to', 'the', 'discretion', 'of', 'the', 'Court', ',', 'whereas', 'the', 'Commission', '’s', 'Delegate', 'suggested', 'that', 'the', 'Court', 'make', 'an', 'award', 'of', '115,000', 'French', 'francs', '(', 'FRF', ')', ',', 'on', 'the', 'basis', 'that', 'a', 'compensation', 'of', 'FRF', '1,000', 'for', 'each', 'of', 'the', '115', 'days', 'during', 'which', 'the', 'applicant', 'had', 'been', 'unlawfully', 'detained', 'would', 'be', 'adequate', '.']	['O', 'O', 'B-Subsumtion', 'I-Subsumtion', 'I-Subsumtion', 'I-Subsumtion', 'I-Subsumtion', 'I-Subsumtion', 'I-Subsumtion', 'I-Subsumtion', 'I-Subsumtion', 'I-Subsumtion', 'I-Subsumtion', 'I-Subsumtion', 'B-Subsumtion', 'I-Subsumtion', 'I-Subsumtion', 'I-Subsumtion', 'I-Subsumtion', 'I-Subsumtion', 'I-Subsumtion', 'I-Subsumtion', 'I-Subsumtion', 'I-Subsumtion', 'I-Subsumtion', 'I-Subsumtion', 'I-Subsumtion', 'I-Subsumtion', 'I-Subsumtion', 'I-Subsumtion', 'I-Subsumtion', 'I-Subsumtion', 'I-Subsumtion', 'I-Subsumtion', 'I-Subsumtion', 'I-Subsumtion', 'I-Subsumtion', 'I-Subsumtion', 'I-Subsumtion', 'I-Subsumtion', 'I-Subsumtion', 'I-Subsumtion', 'I-Subsumtion', 'I-Subsumtion', 'I-Subsumtion', 'I-Subsumtion', 'I-Subsumtion', 'I-Subsumtion', 'I-Subsumtion', 'I-Subsumtion', 'I-Subsumtion', 'I-Subsumtion', 'I-Subsumtion', 'I-Subsumtion', 'I-Subsumtion', 'I-Subsumtion', 'I-Subsumtion', 'I-Subsumtion', 'I-Subsumtion', 'I-Subsumtion', 'I-Subsumtion']
['53', '.', 'The', 'Court', 'considers', 'that', 'sufficient', 'just', 'satisfaction', 'would', 'not', 'be', 'provided', 'solely', 'by', 'the', 'finding', 'of', 'a', 'violation', 'and', 'that', 'compensation', 'has', 'thus', 'to', 'be', 'awarded', '.', 'Making', 'an', 'assessment', 'on', 'an', 'equitable', 'basis', ',', 'it', 'awards', 'FRF', '40,000', ',', 'to', 'be', 'converted', 'into', 'Bulgarian', 'leva', 'at', 'the', 'rate', 'applicable', 'on', 'the', 'date', 'of', 'settlement', ',', 'to', 'his', 'widow', 'and', 'two', 'children', ',', 'who', 'are', 'pursuing', 'his', 'application', 'on', 'his', 'behalf', '.']	['O', 'O', 'B-Subsumtion', 'I-Subsumtion', 'I-Subsumtion', 'I-Subsumtion', 'I-Subsumtion', 'I-Subsumtion', 'I-Subsumtion', 'I-Subsumtion', 'I-Subsumtion', 'I-Subsumtion', 'I-Subsumtion', 'I-Subsumtion', 'I-Subsumtion', 'I-Subsumtion', 'I-Subsumtion', 'I-Subsumtion', 'I-Subsumtion', 'I-Subsumtion', 'I-Subsumtion', 'I-Subsumtion', 'I-Subsumtion', 'I-Subsumtion', 'I-Subsumtion', 'I-Subsumtion', 'I-Subsumtion', 'I-Subsumtion', 'I-Subsumtion', 'B-Entscheidung des EGMR', 'I-Entscheidung des EGMR', 'I-Entscheidung des EGMR', 'I-Entscheidung des EGMR', 'I-Entscheidung des EGMR', 'I-Entscheidung des EGMR', 'I-Entscheidung des EGMR', 'I-Entscheidung des EGMR', 'I-Entscheidung des EGMR', 'I-Entscheidung des EGMR', 'I-Entscheidung des EGMR', 'I-Entscheidung des EGMR', 'I-Entscheidung des EGMR', 'I-Entscheidung des EGMR', 'I-Entscheidung des EGMR', 'I-Entscheidung des EGMR', 'I-Entscheidung des EGMR', 'I-Entscheidung des EGMR', 'I-Entscheidung des EGMR', 'I-Entscheidung des EGMR', 'I-Entscheidung des EGMR', 'I-Entscheidung des EGMR', 'I-Entscheidung des EGMR', 'I-Entscheidung des EGMR', 'I-Entscheidung des EGMR', 'I-Entscheidung des EGMR', 'I-Entscheidung des EGMR', 'I-Entscheidung des EGMR', 'I-Entscheidung des EGMR', 'I-Entscheidung des EGMR', 'I-Entscheidung des EGMR', 'I-Entscheidung des EGMR', 'I-Entscheidung des EGMR', 'I-Entscheidung des EGMR', 'I-Entscheidung des EGMR', 'I-Entscheidung des EGMR', 'I-Entscheidung des EGMR', 'I-Entscheidung des EGMR', 'I-Entscheidung des EGMR', 'I-Entscheidung des EGMR', 'I-Entscheidung des EGMR', 'I-Entscheidung des EGMR', 'I-Entscheidung des EGMR', 'I-Entscheidung des EGMR', 'I-Entscheidung des EGMR']
['B.', 'Costs', 'and', 'expenses']	['O', 'O', 'O', 'O']
['54', '.', 'The', 'applicant', 'further', 'requested', 'the', 'reimbursement', 'of', 'costs', 'and', 'expenses', ',', 'in', 'an', 'amount', 'in', 'Bulgarian', 'leva', 'corresponding', 'to', 'the', 'totals', 'of', '13,456', 'US', 'dollars', '(', 'USD', ')', 'and', 'FRF', '7,067', ',', 'which', 'were', 'incurred', 'in', 'respect', 'of', 'the', 'following', 'items', ':']	['O', 'O', 'O', 'O', 'O', 'O', 'O', 'O', 'O', 'O', 'O', 'O', 'O', 'O', 'O', 'O', 'O', 'O', 'O', 'O', 'O', 'O', 'O', 'O', 'O', 'O', 'O', 'O', 'O', 'O', 'O', 'O', 'O', 'O', 'O', 'O', 'O', 'O', 'O', 'O', 'O', 'O', 'O', 'O']
['(', 'a', ')', 'USD', '3,100', 'for', 'his', 'lawyer', 'Mrs', 'Loultcheva', '’s', 'work', 'in', 'connection', 'with', 'the', 'case', 'before', 'the', 'Commission', ';']	['O', 'O', 'O', 'O', 'O', 'O', 'O', 'O', 'O', 'O', 'O', 'O', 'O', 'O', 'O', 'O', 'O', 'O', 'O', 'O', 'O']
['(', 'b', ')', 'USD', '3,272', 'and', 'FRF', '1,600', 'for', 'his', 'own', 'and', 'his', 'lawyer', '’s', 'travel', 'and', 'subsistence', 'expenses', 'in', 'connection', 'with', 'the', 'hearing', 'before', 'the', 'Commission', ';']	['O', 'O', 'O', 'O', 'O', 'O', 'O', 'O', 'O', 'O', 'O', 'O', 'O', 'O', 'O', 'O', 'O', 'O', 'O', 'O', 'O', 'O', 'O', 'O', 'O', 'O', 'O', 'O']
['(', 'c', ')', 'USD', '2,000', 'for', 'his', 'lawyer', '’s', 'work', 'in', 'connection', 'with', 'the', 'case', 'before', 'the', 'Court', ';']	['O', 'O', 'O', 'O', 'O', 'O', 'O', 'O', 'O', 'O', 'O', 'O', 'O', 'O', 'O', 'O', 'O', 'O', 'O']
['(', 'd', ')', 'USD', '1,800', 'for', 'Mr', 'Entchev', '’s', 'work', 'in', 'connection', 'with', 'translation', 'and', 'interpretation', 'in', 'the', 'proceedings', 'before', 'the', 'Court', ';']	['O', 'O', 'O', 'O', 'O', 'O', 'O', 'O', 'O', 'O', 'O', 'O', 'O', 'O', 'O', 'O', 'O', 'O', 'O', 'O', 'O', 'O', 'O']
['(', 'e', ')', 'USD', '3,284', 'and', 'FRF', '5,467', 'for', 'Mrs', 'Loultcheva', '’s', 'and', 'Mr', 'Entchev', '’s', 'travel', 'and', 'subsistence', 'expenses', 'in', 'connection', 'with', 'their', 'appearance', 'at', 'the', 'Court', '’s', 'hearing', '.']	['O', 'O', 'O', 'O', 'O', 'O', 'O', 'O', 'O', 'O', 'O', 'O', 'O', 'O', 'O', 'O', 'O', 'O', 'O', 'O', 'O', 'O', 'O', 'O', 'O', 'O', 'O', 'O', 'O', 'O', 'O']
['55', '.', 'The', 'Government', 'left', 'it', 'to', 'the', 'Court', '’s', 'discretion', 'to', 'make', 'an', 'award', 'for', 'costs', 'and', 'expenses', '.', 'The', 'Commission', '’s', 'Delegate', 'considered', 'the', 'claims', 'under', 'items', '(', 'a', ')', 'to', '(', 'c', ')', 'to', 'be', 'reasonable', 'and', 'that', 'an', 'amount', 'would', 'also', 'have', 'to', 'be', 'awarded', 'with', 'respect', 'to', 'such', 'costs', 'and', 'expenses', 'as', 'mentioned', 'in', 'items', '(', 'd', ')', 'and', '(', 'e', ')', '.']	['O', 'O', 'O', 'O', 'O', 'O', 'O', 'O', 'O', 'O', 'O', 'O', 'O', 'O', 'O', 'O', 'O', 'O', 'O', 'O', 'O', 'O', 'O', 'O', 'O', 'O', 'O', 'O', 'O', 'O', 'O', 'O', 'O', 'O', 'O', 'O', 'O', 'O', 'O', 'O', 'O', 'O', 'O', 'O', 'O', 'O', 'O', 'O', 'O', 'O', 'O', 'O', 'O', 'O', 'O', 'O', 'O', 'O', 'O', 'O', 'O', 'O', 'O', 'O', 'O', 'O', 'O', 'O']
['56', '.', 'The', 'Court', 'is', 'satisfied', 'that', 'the', 'costs', 'and', 'expenses', 'claimed', 'were', 'actually', 'and', 'necessarily', 'incurred', 'in', 'the', 'stated', 'currencies', 'and', 'were', 'reasonable', 'as', 'to', 'their', 'quantum', '.', 'In', 'accordance', 'with', 'its', 'case', '-', 'law', 'it', 'awards', 'to', 'the', 'applicant', '’s', 'widow', 'and', 'his', 'two', 'children', 'the', 'entirety', 'of', 'the', 'claim', 'made', 'under', 'this', 'head', '.']	['O', 'O', 'O', 'O', 'O', 'O', 'O', 'O', 'O', 'O', 'O', 'O', 'O', 'O', 'O', 'O', 'O', 'O', 'O', 'O', 'O', 'O', 'O', 'O', 'O', 'O', 'O', 'O', 'O', 'O', 'O', 'O', 'O', 'O', 'O', 'O', 'O', 'O', 'O', 'O', 'O', 'O', 'O', 'O', 'O', 'O', 'O', 'O', 'O', 'O', 'O', 'O', 'O', 'O', 'O', 'O', 'O']
['C.', 'Default', 'interest']	['O', 'O', 'O']
['57', '.', 'The', 'Court', 'considers', 'it', 'appropriate', 'that', 'default', 'interest', 'should', 'be', 'payable', 'at', 'the', 'rate', 'of', '4', '%', 'per', 'annum', 'with', 'regard', 'to', 'the', 'sums', 'awarded', 'in', 'French', 'francs', 'and', '5', '%', 'per', 'annum', 'with', 'respect', 'to', 'the', 'sum', 'awarded', 'in', 'US', 'dollars', '.']	['O', 'O', 'O', 'O', 'O', 'O', 'O', 'O', 'O', 'O', 'O', 'O', 'O', 'O', 'O', 'O', 'O', 'O', 'O', 'O', 'O', 'O', 'O', 'O', 'O', 'O', 'O', 'O', 'O', 'O', 'O', 'O', 'O', 'O', 'O', 'O', 'O', 'O', 'O', 'O', 'O', 'O', 'O', 'O', 'O']
['FOR', 'THESE', 'REASONS', ',', 'THE', 'COURT', 'UNANIMOUSLY']	['O', 'O', 'O', 'O', 'O', 'O', 'O']
['1', '.', 'Holds', 'that', 'there', 'has', 'been', 'a', 'violation', 'of', 'Article', '5', 'para', '.', '1', 'of', 'the', 'Convention', '(', 'art', '.', '5', '-', '1', ')', ';']	['O', 'O', 'O', 'O', 'O', 'O', 'O', 'O', 'O', 'O', 'O', 'O', 'O', 'O', 'O', 'O', 'O', 'O', 'O', 'O', 'O', 'O', 'O', 'O', 'O', 'O']
['2', '.', 'Holds', 'that', 'no', 'separate', 'issue', 'arises', 'under', 'Article', '18', 'of', 'the', 'Convention', '(', 'art', '.', '18', ')', ';']	['O', 'O', 'O', 'O', 'O', 'O', 'O', 'O', 'O', 'O', 'O', 'O', 'O', 'O', 'O', 'O', 'O', 'O', 'O', 'O']
['3', '.', 'Holds']	['O', 'O', 'O']
['(', 'a', ')', 'that', 'the', 'respondent', 'State', 'is', 'to', 'pay', 'the', 'applicant', '’s', 'widow', 'and', 'two', 'children', 'within', 'three', 'months', 'the', 'following', 'sums', ',', 'to', 'be', 'converted', 'into', 'Bulgarian', 'leva', 'at', 'the', 'rate', 'applicable', 'on', 'the', 'date', 'of', 'settlement', ':']	['O', 'O', 'O', 'O', 'O', 'O', 'O', 'O', 'O', 'O', 'O', 'O', 'O', 'O', 'O', 'O', 'O', 'O', 'O', 'O', 'O', 'O', 'O', 'O', 'O', 'O', 'O', 'O', 'O', 'O', 'O', 'O', 'O', 'O', 'O', 'O', 'O', 'O', 'O', 'O']
['(', 'i', ')', '40,000', '(', 'forty', 'thousand', ')', 'French', 'francs', ',', 'in', 'compensation', 'for', 'non', '-', 'pecuniary', 'damage', ',', 'and']	['O', 'O', 'O', 'O', 'O', 'O', 'O', 'O', 'O', 'O', 'O', 'O', 'O', 'O', 'O', 'O', 'O', 'O', 'O', 'O']
['(', 'ii', ')', 'for', 'legal', 'costs', 'and', 'expenses', ',', '13,456', '(', 'thirteen', 'thousand', ',', 'four', 'hundred', 'and', 'fifty', '-', 'six', ')', 'US', 'dollars', 'and', '7,067', '(', 'seven', 'thousand', 'and', 'sixty', '-', 'seven', ')', 'French', 'francs', ';']	['O', 'O', 'O', 'O', 'O', 'O', 'O', 'O', 'O', 'O', 'O', 'O', 'O', 'O', 'O', 'O', 'O', 'O', 'O', 'O', 'O', 'O', 'O', 'O', 'O', 'O', 'O', 'O', 'O', 'O', 'O', 'O', 'O', 'O', 'O', 'O']
['(', 'b', ')', 'that', 'simple', 'interest', 'at', 'the', 'following', 'annual', 'rates', 'shall', 'be', 'payable', 'from', 'the', 'expiry', 'of', 'the', 'above', '-', 'mentioned', 'three', 'months', 'until', 'settlement', ':']	['O', 'O', 'O', 'O', 'O', 'O', 'O', 'O', 'O', 'O', 'O', 'O', 'O', 'O', 'O', 'O', 'O', 'O', 'O', 'O', 'O', 'O', 'O', 'O', 'O', 'O', 'O']
['(', 'i', ')', '4', '%', 'per', 'annum', 'in', 'relation', 'to', 'the', 'sums', 'awarded', 'in', 'French', 'francs', ',', 'and']	['O', 'O', 'O', 'O', 'O', 'O', 'O', 'O', 'O', 'O', 'O', 'O', 'O', 'O', 'O', 'O', 'O', 'O']
['(', 'ii', ')', '5', '%', 'per', 'annum', 'in', 'relation', 'to', 'the', 'sum', 'awarded', 'in', 'US', 'dollars', ';']	['O', 'O', 'O', 'O', 'O', 'O', 'O', 'O', 'O', 'O', 'O', 'O', 'O', 'O', 'O', 'O', 'O']
['4', '.', 'Dismisses', 'the', 'remainder', 'of', 'the', 'claim', 'for', 'just', 'satisfaction', '.']	['O', 'O', 'O', 'O', 'O', 'O', 'O', 'O', 'O', 'O', 'O', 'O']
['Done', 'in', 'English', 'and', 'in', 'French', ',', 'and', 'delivered', 'at', 'a', 'public', 'hearing', 'in', 'the', 'Human', 'Rights', 'Building', ',', 'Strasbourg', ',', 'on', '20', 'March', '1997', '.']	['O', 'O', 'O', 'O', 'O', 'O', 'O', 'O', 'O', 'O', 'O', 'O', 'O', 'O', 'O', 'O', 'O', 'O', 'O', 'O', 'O', 'O', 'O', 'O', 'O', 'O']
['Rolv', 'RYSSDAL']	['O', 'O']
['President']	['O']
['Herbert', 'PETZOLD']	['O', 'O']
['Registrar']	['O']
"['[', '1', ']', 'The', 'case', 'is', 'numbered', '25/1996/644/829', '.', 'The', 'first', 'number', 'is', 'the', 'case', ""'s"", 'position', 'on', 'the', 'list', 'of', 'cases', 'referred', 'to', 'the', 'Court', 'in', 'the', 'relevant', 'year', '(', 'second', 'number', ')', '.', 'The', 'last', 'two', 'numbers', 'indicate', 'the', 'case', ""'s"", 'position', 'on', 'the', 'list', 'of', 'cases', 'referred', 'to', 'the', 'Court', 'since', 'its', 'creation', 'and', 'on', 'the', 'list', 'of', 'the', 'corresponding', 'originating', 'applications', 'to', 'the', 'Commission', '.']"	['O', 'O', 'O', 'O', 'O', 'O', 'O', 'O', 'O', 'O', 'O', 'O', 'O', 'O', 'O', 'O', 'O', 'O', 'O', 'O', 'O', 'O', 'O', 'O', 'O', 'O', 'O', 'O', 'O', 'O', 'O', 'O', 'O', 'O', 'O', 'O', 'O', 'O', 'O', 'O', 'O', 'O', 'O', 'O', 'O', 'O', 'O', 'O', 'O', 'O', 'O', 'O', 'O', 'O', 'O', 'O', 'O', 'O', 'O', 'O', 'O', 'O', 'O', 'O', 'O', 'O', 'O', 'O', 'O']
['[', '2', ']', 'Rules', 'A', 'apply', 'to', 'all', 'cases', 'referred', 'to', 'the', 'Court', 'before', 'the', 'entry', 'into', 'force', 'of', 'Protocol', 'No', '.', '9', '(', 'P9', ')', '(', '1', 'October', '1994', ')', 'and', 'thereafter', 'only', 'to', 'cases', 'concerning', 'States', 'not', 'bound', 'by', 'that', 'Protocol', '(', 'P9', ')', '.', 'They', 'correspond', 'to', 'the', 'Rules', 'that', 'came', 'into', 'force', 'on', '1', 'January', '1983', ',', 'as', 'amended', 'several', 'times', 'subsequently', '.']	['O', 'O', 'O', 'O', 'O', 'O', 'O', 'O', 'O', 'O', 'O', 'O', 'O', 'O', 'O', 'O', 'O', 'O', 'O', 'O', 'O', 'O', 'O', 'O', 'O', 'O', 'O', 'O', 'O', 'O', 'O', 'O', 'O', 'O', 'O', 'O', 'O', 'O', 'O', 'O', 'O', 'O', 'O', 'O', 'O', 'O', 'O', 'O', 'O', 'O', 'O', 'O', 'O', 'O', 'O', 'O', 'O', 'O', 'O', 'O', 'O', 'O', 'O', 'O', 'O', 'O', 'O']
"['[', '3', ']', 'Note', 'by', 'the', 'Registrar', ':', 'for', 'practical', 'reasons', 'this', 'annex', 'will', 'appear', 'only', 'with', 'the', 'printed', 'version', 'of', 'the', 'judgment', '(', 'in', 'Reports', 'of', 'Judgments', 'and', 'Decisions', '1997', '-', 'II', ')', ',', 'but', 'a', 'copy', 'of', 'the', 'Commission', ""'s"", 'report', 'is', 'obtainable', 'from', 'the', 'registry', '.']"	['O', 'O', 'O', 'O', 'O', 'O', 'O', 'O', 'O', 'O', 'O', 'O', 'O', 'O', 'O', 'O', 'O', 'O', 'O', 'O', 'O', 'O', 'O', 'O', 'O', 'O', 'O', 'O', 'O', 'O', 'O', 'O', 'O', 'O', 'O', 'O', 'O', 'O', 'O', 'O', 'O', 'O', 'O', 'O', 'O', 'O', 'O', 'O', 'O']
