tokens	labels
['I.', 'JOINDER', 'OF', 'THE', 'APPLICATIONS']	['O', 'O', 'O', 'O', 'O']
['5', '.', 'Having', 'regard', 'to', 'the', 'similar', 'subject', 'matter', 'of', 'the', 'applications', ',', 'the', 'Court', 'finds', 'it', 'appropriate', 'to', 'examine', 'them', 'jointly', 'in', 'a', 'single', 'judgment', '.']	['O', 'O', 'B-Subsumtion', 'I-Subsumtion', 'I-Subsumtion', 'I-Subsumtion', 'I-Subsumtion', 'I-Subsumtion', 'I-Subsumtion', 'I-Subsumtion', 'I-Subsumtion', 'I-Subsumtion', 'I-Subsumtion', 'I-Subsumtion', 'I-Subsumtion', 'I-Subsumtion', 'I-Subsumtion', 'I-Subsumtion', 'I-Subsumtion', 'I-Subsumtion', 'I-Subsumtion', 'I-Subsumtion', 'I-Subsumtion', 'I-Subsumtion', 'I-Subsumtion', 'I-Subsumtion', 'I-Subsumtion']
['II', '.', 'ALLEGED', 'VIOLATION', 'OF', 'ARTICLE', '5', '§', '3', 'OF', 'THE', 'CONVENTION']	['O', 'O', 'O', 'O', 'O', 'O', 'O', 'O', 'O', 'O', 'O', 'O']
['6', '.', 'The', 'applicants', 'complained', 'principally', 'that', 'their', 'pre', '-', 'trial', 'detention', 'had', 'been', 'unreasonably', 'long', '.', 'They', 'relied', 'on', 'Article', '5', '§', '3', 'of', 'the', 'Convention', ',', 'which', 'reads', 'as', 'follows', ':']	['O', 'O', 'B-Subsumtion', 'I-Subsumtion', 'I-Subsumtion', 'I-Subsumtion', 'I-Subsumtion', 'I-Subsumtion', 'I-Subsumtion', 'I-Subsumtion', 'I-Subsumtion', 'I-Subsumtion', 'I-Subsumtion', 'I-Subsumtion', 'I-Subsumtion', 'I-Subsumtion', 'I-Subsumtion', 'I-Subsumtion', 'I-Subsumtion', 'I-Subsumtion', 'I-Subsumtion', 'I-Subsumtion', 'I-Subsumtion', 'I-Subsumtion', 'I-Subsumtion', 'I-Subsumtion', 'I-Subsumtion', 'I-Subsumtion', 'I-Subsumtion', 'I-Subsumtion', 'I-Subsumtion', 'I-Subsumtion', 'I-Subsumtion']
['Article', '5', '§', '3']	['O', 'O', 'O', 'O']
['“', 'Everyone', 'arrested', 'or', 'detained', 'in', 'accordance', 'with', 'the', 'provisions', 'of', 'paragraph', '1', '(', 'c', ')', 'of', 'this', 'Article', 'shall', 'be', '...', 'entitled', 'to', 'trial', 'within', 'a', 'reasonable', 'time', 'or', 'to', 'release', 'pending', 'trial', '.', 'Release', 'may', 'be', 'conditioned', 'by', 'guarantees', 'to', 'appear', 'for', 'trial', '.', '”']	['O', 'O', 'O', 'O', 'O', 'O', 'O', 'O', 'O', 'O', 'O', 'O', 'O', 'O', 'O', 'O', 'O', 'O', 'O', 'O', 'O', 'O', 'O', 'O', 'O', 'O', 'O', 'O', 'O', 'O', 'O', 'O', 'O', 'O', 'O', 'O', 'O', 'O', 'O', 'O', 'O', 'O', 'O', 'O', 'O', 'O', 'O']
['7', '.', 'The', 'Court', 'observes', 'that', 'the', 'general', 'principles', 'regarding', 'the', 'right', 'to', 'trial', 'within', 'a', 'reasonable', 'time', 'or', 'to', 'release', 'pending', 'trial', ',', 'as', 'guaranteed', 'by', 'Article', '5', '§', '3', 'of', 'the', 'Convention', ',', 'have', 'been', 'stated', 'in', 'a', 'number', 'of', 'its', 'previous', 'judgments', '(', 'see', ',', 'among', 'many', 'other', 'authorities', ',', 'Kudła', 'v.', 'Poland', '[', 'GC', ']', ',', 'no', '.', '30210/96', ',', '§', '110', ',', 'ECHR', '2000‑XI', ',', 'and', 'McKay', 'v.', 'the', 'United', 'Kingdom', '[', 'GC', ']', ',', 'no', '.', '543/03', ',', '§', '§', '41', '-', '44', ',', 'ECHR', '2006‑X', ',', 'with', 'further', 'references', ')', '.']	['O', 'O', 'B-Vorherige Rechtsprechung des EGMR', 'I-Vorherige Rechtsprechung des EGMR', 'I-Vorherige Rechtsprechung des EGMR', 'I-Vorherige Rechtsprechung des EGMR', 'I-Vorherige Rechtsprechung des EGMR', 'I-Vorherige Rechtsprechung des EGMR', 'I-Vorherige Rechtsprechung des EGMR', 'I-Vorherige Rechtsprechung des EGMR', 'I-Vorherige Rechtsprechung des EGMR', 'I-Vorherige Rechtsprechung des EGMR', 'I-Vorherige Rechtsprechung des EGMR', 'I-Vorherige Rechtsprechung des EGMR', 'I-Vorherige Rechtsprechung des EGMR', 'I-Vorherige Rechtsprechung des EGMR', 'I-Vorherige Rechtsprechung des EGMR', 'I-Vorherige Rechtsprechung des EGMR', 'I-Vorherige Rechtsprechung des EGMR', 'I-Vorherige Rechtsprechung des EGMR', 'I-Vorherige Rechtsprechung des EGMR', 'I-Vorherige Rechtsprechung des EGMR', 'I-Vorherige Rechtsprechung des EGMR', 'I-Vorherige Rechtsprechung des EGMR', 'I-Vorherige Rechtsprechung des EGMR', 'I-Vorherige Rechtsprechung des EGMR', 'I-Vorherige Rechtsprechung des EGMR', 'I-Vorherige Rechtsprechung des EGMR', 'I-Vorherige Rechtsprechung des EGMR', 'I-Vorherige Rechtsprechung des EGMR', 'I-Vorherige Rechtsprechung des EGMR', 'I-Vorherige Rechtsprechung des EGMR', 'I-Vorherige Rechtsprechung des EGMR', 'I-Vorherige Rechtsprechung des EGMR', 'I-Vorherige Rechtsprechung des EGMR', 'I-Vorherige Rechtsprechung des EGMR', 'I-Vorherige Rechtsprechung des EGMR', 'I-Vorherige Rechtsprechung des EGMR', 'I-Vorherige Rechtsprechung des EGMR', 'I-Vorherige Rechtsprechung des EGMR', 'I-Vorherige Rechtsprechung des EGMR', 'I-Vorherige Rechtsprechung des EGMR', 'I-Vorherige Rechtsprechung des EGMR', 'I-Vorherige Rechtsprechung des EGMR', 'I-Vorherige Rechtsprechung des EGMR', 'I-Vorherige Rechtsprechung des EGMR', 'I-Vorherige Rechtsprechung des EGMR', 'I-Vorherige Rechtsprechung des EGMR', 'I-Vorherige Rechtsprechung des EGMR', 'I-Vorherige Rechtsprechung des EGMR', 'I-Vorherige Rechtsprechung des EGMR', 'I-Vorherige Rechtsprechung des EGMR', 'I-Vorherige Rechtsprechung des EGMR', 'I-Vorherige Rechtsprechung des EGMR', 'I-Vorherige Rechtsprechung des EGMR', 'I-Vorherige Rechtsprechung des EGMR', 'I-Vorherige Rechtsprechung des EGMR', 'I-Vorherige Rechtsprechung des EGMR', 'I-Vorherige Rechtsprechung des EGMR', 'I-Vorherige Rechtsprechung des EGMR', 'I-Vorherige Rechtsprechung des EGMR', 'I-Vorherige Rechtsprechung des EGMR', 'I-Vorherige Rechtsprechung des EGMR', 'I-Vorherige Rechtsprechung des EGMR', 'I-Vorherige Rechtsprechung des EGMR', 'I-Vorherige Rechtsprechung des EGMR', 'I-Vorherige Rechtsprechung des EGMR', 'I-Vorherige Rechtsprechung des EGMR', 'I-Vorherige Rechtsprechung des EGMR', 'I-Vorherige Rechtsprechung des EGMR', 'I-Vorherige Rechtsprechung des EGMR', 'I-Vorherige Rechtsprechung des EGMR', 'I-Vorherige Rechtsprechung des EGMR', 'I-Vorherige Rechtsprechung des EGMR', 'I-Vorherige Rechtsprechung des EGMR', 'I-Vorherige Rechtsprechung des EGMR', 'I-Vorherige Rechtsprechung des EGMR', 'I-Vorherige Rechtsprechung des EGMR', 'I-Vorherige Rechtsprechung des EGMR', 'I-Vorherige Rechtsprechung des EGMR', 'I-Vorherige Rechtsprechung des EGMR', 'I-Vorherige Rechtsprechung des EGMR', 'I-Vorherige Rechtsprechung des EGMR', 'I-Vorherige Rechtsprechung des EGMR', 'I-Vorherige Rechtsprechung des EGMR', 'I-Vorherige Rechtsprechung des EGMR', 'I-Vorherige Rechtsprechung des EGMR', 'I-Vorherige Rechtsprechung des EGMR', 'I-Vorherige Rechtsprechung des EGMR', 'I-Vorherige Rechtsprechung des EGMR', 'I-Vorherige Rechtsprechung des EGMR', 'I-Vorherige Rechtsprechung des EGMR', 'I-Vorherige Rechtsprechung des EGMR', 'I-Vorherige Rechtsprechung des EGMR', 'I-Vorherige Rechtsprechung des EGMR', 'I-Vorherige Rechtsprechung des EGMR', 'I-Vorherige Rechtsprechung des EGMR', 'I-Vorherige Rechtsprechung des EGMR']
['8', '.', 'In', 'the', 'leading', 'case', 'of', 'Gál', 'v.', 'Hungary', ',', 'no', '.', '62631/11', ',', '11', 'March', '2014', ',', 'the', 'Court', 'already', 'found', 'a', 'violation', 'in', 'respect', 'of', 'issues', 'similar', 'to', 'those', 'in', 'the', 'present', 'case', '.']	['O', 'O', 'B-Subsumtion', 'I-Subsumtion', 'I-Subsumtion', 'I-Subsumtion', 'I-Subsumtion', 'I-Subsumtion', 'I-Subsumtion', 'I-Subsumtion', 'I-Subsumtion', 'I-Subsumtion', 'I-Subsumtion', 'I-Subsumtion', 'I-Subsumtion', 'I-Subsumtion', 'I-Subsumtion', 'I-Subsumtion', 'I-Subsumtion', 'I-Subsumtion', 'I-Subsumtion', 'I-Subsumtion', 'I-Subsumtion', 'I-Subsumtion', 'I-Subsumtion', 'I-Subsumtion', 'I-Subsumtion', 'I-Subsumtion', 'I-Subsumtion', 'I-Subsumtion', 'I-Subsumtion', 'I-Subsumtion', 'I-Subsumtion', 'I-Subsumtion', 'I-Subsumtion', 'I-Subsumtion', 'I-Subsumtion']
['9', '.', 'Having', 'examined', 'all', 'the', 'material', 'submitted', 'to', 'it', ',', 'the', 'Court', 'has', 'not', 'found', 'any', 'fact', 'or', 'argument', 'capable', 'of', 'persuading', 'it', 'to', 'reach', 'a', 'different', 'conclusion', 'on', 'the', 'admissibility', 'and', 'merits', 'of', 'these', 'complaints', '.', 'Having', 'regard', 'to', 'its', 'case', '-', 'law', 'on', 'the', 'subject', ',', 'the', 'Court', 'considers', 'that', 'in', 'the', 'instant', 'case', 'the', 'length', 'of', 'the', 'applicants', '’', 'pre', '-', 'trial', 'detention', 'was', 'excessive', '.']	['O', 'O', 'B-Subsumtion', 'I-Subsumtion', 'I-Subsumtion', 'I-Subsumtion', 'I-Subsumtion', 'I-Subsumtion', 'I-Subsumtion', 'I-Subsumtion', 'I-Subsumtion', 'I-Subsumtion', 'I-Subsumtion', 'I-Subsumtion', 'I-Subsumtion', 'I-Subsumtion', 'I-Subsumtion', 'I-Subsumtion', 'I-Subsumtion', 'I-Subsumtion', 'I-Subsumtion', 'I-Subsumtion', 'I-Subsumtion', 'I-Subsumtion', 'I-Subsumtion', 'I-Subsumtion', 'I-Subsumtion', 'I-Subsumtion', 'I-Subsumtion', 'I-Subsumtion', 'I-Subsumtion', 'I-Subsumtion', 'I-Subsumtion', 'I-Subsumtion', 'I-Subsumtion', 'I-Subsumtion', 'I-Subsumtion', 'I-Subsumtion', 'I-Subsumtion', 'I-Subsumtion', 'I-Subsumtion', 'I-Subsumtion', 'I-Subsumtion', 'I-Subsumtion', 'I-Subsumtion', 'I-Subsumtion', 'I-Subsumtion', 'I-Subsumtion', 'I-Subsumtion', 'I-Subsumtion', 'I-Subsumtion', 'I-Subsumtion', 'I-Subsumtion', 'I-Subsumtion', 'I-Subsumtion', 'I-Subsumtion', 'I-Subsumtion', 'I-Subsumtion', 'I-Subsumtion', 'I-Subsumtion', 'I-Subsumtion', 'I-Subsumtion', 'I-Subsumtion', 'I-Subsumtion', 'I-Subsumtion', 'I-Subsumtion', 'I-Subsumtion', 'I-Subsumtion', 'I-Subsumtion', 'I-Subsumtion']
['10', '.', 'These', 'complaints', 'are', 'therefore', 'admissible', 'and', 'disclose', 'a', 'breach', 'of', 'Article', '5', '§', '3', 'of', 'the', 'Convention', '.']	['O', 'O', 'B-Entscheidung des EGMR', 'I-Entscheidung des EGMR', 'I-Entscheidung des EGMR', 'I-Entscheidung des EGMR', 'I-Entscheidung des EGMR', 'I-Entscheidung des EGMR', 'I-Entscheidung des EGMR', 'I-Entscheidung des EGMR', 'I-Entscheidung des EGMR', 'I-Entscheidung des EGMR', 'I-Entscheidung des EGMR', 'I-Entscheidung des EGMR', 'I-Entscheidung des EGMR', 'I-Entscheidung des EGMR', 'I-Entscheidung des EGMR', 'I-Entscheidung des EGMR', 'I-Entscheidung des EGMR', 'I-Entscheidung des EGMR']
['III', '.', 'OTHER', 'ALLEGED', 'VIOLATIONS', 'UNDER', 'WELL', '-', 'ESTABLISHED', 'CASE', '-', 'LAW']	['O', 'O', 'O', 'O', 'O', 'O', 'O', 'O', 'O', 'O', 'O', 'O']
['11', '.', 'In', 'application', 'nos', '.', '5818/15', 'and', '30197/15', ',', 'the', 'applicants', 'submitted', 'other', 'complaints', 'which', 'also', 'raised', 'issues', 'under', 'the', 'Convention', ',', 'given', 'the', 'relevant', 'well', '-', 'established', 'case', '-', 'law', 'of', 'the', 'Court', '(', 'see', 'appended', 'table', ')', '.', 'These', 'complaints', 'are', 'not', 'manifestly', 'ill', '-', 'founded', 'within', 'the', 'meaning', 'of', 'Article', '35', '§', '3', '(', 'a', ')', 'of', 'the', 'Convention', ',', 'nor', 'are', 'they', 'inadmissible', 'on', 'any', 'other', 'ground', '.', 'Accordingly', ',', 'they', 'must', 'be', 'declared', 'admissible', '.', 'Having', 'examined', 'all', 'the', 'material', 'before', 'it', ',', 'the', 'Court', 'concludes', 'that', 'they', 'also', 'disclose', 'violations', 'of', 'the', 'Convention', 'in', 'the', 'light', 'of', 'its', 'findings', 'in', 'Bandur', 'v.', 'Hungary', '(', 'no', '.', '50130/12', ',', '§', '84', ',', '5', 'July', '2016', ')', ',', 'as', 'regards', 'application', 'no', '.', '5818/15', ',', 'and', 'Khoroshenko', 'v.', 'Russia', '(', '[', 'GC', ']', ',', 'no', '.', '41418/04', ',', '§', '§', '148', '-', '49', ',', 'ECHR', '2015', ')', 'and', 'Andrey', 'Smirnov', 'v.', 'Russia', '(', 'no', '.', '43149/10', ',', '§', '57', ',', '13', 'February', '2018', ')', ',', 'as', 'regards', 'application', 'no', '.', '30197/15', '.']	['O', 'O', 'B-Entscheidung des EGMR', 'I-Entscheidung des EGMR', 'I-Entscheidung des EGMR', 'I-Entscheidung des EGMR', 'I-Entscheidung des EGMR', 'I-Entscheidung des EGMR', 'I-Entscheidung des EGMR', 'I-Entscheidung des EGMR', 'I-Entscheidung des EGMR', 'I-Entscheidung des EGMR', 'I-Entscheidung des EGMR', 'I-Entscheidung des EGMR', 'I-Entscheidung des EGMR', 'I-Entscheidung des EGMR', 'I-Entscheidung des EGMR', 'I-Entscheidung des EGMR', 'I-Entscheidung des EGMR', 'I-Entscheidung des EGMR', 'I-Entscheidung des EGMR', 'I-Entscheidung des EGMR', 'I-Entscheidung des EGMR', 'I-Entscheidung des EGMR', 'I-Entscheidung des EGMR', 'I-Entscheidung des EGMR', 'I-Entscheidung des EGMR', 'I-Entscheidung des EGMR', 'I-Entscheidung des EGMR', 'I-Entscheidung des EGMR', 'I-Entscheidung des EGMR', 'I-Entscheidung des EGMR', 'I-Entscheidung des EGMR', 'I-Entscheidung des EGMR', 'I-Entscheidung des EGMR', 'I-Entscheidung des EGMR', 'I-Entscheidung des EGMR', 'I-Entscheidung des EGMR', 'I-Entscheidung des EGMR', 'I-Entscheidung des EGMR', 'I-Entscheidung des EGMR', 'I-Entscheidung des EGMR', 'I-Entscheidung des EGMR', 'I-Entscheidung des EGMR', 'I-Entscheidung des EGMR', 'I-Entscheidung des EGMR', 'I-Entscheidung des EGMR', 'I-Entscheidung des EGMR', 'I-Entscheidung des EGMR', 'I-Entscheidung des EGMR', 'I-Entscheidung des EGMR', 'I-Entscheidung des EGMR', 'I-Entscheidung des EGMR', 'I-Entscheidung des EGMR', 'I-Entscheidung des EGMR', 'I-Entscheidung des EGMR', 'I-Entscheidung des EGMR', 'I-Entscheidung des EGMR', 'I-Entscheidung des EGMR', 'I-Entscheidung des EGMR', 'I-Entscheidung des EGMR', 'I-Entscheidung des EGMR', 'I-Entscheidung des EGMR', 'I-Entscheidung des EGMR', 'I-Entscheidung des EGMR', 'I-Entscheidung des EGMR', 'I-Entscheidung des EGMR', 'I-Entscheidung des EGMR', 'I-Entscheidung des EGMR', 'I-Entscheidung des EGMR', 'I-Entscheidung des EGMR', 'I-Entscheidung des EGMR', 'I-Entscheidung des EGMR', 'I-Entscheidung des EGMR', 'I-Entscheidung des EGMR', 'I-Entscheidung des EGMR', 'I-Entscheidung des EGMR', 'I-Entscheidung des EGMR', 'I-Entscheidung des EGMR', 'I-Entscheidung des EGMR', 'I-Entscheidung des EGMR', 'I-Entscheidung des EGMR', 'I-Entscheidung des EGMR', 'I-Entscheidung des EGMR', 'I-Entscheidung des EGMR', 'I-Entscheidung des EGMR', 'I-Entscheidung des EGMR', 'I-Entscheidung des EGMR', 'I-Entscheidung des EGMR', 'I-Entscheidung des EGMR', 'I-Entscheidung des EGMR', 'I-Entscheidung des EGMR', 'I-Entscheidung des EGMR', 'I-Entscheidung des EGMR', 'I-Entscheidung des EGMR', 'I-Entscheidung des EGMR', 'I-Entscheidung des EGMR', 'I-Entscheidung des EGMR', 'I-Entscheidung des EGMR', 'I-Entscheidung des EGMR', 'I-Entscheidung des EGMR', 'I-Entscheidung des EGMR', 'I-Entscheidung des EGMR', 'I-Entscheidung des EGMR', 'I-Entscheidung des EGMR', 'I-Entscheidung des EGMR', 'I-Entscheidung des EGMR', 'I-Entscheidung des EGMR', 'I-Entscheidung des EGMR', 'I-Entscheidung des EGMR', 'I-Entscheidung des EGMR', 'I-Entscheidung des EGMR', 'I-Entscheidung des EGMR', 'I-Entscheidung des EGMR', 'I-Entscheidung des EGMR', 'I-Entscheidung des EGMR', 'I-Entscheidung des EGMR', 'I-Entscheidung des EGMR', 'I-Entscheidung des EGMR', 'I-Entscheidung des EGMR', 'I-Entscheidung des EGMR', 'I-Entscheidung des EGMR', 'I-Entscheidung des EGMR', 'I-Entscheidung des EGMR', 'I-Entscheidung des EGMR', 'I-Entscheidung des EGMR', 'I-Entscheidung des EGMR', 'I-Entscheidung des EGMR', 'I-Entscheidung des EGMR', 'I-Entscheidung des EGMR', 'I-Entscheidung des EGMR', 'I-Entscheidung des EGMR', 'I-Entscheidung des EGMR', 'I-Entscheidung des EGMR', 'I-Entscheidung des EGMR', 'I-Entscheidung des EGMR', 'I-Entscheidung des EGMR', 'I-Entscheidung des EGMR', 'I-Entscheidung des EGMR', 'I-Entscheidung des EGMR', 'I-Entscheidung des EGMR', 'I-Entscheidung des EGMR', 'I-Entscheidung des EGMR', 'I-Entscheidung des EGMR', 'I-Entscheidung des EGMR', 'I-Entscheidung des EGMR', 'I-Entscheidung des EGMR', 'I-Entscheidung des EGMR', 'I-Entscheidung des EGMR', 'I-Entscheidung des EGMR', 'I-Entscheidung des EGMR', 'I-Entscheidung des EGMR', 'I-Entscheidung des EGMR', 'I-Entscheidung des EGMR', 'I-Entscheidung des EGMR', 'I-Entscheidung des EGMR', 'I-Entscheidung des EGMR', 'I-Entscheidung des EGMR', 'I-Entscheidung des EGMR', 'I-Entscheidung des EGMR', 'I-Entscheidung des EGMR', 'I-Entscheidung des EGMR', 'I-Entscheidung des EGMR', 'I-Entscheidung des EGMR', 'I-Entscheidung des EGMR', 'I-Entscheidung des EGMR', 'I-Entscheidung des EGMR', 'I-Entscheidung des EGMR', 'I-Entscheidung des EGMR', 'I-Entscheidung des EGMR', 'I-Entscheidung des EGMR', 'I-Entscheidung des EGMR', 'I-Entscheidung des EGMR', 'I-Entscheidung des EGMR', 'I-Entscheidung des EGMR', 'I-Entscheidung des EGMR', 'I-Entscheidung des EGMR']
['IV', '.', 'APPLICATION', 'OF', 'ARTICLE', '41', 'OF', 'THE', 'CONVENTION']	['O', 'O', 'O', 'O', 'O', 'O', 'O', 'O', 'O']
['12', '.', 'Article', '41', 'of', 'the', 'Convention', 'provides', ':']	['O', 'O', 'O', 'O', 'O', 'O', 'O', 'O', 'O']
['“', 'If', 'the', 'Court', 'finds', 'that', 'there', 'has', 'been', 'a', 'violation', 'of', 'the', 'Convention', 'or', 'the', 'Protocols', 'thereto', ',', 'and', 'if', 'the', 'internal', 'law', 'of', 'the', 'High', 'Contracting', 'Party', 'concerned', 'allows', 'only', 'partial', 'reparation', 'to', 'be', 'made', ',', 'the', 'Court', 'shall', ',', 'if', 'necessary', ',', 'afford', 'just', 'satisfaction', 'to', 'the', 'injured', 'party', '.', '”']	['O', 'O', 'O', 'O', 'O', 'O', 'O', 'O', 'O', 'O', 'O', 'O', 'O', 'O', 'O', 'O', 'O', 'O', 'O', 'O', 'O', 'O', 'O', 'O', 'O', 'O', 'O', 'O', 'O', 'O', 'O', 'O', 'O', 'O', 'O', 'O', 'O', 'O', 'O', 'O', 'O', 'O', 'O', 'O', 'O', 'O', 'O', 'O', 'O', 'O', 'O', 'O', 'O', 'O']
['13', '.', 'Regard', 'being', 'had', 'to', 'the', 'documents', 'in', 'its', 'possession', 'and', 'to', 'its', 'case‑law', '(', 'see', ',', 'in', 'particular', ',', 'Gál', 'v.', 'Hungary', ',', 'no', '.', '62631/11', ',', '11', 'March', '2014', ')', ',', 'the', 'Court', 'considers', 'it', 'reasonable', 'to', 'award', 'the', 'sums', 'indicated', 'in', 'the', 'appended', 'table', '.']	['O', 'O', 'O', 'O', 'O', 'O', 'O', 'O', 'O', 'O', 'O', 'O', 'O', 'O', 'O', 'O', 'O', 'O', 'O', 'O', 'O', 'O', 'O', 'O', 'O', 'O', 'O', 'O', 'O', 'O', 'O', 'O', 'O', 'O', 'O', 'O', 'O', 'O', 'O', 'O', 'O', 'O', 'O', 'O', 'O', 'O', 'O', 'O', 'O']
['14', '.', 'The', 'Court', 'considers', 'it', 'appropriate', 'that', 'the', 'default', 'interest', 'rate', 'should', 'be', 'based', 'on', 'the', 'marginal', 'lending', 'rate', 'of', 'the', 'European', 'Central', 'Bank', ',', 'to', 'which', 'should', 'be', 'added', 'three', 'percentage', 'points', '.']	['O', 'O', 'O', 'O', 'O', 'O', 'O', 'O', 'O', 'O', 'O', 'O', 'O', 'O', 'O', 'O', 'O', 'O', 'O', 'O', 'O', 'O', 'O', 'O', 'O', 'O', 'O', 'O', 'O', 'O', 'O', 'O', 'O', 'O', 'O']
['FOR', 'THESE', 'REASONS', ',', 'THE', 'COURT', ',', 'UNANIMOUSLY', ',']	['O', 'O', 'O', 'O', 'O', 'O', 'O', 'O', 'O']
['1', '.', 'Decides', 'to', 'join', 'the', 'applications', ';']	['O', 'O', 'O', 'O', 'O', 'O', 'O', 'O']
['2', '.', 'Declares', 'the', 'applications', 'admissible', ';']	['O', 'O', 'O', 'O', 'O', 'O', 'O']
['3', '.', 'Holds', 'that', 'these', 'applications', 'disclose', 'a', 'breach', 'of', 'Article', '5', '§', '3', 'of', 'the', 'Convention', 'concerning', 'the', 'excessive', 'length', 'of', 'pre', '-', 'trial', 'detention', ';']	['O', 'O', 'O', 'O', 'O', 'O', 'O', 'O', 'O', 'O', 'O', 'O', 'O', 'O', 'O', 'O', 'O', 'O', 'O', 'O', 'O', 'O', 'O', 'O', 'O', 'O', 'O']
['4', '.', 'Holds', 'that', 'application', 'no', '.', '5818/15', 'discloses', 'a', 'breach', 'of', 'Article', '5', '§', '4', 'of', 'the', 'Convention', 'concerning', 'the', 'deficiencies', 'in', 'proceedings', 'for', 'review', 'of', 'the', 'lawfulness', 'of', 'detention', ';']	['O', 'O', 'O', 'O', 'O', 'O', 'O', 'O', 'O', 'O', 'O', 'O', 'O', 'O', 'O', 'O', 'O', 'O', 'O', 'O', 'O', 'O', 'O', 'O', 'O', 'O', 'O', 'O', 'O', 'O', 'O', 'O']
['5', '.', 'Holds', 'that', 'application', 'no', '.', '30197/15', 'discloses', 'a', 'breach', 'of', 'Article', '8', 'of', 'the', 'Convention', 'concerning', 'the', 'protracted', 'restriction', 'on', 'prison', 'visits', ';']	['O', 'O', 'O', 'O', 'O', 'O', 'O', 'O', 'O', 'O', 'O', 'O', 'O', 'O', 'O', 'O', 'O', 'O', 'O', 'O', 'O', 'O', 'O', 'O', 'O']
['6', '.', 'Holds']	['O', 'O', 'O']
['(', 'a', ')', 'that', 'the', 'respondent', 'State', 'is', 'to', 'pay', 'the', 'applicants', ',', 'within', 'three', 'months', ',', 'the', 'amounts', 'indicated', 'in', 'the', 'appended', 'table', ',', 'to', 'be', 'converted', 'into', 'the', 'currency', 'of', 'the', 'respondent', 'State', 'at', 'the', 'rate', 'applicable', 'at', 'the', 'date', 'of', 'settlement', ';']	['O', 'O', 'O', 'O', 'O', 'O', 'O', 'O', 'O', 'O', 'O', 'O', 'O', 'O', 'O', 'O', 'O', 'O', 'O', 'O', 'O', 'O', 'O', 'O', 'O', 'O', 'O', 'O', 'O', 'O', 'O', 'O', 'O', 'O', 'O', 'O', 'O', 'O', 'O', 'O', 'O', 'O', 'O', 'O', 'O']
['(', 'b', ')', 'that', 'from', 'the', 'expiry', 'of', 'the', 'above', '-', 'mentioned', 'three', 'months', 'until', 'settlement', 'simple', 'interest', 'shall', 'be', 'payable', 'on', 'the', 'above', 'amounts', 'at', 'a', 'rate', 'equal', 'to', 'the', 'marginal', 'lending', 'rate', 'of', 'the', 'European', 'Central', 'Bank', 'during', 'the', 'default', 'period', 'plus', 'three', 'percentage', 'points', '.']	['O', 'O', 'O', 'O', 'O', 'O', 'O', 'O', 'O', 'O', 'O', 'O', 'O', 'O', 'O', 'O', 'O', 'O', 'O', 'O', 'O', 'O', 'O', 'O', 'O', 'O', 'O', 'O', 'O', 'O', 'O', 'O', 'O', 'O', 'O', 'O', 'O', 'O', 'O', 'O', 'O', 'O', 'O', 'O', 'O', 'O', 'O', 'O']
['Done', 'in', 'English', ',', 'and', 'notified', 'in', 'writing', 'on', '7', 'March', '2019', ',', 'pursuant', 'to', 'Rule', '77', '§', '§', '2', 'and', '3', 'of', 'the', 'Rules', 'of', 'Court', '.']	['O', 'O', 'O', 'O', 'O', 'O', 'O', 'O', 'O', 'O', 'O', 'O', 'O', 'O', 'O', 'O', 'O', 'O', 'O', 'O', 'O', 'O', 'O', 'O', 'O', 'O', 'O', 'O']
['Liv', 'Tigerstedt']	['O', 'O']
['Georges', 'Ravarani']	['O', 'O']
['Acting', 'Deputy', 'Registrar']	['O', 'O', 'O']
['President']	['O']
['APPENDIX']	['O']
['List', 'of', 'applications', 'raising', 'complaints', 'under', 'Article', '5', '§', '3', 'of', 'the', 'Convention']	['O', 'O', 'O', 'O', 'O', 'O', 'O', 'O', 'O', 'O', 'O', 'O', 'O']
['(', 'excessive', 'length', 'of', 'pre', '-', 'trial', 'detention', ')']	['O', 'O', 'O', 'O', 'O', 'O', 'O', 'O', 'O']
['No', '.']	['O', 'O']
['Application', 'no', '.']	['O', 'O', 'O']
['Date', 'of', 'introduction']	['O', 'O', 'O']
['Applicant', '’s', 'name']	['O', 'O', 'O']
['Date', 'of', 'birth']	['O', 'O', 'O']
['Representative', '’s', 'name', 'and', 'location']	['O', 'O', 'O', 'O', 'O']
['Period', 'of', 'detention']	['O', 'O', 'O']
['Length', 'of', 'detention']	['O', 'O', 'O']
['House', 'arrest']	['O', 'O']
['Start', 'and', 'end', 'date']	['O', 'O', 'O', 'O']
['Other', 'complaints', 'under', 'well', '-', 'established', 'case', '-', 'law']	['O', 'O', 'O', 'O', 'O', 'O', 'O', 'O', 'O']
['Amount', 'awarded', 'for', 'pecuniary', 'and', 'non', '-', 'pecuniary', 'damage', 'and', 'costs', 'and', 'expenses', 'per', 'applicant']	['O', 'O', 'O', 'O', 'O', 'O', 'O', 'O', 'O', 'O', 'O', 'O', 'O', 'O', 'O']
['(', 'in', 'euros', ')', '[', '1', ']']	['O', 'O', 'O', 'O', 'O', 'O', 'O']
['21763/14']	['O']
['03/03/2014']	['O']
['István', 'Szekeres']	['O', 'O']
['21/10/1977']	['O']
['Bodó', 'Kristóf']	['O', 'O']
['Budapest']	['O']
['28/09/2011', 'to']	['O', 'O']
['04/09/2013']	['O']
['1', 'year(s', ')', 'and', '11', 'month(s', ')', 'and', '8', 'day(s', ')']	['O', 'O', 'O', 'O', 'O', 'O', 'O', 'O', 'O', 'O', 'O']
['2,600']	['O']
['42819/14']	['O']
['03/06/2014']	['O']
['Viktor', 'Miklós', 'Kosztadinovszki']	['O', 'O', 'O']
['13/05/1979']	['O']
['04/06/2012', 'to']	['O', 'O']
['05/12/2013']	['O']
['1', 'year(s', ')', 'and', '6', 'month(s', ')', 'and', '2', 'day(s', ')']	['O', 'O', 'O', 'O', 'O', 'O', 'O', 'O', 'O', 'O', 'O']
['2,200']	['O']
['64339/14']	['O']
['19/09/2014']	['O']
['Ilona', 'Molnárné', 'Lőwy']	['O', 'O', 'O']
['02/11/1961']	['O']
['27/06/2012', 'to']	['O', 'O']
['19/03/2014']	['O']
['1', 'year(s', ')', 'and', '8', 'month(s', ')', 'and', '21', 'day(s', ')']	['O', 'O', 'O', 'O', 'O', 'O', 'O', 'O', 'O', 'O', 'O']
['2,500']	['O']
['5818/15']	['O']
['24/01/2015']	['O']
['László', 'Kóté']	['O', 'O']
['31/03/1971']	['O']
['Fazekas', 'Tamás']	['O', 'O']
['Budapest']	['O']
['13/02/2009', 'to']	['O', 'O']
['16/02/2012']	['O']
['16/01/2014', 'to']	['O', 'O']
['09/12/2014']	['O']
['3', 'year(s', ')', 'and', '4', 'day(s', ')']	['O', 'O', 'O', 'O', 'O', 'O', 'O']
['10', 'month(s', ')', 'and', '24', 'day(s', ')']	['O', 'O', 'O', 'O', 'O', 'O', 'O']
['17/02/2012', 'to', '06/11/2012', '(', 'date', 'of', '1st', 'instance', 'conviction', ')', ';']	['O', 'O', 'O', 'O', 'O', 'O', 'O', 'O', 'O', 'O', 'O']
['09/12/2014', 'to', '25/06/2015']	['O', 'O', 'O']
['Art', '.', '5', '(', '4', ')', '-', 'deficiencies', 'in', 'proceedings', 'for', 'review', 'of', 'the', 'lawfulness', 'of', 'detention', '-', 'Defence', 'was', 'repeatedly', 'not', 'notified', 'of', 'the', 'upcoming', 'reviews', 'of', 'the', 'coercive', 'measures', 'and', 'the', 'courts', 'did', 'not', 'serve', 'the', 'prosecution', '’s', 'motions', 'on', 'the', 'defence', 'in', 'due', 'time', 'before', 'sessions', 'concerning', 'his', 'potential', 'release', '.']	['O', 'O', 'O', 'O', 'O', 'O', 'O', 'O', 'O', 'O', 'O', 'O', 'O', 'O', 'O', 'O', 'O', 'O', 'O', 'O', 'O', 'O', 'O', 'O', 'O', 'O', 'O', 'O', 'O', 'O', 'O', 'O', 'O', 'O', 'O', 'O', 'O', 'O', 'O', 'O', 'O', 'O', 'O', 'O', 'O', 'O', 'O', 'O', 'O', 'O', 'O', 'O', 'O', 'O']
['5,300']	['O']
['30197/15']	['O']
['15/06/2015']	['O']
['Gyula', 'Péntek']	['O', 'O']
['13/12/1977']	['O']
['Kadlót', 'Erzsébet']	['O', 'O']
['Budapest']	['O']
['26/07/2013', 'to']	['O', 'O']
['01/03/2016']	['O']
['2', 'year(s', ')', 'and', '7', 'month(s', ')', 'and', '5', 'day(s', ')']	['O', 'O', 'O', 'O', 'O', 'O', 'O', 'O', 'O', 'O', 'O']
['Art', '.', '8', '(', '1', ')', '-', 'lack', 'of', 'practical', 'opportunities', 'for', 'or', 'restriction', 'on', 'prison', 'visits', '-', 'During', 'the', 'pre', '-', 'trial', 'detention', ',', 'the', 'applicant', 'was', 'barred', 'from', 'receiving', 'visits', 'from', 'his', 'minor', 'children', 'for', 'a', 'period', 'of', 'about', '28', 'months', '.', 'According', 'to', 'the', 'Court', '’s', 'well', '-', 'established', 'case', '-', 'law', 'in', 'this', 'field', ',', 'this', 'amounts', 'to', 'a', 'violation', 'of', 'Article', '8', 'of', 'the', 'Convention', '(', 'see', ',', 'mutatis', 'mutandis', ',', 'Khoroshenko', 'v.', 'Russia', '[', 'GC', ']', ',', 'no', '.', '41418/04', ',', '§', '§', '148', '-', '49', ',', 'ECHR', '2015', ',', 'and', 'Andrey', 'Smirnov', 'v.', 'Russia', ',', 'no', '.', '43149/10', ',', '§', '57', ',', '13', 'February', '2018', ')', '.']	['O', 'O', 'O', 'O', 'O', 'O', 'O', 'O', 'O', 'O', 'O', 'O', 'O', 'O', 'O', 'O', 'O', 'O', 'O', 'O', 'O', 'O', 'O', 'O', 'O', 'O', 'O', 'O', 'O', 'O', 'O', 'O', 'O', 'O', 'O', 'O', 'O', 'O', 'O', 'O', 'O', 'O', 'O', 'O', 'O', 'O', 'O', 'O', 'O', 'O', 'O', 'O', 'O', 'O', 'O', 'O', 'O', 'O', 'O', 'O', 'O', 'O', 'O', 'O', 'O', 'O', 'O', 'O', 'O', 'O', 'O', 'O', 'O', 'O', 'O', 'O', 'O', 'O', 'O', 'O', 'O', 'O', 'O', 'O', 'O', 'O', 'O', 'O', 'O', 'O', 'O', 'O', 'O', 'O', 'O', 'O', 'O', 'O', 'O', 'O', 'O', 'O', 'O', 'O', 'O', 'O', 'O', 'O', 'O', 'O', 'O', 'O', 'O', 'O']
['4,700']	['O']
['[', '1', ']', '.', 'Plus', 'any', 'tax', 'that', 'may', 'be', 'chargeable', 'to', 'the', 'applicants', '.']	['O', 'O', 'O', 'O', 'O', 'O', 'O', 'O', 'O', 'O', 'O', 'O', 'O', 'O', 'O']
