tokens	labels
['I.']	['O']
['ALLEGED', 'VIOLATION', 'OF', 'ARTICLE', '6', '§', '1', 'OF', 'THE', 'CONVENTION']	['O', 'O', 'O', 'O', 'O', 'O', 'O', 'O', 'O', 'O']
['16', '.', 'The', 'applicant', 'submitted', 'that', 'he', 'had', 'been', 'a', 'victim', 'of', 'a', 'violation', 'of', 'Article', '6', '§', '1', 'of', 'the', 'Convention', ',', 'which', 'provides', ':']	['O', 'O', 'B-Subsumtion', 'I-Subsumtion', 'I-Subsumtion', 'I-Subsumtion', 'I-Subsumtion', 'I-Subsumtion', 'I-Subsumtion', 'I-Subsumtion', 'I-Subsumtion', 'I-Subsumtion', 'I-Subsumtion', 'I-Subsumtion', 'I-Subsumtion', 'I-Subsumtion', 'I-Subsumtion', 'I-Subsumtion', 'I-Subsumtion', 'I-Subsumtion', 'I-Subsumtion', 'I-Subsumtion', 'I-Subsumtion', 'I-Subsumtion', 'I-Subsumtion', 'I-Subsumtion']
['“', 'In', 'the', 'determination', 'of', 'his', 'civil', 'rights', 'and', 'obligations', '…', ',', 'everyone', 'is', 'entitled', 'to', 'a', '…', 'hearing', 'within', 'a', 'reasonable', 'time', 'by', '[', 'a', ']', '…', 'tribunal', '…', '”']	['O', 'O', 'O', 'O', 'O', 'O', 'O', 'O', 'O', 'O', 'O', 'O', 'O', 'O', 'O', 'O', 'O', 'O', 'O', 'O', 'O', 'O', 'O', 'O', 'O', 'O', 'O', 'O', 'O', 'O', 'O']
['A.']	['O']
['Period', 'to', 'be', 'taken', 'into', 'consideration']	['O', 'O', 'O', 'O', 'O', 'O']
['17', '.', 'The', 'period', 'to', 'be', 'taken', 'into', 'consideration', 'began', 'on', '15', 'March', '1990', ',', 'when', 'the', 'applicant', 'petitioned', 'the', 'Naples', 'District', 'Court', 'for', 'judicial', 'separation', '.', 'It', 'ended', 'on', '27', 'May', '1998', ',', 'the', 'date', 'of', 'the', 'Nola', 'District', 'Court', '’s', 'judgment', '.', 'It', 'therefore', 'lasted', 'just', 'over', 'eight', 'years', 'and', 'two', 'months', '.']	['O', 'O', 'B-Subsumtion', 'I-Subsumtion', 'I-Subsumtion', 'I-Subsumtion', 'I-Subsumtion', 'I-Subsumtion', 'I-Subsumtion', 'I-Subsumtion', 'I-Subsumtion', 'I-Subsumtion', 'I-Subsumtion', 'I-Subsumtion', 'I-Subsumtion', 'I-Subsumtion', 'I-Subsumtion', 'I-Subsumtion', 'I-Subsumtion', 'I-Subsumtion', 'I-Subsumtion', 'I-Subsumtion', 'I-Subsumtion', 'I-Subsumtion', 'I-Subsumtion', 'I-Subsumtion', 'I-Subsumtion', 'I-Subsumtion', 'I-Subsumtion', 'I-Subsumtion', 'I-Subsumtion', 'I-Subsumtion', 'I-Subsumtion', 'I-Subsumtion', 'I-Subsumtion', 'I-Subsumtion', 'I-Subsumtion', 'I-Subsumtion', 'I-Subsumtion', 'I-Subsumtion', 'I-Subsumtion', 'I-Subsumtion', 'I-Subsumtion', 'I-Subsumtion', 'I-Subsumtion', 'I-Subsumtion', 'I-Subsumtion', 'I-Subsumtion', 'I-Subsumtion', 'I-Subsumtion', 'I-Subsumtion', 'I-Subsumtion', 'I-Subsumtion', 'I-Subsumtion', 'I-Subsumtion']
['B.']	['O']
['Reasonableness', 'of', 'the', 'length', 'of', 'the', 'proceedings']	['O', 'O', 'O', 'O', 'O', 'O', 'O']
['18', '.', 'According', 'to', 'the', 'Court', '’s', 'case', '-', 'law', ',', 'the', 'reasonableness', 'of', 'the', 'length', 'of', 'proceedings', 'has', 'to', 'be', 'assessed', ',', 'in', 'particular', ',', 'in', 'the', 'light', 'of', 'the', 'complexity', 'of', 'the', 'case', 'and', 'of', 'the', 'conduct', 'of', 'the', 'applicant', 'and', 'of', 'the', 'relevant', 'authorities', '.', 'In', 'cases', 'relating', 'to', 'civil', 'status', ',', 'what', 'is', 'at', 'stake', 'for', 'the', 'applicant', 'is', 'also', 'a', 'relevant', 'consideration', 'and', 'special', 'diligence', 'is', 'required', 'in', 'view', 'of', 'the', 'possible', 'consequences', 'which', 'the', 'excessive', 'length', 'of', 'proceedings', 'may', 'have', ',', 'notably', 'on', 'enjoyment', 'of', 'the', 'right', 'to', 'respect', 'for', 'family', 'life', '(', 'see', ',', 'among', 'other', 'authorities', ',', 'the', 'Maciariello', 'v.', 'Italy', 'judgment', 'of', '27', 'February', '1992', ',', 'Series', 'A', 'no', '.', '230', '-', 'A', ',', 'p.', '10', ',', '§', '18', ',', 'and', ',', 'mutatis', 'mutandis', ',', 'the', 'Paulsen', '-', 'Medalen', 'and', 'Svensson', 'v.', 'Sweden', 'judgment', 'of']	['O', 'O', 'B-Vorherige Rechtsprechung des EGMR', 'I-Vorherige Rechtsprechung des EGMR', 'I-Vorherige Rechtsprechung des EGMR', 'I-Vorherige Rechtsprechung des EGMR', 'I-Vorherige Rechtsprechung des EGMR', 'I-Vorherige Rechtsprechung des EGMR', 'I-Vorherige Rechtsprechung des EGMR', 'I-Vorherige Rechtsprechung des EGMR', 'I-Vorherige Rechtsprechung des EGMR', 'I-Vorherige Rechtsprechung des EGMR', 'I-Vorherige Rechtsprechung des EGMR', 'I-Vorherige Rechtsprechung des EGMR', 'I-Vorherige Rechtsprechung des EGMR', 'I-Vorherige Rechtsprechung des EGMR', 'I-Vorherige Rechtsprechung des EGMR', 'I-Vorherige Rechtsprechung des EGMR', 'I-Vorherige Rechtsprechung des EGMR', 'I-Vorherige Rechtsprechung des EGMR', 'I-Vorherige Rechtsprechung des EGMR', 'I-Vorherige Rechtsprechung des EGMR', 'I-Vorherige Rechtsprechung des EGMR', 'I-Vorherige Rechtsprechung des EGMR', 'I-Vorherige Rechtsprechung des EGMR', 'I-Vorherige Rechtsprechung des EGMR', 'I-Vorherige Rechtsprechung des EGMR', 'I-Vorherige Rechtsprechung des EGMR', 'I-Vorherige Rechtsprechung des EGMR', 'I-Vorherige Rechtsprechung des EGMR', 'I-Vorherige Rechtsprechung des EGMR', 'I-Vorherige Rechtsprechung des EGMR', 'I-Vorherige Rechtsprechung des EGMR', 'I-Vorherige Rechtsprechung des EGMR', 'I-Vorherige Rechtsprechung des EGMR', 'I-Vorherige Rechtsprechung des EGMR', 'I-Vorherige Rechtsprechung des EGMR', 'I-Vorherige Rechtsprechung des EGMR', 'I-Vorherige Rechtsprechung des EGMR', 'I-Vorherige Rechtsprechung des EGMR', 'I-Vorherige Rechtsprechung des EGMR', 'I-Vorherige Rechtsprechung des EGMR', 'I-Vorherige Rechtsprechung des EGMR', 'I-Vorherige Rechtsprechung des EGMR', 'I-Vorherige Rechtsprechung des EGMR', 'I-Vorherige Rechtsprechung des EGMR', 'I-Vorherige Rechtsprechung des EGMR', 'I-Vorherige Rechtsprechung des EGMR', 'I-Vorherige Rechtsprechung des EGMR', 'I-Vorherige Rechtsprechung des EGMR', 'I-Vorherige Rechtsprechung des EGMR', 'I-Vorherige Rechtsprechung des EGMR', 'I-Vorherige Rechtsprechung des EGMR', 'I-Vorherige Rechtsprechung des EGMR', 'I-Vorherige Rechtsprechung des EGMR', 'I-Vorherige Rechtsprechung des EGMR', 'I-Vorherige Rechtsprechung des EGMR', 'I-Vorherige Rechtsprechung des EGMR', 'I-Vorherige Rechtsprechung des EGMR', 'I-Vorherige Rechtsprechung des EGMR', 'I-Vorherige Rechtsprechung des EGMR', 'I-Vorherige Rechtsprechung des EGMR', 'I-Vorherige Rechtsprechung des EGMR', 'I-Vorherige Rechtsprechung des EGMR', 'I-Vorherige Rechtsprechung des EGMR', 'I-Vorherige Rechtsprechung des EGMR', 'I-Vorherige Rechtsprechung des EGMR', 'I-Vorherige Rechtsprechung des EGMR', 'I-Vorherige Rechtsprechung des EGMR', 'I-Vorherige Rechtsprechung des EGMR', 'I-Vorherige Rechtsprechung des EGMR', 'I-Vorherige Rechtsprechung des EGMR', 'I-Vorherige Rechtsprechung des EGMR', 'I-Vorherige Rechtsprechung des EGMR', 'I-Vorherige Rechtsprechung des EGMR', 'I-Vorherige Rechtsprechung des EGMR', 'I-Vorherige Rechtsprechung des EGMR', 'I-Vorherige Rechtsprechung des EGMR', 'I-Vorherige Rechtsprechung des EGMR', 'I-Vorherige Rechtsprechung des EGMR', 'I-Vorherige Rechtsprechung des EGMR', 'I-Vorherige Rechtsprechung des EGMR', 'I-Vorherige Rechtsprechung des EGMR', 'I-Vorherige Rechtsprechung des EGMR', 'I-Vorherige Rechtsprechung des EGMR', 'I-Vorherige Rechtsprechung des EGMR', 'I-Vorherige Rechtsprechung des EGMR', 'I-Vorherige Rechtsprechung des EGMR', 'I-Vorherige Rechtsprechung des EGMR', 'I-Vorherige Rechtsprechung des EGMR', 'I-Vorherige Rechtsprechung des EGMR', 'I-Vorherige Rechtsprechung des EGMR', 'I-Vorherige Rechtsprechung des EGMR', 'I-Vorherige Rechtsprechung des EGMR', 'I-Vorherige Rechtsprechung des EGMR', 'I-Vorherige Rechtsprechung des EGMR', 'I-Vorherige Rechtsprechung des EGMR', 'I-Vorherige Rechtsprechung des EGMR', 'I-Vorherige Rechtsprechung des EGMR', 'I-Vorherige Rechtsprechung des EGMR', 'I-Vorherige Rechtsprechung des EGMR', 'I-Vorherige Rechtsprechung des EGMR', 'I-Vorherige Rechtsprechung des EGMR', 'I-Vorherige Rechtsprechung des EGMR', 'I-Vorherige Rechtsprechung des EGMR', 'I-Vorherige Rechtsprechung des EGMR', 'I-Vorherige Rechtsprechung des EGMR', 'I-Vorherige Rechtsprechung des EGMR', 'I-Vorherige Rechtsprechung des EGMR', 'I-Vorherige Rechtsprechung des EGMR', 'I-Vorherige Rechtsprechung des EGMR', 'I-Vorherige Rechtsprechung des EGMR', 'I-Vorherige Rechtsprechung des EGMR', 'I-Vorherige Rechtsprechung des EGMR', 'I-Vorherige Rechtsprechung des EGMR', 'I-Vorherige Rechtsprechung des EGMR', 'I-Vorherige Rechtsprechung des EGMR', 'I-Vorherige Rechtsprechung des EGMR', 'I-Vorherige Rechtsprechung des EGMR', 'I-Vorherige Rechtsprechung des EGMR', 'I-Vorherige Rechtsprechung des EGMR', 'I-Vorherige Rechtsprechung des EGMR', 'I-Vorherige Rechtsprechung des EGMR', 'I-Vorherige Rechtsprechung des EGMR', 'I-Vorherige Rechtsprechung des EGMR', 'I-Vorherige Rechtsprechung des EGMR', 'I-Vorherige Rechtsprechung des EGMR', 'I-Vorherige Rechtsprechung des EGMR', 'I-Vorherige Rechtsprechung des EGMR', 'I-Vorherige Rechtsprechung des EGMR', 'I-Vorherige Rechtsprechung des EGMR', 'I-Vorherige Rechtsprechung des EGMR', 'I-Vorherige Rechtsprechung des EGMR', 'I-Vorherige Rechtsprechung des EGMR', 'I-Vorherige Rechtsprechung des EGMR', 'I-Vorherige Rechtsprechung des EGMR', 'I-Vorherige Rechtsprechung des EGMR', 'I-Vorherige Rechtsprechung des EGMR', 'I-Vorherige Rechtsprechung des EGMR', 'I-Vorherige Rechtsprechung des EGMR', 'I-Vorherige Rechtsprechung des EGMR', 'I-Vorherige Rechtsprechung des EGMR', 'I-Vorherige Rechtsprechung des EGMR', 'I-Vorherige Rechtsprechung des EGMR']
['19', 'February', '1998', ',', 'Reports', 'of', 'Judgments', 'and', 'Decisions', '1998', '-', 'I', ',', 'p.', '142', ',']	['I-Vorherige Rechtsprechung des EGMR', 'I-Vorherige Rechtsprechung des EGMR', 'I-Vorherige Rechtsprechung des EGMR', 'I-Vorherige Rechtsprechung des EGMR', 'I-Vorherige Rechtsprechung des EGMR', 'I-Vorherige Rechtsprechung des EGMR', 'I-Vorherige Rechtsprechung des EGMR', 'I-Vorherige Rechtsprechung des EGMR', 'I-Vorherige Rechtsprechung des EGMR', 'I-Vorherige Rechtsprechung des EGMR', 'I-Vorherige Rechtsprechung des EGMR', 'I-Vorherige Rechtsprechung des EGMR', 'I-Vorherige Rechtsprechung des EGMR', 'I-Vorherige Rechtsprechung des EGMR', 'I-Vorherige Rechtsprechung des EGMR', 'I-Vorherige Rechtsprechung des EGMR']
['§', '39', ')', '.']	['I-Vorherige Rechtsprechung des EGMR', 'I-Vorherige Rechtsprechung des EGMR', 'I-Vorherige Rechtsprechung des EGMR', 'I-Vorherige Rechtsprechung des EGMR']
['19', '.', 'The', 'applicant', 'drew', 'particular', 'attention', 'to', 'the', 'delay', 'in', 'the', 'proceedings', 'after', '15', 'December', '1994', ',', 'when', 'the', 'presiding', 'judge', 'of', 'the', 'Naples', 'District', 'Court', 'ordered', 'the', 'case', 'file', 'to', 'be', 'transferred', 'to', 'the', 'Nola', 'District', 'Court', '(', 'which', 'was', 'by', 'then', 'the', 'court', 'with', 'territorial', 'jurisdiction', 'to', 'try', 'the', 'case', ')', '.', 'As', 'no', 'judge', 'had', 'been', 'appointed', ',', 'the', 'case', 'remained', 'dormant', 'until', 'the', 'hearing', 'on', '8', 'May', '1997', ',', 'which', 'in', 'the', 'end', 'was', 'adjourned', 'because', 'the', 'judge', 'was', 'absent', '.']	['O', 'O', 'B-Subsumtion', 'I-Subsumtion', 'I-Subsumtion', 'I-Subsumtion', 'I-Subsumtion', 'I-Subsumtion', 'I-Subsumtion', 'I-Subsumtion', 'I-Subsumtion', 'I-Subsumtion', 'I-Subsumtion', 'I-Subsumtion', 'I-Subsumtion', 'I-Subsumtion', 'I-Subsumtion', 'I-Subsumtion', 'I-Subsumtion', 'I-Subsumtion', 'I-Subsumtion', 'I-Subsumtion', 'I-Subsumtion', 'I-Subsumtion', 'I-Subsumtion', 'I-Subsumtion', 'I-Subsumtion', 'I-Subsumtion', 'I-Subsumtion', 'I-Subsumtion', 'I-Subsumtion', 'I-Subsumtion', 'I-Subsumtion', 'I-Subsumtion', 'I-Subsumtion', 'I-Subsumtion', 'I-Subsumtion', 'I-Subsumtion', 'I-Subsumtion', 'I-Subsumtion', 'I-Subsumtion', 'I-Subsumtion', 'I-Subsumtion', 'I-Subsumtion', 'I-Subsumtion', 'I-Subsumtion', 'I-Subsumtion', 'I-Subsumtion', 'I-Subsumtion', 'I-Subsumtion', 'I-Subsumtion', 'I-Subsumtion', 'I-Subsumtion', 'I-Subsumtion', 'I-Subsumtion', 'I-Subsumtion', 'I-Subsumtion', 'I-Subsumtion', 'I-Subsumtion', 'I-Subsumtion', 'I-Subsumtion', 'I-Subsumtion', 'I-Subsumtion', 'I-Subsumtion', 'I-Subsumtion', 'I-Subsumtion', 'I-Subsumtion', 'I-Subsumtion', 'I-Subsumtion', 'I-Subsumtion', 'I-Subsumtion', 'I-Subsumtion', 'I-Subsumtion', 'I-Subsumtion', 'I-Subsumtion', 'I-Subsumtion', 'I-Subsumtion', 'I-Subsumtion', 'I-Subsumtion', 'I-Subsumtion', 'I-Subsumtion', 'I-Subsumtion', 'I-Subsumtion', 'I-Subsumtion', 'I-Subsumtion', 'I-Subsumtion']
['20', '.', 'The', 'Commission', 'found', 'that', 'there', 'had', 'been', 'delays', 'attributable', 'to', 'the', 'domestic', 'courts', 'and', 'therefore', 'considered', 'that', 'the', 'proceedings', 'in', 'question', 'had', 'failed', 'to', 'comply', 'with', 'the', '“', 'reasonable', 'time', '”', 'requirement', '.']	['O', 'O', 'B-Subsumtion', 'I-Subsumtion', 'I-Subsumtion', 'I-Subsumtion', 'I-Subsumtion', 'I-Subsumtion', 'I-Subsumtion', 'I-Subsumtion', 'I-Subsumtion', 'I-Subsumtion', 'I-Subsumtion', 'I-Subsumtion', 'I-Subsumtion', 'I-Subsumtion', 'I-Subsumtion', 'I-Subsumtion', 'I-Subsumtion', 'I-Subsumtion', 'I-Subsumtion', 'I-Subsumtion', 'I-Subsumtion', 'I-Subsumtion', 'I-Subsumtion', 'I-Subsumtion', 'I-Subsumtion', 'I-Subsumtion', 'I-Subsumtion', 'I-Subsumtion', 'I-Subsumtion', 'I-Subsumtion', 'I-Subsumtion', 'I-Subsumtion', 'I-Subsumtion']
['21', '.', 'In', 'their', 'memorial', 'to', 'the', 'Court', 'the', 'Government', 'acknowledged', 'that', 'the', 'length', 'of', 'the', 'proceedings', 'had', 'not', 'satisfied', 'that', 'requirement', ',', 'regard', 'being', 'had', ',', 'in', 'particular', ',', 'to', 'the', 'nature', 'of', 'the', 'case', 'and', 'the', 'special', 'diligence', 'called', 'for', '–', 'according', 'to', 'the', 'Court', '’s', 'case', '-', 'law', '–', 'in', 'the', 'hearing', 'of', 'this', 'type', 'of', 'case', 'by', 'domestic', 'courts', '.']	['O', 'O', 'B-Subsumtion', 'I-Subsumtion', 'I-Subsumtion', 'I-Subsumtion', 'I-Subsumtion', 'I-Subsumtion', 'I-Subsumtion', 'I-Subsumtion', 'I-Subsumtion', 'I-Subsumtion', 'I-Subsumtion', 'I-Subsumtion', 'I-Subsumtion', 'I-Subsumtion', 'I-Subsumtion', 'I-Subsumtion', 'I-Subsumtion', 'I-Subsumtion', 'I-Subsumtion', 'I-Subsumtion', 'I-Subsumtion', 'I-Subsumtion', 'I-Subsumtion', 'I-Subsumtion', 'I-Subsumtion', 'I-Subsumtion', 'I-Subsumtion', 'I-Subsumtion', 'I-Subsumtion', 'I-Subsumtion', 'I-Subsumtion', 'I-Subsumtion', 'I-Subsumtion', 'I-Subsumtion', 'I-Subsumtion', 'I-Subsumtion', 'I-Subsumtion', 'I-Subsumtion', 'I-Subsumtion', 'I-Subsumtion', 'I-Subsumtion', 'I-Subsumtion', 'I-Subsumtion', 'I-Subsumtion', 'I-Subsumtion', 'I-Subsumtion', 'I-Subsumtion', 'I-Subsumtion', 'I-Subsumtion', 'I-Subsumtion', 'I-Subsumtion', 'I-Subsumtion', 'I-Subsumtion', 'I-Subsumtion', 'I-Subsumtion', 'I-Subsumtion', 'I-Subsumtion', 'I-Subsumtion', 'I-Subsumtion', 'I-Subsumtion', 'I-Subsumtion', 'I-Subsumtion']
['22', '.', 'The', 'Court', 'observes', 'at', 'the', 'outset', 'that', 'the', 'respondent', 'State', 'can', 'not', 'be', 'considered', 'responsible', 'for', 'the', 'delay', 'caused', 'by', 'the', 'attempt', 'to', 'reach', 'an']	['O', 'O', 'B-Subsumtion', 'I-Subsumtion', 'I-Subsumtion', 'I-Subsumtion', 'I-Subsumtion', 'I-Subsumtion', 'I-Subsumtion', 'I-Subsumtion', 'I-Subsumtion', 'I-Subsumtion', 'I-Subsumtion', 'I-Subsumtion', 'I-Subsumtion', 'I-Subsumtion', 'I-Subsumtion', 'I-Subsumtion', 'I-Subsumtion', 'I-Subsumtion', 'I-Subsumtion', 'I-Subsumtion', 'I-Subsumtion', 'I-Subsumtion', 'I-Subsumtion', 'I-Subsumtion', 'I-Subsumtion']
['out', '-', 'of', '-', 'court', 'settlement', ',', 'since', 'Mr', 'Laino', 'had', 'himself', 'requested', 'and', 'been', 'granted', 'three', 'adjournments', 'of', 'the', 'hearing', '(', 'see', 'paragraph', '8', 'above', ')', '.']	['I-Subsumtion', 'I-Subsumtion', 'I-Subsumtion', 'I-Subsumtion', 'I-Subsumtion', 'I-Subsumtion', 'I-Subsumtion', 'I-Subsumtion', 'I-Subsumtion', 'I-Subsumtion', 'I-Subsumtion', 'I-Subsumtion', 'I-Subsumtion', 'I-Subsumtion', 'I-Subsumtion', 'I-Subsumtion', 'I-Subsumtion', 'I-Subsumtion', 'I-Subsumtion', 'I-Subsumtion', 'I-Subsumtion', 'I-Subsumtion', 'I-Subsumtion', 'I-Subsumtion', 'I-Subsumtion', 'I-Subsumtion', 'I-Subsumtion', 'I-Subsumtion']
['The', 'Court', 'notes', 'further', 'that', 'the', 'case', 'was', 'not', 'particularly', 'complex', 'and', 'that', 'the', 'preparation', 'for', 'trial', 'consisted', 'essentially', 'in', 'hearing', 'evidence', 'from', 'four', 'witnesses', 'at', 'the', 'hearing', 'on', '22', 'April', '1993', '(', 'ibid', '.', ')', '.']	['I-Subsumtion', 'I-Subsumtion', 'I-Subsumtion', 'I-Subsumtion', 'I-Subsumtion', 'I-Subsumtion', 'I-Subsumtion', 'I-Subsumtion', 'I-Subsumtion', 'I-Subsumtion', 'I-Subsumtion', 'I-Subsumtion', 'I-Subsumtion', 'I-Subsumtion', 'I-Subsumtion', 'I-Subsumtion', 'I-Subsumtion', 'I-Subsumtion', 'I-Subsumtion', 'I-Subsumtion', 'I-Subsumtion', 'I-Subsumtion', 'I-Subsumtion', 'I-Subsumtion', 'I-Subsumtion', 'I-Subsumtion', 'I-Subsumtion', 'I-Subsumtion', 'I-Subsumtion', 'I-Subsumtion', 'I-Subsumtion', 'I-Subsumtion', 'I-Subsumtion', 'I-Subsumtion', 'I-Subsumtion', 'I-Subsumtion', 'I-Subsumtion']
['As', 'to', 'the', 'conduct', 'of', 'the', 'authorities', 'dealing', 'with', 'the', 'case', ',', 'the', 'Court', 'considers', 'that', ',', 'having', 'regard', 'to', 'what', 'was', 'at', 'stake', 'for', 'the', 'applicant', '(', 'judicial', 'separation', 'and', 'determination', 'of', 'the', 'arrangements', 'for', 'custody', 'of', 'the', 'children', 'and', 'access', 'rights', ')', ',', 'the', 'domestic', 'courts', 'failed', 'to', 'act', 'with', 'the', 'special']	['I-Subsumtion', 'I-Subsumtion', 'I-Subsumtion', 'I-Subsumtion', 'I-Subsumtion', 'I-Subsumtion', 'I-Subsumtion', 'I-Subsumtion', 'I-Subsumtion', 'I-Subsumtion', 'I-Subsumtion', 'I-Subsumtion', 'I-Subsumtion', 'I-Subsumtion', 'I-Subsumtion', 'I-Subsumtion', 'I-Subsumtion', 'I-Subsumtion', 'I-Subsumtion', 'I-Subsumtion', 'I-Subsumtion', 'I-Subsumtion', 'I-Subsumtion', 'I-Subsumtion', 'I-Subsumtion', 'I-Subsumtion', 'I-Subsumtion', 'I-Subsumtion', 'I-Subsumtion', 'I-Subsumtion', 'I-Subsumtion', 'I-Subsumtion', 'I-Subsumtion', 'I-Subsumtion', 'I-Subsumtion', 'I-Subsumtion', 'I-Subsumtion', 'I-Subsumtion', 'I-Subsumtion', 'I-Subsumtion', 'I-Subsumtion', 'I-Subsumtion', 'I-Subsumtion', 'I-Subsumtion', 'I-Subsumtion', 'I-Subsumtion', 'I-Subsumtion', 'I-Subsumtion', 'I-Subsumtion', 'I-Subsumtion', 'I-Subsumtion', 'I-Subsumtion', 'I-Subsumtion', 'I-Subsumtion']
['diligence', 'required', 'by', 'Article', '6', '§', '1', 'of', 'the', 'Convention', 'in', 'such', 'cases', '(', 'see', 'the', 'Maciariello', 'and', 'Paulsen', '-', 'Medalen', 'and', 'Svensson', 'judgments', 'cited', 'above', ',', 'pp', '.', '10', 'and', '142', ',', '§', '§', '18', 'and', '39', ',', 'respectively', ')', '.', 'The', 'various', 'periods', 'of', 'inactivity', 'attributable', 'to', 'the', 'State', ',', 'in', 'particular', 'the', 'ones', 'from', '25', 'November', '1993', 'to', '15', 'December', '1994', 'and', 'from', 'the', 'latter', 'date', 'to', '10', 'July', '1997', ',', 'failed', 'to', 'satisfy', 'the', '“', 'reasonable', 'time', '”', 'requirement', '.']	['I-Subsumtion', 'I-Subsumtion', 'I-Subsumtion', 'I-Subsumtion', 'I-Subsumtion', 'I-Subsumtion', 'I-Subsumtion', 'I-Subsumtion', 'I-Subsumtion', 'I-Subsumtion', 'I-Subsumtion', 'I-Subsumtion', 'I-Subsumtion', 'I-Subsumtion', 'I-Subsumtion', 'I-Subsumtion', 'I-Subsumtion', 'I-Subsumtion', 'I-Subsumtion', 'I-Subsumtion', 'I-Subsumtion', 'I-Subsumtion', 'I-Subsumtion', 'I-Subsumtion', 'I-Subsumtion', 'I-Subsumtion', 'I-Subsumtion', 'I-Subsumtion', 'I-Subsumtion', 'I-Subsumtion', 'I-Subsumtion', 'I-Subsumtion', 'I-Subsumtion', 'I-Subsumtion', 'I-Subsumtion', 'I-Subsumtion', 'I-Subsumtion', 'I-Subsumtion', 'I-Subsumtion', 'I-Subsumtion', 'I-Subsumtion', 'I-Subsumtion', 'I-Subsumtion', 'I-Subsumtion', 'I-Subsumtion', 'I-Subsumtion', 'I-Subsumtion', 'I-Subsumtion', 'I-Subsumtion', 'I-Subsumtion', 'I-Subsumtion', 'I-Subsumtion', 'I-Subsumtion', 'I-Subsumtion', 'I-Subsumtion', 'I-Subsumtion', 'I-Subsumtion', 'I-Subsumtion', 'I-Subsumtion', 'I-Subsumtion', 'I-Subsumtion', 'I-Subsumtion', 'I-Subsumtion', 'I-Subsumtion', 'I-Subsumtion', 'I-Subsumtion', 'I-Subsumtion', 'I-Subsumtion', 'I-Subsumtion', 'I-Subsumtion', 'I-Subsumtion', 'I-Subsumtion', 'I-Subsumtion', 'I-Subsumtion', 'I-Subsumtion', 'I-Subsumtion', 'I-Subsumtion', 'I-Subsumtion', 'I-Subsumtion', 'I-Subsumtion', 'I-Subsumtion', 'I-Subsumtion', 'I-Subsumtion', 'I-Subsumtion']
['Having', 'regard', 'also', 'to', 'the', 'total', 'duration', 'of', 'the', 'proceedings', ',', 'the', 'Court', 'concludes', 'that', 'there', 'has', 'been', 'a', 'violation', 'of', 'Article', '6', '§', '1', '.']	['B-Entscheidung des EGMR', 'I-Entscheidung des EGMR', 'I-Entscheidung des EGMR', 'I-Entscheidung des EGMR', 'I-Entscheidung des EGMR', 'I-Entscheidung des EGMR', 'I-Entscheidung des EGMR', 'I-Entscheidung des EGMR', 'I-Entscheidung des EGMR', 'I-Entscheidung des EGMR', 'I-Entscheidung des EGMR', 'I-Entscheidung des EGMR', 'I-Entscheidung des EGMR', 'I-Entscheidung des EGMR', 'I-Entscheidung des EGMR', 'I-Entscheidung des EGMR', 'I-Entscheidung des EGMR', 'I-Entscheidung des EGMR', 'I-Entscheidung des EGMR', 'I-Entscheidung des EGMR', 'I-Entscheidung des EGMR', 'I-Entscheidung des EGMR', 'I-Entscheidung des EGMR', 'I-Entscheidung des EGMR', 'I-Entscheidung des EGMR', 'I-Entscheidung des EGMR']
['II', '.']	['O', 'O']
['ALLEGED', 'VIOLATION', 'OF', 'ARTICLE', '8', 'OF', 'THE', 'CONVENTION']	['O', 'O', 'O', 'O', 'O', 'O', 'O', 'O']
['23', '.', 'The', 'applicant', 'complained', 'that', 'the', 'length', 'of', 'the', 'proceedings', 'had', 'resulted', 'in', 'an', 'infringement', 'of', 'his', 'right', 'to', 'respect', 'for', 'his', 'family', 'life', '.', 'He', 'relied', 'on', 'Article', '8', 'of', 'the', 'Convention', ',', 'which', 'provides', ':']	['O', 'O', 'B-Subsumtion', 'I-Subsumtion', 'I-Subsumtion', 'I-Subsumtion', 'I-Subsumtion', 'I-Subsumtion', 'I-Subsumtion', 'I-Subsumtion', 'I-Subsumtion', 'I-Subsumtion', 'I-Subsumtion', 'I-Subsumtion', 'I-Subsumtion', 'I-Subsumtion', 'I-Subsumtion', 'I-Subsumtion', 'I-Subsumtion', 'I-Subsumtion', 'I-Subsumtion', 'I-Subsumtion', 'I-Subsumtion', 'I-Subsumtion', 'I-Subsumtion', 'I-Subsumtion', 'I-Subsumtion', 'I-Subsumtion', 'I-Subsumtion', 'I-Subsumtion', 'I-Subsumtion', 'I-Subsumtion', 'I-Subsumtion', 'I-Subsumtion', 'I-Subsumtion', 'I-Subsumtion', 'I-Subsumtion', 'I-Subsumtion']
['“', '1', '.', 'Everyone', 'has', 'the', 'right', 'to', 'respect', 'for', 'his', 'private', 'and', 'family', 'life', ',', 'his', 'home', 'and', 'his', 'correspondence', '.']	['O', 'O', 'O', 'O', 'O', 'O', 'O', 'O', 'O', 'O', 'O', 'O', 'O', 'O', 'O', 'O', 'O', 'O', 'O', 'O', 'O', 'O']
['2', '.', 'There', 'shall', 'be', 'no', 'interference', 'by', 'a', 'public', 'authority', 'with', 'the', 'exercise', 'of', 'this', 'right', 'except', 'such', 'as', 'is', 'in', 'accordance', 'with', 'the', 'law', 'and', 'is', 'necessary', 'in', 'a', 'democratic', 'society', 'in', 'the', 'interests', 'of', 'national', 'security', ',', 'public', 'safety', 'or', 'the', 'economic', 'well', '-', 'being', 'of', 'the', 'country', ',', 'for', 'the', 'prevention', 'of', 'disorder', 'or', 'crime', ',', 'for', 'the', 'protection', 'of', 'health', 'or', 'morals', ',', 'or', 'for', 'the', 'protection', 'of', 'the', 'rights', 'and', 'freedoms', 'of', 'others', '.', '”']	['O', 'O', 'O', 'O', 'O', 'O', 'O', 'O', 'O', 'O', 'O', 'O', 'O', 'O', 'O', 'O', 'O', 'O', 'O', 'O', 'O', 'O', 'O', 'O', 'O', 'O', 'O', 'O', 'O', 'O', 'O', 'O', 'O', 'O', 'O', 'O', 'O', 'O', 'O', 'O', 'O', 'O', 'O', 'O', 'O', 'O', 'O', 'O', 'O', 'O', 'O', 'O', 'O', 'O', 'O', 'O', 'O', 'O', 'O', 'O', 'O', 'O', 'O', 'O', 'O', 'O', 'O', 'O', 'O', 'O', 'O', 'O', 'O', 'O', 'O', 'O', 'O', 'O', 'O', 'O', 'O']
['24', '.', 'In', 'the', 'Commission', '’s', 'view', ',', 'there', 'was', '“', 'no', 'need', 'to', 'examine', 'whether', 'there', 'ha[d', ']', ',', 'in', 'the', 'instant', 'case', ',', 'been', 'a', 'violation', '”', 'of', 'that', 'provision', '.']	['O', 'O', 'B-Subsumtion', 'I-Subsumtion', 'I-Subsumtion', 'I-Subsumtion', 'I-Subsumtion', 'I-Subsumtion', 'I-Subsumtion', 'I-Subsumtion', 'I-Subsumtion', 'I-Subsumtion', 'I-Subsumtion', 'I-Subsumtion', 'I-Subsumtion', 'I-Subsumtion', 'I-Subsumtion', 'I-Subsumtion', 'I-Subsumtion', 'I-Subsumtion', 'I-Subsumtion', 'I-Subsumtion', 'I-Subsumtion', 'I-Subsumtion', 'I-Subsumtion', 'I-Subsumtion', 'I-Subsumtion', 'I-Subsumtion', 'I-Subsumtion', 'I-Subsumtion', 'I-Subsumtion', 'I-Subsumtion', 'I-Subsumtion']
['The', 'Government', 'agreed', 'with', 'that', 'conclusion', '.']	['B-Subsumtion', 'I-Subsumtion', 'I-Subsumtion', 'I-Subsumtion', 'I-Subsumtion', 'I-Subsumtion', 'I-Subsumtion']
['25', '.', 'Having', 'regard', 'to', 'the', 'finding', 'in', 'respect', 'of', 'Article', '6', '§', '1', '(', 'see', 'paragraph', '22', 'above', ')', ',', 'the', 'Court', 'sees', 'no', 'reason', 'to', 'differ', 'from', 'the', 'opinion', 'expressed', 'by', 'the', 'Commission', '.']	['O', 'O', 'B-Entscheidung des EGMR', 'I-Entscheidung des EGMR', 'I-Entscheidung des EGMR', 'I-Entscheidung des EGMR', 'I-Entscheidung des EGMR', 'I-Entscheidung des EGMR', 'I-Entscheidung des EGMR', 'I-Entscheidung des EGMR', 'I-Entscheidung des EGMR', 'I-Entscheidung des EGMR', 'I-Entscheidung des EGMR', 'I-Entscheidung des EGMR', 'I-Entscheidung des EGMR', 'I-Entscheidung des EGMR', 'I-Entscheidung des EGMR', 'I-Entscheidung des EGMR', 'I-Entscheidung des EGMR', 'I-Entscheidung des EGMR', 'I-Entscheidung des EGMR', 'I-Entscheidung des EGMR', 'I-Entscheidung des EGMR', 'I-Entscheidung des EGMR', 'I-Entscheidung des EGMR', 'I-Entscheidung des EGMR', 'I-Entscheidung des EGMR', 'I-Entscheidung des EGMR', 'I-Entscheidung des EGMR', 'I-Entscheidung des EGMR', 'I-Entscheidung des EGMR', 'I-Entscheidung des EGMR', 'I-Entscheidung des EGMR', 'I-Entscheidung des EGMR', 'I-Entscheidung des EGMR', 'I-Entscheidung des EGMR']
['III', '.']	['O', 'O']
['APPLICATION', 'OF', 'ARTICLE', '41', 'OF', 'THE', 'CONVENTION']	['O', 'O', 'O', 'O', 'O', 'O', 'O']
['26', '.', 'Article', '41', 'of', 'the', 'Convention', 'provides', ':']	['O', 'O', 'O', 'O', 'O', 'O', 'O', 'O', 'O']
['“', 'If', 'the', 'Court', 'finds', 'that', 'there', 'has', 'been', 'a', 'violation', 'of', 'the', 'Convention', 'or', 'the', 'Protocols', 'thereto', ',', 'and', 'if', 'the', 'internal', 'law', 'of', 'the', 'High', 'Contracting', 'Party', 'concerned', 'allows', 'only', 'partial', 'reparation', 'to', 'be', 'made', ',', 'the', 'Court', 'shall', ',', 'if', 'necessary', ',', 'afford', 'just', 'satisfaction', 'to', 'the', 'injured', 'party', '.', '”']	['O', 'O', 'O', 'O', 'O', 'O', 'O', 'O', 'O', 'O', 'O', 'O', 'O', 'O', 'O', 'O', 'O', 'O', 'O', 'O', 'O', 'O', 'O', 'O', 'O', 'O', 'O', 'O', 'O', 'O', 'O', 'O', 'O', 'O', 'O', 'O', 'O', 'O', 'O', 'O', 'O', 'O', 'O', 'O', 'O', 'O', 'O', 'O', 'O', 'O', 'O', 'O', 'O', 'O']
['A.']	['O']
['Non', '-', 'pecuniary', 'damage']	['O', 'O', 'O', 'O']
['27', '.', 'Mr', 'Laino', 'claimed', '70,000,000', 'Italian', 'lire', '(', 'ITL', ')', 'for', 'the', 'non', '-', 'pecuniary', 'damage', 'which', 'he', 'had', 'allegedly', 'sustained', 'and', 'he', 'requested', 'the', 'Court', 'to', 'take', 'into', 'account', ',', 'when', 'assessing', 'that', 'damage', ',', 'the', 'subject', 'matter', 'of', 'the', 'case', 'and', 'the', 'very', 'substantial', 'delays', 'in', 'the', 'proceedings', '.']	['O', 'O', 'B-Subsumtion', 'I-Subsumtion', 'I-Subsumtion', 'I-Subsumtion', 'I-Subsumtion', 'I-Subsumtion', 'I-Subsumtion', 'I-Subsumtion', 'I-Subsumtion', 'I-Subsumtion', 'I-Subsumtion', 'I-Subsumtion', 'I-Subsumtion', 'I-Subsumtion', 'I-Subsumtion', 'I-Subsumtion', 'I-Subsumtion', 'I-Subsumtion', 'I-Subsumtion', 'I-Subsumtion', 'I-Subsumtion', 'I-Subsumtion', 'I-Subsumtion', 'I-Subsumtion', 'I-Subsumtion', 'I-Subsumtion', 'I-Subsumtion', 'I-Subsumtion', 'I-Subsumtion', 'I-Subsumtion', 'I-Subsumtion', 'I-Subsumtion', 'I-Subsumtion', 'I-Subsumtion', 'I-Subsumtion', 'I-Subsumtion', 'I-Subsumtion', 'I-Subsumtion', 'I-Subsumtion', 'I-Subsumtion', 'I-Subsumtion', 'I-Subsumtion', 'I-Subsumtion', 'I-Subsumtion', 'I-Subsumtion', 'I-Subsumtion', 'I-Subsumtion', 'I-Subsumtion', 'I-Subsumtion', 'I-Subsumtion']
['28', '.', 'The', 'Government', 'regarded', 'the', 'amount', 'sought', 'as', 'wholly', 'unjustified', '.']	['O', 'O', 'B-Subsumtion', 'I-Subsumtion', 'I-Subsumtion', 'I-Subsumtion', 'I-Subsumtion', 'I-Subsumtion', 'I-Subsumtion', 'I-Subsumtion', 'I-Subsumtion', 'I-Subsumtion']
['29', '.', 'The', 'Delegate', 'of', 'the', 'Commission', 'considered', 'that', 'the', 'sum', 'of', 'ITL', '17,000,000', 'would', 'be', 'fair', '.']	['O', 'O', 'B-Subsumtion', 'I-Subsumtion', 'I-Subsumtion', 'I-Subsumtion', 'I-Subsumtion', 'I-Subsumtion', 'I-Subsumtion', 'I-Subsumtion', 'I-Subsumtion', 'I-Subsumtion', 'I-Subsumtion', 'I-Subsumtion', 'I-Subsumtion', 'I-Subsumtion', 'I-Subsumtion', 'I-Subsumtion']
['30', '.', 'The', 'Court', 'holds', 'that', 'the', 'applicant', 'undoubtedly', 'sustained', 'non', '-', 'pecuniary', 'damage', '.', 'Having', 'regard', 'to', 'the', 'circumstances', 'of', 'the', 'case', 'and', 'to', 'the', 'conclusions', 'in', 'paragraphs', '22', 'and', '25', 'of', 'the', 'present', 'judgment', ',', 'it', 'decides', 'to', 'award', 'him', 'ITL', '25,000,000', '.']	['O', 'O', 'B-Subsumtion', 'I-Subsumtion', 'I-Subsumtion', 'I-Subsumtion', 'I-Subsumtion', 'I-Subsumtion', 'I-Subsumtion', 'I-Subsumtion', 'I-Subsumtion', 'I-Subsumtion', 'I-Subsumtion', 'I-Subsumtion', 'I-Subsumtion', 'B-Entscheidung des EGMR', 'I-Entscheidung des EGMR', 'I-Entscheidung des EGMR', 'I-Entscheidung des EGMR', 'I-Entscheidung des EGMR', 'I-Entscheidung des EGMR', 'I-Entscheidung des EGMR', 'I-Entscheidung des EGMR', 'I-Entscheidung des EGMR', 'I-Entscheidung des EGMR', 'I-Entscheidung des EGMR', 'I-Entscheidung des EGMR', 'I-Entscheidung des EGMR', 'I-Entscheidung des EGMR', 'I-Entscheidung des EGMR', 'I-Entscheidung des EGMR', 'I-Entscheidung des EGMR', 'I-Entscheidung des EGMR', 'I-Entscheidung des EGMR', 'I-Entscheidung des EGMR', 'I-Entscheidung des EGMR', 'I-Entscheidung des EGMR', 'I-Entscheidung des EGMR', 'I-Entscheidung des EGMR', 'I-Entscheidung des EGMR', 'I-Entscheidung des EGMR', 'I-Entscheidung des EGMR', 'I-Entscheidung des EGMR', 'I-Entscheidung des EGMR', 'I-Entscheidung des EGMR']
['B.']	['O']
['Costs', 'and', 'expenses']	['O', 'O', 'O']
['31', '.', 'The', 'applicant', 'also', 'claimed', 'reimbursement', 'of', 'ITL', '16,305,440', 'in', 'respect', 'of', 'his', 'costs', 'and', 'expenses', 'before', 'the', 'Commission', 'and', 'the', 'Court', '.']	['O', 'O', 'O', 'O', 'O', 'O', 'O', 'O', 'O', 'O', 'O', 'O', 'O', 'O', 'O', 'O', 'O', 'O', 'O', 'O', 'O', 'O', 'O', 'O']
['32', '.', 'The', 'Government', 'and', 'the', 'Delegate', 'of', 'the', 'Commission', 'did', 'not', 'express', 'a', 'view', 'on', 'the', 'matter', '.']	['O', 'O', 'O', 'O', 'O', 'O', 'O', 'O', 'O', 'O', 'O', 'O', 'O', 'O', 'O', 'O', 'O', 'O', 'O']
['33', '.', 'In', 'accordance', 'with', 'its', 'case', '-', 'law', ',', 'the', 'Court', 'awards', 'the', 'applicant', 'the', 'sum', 'claimed', 'for', 'costs', 'and', 'expenses', '.']	['O', 'O', 'O', 'O', 'O', 'O', 'O', 'O', 'O', 'O', 'O', 'O', 'O', 'O', 'O', 'O', 'O', 'O', 'O', 'O', 'O', 'O', 'O']
['C.']	['O']
['Default', 'interest']	['O', 'O']
['34', '.', 'According', 'to', 'the', 'information', 'available', 'to', 'the', 'Court', ',', 'the', 'statutory', 'rate', 'of', 'interest', 'applicable', 'in', 'Italy', 'at', 'the', 'time', 'of', 'adoption', 'of', 'the', 'present', 'judgment', 'is', '5', '%', 'per', 'annum', '.']	['O', 'O', 'O', 'O', 'O', 'O', 'O', 'O', 'O', 'O', 'O', 'O', 'O', 'O', 'O', 'O', 'O', 'O', 'O', 'O', 'O', 'O', 'O', 'O', 'O', 'O', 'O', 'O', 'O', 'O', 'O', 'O', 'O', 'O']
['FOR', 'THESE', 'REAS', 'O', 'NS', ',', 'THE', 'COURT']	['O', 'O', 'O', 'O', 'O', 'O', 'O', 'O']
['1', '.']	['O', 'O']
['Holds', 'unanimously', 'that', 'there', 'has', 'been', 'a', 'violation', 'of', 'Article', '6', '§', '1', 'of', 'the', 'Convention', ';']	['O', 'O', 'O', 'O', 'O', 'O', 'O', 'O', 'O', 'O', 'O', 'O', 'O', 'O', 'O', 'O', 'O']
['2', '.']	['O', 'O']
['Holds', 'by', 'fifteen', 'votes', 'to', 'two', 'that', 'it', 'is', 'unnecessary', 'to', 'examine', 'the', 'complaint', 'under', 'Article', '8', 'of', 'the', 'Convention', ';']	['O', 'O', 'O', 'O', 'O', 'O', 'O', 'O', 'O', 'O', 'O', 'O', 'O', 'O', 'O', 'O', 'O', 'O', 'O', 'O', 'O']
['3', '.']	['O', 'O']
['Holds', 'by', 'sixteen', 'votes', 'to', 'one', 'that', 'the', 'respondent', 'State', 'is', 'to', 'pay', 'the', 'applicant', ',', 'within', 'three', 'months', ',', '25,000,000', '(', 'twenty', '-', 'five', 'million', ')', 'Italian', 'lire', 'for', 'non', '-', 'pecuniary', 'damage', ';']	['O', 'O', 'O', 'O', 'O', 'O', 'O', 'O', 'O', 'O', 'O', 'O', 'O', 'O', 'O', 'O', 'O', 'O', 'O', 'O', 'O', 'O', 'O', 'O', 'O', 'O', 'O', 'O', 'O', 'O', 'O', 'O', 'O', 'O', 'O']
['4', '.']	['O', 'O']
['Holds', 'unanimously', 'that', 'the', 'respondent', 'State', 'is', 'to', 'pay', 'the', 'applicant', ',', 'within', 'three', 'months', ',', '16,305,440', '(', 'sixteen', 'million', 'three', 'hundred', 'and', 'five', 'thousand', 'four', 'hundred', 'and', 'forty', ')', 'Italian', 'lire', 'for', 'costs', 'and', 'expenses', ';']	['O', 'O', 'O', 'O', 'O', 'O', 'O', 'O', 'O', 'O', 'O', 'O', 'O', 'O', 'O', 'O', 'O', 'O', 'O', 'O', 'O', 'O', 'O', 'O', 'O', 'O', 'O', 'O', 'O', 'O', 'O', 'O', 'O', 'O', 'O', 'O', 'O']
['5', '.']	['O', 'O']
['Holds', 'unanimously', 'that', 'simple', 'interest', 'at', 'an', 'annual', 'rate', 'of', '5', '%', 'shall', 'be', 'payable', 'on', 'those', 'sums', 'from', 'the', 'expiry', 'of', 'the', 'above', '-', 'mentioned', 'three', 'months', 'until', 'settlement', ';']	['O', 'O', 'O', 'O', 'O', 'O', 'O', 'O', 'O', 'O', 'O', 'O', 'O', 'O', 'O', 'O', 'O', 'O', 'O', 'O', 'O', 'O', 'O', 'O', 'O', 'O', 'O', 'O', 'O', 'O', 'O']
['6', '.']	['O', 'O']
['Dismisses', 'unanimously', 'the', 'remainder', 'of', 'the', 'claim', 'for', 'just', 'satisfaction', '.']	['O', 'O', 'O', 'O', 'O', 'O', 'O', 'O', 'O', 'O', 'O']
['Done', 'in', 'English', 'and', 'in', 'French', ',', 'and', 'delivered', 'at', 'a', 'public', 'hearing', 'in', 'the', 'Human', 'Rights', 'Building', ',', 'Strasbourg', ',', 'on', '18', 'February', '1999', '.']	['O', 'O', 'O', 'O', 'O', 'O', 'O', 'O', 'O', 'O', 'O', 'O', 'O', 'O', 'O', 'O', 'O', 'O', 'O', 'O', 'O', 'O', 'O', 'O', 'O', 'O']
['Luzius', 'Wildhaber']	['O', 'O']
['President']	['O']
['Paul', 'M', 'ahoney']	['O', 'O', 'O']
['Deputy', 'Registrar']	['O', 'O']
['In', 'accordance', 'with', 'Article', '45', '§', '2', 'of', 'the', 'Convention', 'and', 'Rule', '74', '§', '2', 'of', 'the', 'Rules', 'of', 'Court', ',', 'the', 'following', 'separate', 'opinions', 'are', 'annexed', 'to', 'this', 'judgment', ':']	['O', 'O', 'O', 'O', 'O', 'O', 'O', 'O', 'O', 'O', 'O', 'O', 'O', 'O', 'O', 'O', 'O', 'O', 'O', 'O', 'O', 'O', 'O', 'O', 'O', 'O', 'O', 'O', 'O', 'O', 'O']
['(', 'a', ')', 'partly', 'dissenting', 'opinion', 'of', 'Mr', 'Ferrari', 'Bravo', ';']	['O', 'O', 'O', 'O', 'O', 'O', 'O', 'O', 'O', 'O', 'O']
['(', 'b', ')', 'joint', 'partly', 'dissenting', 'opinion', 'of', 'Mrs', 'Tulkens', 'and', 'Mr', 'Casadevall', '.']	['O', 'O', 'O', 'O', 'O', 'O', 'O', 'O', 'O', 'O', 'O', 'O', 'O', 'O']
['L.W.']	['O']
['P.J.M.']	['O']
['PARTLY', 'DISSENTING', 'OPINION']	['O', 'O', 'O']
['OF', 'JUDGE', 'FERRARI', 'BRAVO']	['O', 'O', 'O', 'O']
['(', 'Translation', ')']	['O', 'O', 'O']
['I', 'voted', 'against', 'the', 'part', 'of', 'the', 'judgment', 'in', 'which', 'the', 'applicant', 'is', 'awarded', 'compensation', 'for', 'non', '-', 'pecuniary', 'damage', '.', 'Far', 'from', 'sustaining', 'any', 'damage', ',', 'he', 'gained', 'by', 'the', 'delay', 'in', 'delivering', 'judgment', 'in', 'that', 'he', 'did', 'not', 'have', 'to', 'pay', 'the', 'larger', 'sum', 'for', 'his', 'children', '’s', 'maintenance', 'that', 'he', 'was', 'subsequently', 'ordered', 'to', 'pay', '.', 'In', 'those', 'circumstances', 'I', 'fail', 'to', 'see', 'what', 'the', '“', 'non', '-', 'pecuniary', 'damage', '”', 'could', 'be', '.', 'As', 'to', 'the', 'rest', ',', 'I', 'agree', 'that', 'the', 'Italian', 'State', 'should', 'be', 'found', 'to', 'have', 'committed', 'a', 'violation', 'on', 'account', 'of', 'the', 'excessive', 'length', 'of', 'the', 'judicial', 'proceedings', '.']	['O', 'O', 'O', 'O', 'O', 'O', 'O', 'O', 'O', 'O', 'O', 'O', 'O', 'O', 'O', 'O', 'O', 'O', 'O', 'O', 'O', 'O', 'O', 'O', 'O', 'O', 'O', 'O', 'O', 'O', 'O', 'O', 'O', 'O', 'O', 'O', 'O', 'O', 'O', 'O', 'O', 'O', 'O', 'O', 'O', 'O', 'O', 'O', 'O', 'O', 'O', 'O', 'O', 'O', 'O', 'O', 'O', 'O', 'O', 'O', 'O', 'O', 'O', 'O', 'O', 'O', 'O', 'O', 'O', 'O', 'O', 'O', 'O', 'O', 'O', 'O', 'O', 'O', 'O', 'O', 'O', 'O', 'O', 'O', 'O', 'O', 'O', 'O', 'O', 'O', 'O', 'O', 'O', 'O', 'O', 'O', 'O', 'O', 'O', 'O', 'O', 'O', 'O', 'O', 'O', 'O', 'O']
['JOINT', 'PARTLY', 'DISSENTING', 'OPINION']	['O', 'O', 'O', 'O']
['OF', 'JUDGES', 'TULKENS', 'AND', 'CASADEVALL']	['O', 'O', 'O', 'O', 'O']
['(', 'Translation', ')']	['O', 'O', 'O']
['1', '.', 'We', 'regret', 'that', 'we', 'can', 'not', 'share', 'the', 'opinion', 'expressed', 'by', 'the', 'majority', 'of', 'the', 'Grand', 'Chamber', ',', 'who', 'adopted', 'the', 'Commission', '’s', 'approach', 'and', 'held', 'that', 'there', 'was', 'no', 'need', 'to', 'examine', 'the', 'complaint', 'under', 'Article', '8', 'of', 'the', 'Convention', '.']	['O', 'O', 'O', 'O', 'O', 'O', 'O', 'O', 'O', 'O', 'O', 'O', 'O', 'O', 'O', 'O', 'O', 'O', 'O', 'O', 'O', 'O', 'O', 'O', 'O', 'O', 'O', 'O', 'O', 'O', 'O', 'O', 'O', 'O', 'O', 'O', 'O', 'O', 'O', 'O', 'O', 'O', 'O', 'O']
['2', '.', 'We', 'consider', ',', 'as', 'the', 'applicant', 'requested', ',', 'that', 'the', 'case', 'should', 'also', 'have', 'been', 'examined', 'under', 'Article', '8', ',', 'which', 'concerns', 'the', 'right', 'to', 'respect', 'for', 'family', 'life', '.', 'The', 'consequences', 'of', 'excessive', 'length', 'of', 'judicial', 'proceedings', 'are', 'not', 'the', 'same', 'in', 'every', 'case', '.', 'In', 'the', 'present', 'case', 'the', 'fact', 'can', 'not', 'be', 'disregarded', 'that', 'the', 'length', 'of', 'the', 'proceedings', '(', 'which', 'lasted', 'more', 'than', 'eight', 'years', 'up', 'to', 'the', 'Nola', 'District', 'Court', '’s', 'judgment', 'of', '27', 'May', '1998', ')', ',', 'which', 'concerned', ',', 'inter', 'alia', ',', 'custody', 'and', 'access', 'arrangements', 'in', 'respect', 'of', 'the', 'children', ',', 'who', 'were', 'aged', '6', 'and', '2', 'at', 'the', 'beginning', 'of', 'the', 'proceedings', ',', 'may', 'have', 'entailed', 'serious', 'moral', 'and', 'emotional', 'difficulties', 'for', 'the', 'applicant', 'in', 'his', 'relationship', 'with', 'his', 'children', '.']	['O', 'O', 'O', 'O', 'O', 'O', 'O', 'O', 'O', 'O', 'O', 'O', 'O', 'O', 'O', 'O', 'O', 'O', 'O', 'O', 'O', 'O', 'O', 'O', 'O', 'O', 'O', 'O', 'O', 'O', 'O', 'O', 'O', 'O', 'O', 'O', 'O', 'O', 'O', 'O', 'O', 'O', 'O', 'O', 'O', 'O', 'O', 'O', 'O', 'O', 'O', 'O', 'O', 'O', 'O', 'O', 'O', 'O', 'O', 'O', 'O', 'O', 'O', 'O', 'O', 'O', 'O', 'O', 'O', 'O', 'O', 'O', 'O', 'O', 'O', 'O', 'O', 'O', 'O', 'O', 'O', 'O', 'O', 'O', 'O', 'O', 'O', 'O', 'O', 'O', 'O', 'O', 'O', 'O', 'O', 'O', 'O', 'O', 'O', 'O', 'O', 'O', 'O', 'O', 'O', 'O', 'O', 'O', 'O', 'O', 'O', 'O', 'O', 'O', 'O', 'O', 'O', 'O', 'O', 'O', 'O', 'O', 'O', 'O', 'O', 'O', 'O', 'O', 'O', 'O', 'O', 'O']
['3', '.', 'Rightly', 'or', 'wrongly', ',', 'but', 'at', 'all', 'events', 'irreversibly', ',', 'Mr', 'Laino', 'therefore', 'lost', 'eight', 'precious', ',', 'formative', 'and', 'irretrievable', 'years', 'of', 'regular', ',', 'close', 'contact', 'with', 'his', 'children', '.', 'In', 'our', 'opinion', ',', 'that', 'simple', 'analysis', 'sufficed', 'to', 'justify', 'examining', 'the', 'complaint', 'under', 'Article', '8', 'of', 'the', 'Convention', '.']	['O', 'O', 'O', 'O', 'O', 'O', 'O', 'O', 'O', 'O', 'O', 'O', 'O', 'O', 'O', 'O', 'O', 'O', 'O', 'O', 'O', 'O', 'O', 'O', 'O', 'O', 'O', 'O', 'O', 'O', 'O', 'O', 'O', 'O', 'O', 'O', 'O', 'O', 'O', 'O', 'O', 'O', 'O', 'O', 'O', 'O', 'O', 'O', 'O', 'O', 'O', 'O']
['4', '.', 'Reiterating', 'its', 'case', '-', 'law', ',', 'the', 'Court', 'accepts', 'in', 'paragraph', '18', 'of', 'its', 'judgment', 'that', 'special', 'diligence', 'is', 'required', 'in', 'cases', 'relating', 'to', 'civil', 'status', '“', 'in', 'view', 'of', 'the', 'possible', 'consequences', 'which', 'the', 'excessive', 'length', 'of', 'proceedings', 'may', 'have', ',', 'notably', 'on', 'enjoyment', 'of', 'the', 'right', 'to', 'respect', 'for', 'family', 'life', '”', '.', 'Moreover', ',', 'in', 'paragraph', '22', ',', 'the', 'Court', 'holds', 'that', ',', '“', 'having', 'regard', 'to', 'what', 'was', 'at', 'stake', 'for', 'the', 'applicant', '(', 'judicial', 'separation', 'and', 'determination', 'of', 'the', 'arrangements', 'for', 'custody', 'of', 'the', 'children', 'and', 'access', 'rights', ')', ',', 'the', 'domestic', 'courts', 'failed', 'to', 'act', 'with', 'the', 'special', 'diligence', 'required', 'by', 'Article', '6', '§', '1', 'of', 'the', 'Convention', 'in', 'such', 'cases', '”', '.', 'Unfortunately', ',', 'however', ',', 'the', 'Court', 'did', 'not', 'draw', 'the', 'appropriate', 'conclusions', '.']	['O', 'O', 'O', 'O', 'O', 'O', 'O', 'O', 'O', 'O', 'O', 'O', 'O', 'O', 'O', 'O', 'O', 'O', 'O', 'O', 'O', 'O', 'O', 'O', 'O', 'O', 'O', 'O', 'O', 'O', 'O', 'O', 'O', 'O', 'O', 'O', 'O', 'O', 'O', 'O', 'O', 'O', 'O', 'O', 'O', 'O', 'O', 'O', 'O', 'O', 'O', 'O', 'O', 'O', 'O', 'O', 'O', 'O', 'O', 'O', 'O', 'O', 'O', 'O', 'O', 'O', 'O', 'O', 'O', 'O', 'O', 'O', 'O', 'O', 'O', 'O', 'O', 'O', 'O', 'O', 'O', 'O', 'O', 'O', 'O', 'O', 'O', 'O', 'O', 'O', 'O', 'O', 'O', 'O', 'O', 'O', 'O', 'O', 'O', 'O', 'O', 'O', 'O', 'O', 'O', 'O', 'O', 'O', 'O', 'O', 'O', 'O', 'O', 'O', 'O', 'O', 'O', 'O', 'O', 'O', 'O', 'O', 'O', 'O', 'O', 'O', 'O', 'O', 'O', 'O', 'O', 'O', 'O', 'O']
['5', '.', 'The', 'foregoing', 'considerations', 'in', 'the', 'judgment', 'support', 'our', 'view', ',', 'since', ',', 'without', 'prejudging', 'at', 'this', 'stage', 'the', 'decision', 'we', 'would', 'have', 'reached', 'on', 'the', 'merits', ',', 'we', 'think', 'that', 'judicial', 'proceedings', 'lasting', 'over', 'eight', 'years', '–', 'in', 'which', 'custody', 'and', 'access', 'rights', 'in', 'respect', 'of', 'young', 'children', 'were', 'at', 'issue', '–', 'may', 'have', 'had', 'harmful', 'effects', 'on', 'the', 'applicant', '’s', 'relationship', 'with', 'his', 'children', 'and', 'therefore', 'on', 'his', 'family', 'life', '.']	['O', 'O', 'O', 'O', 'O', 'O', 'O', 'O', 'O', 'O', 'O', 'O', 'O', 'O', 'O', 'O', 'O', 'O', 'O', 'O', 'O', 'O', 'O', 'O', 'O', 'O', 'O', 'O', 'O', 'O', 'O', 'O', 'O', 'O', 'O', 'O', 'O', 'O', 'O', 'O', 'O', 'O', 'O', 'O', 'O', 'O', 'O', 'O', 'O', 'O', 'O', 'O', 'O', 'O', 'O', 'O', 'O', 'O', 'O', 'O', 'O', 'O', 'O', 'O', 'O', 'O', 'O', 'O', 'O', 'O', 'O', 'O', 'O', 'O']
['[', '1', ']', 'Notes', 'by', 'the', 'Registry']	['O', 'O', 'O', 'O', 'O', 'O', 'O']
['1', '-', '2', '.', 'Protocol', 'No', '.', '11', 'and', 'the', 'Rules', 'of', 'Court', 'came', 'into', 'force', 'on', '1', 'November', '1998', '.']	['O', 'O', 'O', 'O', 'O', 'O', 'O', 'O', 'O', 'O', 'O', 'O', 'O', 'O', 'O', 'O', 'O', 'O', 'O', 'O', 'O']
['[', '3', ']', '3', '.', 'Since', 'the', 'entry', 'into', 'force', 'of', 'Protocol', 'No', '.', '11', ',', 'which', 'amended', 'Article', '19', ',', 'the', 'Court', 'has', 'functioned', 'on', 'a', 'permanent', 'basis', '.']	['O', 'O', 'O', 'O', 'O', 'O', 'O', 'O', 'O', 'O', 'O', 'O', 'O', 'O', 'O', 'O', 'O', 'O', 'O', 'O', 'O', 'O', 'O', 'O', 'O', 'O', 'O', 'O', 'O', 'O']
['[', '1', ']', 'Notes', 'by', 'the', 'Registry']	['O', 'O', 'O', 'O', 'O', 'O', 'O']
['1', '.', 'Protocol', 'No', '.', '9', 'came', 'into', 'force', 'on', '1', 'October', '1994', 'and', 'was', 'repealed', 'by', 'Protocol', 'No', '.', '11', '.']	['O', 'O', 'O', 'O', 'O', 'O', 'O', 'O', 'O', 'O', 'O', 'O', 'O', 'O', 'O', 'O', 'O', 'O', 'O', 'O', 'O', 'O']
['2', '.', 'Rules', 'of', 'Court', 'B', ',', 'which', 'came', 'into', 'force', 'on', '2', 'October', '1994', ',', 'applied', 'until', '31', 'October', '1998', 'to', 'all', 'cases', 'concerning', 'States', 'bound', 'by', 'Protocol', 'No', '.', '9', '.']	['O', 'O', 'O', 'O', 'O', 'O', 'O', 'O', 'O', 'O', 'O', 'O', 'O', 'O', 'O', 'O', 'O', 'O', 'O', 'O', 'O', 'O', 'O', 'O', 'O', 'O', 'O', 'O', 'O', 'O', 'O', 'O', 'O']
['[', '2', ']', '1', '.', 'Note', 'by', 'the', 'Registry', '.', 'For', 'practical', 'reasons', 'this', 'annex', 'will', 'appear', 'only', 'with', 'the', 'final', 'printed', 'version', 'of', 'the', 'judgment', '(', 'in', 'the', 'official', 'reports', 'of', 'selected', 'judgments', 'and', 'decisions', 'of', 'the', 'Court', ')', ',', 'but', 'a', 'copy', 'of', 'the', 'Commission', '’s', 'report', 'is', 'obtainable', 'from', 'the', 'Registry', '.']	['O', 'O', 'O', 'O', 'O', 'O', 'O', 'O', 'O', 'O', 'O', 'O', 'O', 'O', 'O', 'O', 'O', 'O', 'O', 'O', 'O', 'O', 'O', 'O', 'O', 'O', 'O', 'O', 'O', 'O', 'O', 'O', 'O', 'O', 'O', 'O', 'O', 'O', 'O', 'O', 'O', 'O', 'O', 'O', 'O', 'O', 'O', 'O', 'O', 'O', 'O', 'O', 'O', 'O', 'O']
