tokens	labels
['I.', 'ALLEGED', 'VIOLATION', 'OF', 'ARTICLE', '6', 'PARA', '.', '1', '(', 'art', '.', '6', '-', '1', ')', 'OF', 'THE', 'CONVENTION']	['O', 'O', 'O', 'O', 'O', 'O', 'O', 'O', 'O', 'O', 'O', 'O', 'O', 'O', 'O', 'O', 'O', 'O', 'O']
['32', '.', 'The', 'applicant', 'complained', 'of', 'a', 'violation', 'of', 'Article', '6', 'para', '.', '1', '(', 'art', '.', '6', '-', '1', ')', 'of', 'the', 'Convention', ',', 'which', 'provides', ':']	['O', 'O', 'B-Subsumtion', 'I-Subsumtion', 'I-Subsumtion', 'I-Subsumtion', 'I-Subsumtion', 'I-Subsumtion', 'I-Subsumtion', 'I-Subsumtion', 'I-Subsumtion', 'I-Subsumtion', 'I-Subsumtion', 'I-Subsumtion', 'I-Subsumtion', 'I-Subsumtion', 'I-Subsumtion', 'I-Subsumtion', 'I-Subsumtion', 'I-Subsumtion', 'I-Subsumtion', 'I-Subsumtion', 'I-Subsumtion', 'I-Subsumtion', 'I-Subsumtion', 'I-Subsumtion', 'I-Subsumtion', 'I-Subsumtion']
"['""', 'In', 'the', 'determination', 'of', '...', 'any', 'criminal', 'charge', 'against', 'him', ',', 'everyone', 'is', 'entitled', 'to', 'a', 'fair', 'and', 'public', 'hearing', '...', 'by', 'an', 'independent', 'and', 'impartial', 'tribunal', '...', '""']"	['O', 'O', 'O', 'O', 'O', 'O', 'O', 'O', 'O', 'O', 'O', 'O', 'O', 'O', 'O', 'O', 'O', 'O', 'O', 'O', 'O', 'O', 'O', 'O', 'O', 'O', 'O', 'O', 'O', 'O']
"['He', 'had', ',', 'he', 'maintained', ',', 'been', 'denied', 'the', 'right', 'to', 'a', '""', 'tribunal', '""', 'and', 'to', 'a', 'hearing', 'before', 'such', 'a', 'body', '.']"	['B-Subsumtion', 'I-Subsumtion', 'I-Subsumtion', 'I-Subsumtion', 'I-Subsumtion', 'I-Subsumtion', 'I-Subsumtion', 'I-Subsumtion', 'I-Subsumtion', 'I-Subsumtion', 'I-Subsumtion', 'I-Subsumtion', 'I-Subsumtion', 'I-Subsumtion', 'I-Subsumtion', 'I-Subsumtion', 'I-Subsumtion', 'I-Subsumtion', 'I-Subsumtion', 'I-Subsumtion', 'I-Subsumtion', 'I-Subsumtion', 'I-Subsumtion', 'I-Subsumtion']
['A.', 'Applicability', 'of', 'Article', '6', 'para', '.', '1', '(', 'art', '.', '6', '-', '1', ')']	['O', 'O', 'O', 'O', 'O', 'O', 'O', 'O', 'O', 'O', 'O', 'O', 'O', 'O', 'O']
"['1', '.', 'Whether', 'there', 'was', 'a', '""', 'criminal', 'charge', '""']"	['O', 'O', 'O', 'O', 'O', 'O', 'O', 'O', 'O', 'O']
"['33', '.', 'In', 'Mr', 'Palaoro', ""'s"", 'submission', ',', 'the', 'administrative', 'criminal', 'offence', 'of', 'which', 'he', 'was', 'accused', 'gave', 'rise', 'to', 'a', '""', 'criminal', 'charge', '""', '.', 'This', 'was', 'not', 'disputed', 'by', 'the', 'Government', '.']"	['O', 'O', 'B-Subsumtion', 'I-Subsumtion', 'I-Subsumtion', 'I-Subsumtion', 'I-Subsumtion', 'I-Subsumtion', 'I-Subsumtion', 'I-Subsumtion', 'I-Subsumtion', 'I-Subsumtion', 'I-Subsumtion', 'I-Subsumtion', 'I-Subsumtion', 'I-Subsumtion', 'I-Subsumtion', 'I-Subsumtion', 'I-Subsumtion', 'I-Subsumtion', 'I-Subsumtion', 'I-Subsumtion', 'I-Subsumtion', 'I-Subsumtion', 'I-Subsumtion', 'I-Subsumtion', 'B-Konsens der prozessualen Parteien', 'I-Konsens der prozessualen Parteien', 'I-Konsens der prozessualen Parteien', 'I-Konsens der prozessualen Parteien', 'I-Konsens der prozessualen Parteien', 'I-Konsens der prozessualen Parteien', 'I-Konsens der prozessualen Parteien', 'I-Konsens der prozessualen Parteien']
"['34', '.', 'In', 'order', 'to', 'determine', 'whether', 'an', 'offence', 'qualifies', 'as', '""', 'criminal', '""', 'for', 'the', 'purposes', 'of', 'the', 'Convention', ',', 'it', 'is', 'first', 'necessary', 'to', 'ascertain', 'whether', 'or', 'not', 'the', 'provision', '(', 'art', '.', '6', '-', '1', ')', 'defining', 'the', 'offence', 'belongs', ',', 'in', 'the', 'legal', 'system', 'of', 'the', 'respondent', 'State', ',', 'to', 'criminal', 'law', ';', 'next', 'the', '""', 'very', 'nature', 'of', 'the', 'offence', '""', 'and', 'the', 'degree', 'of', 'severity', 'of', 'the', 'penalty', 'risked', 'must', 'be', 'considered', '(', 'see', ',', 'among', 'other', 'authorities', ',', 'the', 'Öztürk', 'v.', 'Germany', 'judgment', 'of', '21', 'February', '1984', ',', 'Series', 'A', 'no', '.', '73', ',', 'p.', '18', ',', 'para', '.', '50', ',', 'and', 'the', 'Demicoli', 'v.', 'Malta', 'judgment', 'of', '27', 'August', '1991', ',', 'Series', 'A', 'no', '.', '210', ',', 'pp', '.', '15', '-', '17', ',', 'paras', '.', '31', '-', '34', ')', '.']"	['O', 'O', 'B-Vorherige Rechtsprechung des EGMR', 'I-Vorherige Rechtsprechung des EGMR', 'I-Vorherige Rechtsprechung des EGMR', 'I-Vorherige Rechtsprechung des EGMR', 'I-Vorherige Rechtsprechung des EGMR', 'I-Vorherige Rechtsprechung des EGMR', 'I-Vorherige Rechtsprechung des EGMR', 'I-Vorherige Rechtsprechung des EGMR', 'I-Vorherige Rechtsprechung des EGMR', 'I-Vorherige Rechtsprechung des EGMR', 'I-Vorherige Rechtsprechung des EGMR', 'I-Vorherige Rechtsprechung des EGMR', 'I-Vorherige Rechtsprechung des EGMR', 'I-Vorherige Rechtsprechung des EGMR', 'I-Vorherige Rechtsprechung des EGMR', 'I-Vorherige Rechtsprechung des EGMR', 'I-Vorherige Rechtsprechung des EGMR', 'I-Vorherige Rechtsprechung des EGMR', 'I-Vorherige Rechtsprechung des EGMR', 'I-Vorherige Rechtsprechung des EGMR', 'I-Vorherige Rechtsprechung des EGMR', 'I-Vorherige Rechtsprechung des EGMR', 'I-Vorherige Rechtsprechung des EGMR', 'I-Vorherige Rechtsprechung des EGMR', 'I-Vorherige Rechtsprechung des EGMR', 'I-Vorherige Rechtsprechung des EGMR', 'I-Vorherige Rechtsprechung des EGMR', 'I-Vorherige Rechtsprechung des EGMR', 'I-Vorherige Rechtsprechung des EGMR', 'I-Vorherige Rechtsprechung des EGMR', 'I-Vorherige Rechtsprechung des EGMR', 'I-Vorherige Rechtsprechung des EGMR', 'I-Vorherige Rechtsprechung des EGMR', 'I-Vorherige Rechtsprechung des EGMR', 'I-Vorherige Rechtsprechung des EGMR', 'I-Vorherige Rechtsprechung des EGMR', 'I-Vorherige Rechtsprechung des EGMR', 'I-Vorherige Rechtsprechung des EGMR', 'I-Vorherige Rechtsprechung des EGMR', 'I-Vorherige Rechtsprechung des EGMR', 'I-Vorherige Rechtsprechung des EGMR', 'I-Vorherige Rechtsprechung des EGMR', 'I-Vorherige Rechtsprechung des EGMR', 'I-Vorherige Rechtsprechung des EGMR', 'I-Vorherige Rechtsprechung des EGMR', 'I-Vorherige Rechtsprechung des EGMR', 'I-Vorherige Rechtsprechung des EGMR', 'I-Vorherige Rechtsprechung des EGMR', 'I-Vorherige Rechtsprechung des EGMR', 'I-Vorherige Rechtsprechung des EGMR', 'I-Vorherige Rechtsprechung des EGMR', 'I-Vorherige Rechtsprechung des EGMR', 'I-Vorherige Rechtsprechung des EGMR', 'I-Vorherige Rechtsprechung des EGMR', 'I-Vorherige Rechtsprechung des EGMR', 'I-Vorherige Rechtsprechung des EGMR', 'I-Vorherige Rechtsprechung des EGMR', 'I-Vorherige Rechtsprechung des EGMR', 'I-Vorherige Rechtsprechung des EGMR', 'I-Vorherige Rechtsprechung des EGMR', 'I-Vorherige Rechtsprechung des EGMR', 'I-Vorherige Rechtsprechung des EGMR', 'I-Vorherige Rechtsprechung des EGMR', 'I-Vorherige Rechtsprechung des EGMR', 'I-Vorherige Rechtsprechung des EGMR', 'I-Vorherige Rechtsprechung des EGMR', 'I-Vorherige Rechtsprechung des EGMR', 'I-Vorherige Rechtsprechung des EGMR', 'I-Vorherige Rechtsprechung des EGMR', 'I-Vorherige Rechtsprechung des EGMR', 'I-Vorherige Rechtsprechung des EGMR', 'I-Vorherige Rechtsprechung des EGMR', 'I-Vorherige Rechtsprechung des EGMR', 'I-Vorherige Rechtsprechung des EGMR', 'I-Vorherige Rechtsprechung des EGMR', 'I-Vorherige Rechtsprechung des EGMR', 'I-Vorherige Rechtsprechung des EGMR', 'I-Vorherige Rechtsprechung des EGMR', 'I-Vorherige Rechtsprechung des EGMR', 'I-Vorherige Rechtsprechung des EGMR', 'I-Vorherige Rechtsprechung des EGMR', 'I-Vorherige Rechtsprechung des EGMR', 'I-Vorherige Rechtsprechung des EGMR', 'I-Vorherige Rechtsprechung des EGMR', 'I-Vorherige Rechtsprechung des EGMR', 'I-Vorherige Rechtsprechung des EGMR', 'I-Vorherige Rechtsprechung des EGMR', 'I-Vorherige Rechtsprechung des EGMR', 'I-Vorherige Rechtsprechung des EGMR', 'I-Vorherige Rechtsprechung des EGMR', 'I-Vorherige Rechtsprechung des EGMR', 'I-Vorherige Rechtsprechung des EGMR', 'I-Vorherige Rechtsprechung des EGMR', 'I-Vorherige Rechtsprechung des EGMR', 'I-Vorherige Rechtsprechung des EGMR', 'I-Vorherige Rechtsprechung des EGMR', 'I-Vorherige Rechtsprechung des EGMR', 'I-Vorherige Rechtsprechung des EGMR', 'I-Vorherige Rechtsprechung des EGMR', 'I-Vorherige Rechtsprechung des EGMR', 'I-Vorherige Rechtsprechung des EGMR', 'I-Vorherige Rechtsprechung des EGMR', 'I-Vorherige Rechtsprechung des EGMR', 'I-Vorherige Rechtsprechung des EGMR', 'I-Vorherige Rechtsprechung des EGMR', 'I-Vorherige Rechtsprechung des EGMR', 'I-Vorherige Rechtsprechung des EGMR', 'I-Vorherige Rechtsprechung des EGMR', 'I-Vorherige Rechtsprechung des EGMR', 'I-Vorherige Rechtsprechung des EGMR', 'I-Vorherige Rechtsprechung des EGMR', 'I-Vorherige Rechtsprechung des EGMR', 'I-Vorherige Rechtsprechung des EGMR', 'I-Vorherige Rechtsprechung des EGMR', 'I-Vorherige Rechtsprechung des EGMR', 'I-Vorherige Rechtsprechung des EGMR', 'I-Vorherige Rechtsprechung des EGMR', 'I-Vorherige Rechtsprechung des EGMR', 'I-Vorherige Rechtsprechung des EGMR', 'I-Vorherige Rechtsprechung des EGMR', 'I-Vorherige Rechtsprechung des EGMR', 'I-Vorherige Rechtsprechung des EGMR', 'I-Vorherige Rechtsprechung des EGMR', 'I-Vorherige Rechtsprechung des EGMR', 'I-Vorherige Rechtsprechung des EGMR', 'I-Vorherige Rechtsprechung des EGMR', 'I-Vorherige Rechtsprechung des EGMR', 'I-Vorherige Rechtsprechung des EGMR', 'I-Vorherige Rechtsprechung des EGMR', 'I-Vorherige Rechtsprechung des EGMR', 'I-Vorherige Rechtsprechung des EGMR', 'I-Vorherige Rechtsprechung des EGMR', 'I-Vorherige Rechtsprechung des EGMR', 'I-Vorherige Rechtsprechung des EGMR', 'I-Vorherige Rechtsprechung des EGMR', 'I-Vorherige Rechtsprechung des EGMR']
['35', '.', 'Like', 'the', 'Commission', ',', 'the', 'Court', 'notes', 'that', ',', 'although', 'the', 'offences', 'in', 'issue', 'and', 'the', 'procedures', 'followed', 'in', 'the', 'case', 'fall', 'within', 'the', 'administrative', 'sphere', ',', 'they', 'are', 'nevertheless', 'criminal', 'in', 'nature', '.', 'This', 'is', 'moreover', 'reflected', 'in', 'the', 'terminology', 'employed', '.', 'Thus', 'Austrian', 'law', 'refers', 'to', 'administrative', 'offences', '(', 'Verwaltungsstraftaten', ')', 'and', 'administrative', 'criminal', 'procedure', '(', 'Verwaltungsstrafverfahren', ')', '.', 'In', 'addition', ',', 'the', 'fine', 'imposed', 'on', 'the', 'applicant', 'was', 'accompanied', 'by', 'an', 'order', 'for', 'his', 'committal', 'to', 'prison', 'in', 'the', 'event', 'of', 'his', 'defaulting', 'on', 'payment', '(', 'see', 'paragraph', '18', 'above', ')', '.']	['O', 'O', 'B-Subsumtion', 'I-Subsumtion', 'I-Subsumtion', 'I-Subsumtion', 'I-Subsumtion', 'I-Subsumtion', 'I-Subsumtion', 'I-Subsumtion', 'I-Subsumtion', 'I-Subsumtion', 'I-Subsumtion', 'I-Subsumtion', 'I-Subsumtion', 'I-Subsumtion', 'I-Subsumtion', 'I-Subsumtion', 'I-Subsumtion', 'I-Subsumtion', 'I-Subsumtion', 'I-Subsumtion', 'I-Subsumtion', 'I-Subsumtion', 'I-Subsumtion', 'I-Subsumtion', 'I-Subsumtion', 'I-Subsumtion', 'I-Subsumtion', 'I-Subsumtion', 'I-Subsumtion', 'I-Subsumtion', 'I-Subsumtion', 'I-Subsumtion', 'I-Subsumtion', 'I-Subsumtion', 'I-Subsumtion', 'I-Subsumtion', 'I-Subsumtion', 'I-Subsumtion', 'I-Subsumtion', 'I-Subsumtion', 'I-Subsumtion', 'I-Subsumtion', 'I-Subsumtion', 'I-Subsumtion', 'I-Subsumtion', 'I-Subsumtion', 'I-Subsumtion', 'I-Subsumtion', 'I-Subsumtion', 'I-Subsumtion', 'I-Subsumtion', 'I-Subsumtion', 'I-Subsumtion', 'I-Subsumtion', 'I-Subsumtion', 'I-Subsumtion', 'I-Subsumtion', 'I-Subsumtion', 'I-Subsumtion', 'I-Subsumtion', 'I-Subsumtion', 'I-Subsumtion', 'I-Subsumtion', 'I-Subsumtion', 'I-Subsumtion', 'I-Subsumtion', 'I-Subsumtion', 'I-Subsumtion', 'I-Subsumtion', 'I-Subsumtion', 'I-Subsumtion', 'I-Subsumtion', 'I-Subsumtion', 'I-Subsumtion', 'I-Subsumtion', 'I-Subsumtion', 'I-Subsumtion', 'I-Subsumtion', 'I-Subsumtion', 'I-Subsumtion', 'I-Subsumtion', 'I-Subsumtion', 'I-Subsumtion', 'I-Subsumtion', 'I-Subsumtion', 'I-Subsumtion', 'I-Subsumtion', 'I-Subsumtion', 'I-Subsumtion', 'I-Subsumtion', 'I-Subsumtion', 'I-Subsumtion', 'I-Subsumtion', 'I-Subsumtion', 'I-Subsumtion']
"['These', 'considerations', 'are', 'sufficient', 'to', 'establish', 'that', 'the', 'offence', 'of', 'which', 'the', 'applicant', 'was', 'accused', 'may', 'be', 'classified', 'as', '""', 'criminal', '""', 'for', 'the', 'purposes', 'of', 'the', 'Convention', '.', 'It', 'follows', 'that', 'Article', '6', '(', 'art', '.', '6', ')', 'applies', '.']"	['I-Subsumtion', 'I-Subsumtion', 'I-Subsumtion', 'I-Subsumtion', 'I-Subsumtion', 'I-Subsumtion', 'I-Subsumtion', 'I-Subsumtion', 'I-Subsumtion', 'I-Subsumtion', 'I-Subsumtion', 'I-Subsumtion', 'I-Subsumtion', 'I-Subsumtion', 'I-Subsumtion', 'I-Subsumtion', 'I-Subsumtion', 'I-Subsumtion', 'I-Subsumtion', 'I-Subsumtion', 'I-Subsumtion', 'I-Subsumtion', 'I-Subsumtion', 'I-Subsumtion', 'I-Subsumtion', 'I-Subsumtion', 'I-Subsumtion', 'I-Subsumtion', 'I-Subsumtion', 'B-Entscheidung des EGMR', 'I-Entscheidung des EGMR', 'I-Entscheidung des EGMR', 'I-Entscheidung des EGMR', 'I-Entscheidung des EGMR', 'I-Entscheidung des EGMR', 'I-Entscheidung des EGMR', 'I-Entscheidung des EGMR', 'I-Entscheidung des EGMR', 'I-Entscheidung des EGMR', 'I-Entscheidung des EGMR', 'I-Entscheidung des EGMR']
"['2', '.', 'Austria', ""'s"", 'reservation', 'in', 'respect', 'of', 'Article', '5', '(', 'art', '.', '5', ')', 'of', 'the', 'Convention']"	['O', 'O', 'O', 'O', 'O', 'O', 'O', 'O', 'O', 'O', 'O', 'O', 'O', 'O', 'O', 'O', 'O', 'O']
"['36', '.', 'According', 'to', 'the', 'Government', ',', 'the', 'procedure', 'in', 'question', 'was', 'covered', 'by', 'Austria', ""'s"", 'reservation', 'in', 'respect', 'of', 'Article', '5', '(', 'art', '.', '5', ')', 'of', 'the', 'Convention', '.', 'There', 'could', 'be', 'no', 'doubt', 'that', 'by', 'the', 'reference', 'in', 'that', 'reservation', 'to', '""', 'measures', 'for', 'the', 'deprivation', 'of', 'liberty', '""', 'the', 'Austrian', 'Government', 'had', 'meant', 'to', 'include', 'proceedings', 'resulting', 'in', 'such', 'measures', '.', 'Any', 'other', 'construction', 'would', 'not', 'only', 'lack', 'coherence', ';', 'it', 'would', 'also', 'run', 'counter', 'to', 'the', 'authorities', ""'"", 'intention', ',', 'which', 'had', 'been', 'to', 'remove', 'from', 'the', 'scope', 'of', 'the', 'Convention', 'the', 'whole', 'administrative', 'system', ',', 'including', 'the', 'substantive', 'and', 'procedural', 'provisions', 'of', 'administrative', 'criminal', 'law', '.', 'That', 'would', 'be', 'so', 'even', 'in', 'a', 'case', 'where', ',', 'as', 'in', 'this', 'instance', ',', 'the', 'accused', 'was', 'merely', 'fined', ',', 'in', 'so', 'far', 'as', 'default', 'on', 'payment', 'of', 'that', 'fine', 'would', 'entail', 'committal', 'to', 'prison', '.']"	['O', 'O', 'O', 'O', 'O', 'O', 'O', 'O', 'O', 'O', 'O', 'O', 'O', 'O', 'O', 'O', 'O', 'O', 'O', 'O', 'O', 'O', 'O', 'O', 'O', 'O', 'O', 'O', 'O', 'O', 'O', 'O', 'O', 'O', 'O', 'O', 'O', 'O', 'O', 'O', 'O', 'O', 'O', 'O', 'O', 'O', 'O', 'O', 'O', 'O', 'O', 'O', 'O', 'O', 'O', 'O', 'O', 'O', 'O', 'O', 'O', 'O', 'O', 'O', 'O', 'O', 'O', 'O', 'O', 'O', 'O', 'O', 'O', 'O', 'O', 'O', 'O', 'O', 'O', 'O', 'O', 'O', 'O', 'O', 'O', 'O', 'O', 'O', 'O', 'O', 'O', 'O', 'O', 'O', 'O', 'O', 'O', 'O', 'O', 'O', 'O', 'O', 'O', 'O', 'O', 'O', 'O', 'O', 'O', 'O', 'O', 'O', 'O', 'O', 'O', 'O', 'O', 'O', 'O', 'O', 'O', 'O', 'O', 'O', 'O', 'O', 'O', 'O', 'O', 'O', 'O', 'O', 'O', 'O', 'O', 'O', 'O', 'O', 'O', 'O', 'O', 'O', 'O', 'O', 'O', 'O', 'O', 'O', 'O']
['Admittedly', ',', 'the', 'Road', 'Traffic', 'Act', '1960', 'was', 'not', 'one', 'of', 'the', 'four', 'laws', 'designated', 'in', 'the', 'reservation', '.', 'However', ',', 'one', 'of', 'those', 'laws', ',', 'the', 'Administrative', 'Criminal', 'Justice', 'Act', ',', 'stated', 'in', 'section', '10', 'that', ',', 'except', 'as', 'otherwise', 'provided', ',', 'the', 'general', 'administrative', 'laws', 'were', 'to', 'determine', 'the', 'nature', 'and', 'severity', 'of', 'sanctions', '.', 'It', 'mattered', 'little', 'in', 'this', 'respect', 'that', 'sections', '20', 'and', '52', 'of', 'the', 'Road', 'Traffic', 'Act', ',', 'which', 'were', 'applied', 'in', 'the', 'present', 'case', ',', 'had', 'been', 'enacted', 'after', 'the', 'reservation', 'had', 'been', 'deposited', ',', 'because', 'those', 'provisions', 'merely', 'clarified', 'the', 'substance', 'of', 'an', 'existing', 'obligation', 'laid', 'down', 'in', 'the', 'Traffic', 'Police', 'Act', '1947', '.']	['O', 'O', 'O', 'O', 'O', 'O', 'O', 'O', 'O', 'O', 'O', 'O', 'O', 'O', 'O', 'O', 'O', 'O', 'O', 'O', 'O', 'O', 'O', 'O', 'O', 'O', 'O', 'O', 'O', 'O', 'O', 'O', 'O', 'O', 'O', 'O', 'O', 'O', 'O', 'O', 'O', 'O', 'O', 'O', 'O', 'O', 'O', 'O', 'O', 'O', 'O', 'O', 'O', 'O', 'O', 'O', 'O', 'O', 'O', 'O', 'O', 'O', 'O', 'O', 'O', 'O', 'O', 'O', 'O', 'O', 'O', 'O', 'O', 'O', 'O', 'O', 'O', 'O', 'O', 'O', 'O', 'O', 'O', 'O', 'O', 'O', 'O', 'O', 'O', 'O', 'O', 'O', 'O', 'O', 'O', 'O', 'O', 'O', 'O', 'O', 'O', 'O', 'O', 'O', 'O', 'O', 'O', 'O', 'O', 'O', 'O', 'O']
['37', '.', 'The', 'applicant', 'argued', 'that', 'the', 'reservation', 'could', 'not', 'apply', 'in', 'the', 'present', 'case', '.', 'In', 'the', 'first', 'place', ',', 'it', 'failed', 'to', 'satisfy', 'the', 'requirements', 'of', 'Article', '64', '(', 'art', '.', '64', ')', 'of', 'the', 'Convention', ',', 'which', 'provides', ':']	['O', 'O', 'B-Subsumtion', 'I-Subsumtion', 'I-Subsumtion', 'I-Subsumtion', 'I-Subsumtion', 'I-Subsumtion', 'I-Subsumtion', 'I-Subsumtion', 'I-Subsumtion', 'I-Subsumtion', 'I-Subsumtion', 'I-Subsumtion', 'I-Subsumtion', 'I-Subsumtion', 'I-Subsumtion', 'I-Subsumtion', 'I-Subsumtion', 'I-Subsumtion', 'I-Subsumtion', 'I-Subsumtion', 'I-Subsumtion', 'I-Subsumtion', 'I-Subsumtion', 'I-Subsumtion', 'I-Subsumtion', 'I-Subsumtion', 'I-Subsumtion', 'I-Subsumtion', 'I-Subsumtion', 'I-Subsumtion', 'I-Subsumtion', 'I-Subsumtion', 'I-Subsumtion', 'I-Subsumtion', 'I-Subsumtion', 'I-Subsumtion', 'I-Subsumtion', 'I-Subsumtion', 'I-Subsumtion', 'I-Subsumtion']
"['""', '1', '.', 'Any', 'State', 'may', ',', 'when', 'signing', '[', 'the', ']', 'Convention', 'or', 'when', 'depositing', 'its', 'instrument', 'of', 'ratification', ',', 'make', 'a', 'reservation', 'in', 'respect', 'of', 'any', 'particular', 'provision', 'of', 'the', 'Convention', 'to', 'the', 'extent', 'that', 'any', 'law', 'then', 'in', 'force', 'in', 'its', 'territory', 'is', 'not', 'in', 'conformity', 'with', 'the', 'provision', '.', 'Reservations', 'of', 'a', 'general', 'character', 'shall', 'not', 'be', 'permitted', 'under', 'this', 'Article', '(', 'art', '.', '64', ')', '.']"	['O', 'O', 'O', 'O', 'O', 'O', 'O', 'O', 'O', 'O', 'O', 'O', 'O', 'O', 'O', 'O', 'O', 'O', 'O', 'O', 'O', 'O', 'O', 'O', 'O', 'O', 'O', 'O', 'O', 'O', 'O', 'O', 'O', 'O', 'O', 'O', 'O', 'O', 'O', 'O', 'O', 'O', 'O', 'O', 'O', 'O', 'O', 'O', 'O', 'O', 'O', 'O', 'O', 'O', 'O', 'O', 'O', 'O', 'O', 'O', 'O', 'O', 'O', 'O', 'O', 'O', 'O', 'O', 'O', 'O', 'O']
"['2', '.', 'Any', 'reservation', 'made', 'under', 'this', 'Article', '(', 'art', '.', '64', ')', 'shall', 'contain', 'a', 'brief', 'statement', 'of', 'the', 'law', 'concerned', '.', '""']"	['O', 'O', 'O', 'O', 'O', 'O', 'O', 'O', 'O', 'O', 'O', 'O', 'O', 'O', 'O', 'O', 'O', 'O', 'O', 'O', 'O', 'O', 'O', 'O']
['Secondly', ',', 'on', 'a', 'strict', 'construction', ',', 'its', 'wording', 'precluded', 'extending', 'its', 'scope', 'to', 'the', 'procedural', 'sphere', ',', 'which', 'was', 'in', 'issue', 'here', '.']	['B-Subsumtion', 'I-Subsumtion', 'I-Subsumtion', 'I-Subsumtion', 'I-Subsumtion', 'I-Subsumtion', 'I-Subsumtion', 'I-Subsumtion', 'I-Subsumtion', 'I-Subsumtion', 'I-Subsumtion', 'I-Subsumtion', 'I-Subsumtion', 'I-Subsumtion', 'I-Subsumtion', 'I-Subsumtion', 'I-Subsumtion', 'I-Subsumtion', 'I-Subsumtion', 'I-Subsumtion', 'I-Subsumtion', 'I-Subsumtion', 'I-Subsumtion', 'I-Subsumtion']
"['38', '.', 'The', 'Court', 'points', 'out', 'that', 'in', 'the', 'Chorherr', 'v.', 'Austria', 'judgment', 'of', '25', 'August', '1993', 'it', 'held', 'that', 'Austria', ""'s"", 'reservation', 'in', 'respect', 'of', 'Article', '5', '(', 'art', '.', '5', ')', 'of', 'the', 'Convention', 'was', 'compatible', 'with', 'Article', '64', '(', 'art', '.', '64', ')', '(', 'Series', 'A', 'no', '.', '266', '-', 'B', ',', 'p.', '35', ',', 'para', '.', '21', ')', '.', 'It', 'therefore', 'remains', 'only', 'to', 'ascertain', 'whether', 'the', 'provisions', 'applied', '(', 'art', '.', '5', ',', 'art', '.', '64', ')', 'in', 'the', 'present', 'case', 'are', 'covered', 'by', 'that', 'reservation', '.', 'They', 'differ', 'in', 'certain', 'essential', 'respects', 'from', 'those', 'in', 'issue', 'in', 'the', 'Chorherr', 'case', '.']"	['O', 'O', 'B-Vorherige Rechtsprechung des EGMR', 'I-Vorherige Rechtsprechung des EGMR', 'I-Vorherige Rechtsprechung des EGMR', 'I-Vorherige Rechtsprechung des EGMR', 'I-Vorherige Rechtsprechung des EGMR', 'I-Vorherige Rechtsprechung des EGMR', 'I-Vorherige Rechtsprechung des EGMR', 'I-Vorherige Rechtsprechung des EGMR', 'I-Vorherige Rechtsprechung des EGMR', 'I-Vorherige Rechtsprechung des EGMR', 'I-Vorherige Rechtsprechung des EGMR', 'I-Vorherige Rechtsprechung des EGMR', 'I-Vorherige Rechtsprechung des EGMR', 'I-Vorherige Rechtsprechung des EGMR', 'I-Vorherige Rechtsprechung des EGMR', 'I-Vorherige Rechtsprechung des EGMR', 'I-Vorherige Rechtsprechung des EGMR', 'I-Vorherige Rechtsprechung des EGMR', 'I-Vorherige Rechtsprechung des EGMR', 'I-Vorherige Rechtsprechung des EGMR', 'I-Vorherige Rechtsprechung des EGMR', 'I-Vorherige Rechtsprechung des EGMR', 'I-Vorherige Rechtsprechung des EGMR', 'I-Vorherige Rechtsprechung des EGMR', 'I-Vorherige Rechtsprechung des EGMR', 'I-Vorherige Rechtsprechung des EGMR', 'I-Vorherige Rechtsprechung des EGMR', 'I-Vorherige Rechtsprechung des EGMR', 'I-Vorherige Rechtsprechung des EGMR', 'I-Vorherige Rechtsprechung des EGMR', 'I-Vorherige Rechtsprechung des EGMR', 'I-Vorherige Rechtsprechung des EGMR', 'I-Vorherige Rechtsprechung des EGMR', 'I-Vorherige Rechtsprechung des EGMR', 'I-Vorherige Rechtsprechung des EGMR', 'I-Vorherige Rechtsprechung des EGMR', 'I-Vorherige Rechtsprechung des EGMR', 'I-Vorherige Rechtsprechung des EGMR', 'I-Vorherige Rechtsprechung des EGMR', 'I-Vorherige Rechtsprechung des EGMR', 'I-Vorherige Rechtsprechung des EGMR', 'I-Vorherige Rechtsprechung des EGMR', 'I-Vorherige Rechtsprechung des EGMR', 'I-Vorherige Rechtsprechung des EGMR', 'I-Vorherige Rechtsprechung des EGMR', 'I-Vorherige Rechtsprechung des EGMR', 'I-Vorherige Rechtsprechung des EGMR', 'I-Vorherige Rechtsprechung des EGMR', 'I-Vorherige Rechtsprechung des EGMR', 'I-Vorherige Rechtsprechung des EGMR', 'I-Vorherige Rechtsprechung des EGMR', 'I-Vorherige Rechtsprechung des EGMR', 'I-Vorherige Rechtsprechung des EGMR', 'I-Vorherige Rechtsprechung des EGMR', 'I-Vorherige Rechtsprechung des EGMR', 'I-Vorherige Rechtsprechung des EGMR', 'I-Vorherige Rechtsprechung des EGMR', 'I-Vorherige Rechtsprechung des EGMR', 'I-Vorherige Rechtsprechung des EGMR', 'I-Vorherige Rechtsprechung des EGMR', 'I-Vorherige Rechtsprechung des EGMR', 'B-Subsumtion', 'I-Subsumtion', 'I-Subsumtion', 'I-Subsumtion', 'I-Subsumtion', 'I-Subsumtion', 'I-Subsumtion', 'I-Subsumtion', 'I-Subsumtion', 'I-Subsumtion', 'I-Subsumtion', 'I-Subsumtion', 'I-Subsumtion', 'I-Subsumtion', 'I-Subsumtion', 'I-Subsumtion', 'I-Subsumtion', 'I-Subsumtion', 'I-Subsumtion', 'I-Subsumtion', 'I-Subsumtion', 'I-Subsumtion', 'I-Subsumtion', 'I-Subsumtion', 'I-Subsumtion', 'I-Subsumtion', 'I-Subsumtion', 'I-Subsumtion', 'I-Subsumtion', 'B-Distinguishing', 'I-Distinguishing', 'I-Distinguishing', 'I-Distinguishing', 'I-Distinguishing', 'I-Distinguishing', 'I-Distinguishing', 'I-Distinguishing', 'I-Distinguishing', 'I-Distinguishing', 'I-Distinguishing', 'I-Distinguishing', 'I-Distinguishing', 'I-Distinguishing', 'I-Distinguishing']
['The', 'Court', 'notes', 'that', 'Mr', 'Palaoro', 'based', 'his', 'complaints', 'on', 'Article', '6', '(', 'art', '.', '6', ')', 'of', 'the', 'Convention', ',', 'whereas', 'the', 'wording', 'of', 'the', 'reservation', 'invoked', 'by', 'the', 'Government', 'mentions', 'only', 'Article', '5', '(', 'art', '.', '5', ')', 'and', 'makes', 'express', 'reference', 'solely', 'to', 'measures', 'for', 'the', 'deprivation', 'of', 'liberty', '.', 'Moreover', ',', 'the', 'reservation', 'only', 'comes', 'into', 'play', 'where', 'both', 'substantive', 'and', 'procedural', 'provisions', 'of', 'one', 'or', 'more', 'of', 'the', 'four', 'specific', 'laws', 'indicated', 'in', 'it', 'have', 'been', 'applied', '.', 'Here', ',', 'however', ',', 'the', 'substantive', 'provisions', 'of', 'a', 'different', 'Act', ',', 'the', 'Road', 'Traffic', 'Act', '1960', ',', 'were', 'applied', '.']	['O', 'O', 'O', 'O', 'O', 'O', 'O', 'O', 'O', 'O', 'O', 'O', 'O', 'O', 'O', 'O', 'O', 'O', 'O', 'O', 'O', 'O', 'O', 'O', 'O', 'O', 'O', 'O', 'O', 'O', 'O', 'O', 'O', 'O', 'O', 'O', 'O', 'O', 'O', 'O', 'O', 'O', 'O', 'O', 'O', 'O', 'O', 'O', 'O', 'O', 'O', 'O', 'O', 'O', 'O', 'O', 'O', 'O', 'O', 'O', 'O', 'O', 'O', 'O', 'O', 'O', 'O', 'O', 'O', 'O', 'O', 'O', 'O', 'O', 'O', 'O', 'O', 'O', 'O', 'O', 'O', 'O', 'O', 'O', 'O', 'O', 'O', 'O', 'O', 'O', 'O', 'O', 'O', 'O', 'O', 'O', 'O', 'O', 'O', 'O', 'O', 'O', 'O', 'O']
['These', 'considerations', 'are', 'a', 'sufficient', 'basis', 'for', 'concluding', 'that', 'the', 'reservation', 'in', 'question', 'does', 'not', 'apply', 'in', 'the', 'instant', 'case', '.']	['O', 'O', 'O', 'O', 'O', 'O', 'O', 'O', 'O', 'O', 'O', 'O', 'O', 'O', 'O', 'O', 'O', 'O', 'O', 'O', 'O']
['B.', 'Compliance', 'with', 'Article', '6', 'para', '.', '1', '(', 'art', '.', '6', '-', '1', ')']	['O', 'O', 'O', 'O', 'O', 'O', 'O', 'O', 'O', 'O', 'O', 'O', 'O', 'O', 'O']
['1', '.', 'Access', 'to', 'a', 'tribunal']	['O', 'O', 'O', 'O', 'O', 'O']
"['39', '.', 'Mr', 'Palaoro', 'contended', 'that', 'none', 'of', 'the', 'bodies', 'that', 'had', 'dealt', 'with', 'his', 'case', 'in', 'the', 'proceedings', 'in', 'issue', 'could', 'be', 'regarded', 'as', 'a', '""', 'tribunal', '""', 'within', 'the', 'meaning', 'of', 'Article', '6', 'para', '.', '1', '(', 'art', '.', '6', '-', '1', ')', '.', 'This', 'was', 'true', 'not', 'only', 'of', 'the', 'administrative', 'authorities', ',', 'but', 'also', 'of', 'the', 'Constitutional', 'Court', ',', 'whose', 'review', 'was', 'confined', 'to', 'constitutional', 'issues', ',', 'and', 'above', 'all', 'of', 'the', 'Administrative', 'Court', '.', 'The', 'latter', 'was', 'bound', 'by', 'the', 'administrative', 'authorities', ""'"", 'findings', 'of', 'fact', ',', 'except', 'where', 'there', 'was', 'a', 'procedural', 'defect', 'within', 'the', 'meaning', 'of', 'section', '42(2', ')', ',', 'sub', '-', 'paragraph', '3', ',', 'of', 'the', 'Administrative', 'Court', 'Act', '(', 'see', 'paragraph', '24', 'above', ')', '.', 'It', 'was', 'therefore', 'not', 'empowered', 'to', 'take', 'evidence', 'itself', ',', 'or', 'to', 'establish', 'the', 'facts', ',', 'or', 'to', 'take', 'cognisance', 'of', 'new', 'matters', '.', 'Moreover', ',', 'in', 'the', 'event', 'of', 'its', 'quashing', 'an', 'administrative', 'measure', ',', 'it', 'was', 'not', 'entitled', 'to', 'substitute', 'its', 'own', 'decision', 'for', 'that', 'of', 'the', 'authority', 'concerned', ',', 'but', 'had', 'always', 'to', 'remit', 'the', 'case', 'to', 'that', 'authority', '.', 'In', 'short', ',', 'its', 'review', 'was', 'confined', 'exclusively', 'to', 'questions', 'of', 'law', 'and', 'therefore', 'could', 'not', 'be', 'regarded', 'as', 'equivalent', 'to', 'that', 'of', 'a', 'body', 'with', 'full', 'jurisdiction', '.']"	['O', 'O', 'B-Subsumtion', 'I-Subsumtion', 'I-Subsumtion', 'I-Subsumtion', 'I-Subsumtion', 'I-Subsumtion', 'I-Subsumtion', 'I-Subsumtion', 'I-Subsumtion', 'I-Subsumtion', 'I-Subsumtion', 'I-Subsumtion', 'I-Subsumtion', 'I-Subsumtion', 'I-Subsumtion', 'I-Subsumtion', 'I-Subsumtion', 'I-Subsumtion', 'I-Subsumtion', 'I-Subsumtion', 'I-Subsumtion', 'I-Subsumtion', 'I-Subsumtion', 'I-Subsumtion', 'I-Subsumtion', 'I-Subsumtion', 'I-Subsumtion', 'I-Subsumtion', 'I-Subsumtion', 'I-Subsumtion', 'I-Subsumtion', 'I-Subsumtion', 'I-Subsumtion', 'I-Subsumtion', 'I-Subsumtion', 'I-Subsumtion', 'I-Subsumtion', 'I-Subsumtion', 'I-Subsumtion', 'I-Subsumtion', 'I-Subsumtion', 'I-Subsumtion', 'I-Subsumtion', 'I-Subsumtion', 'I-Subsumtion', 'I-Subsumtion', 'I-Subsumtion', 'I-Subsumtion', 'I-Subsumtion', 'I-Subsumtion', 'I-Subsumtion', 'I-Subsumtion', 'I-Subsumtion', 'I-Subsumtion', 'I-Subsumtion', 'I-Subsumtion', 'I-Subsumtion', 'I-Subsumtion', 'I-Subsumtion', 'I-Subsumtion', 'I-Subsumtion', 'I-Subsumtion', 'I-Subsumtion', 'I-Subsumtion', 'I-Subsumtion', 'I-Subsumtion', 'I-Subsumtion', 'I-Subsumtion', 'I-Subsumtion', 'I-Subsumtion', 'I-Subsumtion', 'I-Subsumtion', 'I-Subsumtion', 'I-Subsumtion', 'I-Subsumtion', 'I-Subsumtion', 'I-Subsumtion', 'I-Subsumtion', 'I-Subsumtion', 'I-Subsumtion', 'I-Subsumtion', 'I-Subsumtion', 'I-Subsumtion', 'I-Subsumtion', 'I-Subsumtion', 'I-Subsumtion', 'I-Subsumtion', 'I-Subsumtion', 'I-Subsumtion', 'I-Subsumtion', 'I-Subsumtion', 'I-Subsumtion', 'I-Subsumtion', 'I-Subsumtion', 'I-Subsumtion', 'I-Subsumtion', 'I-Subsumtion', 'I-Subsumtion', 'I-Subsumtion', 'I-Subsumtion', 'I-Subsumtion', 'I-Subsumtion', 'I-Subsumtion', 'I-Subsumtion', 'I-Subsumtion', 'I-Subsumtion', 'I-Subsumtion', 'I-Subsumtion', 'I-Subsumtion', 'I-Subsumtion', 'I-Subsumtion', 'I-Subsumtion', 'I-Subsumtion', 'I-Subsumtion', 'I-Subsumtion', 'I-Subsumtion', 'I-Subsumtion', 'I-Subsumtion', 'I-Subsumtion', 'I-Subsumtion', 'I-Subsumtion', 'I-Subsumtion', 'I-Subsumtion', 'I-Subsumtion', 'I-Subsumtion', 'I-Subsumtion', 'I-Subsumtion', 'I-Subsumtion', 'I-Subsumtion', 'I-Subsumtion', 'I-Subsumtion', 'I-Subsumtion', 'I-Subsumtion', 'I-Subsumtion', 'I-Subsumtion', 'I-Subsumtion', 'I-Subsumtion', 'I-Subsumtion', 'I-Subsumtion', 'I-Subsumtion', 'I-Subsumtion', 'I-Subsumtion', 'I-Subsumtion', 'I-Subsumtion', 'I-Subsumtion', 'I-Subsumtion', 'I-Subsumtion', 'I-Subsumtion', 'I-Subsumtion', 'I-Subsumtion', 'I-Subsumtion', 'I-Subsumtion', 'I-Subsumtion', 'I-Subsumtion', 'I-Subsumtion', 'I-Subsumtion', 'I-Subsumtion', 'I-Subsumtion', 'I-Subsumtion', 'I-Subsumtion', 'I-Subsumtion', 'I-Subsumtion', 'I-Subsumtion', 'I-Subsumtion', 'I-Subsumtion', 'I-Subsumtion', 'I-Subsumtion', 'I-Subsumtion', 'I-Subsumtion', 'I-Subsumtion', 'I-Subsumtion', 'I-Subsumtion', 'I-Subsumtion', 'I-Subsumtion', 'I-Subsumtion', 'I-Subsumtion', 'I-Subsumtion', 'I-Subsumtion', 'I-Subsumtion', 'I-Subsumtion', 'I-Subsumtion', 'I-Subsumtion', 'I-Subsumtion', 'I-Subsumtion', 'I-Subsumtion', 'I-Subsumtion', 'I-Subsumtion', 'I-Subsumtion', 'I-Subsumtion', 'I-Subsumtion', 'I-Subsumtion', 'I-Subsumtion', 'I-Subsumtion', 'I-Subsumtion', 'I-Subsumtion', 'I-Subsumtion', 'I-Subsumtion', 'I-Subsumtion', 'I-Subsumtion', 'I-Subsumtion', 'I-Subsumtion', 'I-Subsumtion', 'I-Subsumtion', 'I-Subsumtion', 'I-Subsumtion', 'I-Subsumtion', 'I-Subsumtion', 'I-Subsumtion', 'I-Subsumtion', 'I-Subsumtion', 'I-Subsumtion', 'I-Subsumtion', 'I-Subsumtion', 'I-Subsumtion']
['40', '.', 'The', 'Government', 'contested', 'this', 'view', ',', 'whereas', 'the', 'Commission', 'accepted', 'it', '.']	['O', 'O', 'B-Subsumtion', 'I-Subsumtion', 'I-Subsumtion', 'I-Subsumtion', 'I-Subsumtion', 'I-Subsumtion', 'B-Subsumtion', 'I-Subsumtion', 'I-Subsumtion', 'I-Subsumtion', 'I-Subsumtion', 'I-Subsumtion']
"['41', '.', 'The', 'Court', 'reiterates', 'that', 'decisions', 'taken', 'by', 'administrative', 'authorities', 'which', 'do', 'not', 'themselves', 'satisfy', 'the', 'requirements', 'of', 'Article', '6', 'para', '.', '1', '(', 'art', '.', '6', '-', '1', ')', 'of', 'the', 'Convention', '-', 'as', 'is', 'the', 'case', 'in', 'this', 'instance', 'with', 'the', 'district', 'authority', 'and', 'the', 'regional', 'government', '(', 'see', 'paragraphs', '10', ',', '11', 'and', '12', 'above', ')', '-', 'must', 'be', 'subject', 'to', 'subsequent', 'control', 'by', 'a', '""', 'judicial', 'body', 'that', 'has', 'full', 'jurisdiction', '""', '(', 'see', ',', 'inter', 'alia', 'and', 'mutatis', 'mutandis', ',', 'the', 'following', 'judgments', ':', 'Albert', 'and', 'Le', 'Compte', 'v.', 'Belgium', 'of', '10', 'February', '1983', ',', 'Series', 'A', 'no', '.', '58', ',', 'p.', '16', ',', 'para', '.', '29', ';', 'Öztürk', ',', 'previously', 'cited', ',', 'pp', '.', '21', '-', '22', ',', 'para', '.', '56', ';', 'and', 'Fischer', 'v.', 'Austria', 'of', '26', 'April', '1995', ',', 'Series', 'A', 'no', '.', '312', ',', 'p.', '17', ',', 'para', '.', '28', ')', '.']"	['O', 'O', 'B-Vorherige Rechtsprechung des EGMR', 'I-Vorherige Rechtsprechung des EGMR', 'I-Vorherige Rechtsprechung des EGMR', 'I-Vorherige Rechtsprechung des EGMR', 'I-Vorherige Rechtsprechung des EGMR', 'I-Vorherige Rechtsprechung des EGMR', 'I-Vorherige Rechtsprechung des EGMR', 'I-Vorherige Rechtsprechung des EGMR', 'I-Vorherige Rechtsprechung des EGMR', 'I-Vorherige Rechtsprechung des EGMR', 'I-Vorherige Rechtsprechung des EGMR', 'I-Vorherige Rechtsprechung des EGMR', 'I-Vorherige Rechtsprechung des EGMR', 'I-Vorherige Rechtsprechung des EGMR', 'I-Vorherige Rechtsprechung des EGMR', 'I-Vorherige Rechtsprechung des EGMR', 'I-Vorherige Rechtsprechung des EGMR', 'I-Vorherige Rechtsprechung des EGMR', 'I-Vorherige Rechtsprechung des EGMR', 'I-Vorherige Rechtsprechung des EGMR', 'I-Vorherige Rechtsprechung des EGMR', 'I-Vorherige Rechtsprechung des EGMR', 'I-Vorherige Rechtsprechung des EGMR', 'I-Vorherige Rechtsprechung des EGMR', 'I-Vorherige Rechtsprechung des EGMR', 'I-Vorherige Rechtsprechung des EGMR', 'I-Vorherige Rechtsprechung des EGMR', 'I-Vorherige Rechtsprechung des EGMR', 'I-Vorherige Rechtsprechung des EGMR', 'I-Vorherige Rechtsprechung des EGMR', 'I-Vorherige Rechtsprechung des EGMR', 'I-Vorherige Rechtsprechung des EGMR', 'I-Vorherige Rechtsprechung des EGMR', 'I-Vorherige Rechtsprechung des EGMR', 'I-Vorherige Rechtsprechung des EGMR', 'I-Vorherige Rechtsprechung des EGMR', 'I-Vorherige Rechtsprechung des EGMR', 'I-Vorherige Rechtsprechung des EGMR', 'I-Vorherige Rechtsprechung des EGMR', 'I-Vorherige Rechtsprechung des EGMR', 'I-Vorherige Rechtsprechung des EGMR', 'I-Vorherige Rechtsprechung des EGMR', 'I-Vorherige Rechtsprechung des EGMR', 'I-Vorherige Rechtsprechung des EGMR', 'I-Vorherige Rechtsprechung des EGMR', 'I-Vorherige Rechtsprechung des EGMR', 'I-Vorherige Rechtsprechung des EGMR', 'I-Vorherige Rechtsprechung des EGMR', 'I-Vorherige Rechtsprechung des EGMR', 'I-Vorherige Rechtsprechung des EGMR', 'I-Vorherige Rechtsprechung des EGMR', 'I-Vorherige Rechtsprechung des EGMR', 'I-Vorherige Rechtsprechung des EGMR', 'I-Vorherige Rechtsprechung des EGMR', 'I-Vorherige Rechtsprechung des EGMR', 'I-Vorherige Rechtsprechung des EGMR', 'I-Vorherige Rechtsprechung des EGMR', 'I-Vorherige Rechtsprechung des EGMR', 'I-Vorherige Rechtsprechung des EGMR', 'I-Vorherige Rechtsprechung des EGMR', 'I-Vorherige Rechtsprechung des EGMR', 'I-Vorherige Rechtsprechung des EGMR', 'I-Vorherige Rechtsprechung des EGMR', 'I-Vorherige Rechtsprechung des EGMR', 'I-Vorherige Rechtsprechung des EGMR', 'I-Vorherige Rechtsprechung des EGMR', 'I-Vorherige Rechtsprechung des EGMR', 'I-Vorherige Rechtsprechung des EGMR', 'I-Vorherige Rechtsprechung des EGMR', 'I-Vorherige Rechtsprechung des EGMR', 'I-Vorherige Rechtsprechung des EGMR', 'I-Vorherige Rechtsprechung des EGMR', 'I-Vorherige Rechtsprechung des EGMR', 'I-Vorherige Rechtsprechung des EGMR', 'I-Vorherige Rechtsprechung des EGMR', 'I-Vorherige Rechtsprechung des EGMR', 'I-Vorherige Rechtsprechung des EGMR', 'I-Vorherige Rechtsprechung des EGMR', 'I-Vorherige Rechtsprechung des EGMR', 'I-Vorherige Rechtsprechung des EGMR', 'I-Vorherige Rechtsprechung des EGMR', 'I-Vorherige Rechtsprechung des EGMR', 'I-Vorherige Rechtsprechung des EGMR', 'I-Vorherige Rechtsprechung des EGMR', 'I-Vorherige Rechtsprechung des EGMR', 'I-Vorherige Rechtsprechung des EGMR', 'I-Vorherige Rechtsprechung des EGMR', 'I-Vorherige Rechtsprechung des EGMR', 'I-Vorherige Rechtsprechung des EGMR', 'I-Vorherige Rechtsprechung des EGMR', 'I-Vorherige Rechtsprechung des EGMR', 'I-Vorherige Rechtsprechung des EGMR', 'I-Vorherige Rechtsprechung des EGMR', 'I-Vorherige Rechtsprechung des EGMR', 'I-Vorherige Rechtsprechung des EGMR', 'I-Vorherige Rechtsprechung des EGMR', 'I-Vorherige Rechtsprechung des EGMR', 'I-Vorherige Rechtsprechung des EGMR', 'I-Vorherige Rechtsprechung des EGMR', 'I-Vorherige Rechtsprechung des EGMR', 'I-Vorherige Rechtsprechung des EGMR', 'I-Vorherige Rechtsprechung des EGMR', 'I-Vorherige Rechtsprechung des EGMR', 'I-Vorherige Rechtsprechung des EGMR', 'I-Vorherige Rechtsprechung des EGMR', 'I-Vorherige Rechtsprechung des EGMR', 'I-Vorherige Rechtsprechung des EGMR', 'I-Vorherige Rechtsprechung des EGMR', 'I-Vorherige Rechtsprechung des EGMR', 'I-Vorherige Rechtsprechung des EGMR', 'I-Vorherige Rechtsprechung des EGMR', 'I-Vorherige Rechtsprechung des EGMR', 'I-Vorherige Rechtsprechung des EGMR', 'I-Vorherige Rechtsprechung des EGMR', 'I-Vorherige Rechtsprechung des EGMR', 'I-Vorherige Rechtsprechung des EGMR', 'I-Vorherige Rechtsprechung des EGMR', 'I-Vorherige Rechtsprechung des EGMR', 'I-Vorherige Rechtsprechung des EGMR', 'I-Vorherige Rechtsprechung des EGMR', 'I-Vorherige Rechtsprechung des EGMR', 'I-Vorherige Rechtsprechung des EGMR', 'I-Vorherige Rechtsprechung des EGMR', 'I-Vorherige Rechtsprechung des EGMR', 'I-Vorherige Rechtsprechung des EGMR', 'I-Vorherige Rechtsprechung des EGMR', 'I-Vorherige Rechtsprechung des EGMR', 'I-Vorherige Rechtsprechung des EGMR', 'I-Vorherige Rechtsprechung des EGMR', 'I-Vorherige Rechtsprechung des EGMR', 'I-Vorherige Rechtsprechung des EGMR', 'I-Vorherige Rechtsprechung des EGMR', 'I-Vorherige Rechtsprechung des EGMR', 'I-Vorherige Rechtsprechung des EGMR', 'I-Vorherige Rechtsprechung des EGMR', 'I-Vorherige Rechtsprechung des EGMR', 'I-Vorherige Rechtsprechung des EGMR', 'I-Vorherige Rechtsprechung des EGMR', 'I-Vorherige Rechtsprechung des EGMR', 'I-Vorherige Rechtsprechung des EGMR', 'I-Vorherige Rechtsprechung des EGMR', 'I-Vorherige Rechtsprechung des EGMR', 'I-Vorherige Rechtsprechung des EGMR', 'I-Vorherige Rechtsprechung des EGMR', 'I-Vorherige Rechtsprechung des EGMR', 'I-Vorherige Rechtsprechung des EGMR', 'I-Vorherige Rechtsprechung des EGMR', 'I-Vorherige Rechtsprechung des EGMR', 'I-Vorherige Rechtsprechung des EGMR', 'I-Vorherige Rechtsprechung des EGMR']
['42', '.', 'The', 'Constitutional', 'Court', 'is', 'not', 'such', 'a', 'body', '.', 'In', 'the', 'present', 'case', 'it', 'could', 'look', 'at', 'the', 'impugned', 'proceedings', 'only', 'from', 'the', 'point', 'of', 'view', 'of', 'their', 'conformity', 'with', 'the', 'Constitution', ',', 'and', 'this', 'did', 'not', 'enable', 'it', 'to', 'examine', 'all', 'the', 'relevant', 'facts', '.', 'It', 'accordingly', 'lacked', 'the', 'powers', 'required', 'under', 'Article', '6', 'para', '.', '1', '(', 'art', '.', '6', '-', '1', ')', '.']	['O', 'O', 'B-Subsumtion', 'I-Subsumtion', 'I-Subsumtion', 'I-Subsumtion', 'I-Subsumtion', 'I-Subsumtion', 'I-Subsumtion', 'I-Subsumtion', 'I-Subsumtion', 'I-Subsumtion', 'I-Subsumtion', 'I-Subsumtion', 'I-Subsumtion', 'I-Subsumtion', 'I-Subsumtion', 'I-Subsumtion', 'I-Subsumtion', 'I-Subsumtion', 'I-Subsumtion', 'I-Subsumtion', 'I-Subsumtion', 'I-Subsumtion', 'I-Subsumtion', 'I-Subsumtion', 'I-Subsumtion', 'I-Subsumtion', 'I-Subsumtion', 'I-Subsumtion', 'I-Subsumtion', 'I-Subsumtion', 'I-Subsumtion', 'I-Subsumtion', 'I-Subsumtion', 'I-Subsumtion', 'I-Subsumtion', 'I-Subsumtion', 'I-Subsumtion', 'I-Subsumtion', 'I-Subsumtion', 'I-Subsumtion', 'I-Subsumtion', 'I-Subsumtion', 'I-Subsumtion', 'I-Subsumtion', 'I-Subsumtion', 'I-Subsumtion', 'I-Subsumtion', 'I-Subsumtion', 'I-Subsumtion', 'I-Subsumtion', 'I-Subsumtion', 'I-Subsumtion', 'I-Subsumtion', 'I-Subsumtion', 'I-Subsumtion', 'I-Subsumtion', 'I-Subsumtion', 'I-Subsumtion', 'I-Subsumtion', 'I-Subsumtion', 'I-Subsumtion', 'I-Subsumtion', 'I-Subsumtion', 'I-Subsumtion', 'I-Subsumtion', 'I-Subsumtion']
"['43', '.', 'The', 'powers', 'of', 'the', 'Administrative', 'Court', 'must', 'be', 'assessed', 'in', 'the', 'light', 'of', 'the', 'fact', 'that', 'the', 'court', 'in', 'this', 'case', 'was', 'sitting', 'in', 'proceedings', 'that', 'were', 'of', 'a', 'criminal', 'nature', 'for', 'the', 'purposes', 'of', 'the', 'Convention', '.', 'It', 'follows', 'that', 'when', 'the', 'compatibility', 'of', 'those', 'powers', 'with', 'Article', '6', 'para', '.', '1', '(', 'art', '.', '6', '-', '1', ')', 'is', 'being', 'gauged', ',', 'regard', 'must', 'be', 'had', 'to', 'the', 'complaints', 'raised', 'in', 'that', 'court', 'by', 'the', 'applicant', 'as', 'well', 'as', 'to', 'the', 'defining', 'characteristics', 'of', 'a', '""', 'judicial', 'body', 'that', 'has', 'full', 'jurisdiction', '""', '.', 'These', 'include', 'the', 'power', 'to', 'quash', 'in', 'all', 'respects', ',', 'on', 'questions', 'of', 'fact', 'and', 'law', ',', 'the', 'decision', 'of', 'the', 'body', 'below', '.', 'As', 'the', 'Administrative', 'Court', 'lacks', 'that', 'power', ',', 'it', 'can', 'not', 'be', 'regarded', 'as', 'a', '""', 'tribunal', '""', 'within', 'the', 'meaning', 'of', 'the', 'Convention', '.', 'Moreover', ',', 'in', 'a', 'judgment', 'of', '14', 'October', '1987', 'the', 'Constitutional', 'Court', 'held', 'that', 'in', 'respect', 'of', 'criminal', 'penalties', 'not', 'covered', 'by', 'the', 'reservation', 'in', 'respect', 'of', 'Article', '5', '(', 'art', '.', '5', ')', ',', 'the', 'limited', 'review', 'carried', 'out', 'by', 'the', 'Administrative', 'Court', 'or', 'the', 'Constitutional', 'Court', 'was', 'insufficient', '(', 'see', 'paragraph', '26', 'above', ')', '.']"	['O', 'O', 'B-Subsumtion', 'I-Subsumtion', 'I-Subsumtion', 'I-Subsumtion', 'I-Subsumtion', 'I-Subsumtion', 'I-Subsumtion', 'I-Subsumtion', 'I-Subsumtion', 'I-Subsumtion', 'I-Subsumtion', 'I-Subsumtion', 'I-Subsumtion', 'I-Subsumtion', 'I-Subsumtion', 'I-Subsumtion', 'I-Subsumtion', 'I-Subsumtion', 'I-Subsumtion', 'I-Subsumtion', 'I-Subsumtion', 'I-Subsumtion', 'I-Subsumtion', 'I-Subsumtion', 'I-Subsumtion', 'I-Subsumtion', 'I-Subsumtion', 'I-Subsumtion', 'I-Subsumtion', 'I-Subsumtion', 'I-Subsumtion', 'I-Subsumtion', 'I-Subsumtion', 'I-Subsumtion', 'I-Subsumtion', 'I-Subsumtion', 'I-Subsumtion', 'I-Subsumtion', 'I-Subsumtion', 'I-Subsumtion', 'I-Subsumtion', 'I-Subsumtion', 'I-Subsumtion', 'I-Subsumtion', 'I-Subsumtion', 'I-Subsumtion', 'I-Subsumtion', 'I-Subsumtion', 'I-Subsumtion', 'I-Subsumtion', 'I-Subsumtion', 'I-Subsumtion', 'I-Subsumtion', 'I-Subsumtion', 'I-Subsumtion', 'I-Subsumtion', 'I-Subsumtion', 'I-Subsumtion', 'I-Subsumtion', 'I-Subsumtion', 'I-Subsumtion', 'I-Subsumtion', 'I-Subsumtion', 'I-Subsumtion', 'I-Subsumtion', 'I-Subsumtion', 'I-Subsumtion', 'I-Subsumtion', 'I-Subsumtion', 'I-Subsumtion', 'I-Subsumtion', 'I-Subsumtion', 'I-Subsumtion', 'I-Subsumtion', 'I-Subsumtion', 'I-Subsumtion', 'I-Subsumtion', 'I-Subsumtion', 'I-Subsumtion', 'I-Subsumtion', 'I-Subsumtion', 'I-Subsumtion', 'I-Subsumtion', 'I-Subsumtion', 'I-Subsumtion', 'I-Subsumtion', 'I-Subsumtion', 'I-Subsumtion', 'I-Subsumtion', 'I-Subsumtion', 'I-Subsumtion', 'I-Subsumtion', 'I-Subsumtion', 'I-Subsumtion', 'I-Subsumtion', 'I-Subsumtion', 'I-Subsumtion', 'I-Subsumtion', 'I-Subsumtion', 'I-Subsumtion', 'I-Subsumtion', 'I-Subsumtion', 'I-Subsumtion', 'I-Subsumtion', 'I-Subsumtion', 'I-Subsumtion', 'I-Subsumtion', 'I-Subsumtion', 'I-Subsumtion', 'I-Subsumtion', 'I-Subsumtion', 'I-Subsumtion', 'I-Subsumtion', 'I-Subsumtion', 'I-Subsumtion', 'I-Subsumtion', 'I-Subsumtion', 'I-Subsumtion', 'I-Subsumtion', 'I-Subsumtion', 'I-Subsumtion', 'I-Subsumtion', 'I-Subsumtion', 'I-Subsumtion', 'I-Subsumtion', 'I-Subsumtion', 'I-Subsumtion', 'I-Subsumtion', 'I-Subsumtion', 'I-Subsumtion', 'I-Subsumtion', 'I-Subsumtion', 'I-Subsumtion', 'I-Subsumtion', 'I-Subsumtion', 'I-Subsumtion', 'I-Subsumtion', 'I-Subsumtion', 'I-Subsumtion', 'I-Subsumtion', 'I-Subsumtion', 'I-Subsumtion', 'I-Subsumtion', 'I-Subsumtion', 'I-Subsumtion', 'I-Subsumtion', 'I-Subsumtion', 'I-Subsumtion', 'I-Subsumtion', 'I-Subsumtion', 'I-Subsumtion', 'I-Subsumtion', 'I-Subsumtion', 'I-Subsumtion', 'I-Subsumtion', 'I-Subsumtion', 'I-Subsumtion', 'I-Subsumtion', 'I-Subsumtion', 'I-Subsumtion', 'I-Subsumtion', 'I-Subsumtion', 'I-Subsumtion', 'I-Subsumtion', 'I-Subsumtion', 'I-Subsumtion', 'I-Subsumtion', 'I-Subsumtion', 'I-Subsumtion', 'I-Subsumtion', 'I-Subsumtion', 'I-Subsumtion', 'I-Subsumtion', 'I-Subsumtion', 'I-Subsumtion', 'I-Subsumtion', 'I-Subsumtion', 'I-Subsumtion', 'I-Subsumtion', 'I-Subsumtion', 'I-Subsumtion', 'I-Subsumtion', 'I-Subsumtion', 'I-Subsumtion', 'I-Subsumtion', 'I-Subsumtion', 'I-Subsumtion', 'I-Subsumtion', 'I-Subsumtion', 'I-Subsumtion', 'I-Subsumtion', 'I-Subsumtion', 'I-Subsumtion', 'I-Subsumtion', 'I-Subsumtion', 'I-Subsumtion', 'I-Subsumtion', 'I-Subsumtion', 'I-Subsumtion', 'I-Subsumtion', 'I-Subsumtion', 'I-Subsumtion']
"['44', '.', 'It', 'follows', 'that', 'the', 'applicant', 'did', 'not', 'have', 'access', 'to', 'a', '""', 'tribunal', '""', '.', 'There', 'has', 'accordingly', 'been', 'a', 'violation', 'of', 'Article', '6', 'para', '.', '1', '(', 'art', '.', '6', '-', '1', ')', 'on', 'this', 'point', '.']"	['O', 'O', 'B-Subsumtion', 'I-Subsumtion', 'I-Subsumtion', 'I-Subsumtion', 'I-Subsumtion', 'I-Subsumtion', 'I-Subsumtion', 'I-Subsumtion', 'I-Subsumtion', 'I-Subsumtion', 'I-Subsumtion', 'I-Subsumtion', 'I-Subsumtion', 'I-Subsumtion', 'I-Subsumtion', 'B-Entscheidung des EGMR', 'I-Entscheidung des EGMR', 'I-Entscheidung des EGMR', 'I-Entscheidung des EGMR', 'I-Entscheidung des EGMR', 'I-Entscheidung des EGMR', 'I-Entscheidung des EGMR', 'I-Entscheidung des EGMR', 'I-Entscheidung des EGMR', 'I-Entscheidung des EGMR', 'I-Entscheidung des EGMR', 'I-Entscheidung des EGMR', 'I-Entscheidung des EGMR', 'I-Entscheidung des EGMR', 'I-Entscheidung des EGMR', 'I-Entscheidung des EGMR', 'I-Entscheidung des EGMR', 'I-Entscheidung des EGMR', 'I-Entscheidung des EGMR', 'I-Entscheidung des EGMR', 'I-Entscheidung des EGMR', 'I-Entscheidung des EGMR', 'I-Entscheidung des EGMR']
['2', '.', 'Lack', 'of', 'a', 'hearing', 'and', 'failure', 'to', 'take', 'evidence', 'from', 'witnesses']	['O', 'O', 'O', 'O', 'O', 'O', 'O', 'O', 'O', 'O', 'O', 'O', 'O']
['45', '.', 'Mr', 'Palaoro', 'further', 'criticised', 'the', 'Administrative', 'Court', 'for', 'failing', 'to', 'hold', 'a', 'hearing', 'or', 'take', 'evidence', 'from', 'witnesses', '.']	['O', 'O', 'B-Subsumtion', 'I-Subsumtion', 'I-Subsumtion', 'I-Subsumtion', 'I-Subsumtion', 'I-Subsumtion', 'I-Subsumtion', 'I-Subsumtion', 'I-Subsumtion', 'I-Subsumtion', 'I-Subsumtion', 'I-Subsumtion', 'I-Subsumtion', 'I-Subsumtion', 'I-Subsumtion', 'I-Subsumtion', 'I-Subsumtion', 'I-Subsumtion', 'I-Subsumtion']
['46', '.', 'Having', 'regard', 'to', 'the', 'conclusion', 'in', 'paragraph', '44', 'above', ',', 'the', 'Court', 'does', 'not', 'consider', 'it', 'necessary', 'to', 'examine', 'these', 'complaints', '.']	['O', 'O', 'B-Subsumtion', 'I-Subsumtion', 'I-Subsumtion', 'I-Subsumtion', 'I-Subsumtion', 'I-Subsumtion', 'I-Subsumtion', 'I-Subsumtion', 'I-Subsumtion', 'I-Subsumtion', 'I-Subsumtion', 'I-Subsumtion', 'I-Subsumtion', 'I-Subsumtion', 'I-Subsumtion', 'I-Subsumtion', 'I-Subsumtion', 'I-Subsumtion', 'I-Subsumtion', 'I-Subsumtion', 'I-Subsumtion', 'I-Subsumtion']
['II', '.', 'APPLICATION', 'OF', 'ARTICLE', '50', '(', 'art', '.', '50', ')', 'OF', 'THE', 'CONVENTION']	['O', 'O', 'O', 'O', 'O', 'O', 'O', 'O', 'O', 'O', 'O', 'O', 'O', 'O']
['47', '.', 'Under', 'Article', '50', '(', 'art', '.', '50', ')', 'of', 'the', 'Convention', ',']	['O', 'O', 'O', 'O', 'O', 'O', 'O', 'O', 'O', 'O', 'O', 'O', 'O', 'O']
"['""', 'If', 'the', 'Court', 'finds', 'that', 'a', 'decision', 'or', 'a', 'measure', 'taken', 'by', 'a', 'legal', 'authority', 'or', 'any', 'other', 'authority', 'of', 'a', 'High', 'Contracting', 'Party', 'is', 'completely', 'or', 'partially', 'in', 'conflict', 'with', 'the', 'obligations', 'arising', 'from', 'the', '...', 'Convention', ',', 'and', 'if', 'the', 'internal', 'law', 'of', 'the', 'said', 'Party', 'allows', 'only', 'partial', 'reparation', 'to', 'be', 'made', 'for', 'the', 'consequences', 'of', 'this', 'decision', 'or', 'measure', ',', 'the', 'decision', 'of', 'the', 'Court', 'shall', ',', 'if', 'necessary', ',', 'afford', 'just', 'satisfaction', 'to', 'the', 'injured', 'party', '.', '""']"	['O', 'O', 'O', 'O', 'O', 'O', 'O', 'O', 'O', 'O', 'O', 'O', 'O', 'O', 'O', 'O', 'O', 'O', 'O', 'O', 'O', 'O', 'O', 'O', 'O', 'O', 'O', 'O', 'O', 'O', 'O', 'O', 'O', 'O', 'O', 'O', 'O', 'O', 'O', 'O', 'O', 'O', 'O', 'O', 'O', 'O', 'O', 'O', 'O', 'O', 'O', 'O', 'O', 'O', 'O', 'O', 'O', 'O', 'O', 'O', 'O', 'O', 'O', 'O', 'O', 'O', 'O', 'O', 'O', 'O', 'O', 'O', 'O', 'O', 'O', 'O', 'O', 'O', 'O', 'O', 'O', 'O', 'O', 'O']
['48', '.', 'The', 'Delegate', 'of', 'the', 'Commission', 'left', 'the', 'matter', 'of', 'just', 'satisfaction', 'to', 'the', 'discretion', 'of', 'the', 'Court', '.']	['O', 'O', 'B-Subsumtion', 'I-Subsumtion', 'I-Subsumtion', 'I-Subsumtion', 'I-Subsumtion', 'I-Subsumtion', 'I-Subsumtion', 'I-Subsumtion', 'I-Subsumtion', 'I-Subsumtion', 'I-Subsumtion', 'I-Subsumtion', 'I-Subsumtion', 'I-Subsumtion', 'I-Subsumtion', 'I-Subsumtion', 'I-Subsumtion', 'I-Subsumtion']
['A.', 'Damage']	['O', 'O']
['49', '.', 'In', 'respect', 'of', 'pecuniary', 'damage', ',', 'the', 'applicant', 'claimed', 'repayment', 'of', 'the', 'fine', 'imposed', 'on', 'him', ',', 'that', 'is', 'to', 'say', 'ATS', '6,600', '.', 'He', 'also', 'claimed', 'ATS', '6,000', 'for', 'non', '-', 'pecuniary', 'damage', '.']	['O', 'O', 'B-Subsumtion', 'I-Subsumtion', 'I-Subsumtion', 'I-Subsumtion', 'I-Subsumtion', 'I-Subsumtion', 'I-Subsumtion', 'I-Subsumtion', 'I-Subsumtion', 'I-Subsumtion', 'I-Subsumtion', 'I-Subsumtion', 'I-Subsumtion', 'I-Subsumtion', 'I-Subsumtion', 'I-Subsumtion', 'I-Subsumtion', 'I-Subsumtion', 'I-Subsumtion', 'I-Subsumtion', 'I-Subsumtion', 'I-Subsumtion', 'I-Subsumtion', 'I-Subsumtion', 'I-Subsumtion', 'I-Subsumtion', 'I-Subsumtion', 'I-Subsumtion', 'I-Subsumtion', 'I-Subsumtion', 'I-Subsumtion', 'I-Subsumtion', 'I-Subsumtion', 'I-Subsumtion', 'I-Subsumtion']
['50', '.', 'The', 'Government', 'contended', 'that', 'the', 'Court', 'had', 'no', 'jurisdiction', 'to', 'quash', 'convictions', 'pronounced', 'by', 'national', 'courts', 'or', 'to', 'order', 'repayment', 'of', 'fines', '.', 'Moreover', ',', 'it', 'could', 'not', ',', 'in', 'awarding', 'reparation', ',', 'speculate', 'as', 'to', 'what', 'the', 'outcome', 'of', 'the', 'proceedings', 'would', 'have', 'been', 'if', 'the', 'applicant', 'had', 'had', 'access', 'to', 'a', 'tribunal', 'within', 'the', 'meaning', 'of', 'Article', '6', 'para', '.', '1', '(', 'art', '.', '6', '-', '1', ')', 'of', 'the', 'Convention', '.']	['O', 'O', 'B-Subsumtion', 'I-Subsumtion', 'I-Subsumtion', 'I-Subsumtion', 'I-Subsumtion', 'I-Subsumtion', 'I-Subsumtion', 'I-Subsumtion', 'I-Subsumtion', 'I-Subsumtion', 'I-Subsumtion', 'I-Subsumtion', 'I-Subsumtion', 'I-Subsumtion', 'I-Subsumtion', 'I-Subsumtion', 'I-Subsumtion', 'I-Subsumtion', 'I-Subsumtion', 'I-Subsumtion', 'I-Subsumtion', 'I-Subsumtion', 'I-Subsumtion', 'I-Subsumtion', 'I-Subsumtion', 'I-Subsumtion', 'I-Subsumtion', 'I-Subsumtion', 'I-Subsumtion', 'I-Subsumtion', 'I-Subsumtion', 'I-Subsumtion', 'I-Subsumtion', 'I-Subsumtion', 'I-Subsumtion', 'I-Subsumtion', 'I-Subsumtion', 'I-Subsumtion', 'I-Subsumtion', 'I-Subsumtion', 'I-Subsumtion', 'I-Subsumtion', 'I-Subsumtion', 'I-Subsumtion', 'I-Subsumtion', 'I-Subsumtion', 'I-Subsumtion', 'I-Subsumtion', 'I-Subsumtion', 'I-Subsumtion', 'I-Subsumtion', 'I-Subsumtion', 'I-Subsumtion', 'I-Subsumtion', 'I-Subsumtion', 'I-Subsumtion', 'I-Subsumtion', 'I-Subsumtion', 'I-Subsumtion', 'I-Subsumtion', 'I-Subsumtion', 'I-Subsumtion', 'I-Subsumtion', 'I-Subsumtion', 'I-Subsumtion', 'I-Subsumtion', 'I-Subsumtion', 'I-Subsumtion', 'I-Subsumtion', 'I-Subsumtion', 'I-Subsumtion', 'I-Subsumtion', 'I-Subsumtion', 'I-Subsumtion']
['51', '.', 'The', 'Court', 'agrees', '.', 'It', 'can', 'not', 'speculate', 'as', 'to', 'what', 'the', 'outcome', 'of', 'the', 'proceedings', 'in', 'issue', 'might', 'have', 'been', 'if', 'the', 'violation', 'of', 'the', 'Convention', 'had', 'not', 'occurred', '(', 'see', 'the', 'Hauschildt', 'v.', 'Denmark', 'judgment', 'of', '24', 'May', '1989', ',', 'Series', 'A', 'no', '.', '154', ',', 'p.', '24', ',', 'para', '.', '57', ';', 'the', 'Saïdi', 'v.', 'France', 'judgment', 'of', '20', 'September', '1993', ',', 'Series', 'A', 'no', '.', '261', '-', 'C', ',', 'p.', '58', ',', 'para', '.', '49', ';', 'and', 'the', 'Fischer', 'judgment', ',', 'previously', 'cited', ',', 'p.', '21', ',', 'para', '.', '47', ')', '.', 'It', 'considers', 'that', ',', 'in', 'the', 'circumstances', 'of', 'the', 'case', ',', 'the', 'present', 'judgment', 'affords', 'the', 'applicant', 'sufficient', 'reparation', '.']	['O', 'O', 'B-Subsumtion', 'I-Subsumtion', 'I-Subsumtion', 'I-Subsumtion', 'I-Subsumtion', 'I-Subsumtion', 'I-Subsumtion', 'I-Subsumtion', 'I-Subsumtion', 'I-Subsumtion', 'I-Subsumtion', 'I-Subsumtion', 'I-Subsumtion', 'I-Subsumtion', 'I-Subsumtion', 'I-Subsumtion', 'I-Subsumtion', 'I-Subsumtion', 'I-Subsumtion', 'I-Subsumtion', 'I-Subsumtion', 'I-Subsumtion', 'I-Subsumtion', 'I-Subsumtion', 'I-Subsumtion', 'I-Subsumtion', 'I-Subsumtion', 'I-Subsumtion', 'I-Subsumtion', 'I-Subsumtion', 'I-Subsumtion', 'I-Subsumtion', 'I-Subsumtion', 'I-Subsumtion', 'I-Subsumtion', 'I-Subsumtion', 'I-Subsumtion', 'I-Subsumtion', 'I-Subsumtion', 'I-Subsumtion', 'I-Subsumtion', 'I-Subsumtion', 'I-Subsumtion', 'I-Subsumtion', 'I-Subsumtion', 'I-Subsumtion', 'I-Subsumtion', 'I-Subsumtion', 'I-Subsumtion', 'I-Subsumtion', 'I-Subsumtion', 'I-Subsumtion', 'I-Subsumtion', 'I-Subsumtion', 'I-Subsumtion', 'I-Subsumtion', 'I-Subsumtion', 'I-Subsumtion', 'I-Subsumtion', 'I-Subsumtion', 'I-Subsumtion', 'I-Subsumtion', 'I-Subsumtion', 'I-Subsumtion', 'I-Subsumtion', 'I-Subsumtion', 'I-Subsumtion', 'I-Subsumtion', 'I-Subsumtion', 'I-Subsumtion', 'I-Subsumtion', 'I-Subsumtion', 'I-Subsumtion', 'I-Subsumtion', 'I-Subsumtion', 'I-Subsumtion', 'I-Subsumtion', 'I-Subsumtion', 'I-Subsumtion', 'I-Subsumtion', 'I-Subsumtion', 'I-Subsumtion', 'I-Subsumtion', 'I-Subsumtion', 'I-Subsumtion', 'I-Subsumtion', 'I-Subsumtion', 'I-Subsumtion', 'I-Subsumtion', 'I-Subsumtion', 'I-Subsumtion', 'I-Subsumtion', 'I-Subsumtion', 'I-Subsumtion', 'I-Subsumtion', 'I-Subsumtion', 'B-Entscheidung des EGMR', 'I-Entscheidung des EGMR', 'I-Entscheidung des EGMR', 'I-Entscheidung des EGMR', 'I-Entscheidung des EGMR', 'I-Entscheidung des EGMR', 'I-Entscheidung des EGMR', 'I-Entscheidung des EGMR', 'I-Entscheidung des EGMR', 'I-Entscheidung des EGMR', 'I-Entscheidung des EGMR', 'I-Entscheidung des EGMR', 'I-Entscheidung des EGMR', 'I-Entscheidung des EGMR', 'I-Entscheidung des EGMR', 'I-Entscheidung des EGMR', 'I-Entscheidung des EGMR', 'I-Entscheidung des EGMR', 'I-Entscheidung des EGMR', 'I-Entscheidung des EGMR']
['B.', 'Costs', 'and', 'expenses']	['O', 'O', 'O', 'O']
['52', '.', 'In', 'addition', ',', 'Mr', 'Palaoro', 'claimed', 'the', 'sum', 'of', 'ATS', '204,039', 'for', 'the', 'costs', 'and', 'expenses', 'incurred', 'in', 'the', 'proceedings', 'first', 'in', 'the', 'domestic', 'courts', 'and', 'then', 'before', 'the', 'Convention', 'institutions', '.']	['O', 'O', 'O', 'O', 'O', 'O', 'O', 'O', 'O', 'O', 'O', 'O', 'O', 'O', 'O', 'O', 'O', 'O', 'O', 'O', 'O', 'O', 'O', 'O', 'O', 'O', 'O', 'O', 'O', 'O', 'O', 'O', 'O', 'O']
['53', '.', 'The', 'Government', 'expressed', 'the', 'view', 'that', 'only', 'the', 'proceedings', 'in', 'the', 'Administrative', 'Court', '-', 'which', 'had', 'given', 'rise', 'to', 'the', 'alleged', 'violations', '-', 'and', 'those', 'in', 'Strasbourg', 'could', 'be', 'taken', 'into', 'account', '.', 'They', 'also', 'contested', 'the', 'quantum', 'of', 'the', 'costs', ',', 'but', 'they', 'were', 'prepared', 'to', 'reimburse', 'a', 'total', 'of', 'ATS', '300,000', 'in', 'respect', 'of', 'the', 'Umlauft', ',', 'Pramstaller', ',', 'Palaoro', 'and', 'Pfarrmeier', 'cases', ',', 'the', 'applicants', 'in', 'all', 'these', 'cases', 'having', 'been', 'represented', 'by', 'the', 'same', 'lawyer', '.']	['O', 'O', 'O', 'O', 'O', 'O', 'O', 'O', 'O', 'O', 'O', 'O', 'O', 'O', 'O', 'O', 'O', 'O', 'O', 'O', 'O', 'O', 'O', 'O', 'O', 'O', 'O', 'O', 'O', 'O', 'O', 'O', 'O', 'O', 'O', 'O', 'O', 'O', 'O', 'O', 'O', 'O', 'O', 'O', 'O', 'O', 'O', 'O', 'O', 'O', 'O', 'O', 'O', 'O', 'O', 'O', 'O', 'O', 'O', 'O', 'O', 'O', 'O', 'O', 'O', 'O', 'O', 'O', 'O', 'O', 'O', 'O', 'O', 'O', 'O', 'O', 'O', 'O', 'O', 'O', 'O', 'O']
['54', '.', 'Making', 'an', 'assessment', 'on', 'an', 'equitable', 'basis', ',', 'having', 'regard', 'to', 'the', 'information', 'in', 'its', 'possession', 'and', 'its', 'case', '-', 'law', ',', 'the', 'Court', 'awards', 'Mr', 'Palaoro', 'ATS', '100,000', '.']	['O', 'O', 'O', 'O', 'O', 'O', 'O', 'O', 'O', 'O', 'O', 'O', 'O', 'O', 'O', 'O', 'O', 'O', 'O', 'O', 'O', 'O', 'O', 'O', 'O', 'O', 'O', 'O', 'O', 'O', 'O', 'O']
['FOR', 'THESE', 'REASONS', ',', 'THE', 'COURT', 'UNANIMOUSLY']	['O', 'O', 'O', 'O', 'O', 'O', 'O']
['1', '.', 'Holds', 'that', 'Article', '6', 'para', '.', '1', '(', 'art', '.', '6', '-', '1', ')', 'of', 'the', 'Convention', 'applies', 'in', 'this', 'case', ';']	['O', 'O', 'O', 'O', 'O', 'O', 'O', 'O', 'O', 'O', 'O', 'O', 'O', 'O', 'O', 'O', 'O', 'O', 'O', 'O', 'O', 'O', 'O', 'O']
['2', '.', 'Holds', 'that', 'there', 'has', 'been', 'a', 'violation', 'of', 'that', 'Article', '(', 'art', '.', '6', '-', '1', ')', 'as', 'regards', 'access', 'to', 'a', 'court', ';']	['O', 'O', 'O', 'O', 'O', 'O', 'O', 'O', 'O', 'O', 'O', 'O', 'O', 'O', 'O', 'O', 'O', 'O', 'O', 'O', 'O', 'O', 'O', 'O', 'O', 'O']
"['3', '.', 'Holds', 'that', 'it', 'is', 'not', 'necessary', 'to', 'examine', 'the', 'complaints', 'based', 'on', 'the', 'lack', 'of', 'a', 'hearing', 'in', 'the', 'Administrative', 'Court', 'and', 'that', 'court', ""'s"", 'failure', 'to', 'take', 'evidence', 'from', 'witnesses', ';']"	['O', 'O', 'O', 'O', 'O', 'O', 'O', 'O', 'O', 'O', 'O', 'O', 'O', 'O', 'O', 'O', 'O', 'O', 'O', 'O', 'O', 'O', 'O', 'O', 'O', 'O', 'O', 'O', 'O', 'O', 'O', 'O', 'O', 'O']
['4', '.', 'Holds', 'that', 'the', 'respondent', 'State', 'is', 'to', 'pay', 'the', 'applicant', ',', 'within', 'three', 'months', ',', '100,000', '(', 'one', 'hundred', 'thousand', ')', 'Austrian', 'schillings', 'in', 'respect', 'of', 'costs', 'and', 'expenses', ';']	['O', 'O', 'O', 'O', 'O', 'O', 'O', 'O', 'O', 'O', 'O', 'O', 'O', 'O', 'O', 'O', 'O', 'O', 'O', 'O', 'O', 'O', 'O', 'O', 'O', 'O', 'O', 'O', 'O', 'O', 'O', 'O']
['5', '.', 'Dismisses', 'the', 'remainder', 'of', 'the', 'claim', 'for', 'just', 'satisfaction', '.']	['O', 'O', 'O', 'O', 'O', 'O', 'O', 'O', 'O', 'O', 'O', 'O']
['Done', 'in', 'English', 'and', 'in', 'French', ',', 'and', 'delivered', 'at', 'a', 'public', 'hearing', 'in', 'the', 'Human', 'Rights', 'Building', ',', 'Strasbourg', ',', 'on', '23', 'October', '1995', '.']	['O', 'O', 'O', 'O', 'O', 'O', 'O', 'O', 'O', 'O', 'O', 'O', 'O', 'O', 'O', 'O', 'O', 'O', 'O', 'O', 'O', 'O', 'O', 'O', 'O', 'O']
['Rolv', 'RYSSDAL']	['O', 'O']
['President']	['O']
['Herbert', 'PETZOLD']	['O', 'O']
['Registrar']	['O']
['In', 'accordance', 'with', 'Article', '51', 'para', '.', '2', '(', 'art', '.', '51', '-', '2', ')', 'of', 'the', 'Convention', 'and', 'Rule', '53', 'para', '.', '2', 'of', 'Rules', 'of', 'Court', 'A', ',', 'the', 'separate', 'opinion', 'of', 'Mr', 'Martens', 'is', 'annexed', 'to', 'this', 'judgment', '.']	['O', 'O', 'O', 'O', 'O', 'O', 'O', 'O', 'O', 'O', 'O', 'O', 'O', 'O', 'O', 'O', 'O', 'O', 'O', 'O', 'O', 'O', 'O', 'O', 'O', 'O', 'O', 'O', 'O', 'O', 'O', 'O', 'O', 'O', 'O', 'O', 'O', 'O', 'O', 'O', 'O', 'O']
['R.', 'R.']	['O', 'O']
['H.', 'P.']	['O', 'O']
['SEPARATE', 'OPINION', 'OF', 'JUDGE', 'MARTENS']	['O', 'O', 'O', 'O', 'O']
"['1', '.', 'I', 'concur', 'in', 'the', 'Court', ""'s"", 'finding', 'that', 'Article', '6', '(', 'art', '.', '6', ')', 'has', 'been', 'violated', ',', 'but', 'can', 'not', 'agree', 'with', 'its', 'reasoning', '.']"	['O', 'O', 'O', 'O', 'O', 'O', 'O', 'O', 'O', 'O', 'O', 'O', 'O', 'O', 'O', 'O', 'O', 'O', 'O', 'O', 'O', 'O', 'O', 'O', 'O', 'O', 'O', 'O', 'O']
['2', '.', 'My', 'objections', 'concern', 'paragraph', '43', 'of', 'the', 'judgment', ',', 'which', 'starts', 'with', 'the', 'statement', ':']	['O', 'O', 'O', 'O', 'O', 'O', 'O', 'O', 'O', 'O', 'O', 'O', 'O', 'O', 'O', 'O', 'O']
"['""', 'The', 'powers', 'of', 'the', 'Administrative', 'Court', 'must', 'be', 'assessed', 'in', 'the', 'light', 'of', 'the', 'fact', 'that', 'the', 'court', 'in', 'this', 'case', 'was', 'sitting', 'in', 'proceedings', 'that', 'were', 'of', 'a', 'criminal', 'nature', 'for', 'the', 'purposes', 'of', 'the', 'Convention', '.', '""']"	['O', 'O', 'O', 'O', 'O', 'O', 'O', 'O', 'O', 'O', 'O', 'O', 'O', 'O', 'O', 'O', 'O', 'O', 'O', 'O', 'O', 'O', 'O', 'O', 'O', 'O', 'O', 'O', 'O', 'O', 'O', 'O', 'O', 'O', 'O', 'O', 'O', 'O', 'O', 'O']
"['3', '.', 'I', 'will', 'refrain', 'from', 'a', 'structural', 'criticism', 'of', 'this', 'paragraph', '.', 'I', 'can', 'not', 'help', 'noting', ',', 'however', ',', 'that', 'here', 'again', 'the', 'Court', 'finds', 'it', 'necessary', 'to', 'remark', 'that', 'when', 'it', 'is', 'being', 'assessed', 'whether', 'or', 'not', 'the', 'Administrative', 'Court', 'is', 'to', 'be', 'considered', 'a', 'court', 'that', 'affords', 'the', 'safeguards', 'of', 'Article', '6', 'para', '.', '1', '(', 'art', '.', '6', '-', '1', ')', ',', '""', 'regard', 'must', 'be', 'had', 'to', 'the', 'complaints', 'raised', 'in', 'that', 'court', '""', '.', 'One', 'looks', 'in', 'vain', ',', 'however', ',', 'for', 'evidence', 'of', 'this', 'methodological', 'principle', 'being', 'put', 'into', 'practice', ':', 'there', 'does', 'not', 'follow', 'any', 'analysis', 'of', 'what', 'the', 'applicant', 'argued', 'before', 'the', 'Administrative', 'Court', ',', 'nor', 'is', 'there', 'any', 'trace', 'of', '""', 'regard', '""', 'to', 'these', 'arguments', 'in', 'the', 'assessment', 'of', 'the', 'adequacy', 'of', 'the', 'Administrative', 'Court', ""'s"", 'jurisdiction', '.', 'For', 'the', 'rest', ',', 'I', 'refer', 'to', 'the', 'methodological', 'objections', 'to', 'this', '""', 'test', '""', 'that', 'I', 'raised', 'in', 'paragraph', '18', 'of', 'my', 'separate', 'opinion', 'in', 'the', 'case', 'of', 'Fischer', 'v.', 'Austria', '(', 'judgment', 'of', '26', 'April', '1995', ',', 'Series', 'A', 'no', '.', '312', ')', '.']"	['O', 'O', 'O', 'O', 'O', 'O', 'O', 'O', 'O', 'O', 'O', 'O', 'O', 'O', 'O', 'O', 'O', 'O', 'O', 'O', 'O', 'O', 'O', 'O', 'O', 'O', 'O', 'O', 'O', 'O', 'O', 'O', 'O', 'O', 'O', 'O', 'O', 'O', 'O', 'O', 'O', 'O', 'O', 'O', 'O', 'O', 'O', 'O', 'O', 'O', 'O', 'O', 'O', 'O', 'O', 'O', 'O', 'O', 'O', 'O', 'O', 'O', 'O', 'O', 'O', 'O', 'O', 'O', 'O', 'O', 'O', 'O', 'O', 'O', 'O', 'O', 'O', 'O', 'O', 'O', 'O', 'O', 'O', 'O', 'O', 'O', 'O', 'O', 'O', 'O', 'O', 'O', 'O', 'O', 'O', 'O', 'O', 'O', 'O', 'O', 'O', 'O', 'O', 'O', 'O', 'O', 'O', 'O', 'O', 'O', 'O', 'O', 'O', 'O', 'O', 'O', 'O', 'O', 'O', 'O', 'O', 'O', 'O', 'O', 'O', 'O', 'O', 'O', 'O', 'O', 'O', 'O', 'O', 'O', 'O', 'O', 'O', 'O', 'O', 'O', 'O', 'O', 'O', 'O', 'O', 'O', 'O', 'O', 'O', 'O', 'O', 'O', 'O', 'O', 'O', 'O', 'O', 'O', 'O', 'O', 'O', 'O', 'O', 'O', 'O', 'O', 'O', 'O', 'O', 'O', 'O', 'O', 'O', 'O', 'O', 'O', 'O', 'O', 'O', 'O', 'O', 'O', 'O', 'O', 'O', 'O']
"['4', '.', 'My', 'main', 'objection', 'to', 'this', 'paragraph', 'is', 'the', 'following', '.', 'In', 'the', 'three', 'civil', 'cases', 'discussed', 'in', 'my', 'aforementioned', 'separate', 'opinion', ',', 'the', 'Court', 'found', 'that', 'the', 'Austrian', 'Administrative', 'Court', 'met', 'the', 'requirements', 'of', 'a', 'tribunal', 'within', 'the', 'meaning', 'of', 'Article', '6', 'para', '.', '1', '(', 'art', '.', '6', '-', '1', ')', '.', 'In', 'the', 'paragraph', 'under', 'discussion', ',', 'however', ',', 'it', 'reaches', 'the', 'opposite', 'conclusion', ',', 'stressing', 'that', 'in', 'this', 'case', 'the', 'Administrative', 'Court', 'was', 'sitting', 'in', 'proceedings', 'of', 'a', 'criminal', 'nature', '.', 'One', 'can', 'not', 'but', 'infer', 'that', 'the', 'Court', 'is', 'of', 'the', 'opinion', 'that', 'in', 'a', 'case', 'which', 'under', 'national', 'law', 'is', 'an', '""', 'administrative', '""', 'one', 'but', 'under', 'the', 'Convention', 'is', 'a', '""', 'criminal', '""', 'one', ',', 'the', 'safeguards', 'afforded', 'by', 'the', 'tribunal', 'that', 'is', 'to', 'review', 'the', 'final', 'decision', 'of', 'the', 'administrative', 'bodies', 'differ', 'from', 'those', 'required', 'in', 'a', 'case', 'that', 'under', 'national', 'law', 'is', 'an', '""', 'administrative', '""', 'one', 'but', 'under', 'the', 'Convention', 'is', 'a', '""', 'civil', '""', 'one', '.', 'I', 'can', 'not', 'see', 'any', 'justification', 'for', 'such', 'differentiation', ',', 'which', 'does', 'not', 'find', 'support', 'in', 'the', 'wording', 'or', 'the', 'purpose', 'of', 'Article', '6', '(', 'art', '.', '6', ')', '[', '5', ']', '.', 'Nor', 'does', 'the', 'Court', 'offer', 'one', ',', 'its', 'decision', 'on', 'this', 'crucial', 'point', 'being', 'unsupported', 'by', 'any', 'argument', '.', 'This', 'is', 'the', 'more', 'to', 'be', 'regretted', 'as', 'this', 'differentiation', 'is', 'contrary', 'to', 'the', 'Court', ""'s"", 'case', '-', 'law', '[', '6', ']', '.']"	['O', 'O', 'O', 'O', 'O', 'O', 'O', 'O', 'O', 'O', 'O', 'O', 'O', 'O', 'O', 'O', 'O', 'O', 'O', 'O', 'O', 'O', 'O', 'O', 'O', 'O', 'O', 'O', 'O', 'O', 'O', 'O', 'O', 'O', 'O', 'O', 'O', 'O', 'O', 'O', 'O', 'O', 'O', 'O', 'O', 'O', 'O', 'O', 'O', 'O', 'O', 'O', 'O', 'O', 'O', 'O', 'O', 'O', 'O', 'O', 'O', 'O', 'O', 'O', 'O', 'O', 'O', 'O', 'O', 'O', 'O', 'O', 'O', 'O', 'O', 'O', 'O', 'O', 'O', 'O', 'O', 'O', 'O', 'O', 'O', 'O', 'O', 'O', 'O', 'O', 'O', 'O', 'O', 'O', 'O', 'O', 'O', 'O', 'O', 'O', 'O', 'O', 'O', 'O', 'O', 'O', 'O', 'O', 'O', 'O', 'O', 'O', 'O', 'O', 'O', 'O', 'O', 'O', 'O', 'O', 'O', 'O', 'O', 'O', 'O', 'O', 'O', 'O', 'O', 'O', 'O', 'O', 'O', 'O', 'O', 'O', 'O', 'O', 'O', 'O', 'O', 'O', 'O', 'O', 'O', 'O', 'O', 'O', 'O', 'O', 'O', 'O', 'O', 'O', 'O', 'O', 'O', 'O', 'O', 'O', 'O', 'O', 'O', 'O', 'O', 'O', 'O', 'O', 'O', 'O', 'O', 'O', 'O', 'O', 'O', 'O', 'O', 'O', 'O', 'O', 'O', 'O', 'O', 'O', 'O', 'O', 'O', 'O', 'O', 'O', 'O', 'O', 'O', 'O', 'O', 'O', 'O', 'O', 'O', 'O', 'O', 'O', 'O', 'O', 'O', 'O', 'O', 'O', 'O', 'O', 'O', 'O', 'O', 'O', 'O', 'O', 'O', 'O', 'O', 'O', 'O', 'O', 'O', 'O', 'O', 'O', 'O', 'O', 'O', 'O', 'O', 'O', 'O', 'O', 'O', 'O', 'O', 'O', 'O', 'O', 'O', 'O', 'O']
"['[', '1', ']', 'The', 'case', 'is', 'numbered', '36/1994/483/565', '.', 'The', 'first', 'number', 'is', 'the', 'case', ""'s"", 'position', 'on', 'the', 'list', 'of', 'cases', 'referred', 'to', 'the', 'Court', 'in', 'the', 'relevant', 'year', '(', 'second', 'number', ')', '.', 'The', 'last', 'two', 'numbers', 'indicate', 'the', 'case', ""'s"", 'position', 'on', 'the', 'list', 'of', 'cases', 'referred', 'to', 'the', 'Court', 'since', 'its', 'creation', 'and', 'on', 'the', 'list', 'of', 'the', 'corresponding', 'originating', 'applications', 'to', 'the', 'Commission', '.']"	['O', 'O', 'O', 'O', 'O', 'O', 'O', 'O', 'O', 'O', 'O', 'O', 'O', 'O', 'O', 'O', 'O', 'O', 'O', 'O', 'O', 'O', 'O', 'O', 'O', 'O', 'O', 'O', 'O', 'O', 'O', 'O', 'O', 'O', 'O', 'O', 'O', 'O', 'O', 'O', 'O', 'O', 'O', 'O', 'O', 'O', 'O', 'O', 'O', 'O', 'O', 'O', 'O', 'O', 'O', 'O', 'O', 'O', 'O', 'O', 'O', 'O', 'O', 'O', 'O', 'O', 'O', 'O', 'O']
['[', '2', ']', 'Rules', 'A', 'apply', 'to', 'all', 'cases', 'referred', 'to', 'the', 'Court', 'before', 'the', 'entry', 'into', 'force', 'of', 'Protocol', 'No', '.', '9', '(', 'P9', ')', 'and', 'thereafter', 'only', 'to', 'cases', 'concerning', 'States', 'not', 'bound', 'by', 'that', 'Protocol', '(', 'P9', ')', '.', 'They', 'correspond', 'to', 'the', 'Rules', 'that', 'came', 'into', 'force', 'on', '1', 'January', '1983', ',', 'as', 'amended', 'several', 'times', 'subsequently', '.']	['O', 'O', 'O', 'O', 'O', 'O', 'O', 'O', 'O', 'O', 'O', 'O', 'O', 'O', 'O', 'O', 'O', 'O', 'O', 'O', 'O', 'O', 'O', 'O', 'O', 'O', 'O', 'O', 'O', 'O', 'O', 'O', 'O', 'O', 'O', 'O', 'O', 'O', 'O', 'O', 'O', 'O', 'O', 'O', 'O', 'O', 'O', 'O', 'O', 'O', 'O', 'O', 'O', 'O', 'O', 'O', 'O', 'O', 'O', 'O', 'O', 'O']
['[', '3', ']', 'Cases', 'nos', '.', '31/1994/478/560', ',', '32/1994/479/561', ',', '33/1994/480/562', ',', '35/1994/482/564', 'and', '37/1994/484/566', '.']	['O', 'O', 'O', 'O', 'O', 'O', 'O', 'O', 'O', 'O', 'O', 'O', 'O', 'O', 'O', 'O']
"['[', '4', ']', 'Note', 'by', 'the', 'Registrar', ':', 'for', 'practical', 'reasons', 'this', 'annex', 'will', 'appear', 'only', 'with', 'the', 'printed', 'version', 'of', 'the', 'judgment', '(', 'volume', '329', '-', 'B', 'of', 'Series', 'A', 'of', 'the', 'Publications', 'of', 'the', 'Court', ')', ',', 'but', 'a', 'copy', 'of', 'the', 'Commission', ""'s"", 'report', 'is', 'available', 'from', 'the', 'registry', '.']"	['O', 'O', 'O', 'O', 'O', 'O', 'O', 'O', 'O', 'O', 'O', 'O', 'O', 'O', 'O', 'O', 'O', 'O', 'O', 'O', 'O', 'O', 'O', 'O', 'O', 'O', 'O', 'O', 'O', 'O', 'O', 'O', 'O', 'O', 'O', 'O', 'O', 'O', 'O', 'O', 'O', 'O', 'O', 'O', 'O', 'O', 'O', 'O', 'O', 'O', 'O', 'O', 'O']
['[', '5', ']', 'I', 'refer', 'in', 'this', 'context', 'to', 'footnote', '62', 'of', 'my', 'aforementioned', 'separate', 'opinion', 'in', 'the', 'case', 'of', 'Fischer', 'v.', 'Austria', '.']	['O', 'O', 'O', 'O', 'O', 'O', 'O', 'O', 'O', 'O', 'O', 'O', 'O', 'O', 'O', 'O', 'O', 'O', 'O', 'O', 'O', 'O', 'O', 'O']
['[', '6', ']', 'See', ',', 'inter', 'alia', ',', 'the', 'Le', 'Compte', ',', 'Van', 'Leuven', 'and', 'De', 'Meyere', 'v.', 'Belgium', 'judgment', 'of', '23', 'June', '1981', ',', 'Series', 'A', 'no', '.', '43', ',', 'pp', '.', '23', '-', '24', ',', 'para', '.', '53', ';', 'the', 'Albert', 'and', 'Le', 'Compte', 'v.', 'Belgium', 'judgment', 'of', '10', 'February', '1983', ',', 'Series', 'A', 'no', '.', '58', ',', 'p.', '17', ',', 'para', '.', '30', ';', 'see', 'also', 'the', 'Diennet', 'v.', 'France', 'judgment', 'of', '26', 'September', '1995', ',', 'Series', 'A', 'no', '.', '325', '-', 'A', ',', 'pp', '.', '13', '-', '14', ',', 'para', '.', '28', '.']	['O', 'O', 'O', 'O', 'O', 'O', 'O', 'O', 'O', 'O', 'O', 'O', 'O', 'O', 'O', 'O', 'O', 'O', 'O', 'O', 'O', 'O', 'O', 'O', 'O', 'O', 'O', 'O', 'O', 'O', 'O', 'O', 'O', 'O', 'O', 'O', 'O', 'O', 'O', 'O', 'O', 'O', 'O', 'O', 'O', 'O', 'O', 'O', 'O', 'O', 'O', 'O', 'O', 'O', 'O', 'O', 'O', 'O', 'O', 'O', 'O', 'O', 'O', 'O', 'O', 'O', 'O', 'O', 'O', 'O', 'O', 'O', 'O', 'O', 'O', 'O', 'O', 'O', 'O', 'O', 'O', 'O', 'O', 'O', 'O', 'O', 'O', 'O', 'O', 'O', 'O', 'O', 'O', 'O', 'O', 'O', 'O']
