tokens	labels
['I.', 'SCOPE', 'OF', 'THE', 'CASE']	['O', 'O', 'O', 'O', 'O']
['51', '.', 'In', 'his', 'memorial', 'to', 'the', 'Court', 'and', 'at', 'the', 'hearing', 'the', 'applicant', 'complained', 'of', 'the', 'secretive', 'and', 'unfair', 'manner', 'in', 'which', 'his', 'tariff', '(', 'see', 'paragraph', '33', 'above', ')', 'had', 'been', 'established', '.']	['O', 'O', 'B-Subsumtion', 'I-Subsumtion', 'I-Subsumtion', 'I-Subsumtion', 'I-Subsumtion', 'I-Subsumtion', 'I-Subsumtion', 'I-Subsumtion', 'I-Subsumtion', 'I-Subsumtion', 'I-Subsumtion', 'I-Subsumtion', 'I-Subsumtion', 'I-Subsumtion', 'I-Subsumtion', 'I-Subsumtion', 'I-Subsumtion', 'I-Subsumtion', 'I-Subsumtion', 'I-Subsumtion', 'I-Subsumtion', 'I-Subsumtion', 'I-Subsumtion', 'I-Subsumtion', 'I-Subsumtion', 'I-Subsumtion', 'I-Subsumtion', 'I-Subsumtion', 'I-Subsumtion', 'I-Subsumtion', 'I-Subsumtion', 'I-Subsumtion', 'I-Subsumtion']
['52', '.', 'The', 'Court', 'notes', 'that', 'this', 'particular', 'complaint', 'was', 'not', 'dealt', 'with', 'by', 'the', 'Commission', 'in', 'its', 'report', 'or', 'admissibility', 'decision', 'and', 'that', ',', 'as', 'pointed', 'out', 'by', 'the', 'Delegate', 'of', 'the', 'Commission', ',', 'it', 'is', 'uncertain', 'whether', 'it', 'can', 'be', 'regarded', 'as', 'falling', 'within', 'the', 'compass', 'of', 'the', 'case', 'before', 'the', 'Court', 'as', 'delimited', 'by', 'the', 'Commission', '’s', 'decision', 'on', 'admissibility', '(', 'see', ',', 'inter', 'alia', ',', 'the', 'Powell', 'and', 'Rayner', 'v.', 'the', 'United', 'Kingdom', 'judgment', 'of', '21', 'February', '1990', ',', 'Series', 'A', 'no', '.', '172', ',', 'p.', '13', ',', 'para', '.', '29', ')', '.', 'In', 'any', 'event', ',', 'given', 'the', 'fact', 'that', 'the', 'applicant', '’s', 'punitive', 'period', 'has', 'now', 'expired', ',', 'the', 'Court', 'does', 'not', 'consider', 'it', 'necessary', 'to', 'examine', 'this', 'complaint', '.', 'The', 'scope', 'of', 'the', 'case', 'before', 'the', 'Court', 'is', 'therefore', 'confined', 'to', 'the', 'issues', 'under', 'Article', '5', 'para', '.', '4', '(', 'art', '.', '5', '-', '4', ')', 'raised', 'in', 'connection', 'with', 'the', 'applicant', '’s', 'current', 'situation', ',', 'that', 'is', 'post', '-', 'tariff', 'detention', '.']	['O', 'O', 'B-Subsumtion', 'I-Subsumtion', 'I-Subsumtion', 'I-Subsumtion', 'I-Subsumtion', 'I-Subsumtion', 'I-Subsumtion', 'I-Subsumtion', 'I-Subsumtion', 'I-Subsumtion', 'I-Subsumtion', 'I-Subsumtion', 'I-Subsumtion', 'I-Subsumtion', 'I-Subsumtion', 'I-Subsumtion', 'I-Subsumtion', 'I-Subsumtion', 'I-Subsumtion', 'I-Subsumtion', 'I-Subsumtion', 'I-Subsumtion', 'I-Subsumtion', 'I-Subsumtion', 'I-Subsumtion', 'I-Subsumtion', 'I-Subsumtion', 'I-Subsumtion', 'I-Subsumtion', 'I-Subsumtion', 'I-Subsumtion', 'I-Subsumtion', 'I-Subsumtion', 'I-Subsumtion', 'I-Subsumtion', 'I-Subsumtion', 'I-Subsumtion', 'I-Subsumtion', 'I-Subsumtion', 'I-Subsumtion', 'I-Subsumtion', 'I-Subsumtion', 'I-Subsumtion', 'I-Subsumtion', 'I-Subsumtion', 'I-Subsumtion', 'I-Subsumtion', 'I-Subsumtion', 'I-Subsumtion', 'I-Subsumtion', 'I-Subsumtion', 'I-Subsumtion', 'I-Subsumtion', 'I-Subsumtion', 'I-Subsumtion', 'I-Subsumtion', 'I-Subsumtion', 'I-Subsumtion', 'I-Subsumtion', 'I-Subsumtion', 'I-Subsumtion', 'I-Subsumtion', 'I-Subsumtion', 'I-Subsumtion', 'I-Subsumtion', 'I-Subsumtion', 'I-Subsumtion', 'I-Subsumtion', 'I-Subsumtion', 'I-Subsumtion', 'I-Subsumtion', 'I-Subsumtion', 'I-Subsumtion', 'I-Subsumtion', 'I-Subsumtion', 'I-Subsumtion', 'I-Subsumtion', 'I-Subsumtion', 'I-Subsumtion', 'I-Subsumtion', 'I-Subsumtion', 'I-Subsumtion', 'I-Subsumtion', 'I-Subsumtion', 'I-Subsumtion', 'I-Subsumtion', 'I-Subsumtion', 'I-Subsumtion', 'I-Subsumtion', 'I-Subsumtion', 'I-Subsumtion', 'I-Subsumtion', 'I-Subsumtion', 'I-Subsumtion', 'I-Subsumtion', 'I-Subsumtion', 'I-Subsumtion', 'I-Subsumtion', 'I-Subsumtion', 'I-Subsumtion', 'I-Subsumtion', 'I-Subsumtion', 'I-Subsumtion', 'I-Subsumtion', 'I-Subsumtion', 'I-Subsumtion', 'I-Subsumtion', 'I-Subsumtion', 'I-Subsumtion', 'I-Subsumtion', 'I-Subsumtion', 'I-Subsumtion', 'I-Subsumtion', 'I-Subsumtion', 'I-Subsumtion', 'I-Subsumtion', 'I-Subsumtion', 'I-Subsumtion', 'I-Subsumtion', 'I-Subsumtion', 'I-Subsumtion', 'I-Subsumtion', 'I-Subsumtion', 'I-Subsumtion', 'I-Subsumtion', 'I-Subsumtion', 'I-Subsumtion', 'I-Subsumtion', 'I-Subsumtion', 'I-Subsumtion', 'I-Subsumtion', 'I-Subsumtion', 'I-Subsumtion', 'I-Subsumtion', 'I-Subsumtion', 'I-Subsumtion', 'I-Subsumtion', 'I-Subsumtion', 'I-Subsumtion', 'I-Subsumtion', 'I-Subsumtion', 'I-Subsumtion', 'I-Subsumtion', 'I-Subsumtion', 'I-Subsumtion', 'I-Subsumtion', 'I-Subsumtion', 'I-Subsumtion', 'I-Subsumtion', 'I-Subsumtion', 'I-Subsumtion', 'I-Subsumtion', 'I-Subsumtion', 'I-Subsumtion', 'I-Subsumtion', 'I-Subsumtion', 'I-Subsumtion', 'I-Subsumtion', 'I-Subsumtion', 'I-Subsumtion', 'I-Subsumtion', 'I-Subsumtion', 'I-Subsumtion', 'I-Subsumtion', 'I-Subsumtion', 'I-Subsumtion', 'I-Subsumtion', 'I-Subsumtion']
['II', '.', 'ALLEGED', 'VIOLATION', 'OF', 'ARTICLE', '5', 'PARA', '.', '4', '(', 'art', '.', '5', '-', '4', ')', 'OF', 'THECONVENTION']	['O', 'O', 'O', 'O', 'O', 'O', 'O', 'O', 'O', 'O', 'O', 'O', 'O', 'O', 'O', 'O', 'O', 'O', 'O']
['53', '.', 'Mr', 'Singh', 'complained', 'that', 'he', 'had', 'not', 'been', 'able', 'either', 'on', 'his', 'recall', 'to', 'prison', 'in', '1991', 'or', 'at', 'reasonable', 'intervals', 'thereafter', 'to', 'have', 'the', 'case', 'of', 'his', 'continued', 'detention', 'during', 'Her', 'Majesty', '’s', 'pleasure', '(', 'see', 'paragraph', '26', 'above', ')', 'heard', 'by', 'a', 'court', '.', 'He', 'invoked', 'Article', '5', 'para', '.', '4', '(', 'art', '.', '5', '-', '4', ')', 'of', 'the', 'Convention', 'which', 'provides', ':']	['O', 'O', 'B-Subsumtion', 'I-Subsumtion', 'I-Subsumtion', 'I-Subsumtion', 'I-Subsumtion', 'I-Subsumtion', 'I-Subsumtion', 'I-Subsumtion', 'I-Subsumtion', 'I-Subsumtion', 'I-Subsumtion', 'I-Subsumtion', 'I-Subsumtion', 'I-Subsumtion', 'I-Subsumtion', 'I-Subsumtion', 'I-Subsumtion', 'I-Subsumtion', 'I-Subsumtion', 'I-Subsumtion', 'I-Subsumtion', 'I-Subsumtion', 'I-Subsumtion', 'I-Subsumtion', 'I-Subsumtion', 'I-Subsumtion', 'I-Subsumtion', 'I-Subsumtion', 'I-Subsumtion', 'I-Subsumtion', 'I-Subsumtion', 'I-Subsumtion', 'I-Subsumtion', 'I-Subsumtion', 'I-Subsumtion', 'I-Subsumtion', 'I-Subsumtion', 'I-Subsumtion', 'I-Subsumtion', 'I-Subsumtion', 'I-Subsumtion', 'I-Subsumtion', 'I-Subsumtion', 'I-Subsumtion', 'I-Subsumtion', 'I-Subsumtion', 'I-Subsumtion', 'I-Subsumtion', 'I-Subsumtion', 'I-Subsumtion', 'I-Subsumtion', 'I-Subsumtion', 'I-Subsumtion', 'I-Subsumtion', 'I-Subsumtion', 'I-Subsumtion', 'I-Subsumtion', 'I-Subsumtion', 'I-Subsumtion', 'I-Subsumtion', 'I-Subsumtion', 'I-Subsumtion', 'I-Subsumtion', 'I-Subsumtion', 'I-Subsumtion', 'I-Subsumtion']
"['""', 'Everyone', 'who', 'is', 'deprived', 'of', 'his', 'liberty', 'by', 'arrest', 'ordetention', 'shall', 'be', 'entitled', 'to', 'take', 'proceedings', 'by', 'whichthe', 'lawfulness', 'of', 'his', 'detention', 'shall', 'be', 'decided', 'speedilyby', 'a', 'court', 'and', 'his', 'release', 'ordered', 'if', 'the', 'detention', 'isnot', 'lawful', '.', '""']"	['O', 'O', 'O', 'O', 'O', 'O', 'O', 'O', 'O', 'O', 'O', 'O', 'O', 'O', 'O', 'O', 'O', 'O', 'O', 'O', 'O', 'O', 'O', 'O', 'O', 'O', 'O', 'O', 'O', 'O', 'O', 'O', 'O', 'O', 'O', 'O', 'O', 'O', 'O', 'O']
['54', '.', 'The', 'Court', 'will', 'first', 'examine', 'whether', ',', 'having', 'regard', 'to', 'the', 'particular', 'features', 'of', 'detention', 'during', 'Her', 'Majesty', '’s', 'pleasure', ',', 'the', 'requirements', 'of', 'Article', '5', 'para', '.', '4', '(', 'art', '.', '5', '-', '4', ')', 'are', 'satisfied', 'by', 'the', 'original', 'trial', 'and', 'appeal', 'proceedings', 'or', ',', 'on', 'the', 'contrary', ',', 'whether', 'that', 'provision', 'confers', 'an', 'additional', 'right', 'to', 'challenge', 'the', 'lawfulness', 'of', 'the', 'continued', 'detention', 'before', 'a', 'court', '.']	['O', 'O', 'B-Subsumtion', 'I-Subsumtion', 'I-Subsumtion', 'I-Subsumtion', 'I-Subsumtion', 'I-Subsumtion', 'I-Subsumtion', 'I-Subsumtion', 'I-Subsumtion', 'I-Subsumtion', 'I-Subsumtion', 'I-Subsumtion', 'I-Subsumtion', 'I-Subsumtion', 'I-Subsumtion', 'I-Subsumtion', 'I-Subsumtion', 'I-Subsumtion', 'I-Subsumtion', 'I-Subsumtion', 'I-Subsumtion', 'I-Subsumtion', 'I-Subsumtion', 'I-Subsumtion', 'I-Subsumtion', 'I-Subsumtion', 'I-Subsumtion', 'I-Subsumtion', 'I-Subsumtion', 'I-Subsumtion', 'I-Subsumtion', 'I-Subsumtion', 'I-Subsumtion', 'I-Subsumtion', 'I-Subsumtion', 'I-Subsumtion', 'I-Subsumtion', 'I-Subsumtion', 'I-Subsumtion', 'I-Subsumtion', 'I-Subsumtion', 'I-Subsumtion', 'I-Subsumtion', 'I-Subsumtion', 'I-Subsumtion', 'I-Subsumtion', 'I-Subsumtion', 'I-Subsumtion', 'I-Subsumtion', 'I-Subsumtion', 'I-Subsumtion', 'I-Subsumtion', 'I-Subsumtion', 'I-Subsumtion', 'I-Subsumtion', 'I-Subsumtion', 'I-Subsumtion', 'I-Subsumtion', 'I-Subsumtion', 'I-Subsumtion', 'I-Subsumtion', 'I-Subsumtion', 'I-Subsumtion', 'I-Subsumtion', 'I-Subsumtion', 'I-Subsumtion', 'I-Subsumtion', 'I-Subsumtion', 'I-Subsumtion', 'I-Subsumtion']
['A.', 'Whether', 'the', 'requisite', 'judicial', 'control', 'was', 'incorporated', 'in', 'the', 'original', 'conviction']	['O', 'O', 'O', 'O', 'O', 'O', 'O', 'O', 'O', 'O', 'O', 'O']
['55', '.', 'In', 'the', 'applicant', '’s', 'submission', ',', 'a', 'sentence', 'of', 'detention', 'during', 'Her', 'Majesty', '’s', 'pleasure', 'differed', 'from', 'the', 'mandatory', 'life', 'sentence', 'imposed', 'on', 'adults', '(', 'see', 'paragraph', '26', 'above', ')', ',', 'which', 'the', 'Court', 'examined', 'in', 'its', 'Wynne', 'v.', 'the', 'United', 'Kingdom', 'judgment', 'of', '18', 'July', '1994', '(', 'Series', 'A', 'no', '.', '294', '-', 'A', ')', ',', 'in', 'that', 'the', 'former', 'is', 'not', 'solely', 'based', 'on', 'the', 'gravity', 'of', 'the', 'offence', 'but', 'takes', 'into', 'account', 'the', 'age', 'of', 'the', 'offender', '.', 'The', 'principle', 'that', 'crimes', 'committed', 'by', 'young', 'persons', 'should', 'not', 'be', 'punished', 'as', 'severely', 'as', 'the', 'crimes', 'of', 'adults', 'is', ',', 'in', 'the', 'applicant', '’s', 'submission', ',', 'contained', 'in', 'all', 'civilised', 'penal', 'codes', '.', 'In', 'this', 'respect', ',', 'the', 'purpose', 'of', 'a', 'sentence', 'of', 'detention', 'during', 'Her', 'Majesty', '’s', 'pleasure', 'is', 'not', 'wholly', 'punitive', 'in', 'character', 'but', 'partly', 'punitive', 'and', 'partly', 'preventive', '.']	['O', 'O', 'B-Subsumtion', 'I-Subsumtion', 'I-Subsumtion', 'I-Subsumtion', 'I-Subsumtion', 'I-Subsumtion', 'I-Subsumtion', 'I-Subsumtion', 'I-Subsumtion', 'I-Subsumtion', 'I-Subsumtion', 'I-Subsumtion', 'I-Subsumtion', 'I-Subsumtion', 'I-Subsumtion', 'I-Subsumtion', 'I-Subsumtion', 'I-Subsumtion', 'I-Subsumtion', 'I-Subsumtion', 'I-Subsumtion', 'I-Subsumtion', 'I-Subsumtion', 'I-Subsumtion', 'I-Subsumtion', 'I-Subsumtion', 'I-Subsumtion', 'I-Subsumtion', 'I-Subsumtion', 'I-Subsumtion', 'I-Subsumtion', 'I-Subsumtion', 'I-Subsumtion', 'I-Subsumtion', 'I-Subsumtion', 'I-Subsumtion', 'I-Subsumtion', 'I-Subsumtion', 'I-Subsumtion', 'I-Subsumtion', 'I-Subsumtion', 'I-Subsumtion', 'I-Subsumtion', 'I-Subsumtion', 'I-Subsumtion', 'I-Subsumtion', 'I-Subsumtion', 'I-Subsumtion', 'I-Subsumtion', 'I-Subsumtion', 'I-Subsumtion', 'I-Subsumtion', 'I-Subsumtion', 'I-Subsumtion', 'I-Subsumtion', 'I-Subsumtion', 'I-Subsumtion', 'I-Subsumtion', 'I-Subsumtion', 'I-Subsumtion', 'I-Subsumtion', 'I-Subsumtion', 'I-Subsumtion', 'I-Subsumtion', 'I-Subsumtion', 'I-Subsumtion', 'I-Subsumtion', 'I-Subsumtion', 'I-Subsumtion', 'I-Subsumtion', 'I-Subsumtion', 'I-Subsumtion', 'I-Subsumtion', 'I-Subsumtion', 'I-Subsumtion', 'I-Subsumtion', 'I-Subsumtion', 'I-Subsumtion', 'I-Subsumtion', 'I-Subsumtion', 'I-Subsumtion', 'I-Subsumtion', 'I-Subsumtion', 'I-Subsumtion', 'I-Subsumtion', 'I-Subsumtion', 'I-Subsumtion', 'I-Subsumtion', 'I-Subsumtion', 'I-Subsumtion', 'I-Subsumtion', 'I-Subsumtion', 'I-Subsumtion', 'I-Subsumtion', 'I-Subsumtion', 'I-Subsumtion', 'I-Subsumtion', 'I-Subsumtion', 'I-Subsumtion', 'I-Subsumtion', 'I-Subsumtion', 'I-Subsumtion', 'I-Subsumtion', 'I-Subsumtion', 'I-Subsumtion', 'I-Subsumtion', 'I-Subsumtion', 'I-Subsumtion', 'I-Subsumtion', 'I-Subsumtion', 'I-Subsumtion', 'I-Subsumtion', 'I-Subsumtion', 'I-Subsumtion', 'I-Subsumtion', 'I-Subsumtion', 'I-Subsumtion', 'I-Subsumtion', 'I-Subsumtion', 'I-Subsumtion', 'I-Subsumtion', 'I-Subsumtion', 'I-Subsumtion', 'I-Subsumtion', 'I-Subsumtion', 'I-Subsumtion', 'I-Subsumtion', 'I-Subsumtion', 'I-Subsumtion', 'I-Subsumtion', 'I-Subsumtion', 'I-Subsumtion', 'I-Subsumtion', 'I-Subsumtion', 'I-Subsumtion', 'I-Subsumtion', 'I-Subsumtion', 'I-Subsumtion', 'I-Subsumtion', 'I-Subsumtion', 'I-Subsumtion', 'I-Subsumtion', 'I-Subsumtion', 'I-Subsumtion']
"['In', 'support', 'of', 'his', 'argument', 'the', 'applicant', 'referred', 'to', 'the', 'historical', 'origins', 'of', 'the', 'expression', '""', 'during', 'Her', 'Majesty', '’s', 'pleasure', '""', '(', 'the', 'Criminal', 'Lunatics', 'Act', '1800', 'and', 'the', 'Children', '’s', 'Act', '1908', '-', 'see', 'paragraphs', '27', 'and', '29', 'above', ')', 'in', 'which', 'context', 'it', 'had', 'a', 'clear', 'preventive', 'purpose', '.', 'He', 'further', 'referred', 'to', 'the', 'wording', 'of', 'section', '53', 'of', 'the', '1933', 'Act', '(', '""', 'a', 'person', '[', 'under', '18', ']', '...', 'shall', 'not', ',', 'if', '...', 'convicted', 'of', 'murder', ',', 'be', 'sentenced', 'to', 'imprisonment', 'for', 'life', '""', '-', 'see', 'paragraph', '29', 'above', ')', 'and', 'to', 'the', 'indeterminacy', 'of', 'the', 'very', 'formula', 'used', 'in', 'the', 'sentence', '(', '""', 'during', 'Her', 'Majesty', '’s', 'pleasure', '""', ')', '.']"	['I-Subsumtion', 'I-Subsumtion', 'I-Subsumtion', 'I-Subsumtion', 'I-Subsumtion', 'I-Subsumtion', 'I-Subsumtion', 'I-Subsumtion', 'I-Subsumtion', 'I-Subsumtion', 'I-Subsumtion', 'I-Subsumtion', 'I-Subsumtion', 'I-Subsumtion', 'I-Subsumtion', 'I-Subsumtion', 'I-Subsumtion', 'I-Subsumtion', 'I-Subsumtion', 'I-Subsumtion', 'I-Subsumtion', 'I-Subsumtion', 'I-Subsumtion', 'I-Subsumtion', 'I-Subsumtion', 'I-Subsumtion', 'I-Subsumtion', 'I-Subsumtion', 'I-Subsumtion', 'I-Subsumtion', 'I-Subsumtion', 'I-Subsumtion', 'I-Subsumtion', 'I-Subsumtion', 'I-Subsumtion', 'I-Subsumtion', 'I-Subsumtion', 'I-Subsumtion', 'I-Subsumtion', 'I-Subsumtion', 'I-Subsumtion', 'I-Subsumtion', 'I-Subsumtion', 'I-Subsumtion', 'I-Subsumtion', 'I-Subsumtion', 'I-Subsumtion', 'I-Subsumtion', 'I-Subsumtion', 'I-Subsumtion', 'I-Subsumtion', 'I-Subsumtion', 'I-Subsumtion', 'I-Subsumtion', 'I-Subsumtion', 'I-Subsumtion', 'I-Subsumtion', 'I-Subsumtion', 'I-Subsumtion', 'I-Subsumtion', 'I-Subsumtion', 'I-Subsumtion', 'I-Subsumtion', 'I-Subsumtion', 'I-Subsumtion', 'I-Subsumtion', 'I-Subsumtion', 'I-Subsumtion', 'I-Subsumtion', 'I-Subsumtion', 'I-Subsumtion', 'I-Subsumtion', 'I-Subsumtion', 'I-Subsumtion', 'I-Subsumtion', 'I-Subsumtion', 'I-Subsumtion', 'I-Subsumtion', 'I-Subsumtion', 'I-Subsumtion', 'I-Subsumtion', 'I-Subsumtion', 'I-Subsumtion', 'I-Subsumtion', 'I-Subsumtion', 'I-Subsumtion', 'I-Subsumtion', 'I-Subsumtion', 'I-Subsumtion', 'I-Subsumtion', 'I-Subsumtion', 'I-Subsumtion', 'I-Subsumtion', 'I-Subsumtion', 'I-Subsumtion', 'I-Subsumtion', 'I-Subsumtion', 'I-Subsumtion', 'I-Subsumtion', 'I-Subsumtion', 'I-Subsumtion', 'I-Subsumtion', 'I-Subsumtion', 'I-Subsumtion', 'I-Subsumtion', 'I-Subsumtion', 'I-Subsumtion', 'I-Subsumtion', 'I-Subsumtion', 'I-Subsumtion', 'I-Subsumtion', 'I-Subsumtion', 'I-Subsumtion', 'I-Subsumtion', 'I-Subsumtion', 'I-Subsumtion', 'I-Subsumtion', 'I-Subsumtion']
['In', 'view', 'of', 'the', 'above', ',', 'the', 'applicant', 'concluded', 'that', 'a', 'sentence', 'of', 'detention', 'under', 'section', '53', 'was', 'closer', 'in', 'its', 'indeterminacy', 'and', 'preventive', 'objectives', 'to', 'a', 'discretionary', 'life', 'sentence', ',', 'as', 'examined', 'by', 'the', 'Court', 'in', 'the', 'case', 'of', 'Thynne', ',', 'Wilson', 'and', 'Gunnell', 'cited', 'above', 'than', 'to', 'a', 'mandatory', 'life', 'sentence', '.', 'As', 'in', 'that', 'case', ',', 'after', 'the', 'tariff', 'has', 'expired', ',', 'the', 'only', 'legitimate', 'basis', 'for', 'the', 'applicant', '’s', 'continued', 'detention', 'would', 'be', 'a', 'finding', 'of', 'his', 'continued', 'dangerousness', ',', 'a', 'characteristic', 'susceptible', 'to', 'change', 'with', 'the', 'passage', 'of', 'time', '(', 'ibid', '.', ',', 'p.', '30', ',', 'para', '.', '76', ')', '.', 'This', 'was', 'particularly', 'so', 'in', 'the', 'case', 'of', 'offenders', 'who', 'could', 'be', 'as', 'young', 'as', 'ten', 'at', 'the', 'time', 'of', 'the', 'commission', 'of', 'the', 'offence', '.', 'It', 'follows', 'that', 'at', 'that', 'phase', 'in', 'the', 'execution', 'of', 'his', 'sentence', ',', 'the', 'applicant', 'was', 'entitled', 'under', 'Article', '5', 'para', '.', '4', '(', 'art', '.', '5', '-', '4', ')', 'to', 'have', 'the', 'lawfulness', 'of', 'his', 'continued', 'detention', 'and', 'of', 'any', 're', '-', 'detention', 'determined', 'by', 'a', 'court', 'at', 'reasonable', 'intervals', '.']	['I-Subsumtion', 'I-Subsumtion', 'I-Subsumtion', 'I-Subsumtion', 'I-Subsumtion', 'I-Subsumtion', 'I-Subsumtion', 'I-Subsumtion', 'I-Subsumtion', 'I-Subsumtion', 'I-Subsumtion', 'I-Subsumtion', 'I-Subsumtion', 'I-Subsumtion', 'I-Subsumtion', 'I-Subsumtion', 'I-Subsumtion', 'I-Subsumtion', 'I-Subsumtion', 'I-Subsumtion', 'I-Subsumtion', 'I-Subsumtion', 'I-Subsumtion', 'I-Subsumtion', 'I-Subsumtion', 'I-Subsumtion', 'I-Subsumtion', 'I-Subsumtion', 'I-Subsumtion', 'I-Subsumtion', 'I-Subsumtion', 'I-Subsumtion', 'I-Subsumtion', 'I-Subsumtion', 'I-Subsumtion', 'I-Subsumtion', 'I-Subsumtion', 'I-Subsumtion', 'I-Subsumtion', 'I-Subsumtion', 'I-Subsumtion', 'I-Subsumtion', 'I-Subsumtion', 'I-Subsumtion', 'I-Subsumtion', 'I-Subsumtion', 'I-Subsumtion', 'I-Subsumtion', 'I-Subsumtion', 'I-Subsumtion', 'I-Subsumtion', 'I-Subsumtion', 'I-Subsumtion', 'I-Subsumtion', 'I-Subsumtion', 'I-Subsumtion', 'I-Subsumtion', 'I-Subsumtion', 'I-Subsumtion', 'I-Subsumtion', 'I-Subsumtion', 'I-Subsumtion', 'I-Subsumtion', 'I-Subsumtion', 'I-Subsumtion', 'I-Subsumtion', 'I-Subsumtion', 'I-Subsumtion', 'I-Subsumtion', 'I-Subsumtion', 'I-Subsumtion', 'I-Subsumtion', 'I-Subsumtion', 'I-Subsumtion', 'I-Subsumtion', 'I-Subsumtion', 'I-Subsumtion', 'I-Subsumtion', 'I-Subsumtion', 'I-Subsumtion', 'I-Subsumtion', 'I-Subsumtion', 'I-Subsumtion', 'I-Subsumtion', 'I-Subsumtion', 'I-Subsumtion', 'I-Subsumtion', 'I-Subsumtion', 'I-Subsumtion', 'I-Subsumtion', 'I-Subsumtion', 'I-Subsumtion', 'I-Subsumtion', 'I-Subsumtion', 'I-Subsumtion', 'I-Subsumtion', 'I-Subsumtion', 'I-Subsumtion', 'I-Subsumtion', 'I-Subsumtion', 'I-Subsumtion', 'I-Subsumtion', 'I-Subsumtion', 'I-Subsumtion', 'I-Subsumtion', 'I-Subsumtion', 'I-Subsumtion', 'I-Subsumtion', 'I-Subsumtion', 'I-Subsumtion', 'I-Subsumtion', 'I-Subsumtion', 'I-Subsumtion', 'I-Subsumtion', 'I-Subsumtion', 'I-Subsumtion', 'I-Subsumtion', 'I-Subsumtion', 'I-Subsumtion', 'I-Subsumtion', 'I-Subsumtion', 'I-Subsumtion', 'I-Subsumtion', 'I-Subsumtion', 'I-Subsumtion', 'I-Subsumtion', 'I-Subsumtion', 'I-Subsumtion', 'I-Subsumtion', 'I-Subsumtion', 'I-Subsumtion', 'I-Subsumtion', 'I-Subsumtion', 'I-Subsumtion', 'I-Subsumtion', 'I-Subsumtion', 'I-Subsumtion', 'I-Subsumtion', 'I-Subsumtion', 'I-Subsumtion', 'I-Subsumtion', 'I-Subsumtion', 'I-Subsumtion', 'I-Subsumtion', 'I-Subsumtion', 'I-Subsumtion', 'I-Subsumtion', 'I-Subsumtion', 'I-Subsumtion', 'I-Subsumtion', 'I-Subsumtion', 'I-Subsumtion', 'I-Subsumtion', 'I-Subsumtion', 'I-Subsumtion', 'I-Subsumtion', 'I-Subsumtion', 'I-Subsumtion', 'I-Subsumtion', 'I-Subsumtion', 'I-Subsumtion', 'I-Subsumtion', 'I-Subsumtion', 'I-Subsumtion', 'I-Subsumtion', 'I-Subsumtion', 'I-Subsumtion', 'I-Subsumtion', 'I-Subsumtion', 'I-Subsumtion', 'I-Subsumtion', 'I-Subsumtion', 'I-Subsumtion', 'I-Subsumtion', 'I-Subsumtion', 'I-Subsumtion', 'I-Subsumtion', 'I-Subsumtion', 'I-Subsumtion', 'I-Subsumtion', 'I-Subsumtion', 'I-Subsumtion', 'I-Subsumtion', 'I-Subsumtion']
"['56', '.', 'The', 'Commission', 'agreed', 'in', 'substance', 'with', 'the', 'applicant', '’s', 'submissions', 'and', 'added', 'that', 'the', 'absence', 'of', 'the', 'word', '""', 'life', '""', 'in', 'the', 'sentence', 'reinforced', 'its', 'indeterminate', 'character', '.']"	['O', 'O', 'B-Subsumtion', 'I-Subsumtion', 'I-Subsumtion', 'I-Subsumtion', 'I-Subsumtion', 'I-Subsumtion', 'I-Subsumtion', 'I-Subsumtion', 'I-Subsumtion', 'I-Subsumtion', 'I-Subsumtion', 'I-Subsumtion', 'I-Subsumtion', 'I-Subsumtion', 'I-Subsumtion', 'I-Subsumtion', 'I-Subsumtion', 'I-Subsumtion', 'I-Subsumtion', 'I-Subsumtion', 'I-Subsumtion', 'I-Subsumtion', 'I-Subsumtion', 'I-Subsumtion', 'I-Subsumtion', 'I-Subsumtion', 'I-Subsumtion', 'I-Subsumtion', 'I-Subsumtion']
['57', '.', 'The', 'Government', ',', 'for', 'their', 'part', ',', 'contended', 'that', 'the', 'sentence', 'of', 'detention', 'during', 'Her', 'Majesty', '’s', 'pleasure', 'has', 'an', 'essentially', 'punitive', 'character', 'and', 'is', 'imposed', 'automatically', 'on', 'all', 'juvenile', 'murderers', 'on', 'the', 'strength', 'of', 'the', 'gravity', 'of', 'their', 'offence', ',', 'regardless', 'of', 'their', 'mental', 'state', 'or', 'dangerousness', '.', 'This', 'explains', 'why', 'under', 'the', 'Criminal', 'Justice', 'Act', '1991', 'the', 'same', 'release', 'procedures', 'govern', 'both', 'mandatory', 'life', 'sentences', 'passed', 'on', 'adults', 'and', 'sentences', 'of', 'detention', 'during', 'Her', 'Majesty', '’s', 'pleasure', 'and', 'why', 'the', 'same', 'administrative', 'policies', 'are', 'applied', 'to', 'both', '(', 'see', 'paragraphs', '31', 'and', '35', 'above', ')', '.', 'Furthermore', ',', 'after', 'the', 'tariff', 'period', 'has', 'elapsed', ',', 'not', 'only', 'the', 'prisoner', '’s', 'dangerousness', 'but', 'also', 'the', 'acceptability', 'to', 'the', 'public', 'of', 'his', 'early', 'release', 'must', 'be', 'considered', 'with', 'a', 'view', 'to', 'maintaining', 'public', 'confidence', 'in', 'the', 'system', 'of', 'criminal', 'justice', '(', 'see', 'paragraph', '38', 'above', ')', '.']	['O', 'O', 'O', 'O', 'O', 'O', 'O', 'O', 'O', 'O', 'O', 'O', 'O', 'O', 'O', 'O', 'O', 'O', 'O', 'O', 'O', 'O', 'O', 'O', 'O', 'O', 'O', 'O', 'O', 'O', 'O', 'O', 'O', 'O', 'O', 'O', 'O', 'O', 'O', 'O', 'O', 'O', 'O', 'O', 'O', 'O', 'O', 'O', 'O', 'O', 'O', 'O', 'O', 'O', 'O', 'O', 'O', 'O', 'O', 'O', 'O', 'O', 'O', 'O', 'O', 'O', 'O', 'O', 'O', 'O', 'O', 'O', 'O', 'O', 'O', 'O', 'O', 'O', 'O', 'O', 'O', 'O', 'O', 'O', 'O', 'O', 'O', 'O', 'O', 'O', 'O', 'O', 'O', 'O', 'O', 'O', 'O', 'O', 'O', 'O', 'O', 'O', 'O', 'O', 'O', 'O', 'O', 'O', 'O', 'O', 'O', 'O', 'O', 'O', 'O', 'O', 'O', 'O', 'O', 'O', 'O', 'O', 'O', 'O', 'O', 'O', 'O', 'O', 'O', 'O', 'O', 'O', 'O', 'O', 'O', 'O', 'O', 'O', 'O', 'O', 'O', 'O', 'O', 'O', 'O', 'O', 'O', 'O', 'O']
['It', 'was', 'further', 'contended', 'that', ',', 'apart', 'from', 'the', 'fact', 'that', 'persons', 'sentenced', 'to', 'detention', 'during', 'Her', 'Majesty', '’s', 'pleasure', 'would', 'not', 'be', 'detained', 'in', 'a', 'prison', 'during', 'the', 'early', 'stages', 'of', 'their', 'detention', 'but', 'in', 'a', 'special', 'institution', 'for', 'young', 'offenders', ',', 'the', 'sentence', 'was', 'nothing', 'more', 'than', 'the', 'statutory', 'equivalent', 'for', 'young', 'persons', 'of', 'the', 'mandatory', 'life', 'sentence', 'for', 'adults', '.', 'In', 'these', 'circumstances', ',', 'the', 'issues', 'in', 'the', 'present', 'case', 'were', 'practically', 'identical', 'to', 'those', 'in', 'the', 'Wynne', 'case', '(', 'cited', 'above', 'at', 'paragraph', '55', ')', 'where', 'the', 'Court', 'found', 'that', 'the', 'original', 'trial', 'and', 'appeal', 'proceedings', 'satisfied', 'the', 'requirements', 'of', 'Article', '5', 'para', '.', '4', '(', 'art', '.', '5', '-', '4', ')', 'of', 'the', 'Convention', '.']	['O', 'O', 'O', 'O', 'O', 'O', 'O', 'O', 'O', 'O', 'O', 'O', 'O', 'O', 'O', 'O', 'O', 'O', 'O', 'O', 'O', 'O', 'O', 'O', 'O', 'O', 'O', 'O', 'O', 'O', 'O', 'O', 'O', 'O', 'O', 'O', 'O', 'O', 'O', 'O', 'O', 'O', 'O', 'O', 'O', 'O', 'O', 'O', 'O', 'O', 'O', 'O', 'O', 'O', 'O', 'O', 'O', 'O', 'O', 'O', 'O', 'O', 'O', 'O', 'O', 'O', 'O', 'O', 'O', 'O', 'O', 'O', 'O', 'O', 'O', 'O', 'O', 'O', 'O', 'O', 'O', 'O', 'O', 'O', 'O', 'O', 'O', 'O', 'O', 'O', 'O', 'O', 'O', 'O', 'O', 'O', 'O', 'O', 'O', 'O', 'O', 'O', 'O', 'O', 'O', 'O', 'O', 'O', 'O', 'O', 'O', 'O', 'O', 'O', 'O', 'O', 'O', 'O', 'O', 'O']
['58', '.', 'The', 'Court', 'notes', 'at', 'the', 'outset', 'that', ',', 'as', 'has', 'been', 'commonly', 'accepted', ',', 'the', 'central', 'issue', 'in', 'the', 'present', 'case', 'is', 'whether', 'detention', 'during', 'Her', 'Majesty', '’s', 'pleasure', ',', 'given', 'its', 'nature', 'and', 'purpose', ',', 'should', 'be', 'assimilated', ',', 'under', 'the', 'case', '-', 'law', 'on', 'the', 'Convention', ',', 'to', 'a', 'mandatory', 'sentence', 'of', 'life', 'imprisonment', 'or', 'rather', 'to', 'a', 'discretionary', 'sentence', 'of', 'life', 'imprisonment', '.', 'In', 'dealing', 'with', 'this', 'issue', 'the', 'Court', 'must', 'therefore', 'decide', 'whether', 'the', 'substance', 'of', 'a', 'sentence', 'of', 'detention', 'under', 'section', '53', 'is', 'more', 'closely', 'related', 'to', 'that', 'at', 'the', 'heart', 'of', 'the', 'cases', 'of', 'Weeks', 'v.', 'the', 'United', 'Kingdom', '(', 'judgment', 'of', '2', 'March', '1987', ',', 'Series', 'A', 'no', '.', '114', ')', 'and', 'Thynne', ',', 'Wilson', 'and', 'Gunnell', '(', 'cited', 'above', 'at', 'paragraph', '40', ')', 'or', 'to', 'that', 'in', 'the', 'more', 'recent', 'Wynne', 'case', '(', 'cited', 'at', 'paragraph', '55', ')', '.']	['O', 'O', 'B-Subsumtion', 'I-Subsumtion', 'I-Subsumtion', 'I-Subsumtion', 'I-Subsumtion', 'I-Subsumtion', 'I-Subsumtion', 'I-Subsumtion', 'I-Subsumtion', 'I-Subsumtion', 'I-Subsumtion', 'I-Subsumtion', 'I-Subsumtion', 'I-Subsumtion', 'I-Subsumtion', 'I-Subsumtion', 'I-Subsumtion', 'I-Subsumtion', 'I-Subsumtion', 'I-Subsumtion', 'I-Subsumtion', 'I-Subsumtion', 'I-Subsumtion', 'I-Subsumtion', 'I-Subsumtion', 'I-Subsumtion', 'I-Subsumtion', 'I-Subsumtion', 'I-Subsumtion', 'I-Subsumtion', 'I-Subsumtion', 'I-Subsumtion', 'I-Subsumtion', 'I-Subsumtion', 'I-Subsumtion', 'I-Subsumtion', 'I-Subsumtion', 'I-Subsumtion', 'I-Subsumtion', 'I-Subsumtion', 'I-Subsumtion', 'I-Subsumtion', 'I-Subsumtion', 'I-Subsumtion', 'I-Subsumtion', 'I-Subsumtion', 'I-Subsumtion', 'I-Subsumtion', 'I-Subsumtion', 'I-Subsumtion', 'I-Subsumtion', 'I-Subsumtion', 'I-Subsumtion', 'I-Subsumtion', 'I-Subsumtion', 'I-Subsumtion', 'I-Subsumtion', 'I-Subsumtion', 'I-Subsumtion', 'I-Subsumtion', 'I-Subsumtion', 'I-Subsumtion', 'I-Subsumtion', 'I-Subsumtion', 'I-Subsumtion', 'I-Subsumtion', 'I-Subsumtion', 'I-Subsumtion', 'I-Subsumtion', 'I-Subsumtion', 'I-Subsumtion', 'I-Subsumtion', 'I-Subsumtion', 'I-Subsumtion', 'I-Subsumtion', 'I-Subsumtion', 'I-Subsumtion', 'I-Subsumtion', 'I-Subsumtion', 'I-Subsumtion', 'I-Subsumtion', 'I-Subsumtion', 'I-Subsumtion', 'I-Subsumtion', 'I-Subsumtion', 'I-Subsumtion', 'I-Subsumtion', 'I-Subsumtion', 'I-Subsumtion', 'I-Subsumtion', 'I-Subsumtion', 'I-Subsumtion', 'I-Subsumtion', 'I-Subsumtion', 'I-Subsumtion', 'I-Subsumtion', 'I-Subsumtion', 'I-Subsumtion', 'I-Subsumtion', 'I-Subsumtion', 'I-Subsumtion', 'I-Subsumtion', 'I-Subsumtion', 'I-Subsumtion', 'I-Subsumtion', 'I-Subsumtion', 'I-Subsumtion', 'I-Subsumtion', 'I-Subsumtion', 'I-Subsumtion', 'I-Subsumtion', 'I-Subsumtion', 'I-Subsumtion', 'I-Subsumtion', 'I-Subsumtion', 'I-Subsumtion', 'I-Subsumtion', 'I-Subsumtion', 'I-Subsumtion', 'I-Subsumtion', 'I-Subsumtion', 'I-Subsumtion', 'I-Subsumtion', 'I-Subsumtion', 'I-Subsumtion', 'I-Subsumtion', 'I-Subsumtion', 'I-Subsumtion', 'I-Subsumtion', 'I-Subsumtion', 'I-Subsumtion', 'I-Subsumtion', 'I-Subsumtion', 'I-Subsumtion', 'I-Subsumtion', 'I-Subsumtion', 'I-Subsumtion', 'I-Subsumtion', 'I-Subsumtion', 'I-Subsumtion', 'I-Subsumtion', 'I-Subsumtion', 'I-Subsumtion', 'I-Subsumtion', 'I-Subsumtion', 'I-Subsumtion', 'I-Subsumtion']
['59', '.', 'It', 'is', 'true', ',', 'as', 'submitted', 'by', 'the', 'Government', ',', 'that', 'a', 'sentence', 'of', 'detention', 'during', 'Her', 'Majesty', '’s', 'pleasure', 'is', 'mandatory', ':', 'it', 'is', 'fixed', 'by', 'law', 'and', 'is', 'imposed', 'automatically', 'in', 'all', 'cases', 'where', 'persons', 'under', 'the', 'age', 'of', '18', 'are', 'convicted', 'of', 'murder', ',', 'the', 'trial', 'judge', 'having', 'no', 'discretion', '.', 'It', 'is', 'also', 'the', 'case', 'that', 'the', '1991', 'Act', 'as', 'well', 'as', 'recent', 'policy', 'statements', 'treat', 'the', 'sentence', 'at', 'issue', 'in', 'the', 'present', 'case', 'in', 'an', 'identical', 'manner', 'to', 'mandatory', 'life', 'sentences', 'as', 'regards', 'proceedings', 'for', 'release', 'on', 'licence', 'and', 'recall', '(', 'see', 'paragraphs', '31', 'and', '35', 'above', ')', '.']	['O', 'O', 'O', 'O', 'O', 'O', 'O', 'O', 'O', 'O', 'O', 'O', 'O', 'O', 'O', 'O', 'O', 'O', 'O', 'O', 'O', 'O', 'O', 'O', 'O', 'O', 'O', 'O', 'O', 'O', 'O', 'O', 'O', 'O', 'O', 'O', 'O', 'O', 'O', 'O', 'O', 'O', 'O', 'O', 'O', 'O', 'O', 'O', 'O', 'O', 'O', 'O', 'O', 'O', 'O', 'O', 'O', 'O', 'O', 'O', 'O', 'O', 'O', 'O', 'O', 'O', 'O', 'O', 'O', 'O', 'O', 'O', 'O', 'O', 'O', 'O', 'O', 'O', 'O', 'O', 'O', 'O', 'O', 'O', 'O', 'O', 'O', 'O', 'O', 'O', 'O', 'O', 'O', 'O', 'O', 'O', 'O', 'O', 'O', 'O', 'O', 'O', 'O', 'O', 'O', 'O']
"['On', 'the', 'other', 'hand', ',', 'it', 'is', 'undisputed', 'that', ',', 'in', 'its', 'statutory', 'origins', ',', 'the', 'expression', '""', 'during', 'Her', 'Majesty', '’s', 'pleasure', '""', 'had', 'a', 'clearly', 'preventive', 'purpose', 'and', 'that', '-', 'unlike', 'sentences', 'of', 'life', 'custody', 'or', 'life', 'imprisonment', '-', 'the', 'word', '""', 'life', '""', 'is', 'not', 'mentioned', 'in', 'the', 'description', 'of', 'the', 'sentence', '.']"	['O', 'O', 'O', 'O', 'O', 'O', 'O', 'O', 'O', 'O', 'O', 'O', 'O', 'O', 'O', 'O', 'O', 'O', 'O', 'O', 'O', 'O', 'O', 'O', 'O', 'O', 'O', 'O', 'O', 'O', 'O', 'O', 'O', 'O', 'O', 'O', 'O', 'O', 'O', 'O', 'O', 'O', 'O', 'O', 'O', 'O', 'O', 'O', 'O', 'O', 'O', 'O', 'O', 'O', 'O', 'O']
['60', '.', 'Nevertheless', ',', 'important', 'as', 'these', 'arguments', 'may', 'be', 'for', 'the', 'understanding', 'of', 'the', 'sentence', 'of', 'detention', 'under', 'section', '53', 'in', 'English', 'law', ',', 'the', 'decisive', 'issue', 'in', 'the', 'present', 'context', 'is', 'whether', 'the', 'nature', 'and', ',', 'above', 'all', ',', 'the', 'purpose', 'of', 'that', 'sentence', 'are', 'such', 'as', 'to', 'require', 'the', 'lawfulness', 'of', 'the', 'continued', 'detention', 'to', 'be', 'examined', 'by', 'a', 'court', 'satisfying', 'the', 'requirements', 'of', 'Article', '5', 'para', '.', '4', '(', 'art', '.', '5', '-', '4', ')', '.']	['O', 'O', 'B-Subsumtion', 'I-Subsumtion', 'I-Subsumtion', 'I-Subsumtion', 'I-Subsumtion', 'I-Subsumtion', 'I-Subsumtion', 'I-Subsumtion', 'I-Subsumtion', 'I-Subsumtion', 'I-Subsumtion', 'I-Subsumtion', 'I-Subsumtion', 'I-Subsumtion', 'I-Subsumtion', 'I-Subsumtion', 'I-Subsumtion', 'I-Subsumtion', 'I-Subsumtion', 'I-Subsumtion', 'I-Subsumtion', 'I-Subsumtion', 'I-Subsumtion', 'I-Subsumtion', 'I-Subsumtion', 'I-Subsumtion', 'I-Subsumtion', 'I-Subsumtion', 'I-Subsumtion', 'I-Subsumtion', 'I-Subsumtion', 'I-Subsumtion', 'I-Subsumtion', 'I-Subsumtion', 'I-Subsumtion', 'I-Subsumtion', 'I-Subsumtion', 'I-Subsumtion', 'I-Subsumtion', 'I-Subsumtion', 'I-Subsumtion', 'I-Subsumtion', 'I-Subsumtion', 'I-Subsumtion', 'I-Subsumtion', 'I-Subsumtion', 'I-Subsumtion', 'I-Subsumtion', 'I-Subsumtion', 'I-Subsumtion', 'I-Subsumtion', 'I-Subsumtion', 'I-Subsumtion', 'I-Subsumtion', 'I-Subsumtion', 'I-Subsumtion', 'I-Subsumtion', 'I-Subsumtion', 'I-Subsumtion', 'I-Subsumtion', 'I-Subsumtion', 'I-Subsumtion', 'I-Subsumtion', 'I-Subsumtion', 'I-Subsumtion', 'I-Subsumtion', 'I-Subsumtion', 'I-Subsumtion', 'I-Subsumtion', 'I-Subsumtion', 'I-Subsumtion', 'I-Subsumtion', 'I-Subsumtion', 'I-Subsumtion', 'I-Subsumtion', 'I-Subsumtion', 'I-Subsumtion', 'I-Subsumtion']
['61', '.', 'It', 'is', 'recalled', 'that', 'the', 'applicant', 'was', 'sentenced', 'to', 'be', 'detained', 'during', 'Her', 'Majesty', '’s', 'pleasure', 'because', 'of', 'his', 'young', 'age', 'at', 'the', 'time', 'of', 'the', 'commission', 'of', 'the', 'offence', '.', 'In', 'the', 'case', 'of', 'young', 'persons', 'convicted', 'of', 'serious', 'crimes', ',', 'the', 'corresponding', 'sentence', 'undoubtedly', 'contains', 'a', 'punitive', 'element', 'and', 'accordingly', 'a', 'tariff', 'is', 'set', 'to', 'reflect', 'the', 'requirements', 'of', 'retribution', 'and', 'deterrence', '.', 'However', ',', 'an', 'indeterminate', 'term', 'of', 'detention', 'for', 'a', 'convicted', 'young', 'person', ',', 'which', 'may', 'be', 'as', 'long', 'as', 'that', 'person', '’s', 'life', ',', 'can', 'only', 'be', 'justified', 'by', 'considerations', 'based', 'on', 'the', 'need', 'to', 'protect', 'the', 'public', '.']	['O', 'O', 'O', 'O', 'O', 'O', 'O', 'O', 'O', 'O', 'O', 'O', 'O', 'O', 'O', 'O', 'O', 'O', 'O', 'O', 'O', 'O', 'O', 'O', 'O', 'O', 'O', 'O', 'O', 'O', 'O', 'O', 'O', 'O', 'O', 'O', 'O', 'O', 'O', 'O', 'O', 'O', 'O', 'O', 'O', 'O', 'O', 'O', 'O', 'O', 'O', 'O', 'O', 'O', 'O', 'O', 'O', 'O', 'O', 'O', 'O', 'O', 'O', 'O', 'O', 'O', 'O', 'O', 'O', 'O', 'O', 'O', 'O', 'O', 'O', 'O', 'O', 'O', 'O', 'O', 'O', 'O', 'O', 'O', 'O', 'O', 'O', 'O', 'O', 'O', 'O', 'O', 'O', 'O', 'O', 'O', 'O', 'O', 'O', 'O', 'O', 'O', 'O', 'O', 'O', 'O']
['These', 'considerations', ',', 'centred', 'on', 'an', 'assessment', 'of', 'the', 'young', 'offender', '’s', 'character', 'and', 'mental', 'state', 'and', 'of', 'his', 'or', 'her', 'resulting', 'dangerousness', 'to', 'society', ',', 'must', 'of', 'necessity', 'take', 'into', 'account', 'any', 'developments', 'in', 'the', 'young', 'offender', '’s', 'personality', 'and', 'attitude', 'as', 'he', 'or', 'she', 'grows', 'older', '.', 'A', 'failure', 'to', 'have', 'regard', 'to', 'the', 'changes', 'that', 'inevitably', 'occur', 'with', 'maturation', 'would', 'mean', 'that', 'young', 'persons', 'detained', 'under', 'section', '53', 'would', 'be', 'treated', 'as', 'having', 'forfeited', 'their', 'liberty', 'for', 'the', 'rest', 'of', 'their', 'lives', ',', 'a', 'situation', 'which', ',', 'as', 'the', 'applicant', 'and', 'the', 'Delegate', 'of', 'the', 'Commission', 'pointed', 'out', ',', 'might', 'give', 'rise', 'to', 'questions', 'under', 'Article', '3', '(', 'art', '.', '3', ')', 'of', 'the', 'Convention', '.']	['O', 'O', 'O', 'O', 'O', 'O', 'O', 'O', 'O', 'O', 'O', 'O', 'O', 'O', 'O', 'O', 'O', 'O', 'O', 'O', 'O', 'O', 'O', 'O', 'O', 'O', 'O', 'O', 'O', 'O', 'O', 'O', 'O', 'O', 'O', 'O', 'O', 'O', 'O', 'O', 'O', 'O', 'O', 'O', 'O', 'O', 'O', 'O', 'O', 'O', 'O', 'O', 'O', 'O', 'O', 'O', 'O', 'O', 'O', 'O', 'O', 'O', 'O', 'O', 'O', 'O', 'O', 'O', 'O', 'O', 'O', 'O', 'O', 'O', 'O', 'O', 'O', 'O', 'O', 'O', 'O', 'O', 'O', 'O', 'O', 'O', 'O', 'O', 'O', 'O', 'O', 'O', 'O', 'O', 'O', 'O', 'O', 'O', 'O', 'O', 'O', 'O', 'O', 'O', 'O', 'O', 'O', 'O', 'O', 'O', 'O', 'O', 'O', 'O', 'O', 'O', 'O', 'O', 'O']
['62', '.', 'Against', 'this', 'background', 'the', 'Court', 'concludes', 'that', 'the', 'applicant', '’s', 'sentence', ',', 'after', 'the', 'expiration', 'of', 'his', 'tariff', ',', 'is', 'more', 'comparable', 'to', 'a', 'discretionary', 'life', 'sentence', '.', 'This', 'was', ',', 'albeit', 'in', 'a', 'different', 'context', ',', 'the', 'view', 'expressed', 'by', 'the', 'Divisional', 'Court', 'in', 'its', 'judgment', 'of', '20', 'April', '1993', '(', 'R.', 'v.', 'Secretary', 'of', 'State', 'for', 'the', 'Home', 'Department', ',', 'ex', 'parte', 'Prem', 'Singh', '-', 'see', 'paragraphs', '15', 'and', '30', 'above', ')', '.']	['O', 'O', 'B-Subsumtion', 'I-Subsumtion', 'I-Subsumtion', 'I-Subsumtion', 'I-Subsumtion', 'I-Subsumtion', 'I-Subsumtion', 'I-Subsumtion', 'I-Subsumtion', 'I-Subsumtion', 'I-Subsumtion', 'I-Subsumtion', 'I-Subsumtion', 'I-Subsumtion', 'I-Subsumtion', 'I-Subsumtion', 'I-Subsumtion', 'I-Subsumtion', 'I-Subsumtion', 'I-Subsumtion', 'I-Subsumtion', 'I-Subsumtion', 'I-Subsumtion', 'I-Subsumtion', 'I-Subsumtion', 'I-Subsumtion', 'I-Subsumtion', 'I-Subsumtion', 'I-Subsumtion', 'I-Subsumtion', 'I-Subsumtion', 'I-Subsumtion', 'I-Subsumtion', 'I-Subsumtion', 'I-Subsumtion', 'I-Subsumtion', 'I-Subsumtion', 'I-Subsumtion', 'I-Subsumtion', 'I-Subsumtion', 'I-Subsumtion', 'I-Subsumtion', 'I-Subsumtion', 'I-Subsumtion', 'I-Subsumtion', 'I-Subsumtion', 'I-Subsumtion', 'I-Subsumtion', 'I-Subsumtion', 'I-Subsumtion', 'I-Subsumtion', 'I-Subsumtion', 'I-Subsumtion', 'I-Subsumtion', 'I-Subsumtion', 'I-Subsumtion', 'I-Subsumtion', 'I-Subsumtion', 'I-Subsumtion', 'I-Subsumtion', 'I-Subsumtion', 'I-Subsumtion', 'I-Subsumtion', 'I-Subsumtion', 'I-Subsumtion', 'I-Subsumtion', 'I-Subsumtion', 'I-Subsumtion', 'I-Subsumtion', 'I-Subsumtion', 'I-Subsumtion', 'I-Subsumtion', 'I-Subsumtion', 'I-Subsumtion', 'I-Subsumtion']
['The', 'decisive', 'ground', 'for', 'the', 'applicant', '’s', 'continued', 'detention', 'was', 'and', 'continues', 'to', 'be', 'his', 'dangerousness', 'to', 'society', ',', 'as', 'the', 'Divisional', 'Court', 'restated', 'on', '16', 'March', '1995', '(', 'R.', 'v.', 'Secretary', 'of', 'State', 'for', 'the', 'Home', 'Department', ',', 'ex', 'parte', 'Prem', 'Singh', '(', 'no', '.', '2', ')', '-', 'see', 'paragraph', '24', 'above', ')', ',', 'a', 'characteristic', 'susceptible', 'to', 'change', 'with', 'the', 'passage', 'of', 'time', '.', 'Accordingly', ',', 'new', 'issues', 'of', 'lawfulness', 'may', 'arise', 'in', 'the', 'course', 'of', 'detention', 'and', 'the', 'applicant', 'is', 'entitled', 'under', 'Article', '5', 'para', '.', '4', '(', 'art', '.', '5', '-', '4', ')', 'to', 'take', 'proceedings', 'to', 'have', 'these', 'issues', 'decided', 'by', 'a', 'court', 'at', 'reasonable', 'intervals', 'as', 'well', 'as', 'to', 'have', 'the', 'lawfulness', 'of', 'any', 're', '-', 'detention', 'determined', 'by', 'a', 'court', '(', 'see', ',', 'mutatis', 'mutandis', ',', 'the', 'above', '-', 'mentioned', 'Thynne', ',', 'Wilson', 'and', 'Gunnell', 'judgment', ',', 'p.', '30', ',', 'para', '.', '76', ')', '.']	['I-Subsumtion', 'I-Subsumtion', 'I-Subsumtion', 'I-Subsumtion', 'I-Subsumtion', 'I-Subsumtion', 'I-Subsumtion', 'I-Subsumtion', 'I-Subsumtion', 'I-Subsumtion', 'I-Subsumtion', 'I-Subsumtion', 'I-Subsumtion', 'I-Subsumtion', 'I-Subsumtion', 'I-Subsumtion', 'I-Subsumtion', 'I-Subsumtion', 'I-Subsumtion', 'I-Subsumtion', 'I-Subsumtion', 'I-Subsumtion', 'I-Subsumtion', 'I-Subsumtion', 'I-Subsumtion', 'I-Subsumtion', 'I-Subsumtion', 'I-Subsumtion', 'I-Subsumtion', 'I-Subsumtion', 'I-Subsumtion', 'I-Subsumtion', 'I-Subsumtion', 'I-Subsumtion', 'I-Subsumtion', 'I-Subsumtion', 'I-Subsumtion', 'I-Subsumtion', 'I-Subsumtion', 'I-Subsumtion', 'I-Subsumtion', 'I-Subsumtion', 'I-Subsumtion', 'I-Subsumtion', 'I-Subsumtion', 'I-Subsumtion', 'I-Subsumtion', 'I-Subsumtion', 'I-Subsumtion', 'I-Subsumtion', 'I-Subsumtion', 'I-Subsumtion', 'I-Subsumtion', 'I-Subsumtion', 'I-Subsumtion', 'I-Subsumtion', 'I-Subsumtion', 'I-Subsumtion', 'I-Subsumtion', 'I-Subsumtion', 'I-Subsumtion', 'I-Subsumtion', 'I-Subsumtion', 'I-Subsumtion', 'I-Subsumtion', 'I-Subsumtion', 'I-Subsumtion', 'I-Subsumtion', 'I-Subsumtion', 'I-Subsumtion', 'I-Subsumtion', 'I-Subsumtion', 'I-Subsumtion', 'I-Subsumtion', 'I-Subsumtion', 'I-Subsumtion', 'I-Subsumtion', 'I-Subsumtion', 'I-Subsumtion', 'I-Subsumtion', 'I-Subsumtion', 'I-Subsumtion', 'I-Subsumtion', 'I-Subsumtion', 'I-Subsumtion', 'I-Subsumtion', 'I-Subsumtion', 'I-Subsumtion', 'I-Subsumtion', 'I-Subsumtion', 'I-Subsumtion', 'I-Subsumtion', 'I-Subsumtion', 'I-Subsumtion', 'I-Subsumtion', 'I-Subsumtion', 'I-Subsumtion', 'I-Subsumtion', 'I-Subsumtion', 'I-Subsumtion', 'I-Subsumtion', 'I-Subsumtion', 'I-Subsumtion', 'I-Subsumtion', 'I-Subsumtion', 'I-Subsumtion', 'I-Subsumtion', 'I-Subsumtion', 'I-Subsumtion', 'I-Subsumtion', 'I-Subsumtion', 'I-Subsumtion', 'I-Subsumtion', 'I-Subsumtion', 'I-Subsumtion', 'I-Subsumtion', 'I-Subsumtion', 'I-Subsumtion', 'I-Subsumtion', 'I-Subsumtion', 'I-Subsumtion', 'I-Subsumtion', 'I-Subsumtion', 'I-Subsumtion', 'I-Subsumtion', 'I-Subsumtion', 'I-Subsumtion', 'I-Subsumtion', 'I-Subsumtion', 'I-Subsumtion', 'I-Subsumtion', 'I-Subsumtion', 'I-Subsumtion', 'I-Subsumtion', 'I-Subsumtion', 'I-Subsumtion', 'I-Subsumtion', 'I-Subsumtion', 'I-Subsumtion', 'I-Subsumtion', 'I-Subsumtion', 'I-Subsumtion', 'I-Subsumtion', 'I-Subsumtion', 'I-Subsumtion', 'I-Subsumtion', 'I-Subsumtion', 'I-Subsumtion', 'I-Subsumtion', 'I-Subsumtion', 'I-Subsumtion', 'I-Subsumtion']
['B.', 'Whether', 'the', 'available', 'remedies', 'satisfied', 'the', 'requirements', 'of', 'Article', '5', 'para', '.', '4', '(', 'art', '.', '5', '-', '4', ')']	['O', 'O', 'O', 'O', 'O', 'O', 'O', 'O', 'O', 'O', 'O', 'O', 'O', 'O', 'O', 'O', 'O', 'O', 'O', 'O', 'O']
['63', '.', 'The', 'Government', 'accepted', 'that', 'if', ',', 'contrary', 'to', 'their', 'submissions', ',', 'Article', '5', 'para', '.', '4', '(', 'art', '.', '5', '-', '4', ')', 'did', 'confer', 'additional', 'rights', 'to', 'challenge', 'the', 'lawfulness', 'of', 'the', 'applicant', '’s', 'continued', 'detention', ',', 'there', 'would', 'have', 'been', 'a', 'breach', 'of', 'that', 'provision', 'but', 'only', 'to', 'the', 'extent', 'that', 'the', 'Parole', 'Board', 'had', 'no', 'general', 'power', 'to', 'order', 'the', 'release', 'of', 'the', 'applicant', 'after', 'the', 'expiry', 'of', 'his', 'tariff', '.']	['O', 'O', 'O', 'O', 'O', 'O', 'O', 'O', 'O', 'O', 'O', 'O', 'O', 'O', 'O', 'O', 'O', 'O', 'O', 'O', 'O', 'O', 'O', 'O', 'O', 'O', 'O', 'O', 'O', 'O', 'O', 'O', 'O', 'O', 'O', 'O', 'O', 'O', 'O', 'O', 'O', 'O', 'O', 'O', 'O', 'O', 'O', 'O', 'O', 'O', 'O', 'O', 'O', 'O', 'O', 'O', 'O', 'O', 'O', 'O', 'O', 'O', 'O', 'O', 'O', 'O', 'O', 'O', 'O', 'O', 'O', 'O', 'O', 'O', 'O', 'O']
['In', 'reply', 'to', 'the', 'applicant', '’s', 'submission', 'that', 'the', 'importance', 'and', 'the', 'nature', 'of', 'the', 'issue', ',', 'that', 'is', 'the', 'detainee', '’s', 'mental', 'state', ',', 'called', 'for', 'an', 'oral', 'hearing', ',', 'including', 'the', 'possibility', 'of', 'calling', 'and', 'questioning', 'witnesses', ',', 'the', 'Government', 'recalled', 'that', 'Article', '5', 'para', '.', '4', '(', 'art', '.', '5', '-', '4', ')', 'does', 'not', 'confer', 'an', 'absolute', 'right', 'to', 'an', 'adversarial', 'procedure', 'and', 'that', 'to', 'the', 'extent', 'that', 'fairness', 'did', 'require', 'an', 'oral', 'hearing', ',', 'this', 'could', 'be', 'secured', 'by', 'bringing', 'judicial', 'review', 'proceedings', '.']	['O', 'O', 'O', 'O', 'O', 'O', 'O', 'O', 'O', 'O', 'O', 'O', 'O', 'O', 'O', 'O', 'O', 'O', 'O', 'O', 'O', 'O', 'O', 'O', 'O', 'O', 'O', 'O', 'O', 'O', 'O', 'O', 'O', 'O', 'O', 'O', 'O', 'O', 'O', 'O', 'O', 'O', 'O', 'O', 'O', 'O', 'O', 'O', 'O', 'O', 'O', 'O', 'O', 'O', 'O', 'O', 'O', 'O', 'O', 'O', 'O', 'O', 'O', 'O', 'O', 'O', 'O', 'O', 'O', 'O', 'O', 'O', 'O', 'O', 'O', 'O', 'O', 'O', 'O', 'O', 'O', 'O', 'O', 'O', 'O', 'O', 'O', 'O', 'O']
"['64', '.', 'The', 'Commission', 'found', 'that', 'the', 'Parole', 'Board', '’s', 'lack', 'of', 'decision', '-', 'making', 'power', 'meant', 'that', 'it', 'could', 'not', 'be', 'regarded', 'as', 'a', 'body', 'satisfying', 'the', 'requirements', 'of', 'Article', '5', 'para', '.', '4', '(', 'art', '.', '5', '-', '4', ')', '.', 'As', 'to', 'the', 'need', 'for', 'an', 'oral', 'hearing', ',', 'the', 'Delegate', 'of', 'the', 'Commission', 'added', 'that', 'judicial', 'review', '""', 'is', 'a', 'very', 'uncertain', 'remedy', 'given', 'the', 'fact', 'that', 'express', 'provision', 'is', 'made', 'for', 'an', 'oral', 'hearing', 'in', 'the', 'case', 'of', 'discretionary', 'life', 'prisoners', ',', 'but', 'not', 'in', 'the', 'case', 'of', 'persons', 'detained', 'during', 'Her', 'Majesty', '’s', 'pleasure', '""', '.']"	['O', 'O', 'B-Subsumtion', 'I-Subsumtion', 'I-Subsumtion', 'I-Subsumtion', 'I-Subsumtion', 'I-Subsumtion', 'I-Subsumtion', 'I-Subsumtion', 'I-Subsumtion', 'I-Subsumtion', 'I-Subsumtion', 'I-Subsumtion', 'I-Subsumtion', 'I-Subsumtion', 'I-Subsumtion', 'I-Subsumtion', 'I-Subsumtion', 'I-Subsumtion', 'I-Subsumtion', 'I-Subsumtion', 'I-Subsumtion', 'I-Subsumtion', 'I-Subsumtion', 'I-Subsumtion', 'I-Subsumtion', 'I-Subsumtion', 'I-Subsumtion', 'I-Subsumtion', 'I-Subsumtion', 'I-Subsumtion', 'I-Subsumtion', 'I-Subsumtion', 'I-Subsumtion', 'I-Subsumtion', 'I-Subsumtion', 'I-Subsumtion', 'I-Subsumtion', 'I-Subsumtion', 'I-Subsumtion', 'I-Subsumtion', 'I-Subsumtion', 'I-Subsumtion', 'I-Subsumtion', 'I-Subsumtion', 'I-Subsumtion', 'I-Subsumtion', 'I-Subsumtion', 'I-Subsumtion', 'I-Subsumtion', 'I-Subsumtion', 'I-Subsumtion', 'I-Subsumtion', 'I-Subsumtion', 'I-Subsumtion', 'I-Subsumtion', 'I-Subsumtion', 'I-Subsumtion', 'I-Subsumtion', 'I-Subsumtion', 'I-Subsumtion', 'I-Subsumtion', 'I-Subsumtion', 'I-Subsumtion', 'I-Subsumtion', 'I-Subsumtion', 'I-Subsumtion', 'I-Subsumtion', 'I-Subsumtion', 'I-Subsumtion', 'I-Subsumtion', 'I-Subsumtion', 'I-Subsumtion', 'I-Subsumtion', 'I-Subsumtion', 'I-Subsumtion', 'I-Subsumtion', 'I-Subsumtion', 'I-Subsumtion', 'I-Subsumtion', 'I-Subsumtion', 'I-Subsumtion', 'I-Subsumtion', 'I-Subsumtion', 'I-Subsumtion', 'I-Subsumtion', 'I-Subsumtion', 'I-Subsumtion', 'I-Subsumtion', 'I-Subsumtion', 'I-Subsumtion', 'I-Subsumtion', 'I-Subsumtion', 'I-Subsumtion', 'I-Subsumtion', 'I-Subsumtion', 'I-Subsumtion', 'I-Subsumtion', 'I-Subsumtion', 'I-Subsumtion', 'I-Subsumtion']
"['65', '.', 'The', 'Court', 'recalls', 'that', 'Article', '5', 'para', '.', '4', '(', 'art', '.', '5', '-', '4', ')', 'does', 'not', 'guarantee', 'a', 'right', 'to', 'judicial', 'control', 'of', 'such', 'scope', 'as', 'to', 'empower', 'the', '""', 'court', '""', 'on', 'all', 'aspects', 'of', 'the', 'case', ',', 'including', 'questions', 'of', 'expediency', ',', 'to', 'substitute', 'its', 'own', 'discretion', 'for', 'that', 'of', 'the', 'decision', '-', 'making', 'authority', ';', 'the', 'review', 'should', ',', 'nevertheless', ',', 'be', 'wide', 'enough', 'to', 'bear', 'on', 'those', 'conditions', 'which', ',', 'according', 'to', 'the', 'Convention', ',', 'are', 'essential', 'for', 'the', 'lawful', 'detention', 'of', 'a', 'person', 'subject', 'to', 'the', 'special', 'type', 'of', 'deprivation', 'of', 'liberty', 'ordered', 'against', 'the', 'applicant', '(', 'see', ',', 'inter', 'alia', ',', 'the', 'above', '-', 'mentioned', 'Weeks', 'judgment', ',', 'p.', '29', ',', 'para', '.', '59', ',', 'the', 'E.', 'v.', 'Norway', 'judgment', 'of', '29', 'August', '1990', ',', 'Series', 'A', 'no', '.', '181', '-', 'A', ',', 'p.', '21', ',', 'para', '.', '50', ',', 'and', 'the', 'above', '-', 'mentioned', 'Thynne', ',', 'Wilson', 'and', 'Gunnell', 'judgment', ',', 'p.', '30', ',', 'para', '.', '79', ')', '.']"	['O', 'O', 'B-Vorherige Rechtsprechung des EGMR', 'I-Vorherige Rechtsprechung des EGMR', 'I-Vorherige Rechtsprechung des EGMR', 'I-Vorherige Rechtsprechung des EGMR', 'I-Vorherige Rechtsprechung des EGMR', 'I-Vorherige Rechtsprechung des EGMR', 'I-Vorherige Rechtsprechung des EGMR', 'I-Vorherige Rechtsprechung des EGMR', 'I-Vorherige Rechtsprechung des EGMR', 'I-Vorherige Rechtsprechung des EGMR', 'I-Vorherige Rechtsprechung des EGMR', 'I-Vorherige Rechtsprechung des EGMR', 'I-Vorherige Rechtsprechung des EGMR', 'I-Vorherige Rechtsprechung des EGMR', 'I-Vorherige Rechtsprechung des EGMR', 'I-Vorherige Rechtsprechung des EGMR', 'I-Vorherige Rechtsprechung des EGMR', 'I-Vorherige Rechtsprechung des EGMR', 'I-Vorherige Rechtsprechung des EGMR', 'I-Vorherige Rechtsprechung des EGMR', 'I-Vorherige Rechtsprechung des EGMR', 'I-Vorherige Rechtsprechung des EGMR', 'I-Vorherige Rechtsprechung des EGMR', 'I-Vorherige Rechtsprechung des EGMR', 'I-Vorherige Rechtsprechung des EGMR', 'I-Vorherige Rechtsprechung des EGMR', 'I-Vorherige Rechtsprechung des EGMR', 'I-Vorherige Rechtsprechung des EGMR', 'I-Vorherige Rechtsprechung des EGMR', 'I-Vorherige Rechtsprechung des EGMR', 'I-Vorherige Rechtsprechung des EGMR', 'I-Vorherige Rechtsprechung des EGMR', 'I-Vorherige Rechtsprechung des EGMR', 'I-Vorherige Rechtsprechung des EGMR', 'I-Vorherige Rechtsprechung des EGMR', 'I-Vorherige Rechtsprechung des EGMR', 'I-Vorherige Rechtsprechung des EGMR', 'I-Vorherige Rechtsprechung des EGMR', 'I-Vorherige Rechtsprechung des EGMR', 'I-Vorherige Rechtsprechung des EGMR', 'I-Vorherige Rechtsprechung des EGMR', 'I-Vorherige Rechtsprechung des EGMR', 'I-Vorherige Rechtsprechung des EGMR', 'I-Vorherige Rechtsprechung des EGMR', 'I-Vorherige Rechtsprechung des EGMR', 'I-Vorherige Rechtsprechung des EGMR', 'I-Vorherige Rechtsprechung des EGMR', 'I-Vorherige Rechtsprechung des EGMR', 'I-Vorherige Rechtsprechung des EGMR', 'I-Vorherige Rechtsprechung des EGMR', 'I-Vorherige Rechtsprechung des EGMR', 'I-Vorherige Rechtsprechung des EGMR', 'I-Vorherige Rechtsprechung des EGMR', 'I-Vorherige Rechtsprechung des EGMR', 'I-Vorherige Rechtsprechung des EGMR', 'I-Vorherige Rechtsprechung des EGMR', 'I-Vorherige Rechtsprechung des EGMR', 'I-Vorherige Rechtsprechung des EGMR', 'I-Vorherige Rechtsprechung des EGMR', 'I-Vorherige Rechtsprechung des EGMR', 'I-Vorherige Rechtsprechung des EGMR', 'I-Vorherige Rechtsprechung des EGMR', 'I-Vorherige Rechtsprechung des EGMR', 'I-Vorherige Rechtsprechung des EGMR', 'I-Vorherige Rechtsprechung des EGMR', 'I-Vorherige Rechtsprechung des EGMR', 'I-Vorherige Rechtsprechung des EGMR', 'I-Vorherige Rechtsprechung des EGMR', 'I-Vorherige Rechtsprechung des EGMR', 'I-Vorherige Rechtsprechung des EGMR', 'I-Vorherige Rechtsprechung des EGMR', 'I-Vorherige Rechtsprechung des EGMR', 'I-Vorherige Rechtsprechung des EGMR', 'I-Vorherige Rechtsprechung des EGMR', 'I-Vorherige Rechtsprechung des EGMR', 'I-Vorherige Rechtsprechung des EGMR', 'I-Vorherige Rechtsprechung des EGMR', 'I-Vorherige Rechtsprechung des EGMR', 'I-Vorherige Rechtsprechung des EGMR', 'I-Vorherige Rechtsprechung des EGMR', 'I-Vorherige Rechtsprechung des EGMR', 'I-Vorherige Rechtsprechung des EGMR', 'I-Vorherige Rechtsprechung des EGMR', 'I-Vorherige Rechtsprechung des EGMR', 'I-Vorherige Rechtsprechung des EGMR', 'I-Vorherige Rechtsprechung des EGMR', 'I-Vorherige Rechtsprechung des EGMR', 'I-Vorherige Rechtsprechung des EGMR', 'I-Vorherige Rechtsprechung des EGMR', 'I-Vorherige Rechtsprechung des EGMR', 'I-Vorherige Rechtsprechung des EGMR', 'I-Vorherige Rechtsprechung des EGMR', 'I-Vorherige Rechtsprechung des EGMR', 'I-Vorherige Rechtsprechung des EGMR', 'I-Vorherige Rechtsprechung des EGMR', 'I-Vorherige Rechtsprechung des EGMR', 'I-Vorherige Rechtsprechung des EGMR', 'I-Vorherige Rechtsprechung des EGMR', 'I-Vorherige Rechtsprechung des EGMR', 'I-Vorherige Rechtsprechung des EGMR', 'I-Vorherige Rechtsprechung des EGMR', 'I-Vorherige Rechtsprechung des EGMR', 'I-Vorherige Rechtsprechung des EGMR', 'I-Vorherige Rechtsprechung des EGMR', 'I-Vorherige Rechtsprechung des EGMR', 'I-Vorherige Rechtsprechung des EGMR', 'I-Vorherige Rechtsprechung des EGMR', 'I-Vorherige Rechtsprechung des EGMR', 'I-Vorherige Rechtsprechung des EGMR', 'I-Vorherige Rechtsprechung des EGMR', 'I-Vorherige Rechtsprechung des EGMR', 'I-Vorherige Rechtsprechung des EGMR', 'I-Vorherige Rechtsprechung des EGMR', 'I-Vorherige Rechtsprechung des EGMR', 'I-Vorherige Rechtsprechung des EGMR', 'I-Vorherige Rechtsprechung des EGMR', 'I-Vorherige Rechtsprechung des EGMR', 'I-Vorherige Rechtsprechung des EGMR', 'I-Vorherige Rechtsprechung des EGMR', 'I-Vorherige Rechtsprechung des EGMR', 'I-Vorherige Rechtsprechung des EGMR', 'I-Vorherige Rechtsprechung des EGMR', 'I-Vorherige Rechtsprechung des EGMR', 'I-Vorherige Rechtsprechung des EGMR', 'I-Vorherige Rechtsprechung des EGMR', 'I-Vorherige Rechtsprechung des EGMR', 'I-Vorherige Rechtsprechung des EGMR', 'I-Vorherige Rechtsprechung des EGMR', 'I-Vorherige Rechtsprechung des EGMR', 'I-Vorherige Rechtsprechung des EGMR', 'I-Vorherige Rechtsprechung des EGMR', 'I-Vorherige Rechtsprechung des EGMR', 'I-Vorherige Rechtsprechung des EGMR', 'I-Vorherige Rechtsprechung des EGMR', 'I-Vorherige Rechtsprechung des EGMR', 'I-Vorherige Rechtsprechung des EGMR', 'I-Vorherige Rechtsprechung des EGMR', 'I-Vorherige Rechtsprechung des EGMR', 'I-Vorherige Rechtsprechung des EGMR', 'I-Vorherige Rechtsprechung des EGMR', 'I-Vorherige Rechtsprechung des EGMR', 'I-Vorherige Rechtsprechung des EGMR', 'I-Vorherige Rechtsprechung des EGMR', 'I-Vorherige Rechtsprechung des EGMR', 'I-Vorherige Rechtsprechung des EGMR', 'I-Vorherige Rechtsprechung des EGMR', 'I-Vorherige Rechtsprechung des EGMR', 'I-Vorherige Rechtsprechung des EGMR', 'I-Vorherige Rechtsprechung des EGMR', 'I-Vorherige Rechtsprechung des EGMR', 'I-Vorherige Rechtsprechung des EGMR', 'I-Vorherige Rechtsprechung des EGMR', 'I-Vorherige Rechtsprechung des EGMR', 'I-Vorherige Rechtsprechung des EGMR', 'I-Vorherige Rechtsprechung des EGMR', 'I-Vorherige Rechtsprechung des EGMR', 'I-Vorherige Rechtsprechung des EGMR', 'I-Vorherige Rechtsprechung des EGMR', 'I-Vorherige Rechtsprechung des EGMR', 'I-Vorherige Rechtsprechung des EGMR', 'I-Vorherige Rechtsprechung des EGMR', 'I-Vorherige Rechtsprechung des EGMR', 'I-Vorherige Rechtsprechung des EGMR', 'I-Vorherige Rechtsprechung des EGMR', 'I-Vorherige Rechtsprechung des EGMR', 'I-Vorherige Rechtsprechung des EGMR', 'I-Vorherige Rechtsprechung des EGMR', 'I-Vorherige Rechtsprechung des EGMR']
['66', '.', 'As', 'in', 'Thynne', ',', 'Wilson', 'and', 'Gunnell', '(', 'p.', '30', ',', 'para', '.', '80', ')', 'and', 'despite', 'the', 'new', 'policy', 'allowing', 'persons', 'detained', 'under', 'section', '53', 'of', 'the', '1933', 'Act', 'the', 'opportunity', 'to', 'see', 'the', 'material', 'before', 'the', 'Parole', 'Board', '(', 'see', 'paragraphs', '15', 'and', '30', 'above', ')', ',', 'the', 'Court', 'sees', 'no', 'reason', 'to', 'depart', 'from', 'its', 'findings', 'in', 'the', 'case', 'of', 'Weeks', '(', 'cited', 'above', ',', 'pp', '.', '29', '-', '33', ',', 'paras', '.', '60', '-', '69', ')', 'that', 'the', 'Parole', 'Board', 'does', 'not', 'satisfy', 'the', 'requirements', 'of', 'Article', '5', 'para', '.', '4', '(', 'art', '.', '5', '-', '4', ')', '.', 'Indeed', ',', 'to', 'the', 'extent', 'to', 'which', 'the', 'Parole', 'Board', 'can', 'not', 'order', 'the', 'release', 'of', 'a', 'prisoner', 'this', 'is', 'not', 'contested', 'by', 'the', 'Government', '.', 'However', ',', 'the', 'lack', 'of', 'adversarial', 'proceedings', 'before', 'the', 'Parole', 'Board', 'also', 'prevents', 'it', 'from', 'being', 'regarded', 'as', 'a', 'court', 'or', 'court', '-', 'like', 'body', 'for', 'the', 'purposes', 'of', 'Article', '5', 'para', '.', '4', '(', 'art', '.', '5', '-', '4', ')', '.']	['O', 'O', 'B-Subsumtion', 'I-Subsumtion', 'I-Subsumtion', 'I-Subsumtion', 'I-Subsumtion', 'I-Subsumtion', 'I-Subsumtion', 'I-Subsumtion', 'I-Subsumtion', 'I-Subsumtion', 'I-Subsumtion', 'I-Subsumtion', 'I-Subsumtion', 'I-Subsumtion', 'I-Subsumtion', 'I-Subsumtion', 'I-Subsumtion', 'I-Subsumtion', 'I-Subsumtion', 'I-Subsumtion', 'I-Subsumtion', 'I-Subsumtion', 'I-Subsumtion', 'I-Subsumtion', 'I-Subsumtion', 'I-Subsumtion', 'I-Subsumtion', 'I-Subsumtion', 'I-Subsumtion', 'I-Subsumtion', 'I-Subsumtion', 'I-Subsumtion', 'I-Subsumtion', 'I-Subsumtion', 'I-Subsumtion', 'I-Subsumtion', 'I-Subsumtion', 'I-Subsumtion', 'I-Subsumtion', 'I-Subsumtion', 'I-Subsumtion', 'I-Subsumtion', 'I-Subsumtion', 'I-Subsumtion', 'I-Subsumtion', 'I-Subsumtion', 'I-Subsumtion', 'I-Subsumtion', 'I-Subsumtion', 'I-Subsumtion', 'I-Subsumtion', 'I-Subsumtion', 'I-Subsumtion', 'I-Subsumtion', 'I-Subsumtion', 'I-Subsumtion', 'I-Subsumtion', 'I-Subsumtion', 'I-Subsumtion', 'I-Subsumtion', 'I-Subsumtion', 'I-Subsumtion', 'I-Subsumtion', 'I-Subsumtion', 'I-Subsumtion', 'I-Subsumtion', 'I-Subsumtion', 'I-Subsumtion', 'I-Subsumtion', 'I-Subsumtion', 'I-Subsumtion', 'I-Subsumtion', 'I-Subsumtion', 'I-Subsumtion', 'I-Subsumtion', 'I-Subsumtion', 'I-Subsumtion', 'I-Subsumtion', 'I-Subsumtion', 'I-Subsumtion', 'I-Subsumtion', 'I-Subsumtion', 'I-Subsumtion', 'I-Subsumtion', 'I-Subsumtion', 'I-Subsumtion', 'I-Subsumtion', 'I-Subsumtion', 'I-Subsumtion', 'I-Subsumtion', 'I-Subsumtion', 'I-Subsumtion', 'I-Subsumtion', 'I-Subsumtion', 'I-Subsumtion', 'I-Subsumtion', 'I-Subsumtion', 'I-Subsumtion', 'I-Subsumtion', 'I-Subsumtion', 'I-Subsumtion', 'I-Subsumtion', 'I-Subsumtion', 'I-Subsumtion', 'I-Subsumtion', 'I-Subsumtion', 'I-Subsumtion', 'I-Subsumtion', 'I-Subsumtion', 'I-Subsumtion', 'I-Subsumtion', 'I-Subsumtion', 'I-Subsumtion', 'I-Subsumtion', 'I-Subsumtion', 'I-Subsumtion', 'I-Subsumtion', 'I-Subsumtion', 'I-Subsumtion', 'I-Subsumtion', 'I-Subsumtion', 'I-Subsumtion', 'I-Subsumtion', 'I-Subsumtion', 'I-Subsumtion', 'I-Subsumtion', 'I-Subsumtion', 'I-Subsumtion', 'I-Subsumtion', 'I-Subsumtion', 'I-Subsumtion', 'I-Subsumtion', 'I-Subsumtion', 'I-Subsumtion', 'I-Subsumtion', 'I-Subsumtion', 'I-Subsumtion', 'I-Subsumtion', 'I-Subsumtion', 'I-Subsumtion', 'I-Subsumtion', 'I-Subsumtion', 'I-Subsumtion', 'I-Subsumtion', 'I-Subsumtion', 'I-Subsumtion', 'I-Subsumtion', 'I-Subsumtion', 'I-Subsumtion', 'I-Subsumtion', 'I-Subsumtion', 'I-Subsumtion', 'I-Subsumtion', 'I-Subsumtion', 'I-Subsumtion', 'I-Subsumtion', 'I-Subsumtion', 'I-Subsumtion', 'I-Subsumtion', 'I-Subsumtion', 'I-Subsumtion', 'I-Subsumtion', 'I-Subsumtion', 'I-Subsumtion', 'I-Subsumtion', 'I-Subsumtion', 'I-Subsumtion', 'I-Subsumtion', 'I-Subsumtion', 'I-Subsumtion', 'I-Subsumtion']
['67', '.', 'The', 'Court', 'recalls', 'in', 'this', 'context', 'that', ',', 'in', 'matters', 'of', 'such', 'crucial', 'importance', 'as', 'the', 'deprivation', 'of', 'liberty', 'and', 'where', 'questions', 'arise', 'which', 'involve', ',', 'for', 'example', ',', 'an', 'assessment', 'of', 'the', 'applicant', '’s', 'character', 'or', 'mental', 'state', ',', 'it', 'has', 'held', 'that', 'it', 'may', 'be', 'essential', 'to', 'the', 'fairness', 'of', 'the', 'proceedings', 'that', 'the', 'applicant', 'be', 'present', 'at', 'an', 'oral', 'hearing', '(', 'see', ',', 'mutatis', 'mutandis', ',', 'the', 'Kremzow', 'v.', 'Austria', 'judgment', 'of', '21', 'September', '1993', ',', 'Series', 'A', 'no', '.', '268', '-', 'B', ',', 'p.', '45', ',', 'para', '.', '67', ')', '.']	['O', 'O', 'B-Vorherige Rechtsprechung des EGMR', 'I-Vorherige Rechtsprechung des EGMR', 'I-Vorherige Rechtsprechung des EGMR', 'I-Vorherige Rechtsprechung des EGMR', 'I-Vorherige Rechtsprechung des EGMR', 'I-Vorherige Rechtsprechung des EGMR', 'I-Vorherige Rechtsprechung des EGMR', 'I-Vorherige Rechtsprechung des EGMR', 'I-Vorherige Rechtsprechung des EGMR', 'I-Vorherige Rechtsprechung des EGMR', 'I-Vorherige Rechtsprechung des EGMR', 'I-Vorherige Rechtsprechung des EGMR', 'I-Vorherige Rechtsprechung des EGMR', 'I-Vorherige Rechtsprechung des EGMR', 'I-Vorherige Rechtsprechung des EGMR', 'I-Vorherige Rechtsprechung des EGMR', 'I-Vorherige Rechtsprechung des EGMR', 'I-Vorherige Rechtsprechung des EGMR', 'I-Vorherige Rechtsprechung des EGMR', 'I-Vorherige Rechtsprechung des EGMR', 'I-Vorherige Rechtsprechung des EGMR', 'I-Vorherige Rechtsprechung des EGMR', 'I-Vorherige Rechtsprechung des EGMR', 'I-Vorherige Rechtsprechung des EGMR', 'I-Vorherige Rechtsprechung des EGMR', 'I-Vorherige Rechtsprechung des EGMR', 'I-Vorherige Rechtsprechung des EGMR', 'I-Vorherige Rechtsprechung des EGMR', 'I-Vorherige Rechtsprechung des EGMR', 'I-Vorherige Rechtsprechung des EGMR', 'I-Vorherige Rechtsprechung des EGMR', 'I-Vorherige Rechtsprechung des EGMR', 'I-Vorherige Rechtsprechung des EGMR', 'I-Vorherige Rechtsprechung des EGMR', 'I-Vorherige Rechtsprechung des EGMR', 'I-Vorherige Rechtsprechung des EGMR', 'I-Vorherige Rechtsprechung des EGMR', 'I-Vorherige Rechtsprechung des EGMR', 'I-Vorherige Rechtsprechung des EGMR', 'I-Vorherige Rechtsprechung des EGMR', 'I-Vorherige Rechtsprechung des EGMR', 'I-Vorherige Rechtsprechung des EGMR', 'I-Vorherige Rechtsprechung des EGMR', 'I-Vorherige Rechtsprechung des EGMR', 'I-Vorherige Rechtsprechung des EGMR', 'I-Vorherige Rechtsprechung des EGMR', 'I-Vorherige Rechtsprechung des EGMR', 'I-Vorherige Rechtsprechung des EGMR', 'I-Vorherige Rechtsprechung des EGMR', 'I-Vorherige Rechtsprechung des EGMR', 'I-Vorherige Rechtsprechung des EGMR', 'I-Vorherige Rechtsprechung des EGMR', 'I-Vorherige Rechtsprechung des EGMR', 'I-Vorherige Rechtsprechung des EGMR', 'I-Vorherige Rechtsprechung des EGMR', 'I-Vorherige Rechtsprechung des EGMR', 'I-Vorherige Rechtsprechung des EGMR', 'I-Vorherige Rechtsprechung des EGMR', 'I-Vorherige Rechtsprechung des EGMR', 'I-Vorherige Rechtsprechung des EGMR', 'I-Vorherige Rechtsprechung des EGMR', 'I-Vorherige Rechtsprechung des EGMR', 'I-Vorherige Rechtsprechung des EGMR', 'I-Vorherige Rechtsprechung des EGMR', 'I-Vorherige Rechtsprechung des EGMR', 'I-Vorherige Rechtsprechung des EGMR', 'I-Vorherige Rechtsprechung des EGMR', 'I-Vorherige Rechtsprechung des EGMR', 'I-Vorherige Rechtsprechung des EGMR', 'I-Vorherige Rechtsprechung des EGMR', 'I-Vorherige Rechtsprechung des EGMR', 'I-Vorherige Rechtsprechung des EGMR', 'I-Vorherige Rechtsprechung des EGMR', 'I-Vorherige Rechtsprechung des EGMR', 'I-Vorherige Rechtsprechung des EGMR', 'I-Vorherige Rechtsprechung des EGMR', 'I-Vorherige Rechtsprechung des EGMR', 'I-Vorherige Rechtsprechung des EGMR', 'I-Vorherige Rechtsprechung des EGMR', 'I-Vorherige Rechtsprechung des EGMR', 'I-Vorherige Rechtsprechung des EGMR', 'I-Vorherige Rechtsprechung des EGMR', 'I-Vorherige Rechtsprechung des EGMR', 'I-Vorherige Rechtsprechung des EGMR', 'I-Vorherige Rechtsprechung des EGMR', 'I-Vorherige Rechtsprechung des EGMR', 'I-Vorherige Rechtsprechung des EGMR', 'I-Vorherige Rechtsprechung des EGMR', 'I-Vorherige Rechtsprechung des EGMR', 'I-Vorherige Rechtsprechung des EGMR', 'I-Vorherige Rechtsprechung des EGMR', 'I-Vorherige Rechtsprechung des EGMR', 'I-Vorherige Rechtsprechung des EGMR', 'I-Vorherige Rechtsprechung des EGMR', 'I-Vorherige Rechtsprechung des EGMR']
['68', '.', 'The', 'Court', 'is', 'of', 'the', 'view', 'that', ',', 'in', 'a', 'situation', 'such', 'as', 'that', 'of', 'the', 'applicant', ',', 'where', 'a', 'substantial', 'term', 'of', 'imprisonment', 'may', 'be', 'at', 'stake', 'and', 'where', 'characteristics', 'pertaining', 'to', 'his', 'personality', 'and', 'level', 'of', 'maturity', 'are', 'of', 'importance', 'in', 'deciding', 'on', 'his', 'dangerousness', ',', 'Article', '5', 'para', '.', '4', '(', 'art', '.', '5', '-', '4', ')', 'requires', 'an', 'oral', 'hearing', 'in', 'the', 'context', 'of', 'an', 'adversarial', 'procedure', 'involving', 'legal', 'representation', 'and', 'the', 'possibility', 'of', 'calling', 'and', 'questioning', 'witnesses', '.']	['O', 'O', 'B-Subsumtion', 'I-Subsumtion', 'I-Subsumtion', 'I-Subsumtion', 'I-Subsumtion', 'I-Subsumtion', 'I-Subsumtion', 'I-Subsumtion', 'I-Subsumtion', 'I-Subsumtion', 'I-Subsumtion', 'I-Subsumtion', 'I-Subsumtion', 'I-Subsumtion', 'I-Subsumtion', 'I-Subsumtion', 'I-Subsumtion', 'I-Subsumtion', 'I-Subsumtion', 'I-Subsumtion', 'I-Subsumtion', 'I-Subsumtion', 'I-Subsumtion', 'I-Subsumtion', 'I-Subsumtion', 'I-Subsumtion', 'I-Subsumtion', 'I-Subsumtion', 'I-Subsumtion', 'I-Subsumtion', 'I-Subsumtion', 'I-Subsumtion', 'I-Subsumtion', 'I-Subsumtion', 'I-Subsumtion', 'I-Subsumtion', 'I-Subsumtion', 'I-Subsumtion', 'I-Subsumtion', 'I-Subsumtion', 'I-Subsumtion', 'I-Subsumtion', 'I-Subsumtion', 'I-Subsumtion', 'I-Subsumtion', 'I-Subsumtion', 'I-Subsumtion', 'I-Subsumtion', 'I-Subsumtion', 'I-Subsumtion', 'I-Subsumtion', 'I-Subsumtion', 'I-Subsumtion', 'I-Subsumtion', 'I-Subsumtion', 'I-Subsumtion', 'I-Subsumtion', 'I-Subsumtion', 'I-Subsumtion', 'I-Subsumtion', 'I-Subsumtion', 'I-Subsumtion', 'I-Subsumtion', 'I-Subsumtion', 'I-Subsumtion', 'I-Subsumtion', 'I-Subsumtion', 'I-Subsumtion', 'I-Subsumtion', 'I-Subsumtion', 'I-Subsumtion', 'I-Subsumtion', 'I-Subsumtion', 'I-Subsumtion', 'I-Subsumtion', 'I-Subsumtion', 'I-Subsumtion', 'I-Subsumtion', 'I-Subsumtion', 'I-Subsumtion', 'I-Subsumtion', 'I-Subsumtion', 'I-Subsumtion']
['69', '.', 'It', 'is', 'not', 'an', 'answer', 'to', 'this', 'requirement', 'that', 'the', 'applicant', 'might', 'have', 'been', 'able', 'to', 'obtain', 'an', 'oral', 'hearing', 'by', 'instituting', 'proceedings', 'for', 'judicial', 'review', '.', 'In', 'the', 'first', 'place', ',', 'Article', '5', 'para', '.', '4', '(', 'art', '.', '5', '-', '4', ')', 'presupposes', 'the', 'existence', 'of', 'a', 'procedure', 'in', 'conformity', 'with', 'its', 'requirements', 'without', 'the', 'necessity', 'of', 'instituting', 'separate', 'legal', 'proceedings', 'in', 'order', 'to', 'bring', 'it', 'about', '.', 'In', 'the', 'second', 'place', ',', 'like', 'the', 'Delegate', 'of', 'the', 'Commission', ',', 'the', 'Court', 'is', 'not', 'convinced', 'that', 'the', 'applicant', '’s', 'possibility', 'of', 'obtaining', 'an', 'oral', 'hearing', 'by', 'way', 'of', 'proceedings', 'for', 'judicial', 'review', 'is', 'sufficiently', 'certain', 'to', 'be', 'regarded', 'as', 'satisfying', 'the', 'requirements', 'of', 'Article', '5', 'para', '.', '4', '(', 'art', '.', '5', '-', '4', ')', 'of', 'the', 'Convention', '.']	['O', 'O', 'B-Subsumtion', 'I-Subsumtion', 'I-Subsumtion', 'I-Subsumtion', 'I-Subsumtion', 'I-Subsumtion', 'I-Subsumtion', 'I-Subsumtion', 'I-Subsumtion', 'I-Subsumtion', 'I-Subsumtion', 'I-Subsumtion', 'I-Subsumtion', 'I-Subsumtion', 'I-Subsumtion', 'I-Subsumtion', 'I-Subsumtion', 'I-Subsumtion', 'I-Subsumtion', 'I-Subsumtion', 'I-Subsumtion', 'I-Subsumtion', 'I-Subsumtion', 'I-Subsumtion', 'I-Subsumtion', 'I-Subsumtion', 'I-Subsumtion', 'I-Subsumtion', 'I-Subsumtion', 'I-Subsumtion', 'I-Subsumtion', 'I-Subsumtion', 'I-Subsumtion', 'I-Subsumtion', 'I-Subsumtion', 'I-Subsumtion', 'I-Subsumtion', 'I-Subsumtion', 'I-Subsumtion', 'I-Subsumtion', 'I-Subsumtion', 'I-Subsumtion', 'I-Subsumtion', 'I-Subsumtion', 'I-Subsumtion', 'I-Subsumtion', 'I-Subsumtion', 'I-Subsumtion', 'I-Subsumtion', 'I-Subsumtion', 'I-Subsumtion', 'I-Subsumtion', 'I-Subsumtion', 'I-Subsumtion', 'I-Subsumtion', 'I-Subsumtion', 'I-Subsumtion', 'I-Subsumtion', 'I-Subsumtion', 'I-Subsumtion', 'I-Subsumtion', 'I-Subsumtion', 'I-Subsumtion', 'I-Subsumtion', 'I-Subsumtion', 'I-Subsumtion', 'I-Subsumtion', 'I-Subsumtion', 'I-Subsumtion', 'I-Subsumtion', 'I-Subsumtion', 'I-Subsumtion', 'I-Subsumtion', 'I-Subsumtion', 'I-Subsumtion', 'I-Subsumtion', 'I-Subsumtion', 'I-Subsumtion', 'I-Subsumtion', 'I-Subsumtion', 'I-Subsumtion', 'I-Subsumtion', 'I-Subsumtion', 'I-Subsumtion', 'I-Subsumtion', 'I-Subsumtion', 'I-Subsumtion', 'I-Subsumtion', 'I-Subsumtion', 'I-Subsumtion', 'I-Subsumtion', 'I-Subsumtion', 'I-Subsumtion', 'I-Subsumtion', 'I-Subsumtion', 'I-Subsumtion', 'I-Subsumtion', 'I-Subsumtion', 'I-Subsumtion', 'I-Subsumtion', 'I-Subsumtion', 'I-Subsumtion', 'I-Subsumtion', 'I-Subsumtion', 'I-Subsumtion', 'I-Subsumtion', 'I-Subsumtion', 'I-Subsumtion', 'I-Subsumtion', 'I-Subsumtion', 'I-Subsumtion', 'I-Subsumtion', 'I-Subsumtion', 'I-Subsumtion', 'I-Subsumtion', 'I-Subsumtion', 'I-Subsumtion', 'I-Subsumtion', 'I-Subsumtion', 'I-Subsumtion', 'I-Subsumtion', 'I-Subsumtion', 'I-Subsumtion', 'I-Subsumtion', 'I-Subsumtion', 'I-Subsumtion', 'I-Subsumtion', 'I-Subsumtion', 'I-Subsumtion', 'I-Subsumtion', 'I-Subsumtion']
['C.', 'Recapitulation']	['O', 'O']
['70', '.', 'In', 'conclusion', ',', 'the', 'Court', 'finds', 'that', 'there', 'has', 'been', 'a', 'violation', 'of', 'Article', '5', 'para', '.', '4', '(', 'art', '.', '5', '-', '4', ')', 'of', 'the', 'Convention', 'in', 'that', 'the', 'applicant', ',', 'after', 'the', 'expiry', 'of', 'his', 'tariff', ',', 'was', 'unable', 'to', 'bring', 'before', 'a', 'court', 'with', 'the', 'powers', 'and', 'procedural', 'guarantees', 'satisfying', 'that', 'provision', '(', 'art', '.', '5', '-', '4', ')', 'the', 'case', 'of', 'his', 'continued', 'detention', 'during', 'Her', 'Majesty', '’s', 'pleasure', 'or', 'of', 'his', 're', '-', 'detention', 'following', 'the', 'revocation', 'of', 'his', 'licence', '.']	['O', 'O', 'B-Entscheidung des EGMR', 'I-Entscheidung des EGMR', 'I-Entscheidung des EGMR', 'I-Entscheidung des EGMR', 'I-Entscheidung des EGMR', 'I-Entscheidung des EGMR', 'I-Entscheidung des EGMR', 'I-Entscheidung des EGMR', 'I-Entscheidung des EGMR', 'I-Entscheidung des EGMR', 'I-Entscheidung des EGMR', 'I-Entscheidung des EGMR', 'I-Entscheidung des EGMR', 'I-Entscheidung des EGMR', 'I-Entscheidung des EGMR', 'I-Entscheidung des EGMR', 'I-Entscheidung des EGMR', 'I-Entscheidung des EGMR', 'I-Entscheidung des EGMR', 'I-Entscheidung des EGMR', 'I-Entscheidung des EGMR', 'I-Entscheidung des EGMR', 'I-Entscheidung des EGMR', 'I-Entscheidung des EGMR', 'I-Entscheidung des EGMR', 'I-Entscheidung des EGMR', 'I-Entscheidung des EGMR', 'I-Entscheidung des EGMR', 'I-Entscheidung des EGMR', 'I-Entscheidung des EGMR', 'I-Entscheidung des EGMR', 'I-Entscheidung des EGMR', 'I-Entscheidung des EGMR', 'I-Entscheidung des EGMR', 'I-Entscheidung des EGMR', 'I-Entscheidung des EGMR', 'I-Entscheidung des EGMR', 'I-Entscheidung des EGMR', 'I-Entscheidung des EGMR', 'I-Entscheidung des EGMR', 'I-Entscheidung des EGMR', 'I-Entscheidung des EGMR', 'I-Entscheidung des EGMR', 'I-Entscheidung des EGMR', 'I-Entscheidung des EGMR', 'I-Entscheidung des EGMR', 'I-Entscheidung des EGMR', 'I-Entscheidung des EGMR', 'I-Entscheidung des EGMR', 'I-Entscheidung des EGMR', 'I-Entscheidung des EGMR', 'I-Entscheidung des EGMR', 'I-Entscheidung des EGMR', 'I-Entscheidung des EGMR', 'I-Entscheidung des EGMR', 'I-Entscheidung des EGMR', 'I-Entscheidung des EGMR', 'I-Entscheidung des EGMR', 'I-Entscheidung des EGMR', 'I-Entscheidung des EGMR', 'I-Entscheidung des EGMR', 'I-Entscheidung des EGMR', 'I-Entscheidung des EGMR', 'I-Entscheidung des EGMR', 'I-Entscheidung des EGMR', 'I-Entscheidung des EGMR', 'I-Entscheidung des EGMR', 'I-Entscheidung des EGMR', 'I-Entscheidung des EGMR', 'I-Entscheidung des EGMR', 'I-Entscheidung des EGMR', 'I-Entscheidung des EGMR', 'I-Entscheidung des EGMR', 'I-Entscheidung des EGMR', 'I-Entscheidung des EGMR', 'I-Entscheidung des EGMR', 'I-Entscheidung des EGMR', 'I-Entscheidung des EGMR', 'I-Entscheidung des EGMR', 'I-Entscheidung des EGMR', 'I-Entscheidung des EGMR', 'I-Entscheidung des EGMR', 'I-Entscheidung des EGMR', 'I-Entscheidung des EGMR', 'I-Entscheidung des EGMR', 'I-Entscheidung des EGMR', 'I-Entscheidung des EGMR']
['III', '.', 'APPLICATION', 'OF', 'ARTICLE', '50', '(', 'art', '.', '50', ')', 'OF', 'THE', 'CONVENTION']	['O', 'O', 'O', 'O', 'O', 'O', 'O', 'O', 'O', 'O', 'O', 'O', 'O', 'O']
['71', '.', 'Article', '50', '(', 'art', '.', '50', ')', 'of', 'the', 'Convention', 'provides', 'as', 'follows', ':']	['O', 'O', 'O', 'O', 'O', 'O', 'O', 'O', 'O', 'O', 'O', 'O', 'O', 'O', 'O', 'O']
"['""', 'If', 'the', 'Court', 'finds', 'that', 'a', 'decision', 'or', 'a', 'measure', 'taken', 'bya', 'legal', 'authority', 'or', 'any', 'other', 'authority', 'of', 'a', 'HighContracting', 'Party', 'is', 'completely', 'or', 'partially', 'in', 'conflictwith', 'the', 'obligations', 'arising', 'from', 'the', '...', 'Convention', ',', 'and', 'if', 'the', 'internal', 'law', 'of', 'the', 'said', 'Party', 'allows', 'only', 'partialreparation', 'to', 'be', 'made', 'for', 'the', 'consequences', 'of', 'thisdecision', 'or', 'measure', ',', 'the', 'decision', 'of', 'the', 'Court', 'shall', ',', 'ifnecessary', ',', 'afford', 'just', 'satisfaction', 'to', 'the', 'injuredparty', '.', '""']"	['O', 'O', 'O', 'O', 'O', 'O', 'O', 'O', 'O', 'O', 'O', 'O', 'O', 'O', 'O', 'O', 'O', 'O', 'O', 'O', 'O', 'O', 'O', 'O', 'O', 'O', 'O', 'O', 'O', 'O', 'O', 'O', 'O', 'O', 'O', 'O', 'O', 'O', 'O', 'O', 'O', 'O', 'O', 'O', 'O', 'O', 'O', 'O', 'O', 'O', 'O', 'O', 'O', 'O', 'O', 'O', 'O', 'O', 'O', 'O', 'O', 'O', 'O', 'O', 'O', 'O', 'O', 'O', 'O', 'O', 'O', 'O', 'O', 'O', 'O', 'O', 'O']
['The', 'applicant', '’s', 'claims', 'under', 'this', 'provision', '(', 'art', '.', '50', ')', 'were', 'for', 'compensation', 'for', 'non', '-', 'pecuniary', 'damage', 'and', 'reimbursement', 'of', 'legal', 'costs', 'and', 'expenses', 'referable', 'to', 'the', 'proceedings', 'before', 'the', 'Convention', 'institutions', '.']	['B-Subsumtion', 'I-Subsumtion', 'I-Subsumtion', 'I-Subsumtion', 'I-Subsumtion', 'I-Subsumtion', 'I-Subsumtion', 'I-Subsumtion', 'I-Subsumtion', 'I-Subsumtion', 'I-Subsumtion', 'I-Subsumtion', 'I-Subsumtion', 'I-Subsumtion', 'I-Subsumtion', 'I-Subsumtion', 'I-Subsumtion', 'I-Subsumtion', 'I-Subsumtion', 'I-Subsumtion', 'I-Subsumtion', 'I-Subsumtion', 'I-Subsumtion', 'I-Subsumtion', 'I-Subsumtion', 'I-Subsumtion', 'I-Subsumtion', 'I-Subsumtion', 'I-Subsumtion', 'I-Subsumtion', 'I-Subsumtion', 'I-Subsumtion', 'I-Subsumtion', 'I-Subsumtion', 'I-Subsumtion', 'I-Subsumtion']
['A.', 'Damage']	['O', 'O']
"['72', '.', 'The', 'applicant', 'adopted', 'the', 'terms', 'of', 'the', 'claim', 'for', 'compensation', 'in', 'the', 'case', 'of', 'Hussain', 'v.', 'the', 'United', 'Kingdom', '(', 'judgment', 'of', '21', 'February', '1996', ',', 'Reports', 'of', 'Judgments', 'and', 'Decisions', '1996', '-', 'I', ',', 'p.', '272', ',', 'para', '.', '65', ')', 'and', ',', 'additionally', ',', 'sought', 'compensation', 'for', 'the', '""', 'material', 'and', 'moral', 'damages', '""', 'caused', 'by', 'the', 'Parole', 'Board', '’s', 'failure', 'to', 'recommend', 'his', 'release', 'in', 'the', '1991', 'and', '1993', 'proceedings', 'and', 'by', 'the', 'Secretary', 'of', 'State', '’s', 'denial', 'of', 'the', 'Parole', 'Board', '’s', 'recommendation', 'for', 'release', 'in', 'July', '1994', '.', 'He', 'quantified', 'his', 'claim', 'at', '£', '100,000', 'or', ',', 'if', 'the', 'Court', 'were', 'only', 'to', 'find', 'a', 'causal', 'link', 'between', 'the', 'violation', 'found', 'and', 'his', 'continued', 'detention', 'as', 'of', 'July', '1994', ',', 'at', '£', '25,000', '.']"	['O', 'O', 'B-Subsumtion', 'I-Subsumtion', 'I-Subsumtion', 'I-Subsumtion', 'I-Subsumtion', 'I-Subsumtion', 'I-Subsumtion', 'I-Subsumtion', 'I-Subsumtion', 'I-Subsumtion', 'I-Subsumtion', 'I-Subsumtion', 'I-Subsumtion', 'I-Subsumtion', 'I-Subsumtion', 'I-Subsumtion', 'I-Subsumtion', 'I-Subsumtion', 'I-Subsumtion', 'I-Subsumtion', 'I-Subsumtion', 'I-Subsumtion', 'I-Subsumtion', 'I-Subsumtion', 'I-Subsumtion', 'I-Subsumtion', 'I-Subsumtion', 'I-Subsumtion', 'I-Subsumtion', 'I-Subsumtion', 'I-Subsumtion', 'I-Subsumtion', 'I-Subsumtion', 'I-Subsumtion', 'I-Subsumtion', 'I-Subsumtion', 'I-Subsumtion', 'I-Subsumtion', 'I-Subsumtion', 'I-Subsumtion', 'I-Subsumtion', 'I-Subsumtion', 'I-Subsumtion', 'I-Subsumtion', 'I-Subsumtion', 'I-Subsumtion', 'I-Subsumtion', 'I-Subsumtion', 'I-Subsumtion', 'I-Subsumtion', 'I-Subsumtion', 'I-Subsumtion', 'I-Subsumtion', 'I-Subsumtion', 'I-Subsumtion', 'I-Subsumtion', 'I-Subsumtion', 'I-Subsumtion', 'I-Subsumtion', 'I-Subsumtion', 'I-Subsumtion', 'I-Subsumtion', 'I-Subsumtion', 'I-Subsumtion', 'I-Subsumtion', 'I-Subsumtion', 'I-Subsumtion', 'I-Subsumtion', 'I-Subsumtion', 'I-Subsumtion', 'I-Subsumtion', 'I-Subsumtion', 'I-Subsumtion', 'I-Subsumtion', 'I-Subsumtion', 'I-Subsumtion', 'I-Subsumtion', 'I-Subsumtion', 'I-Subsumtion', 'I-Subsumtion', 'I-Subsumtion', 'I-Subsumtion', 'I-Subsumtion', 'I-Subsumtion', 'I-Subsumtion', 'I-Subsumtion', 'I-Subsumtion', 'I-Subsumtion', 'I-Subsumtion', 'I-Subsumtion', 'I-Subsumtion', 'I-Subsumtion', 'I-Subsumtion', 'I-Subsumtion', 'I-Subsumtion', 'I-Subsumtion', 'I-Subsumtion', 'I-Subsumtion', 'I-Subsumtion', 'I-Subsumtion', 'I-Subsumtion', 'I-Subsumtion', 'I-Subsumtion', 'I-Subsumtion', 'I-Subsumtion', 'I-Subsumtion', 'I-Subsumtion', 'I-Subsumtion', 'I-Subsumtion', 'I-Subsumtion', 'I-Subsumtion', 'I-Subsumtion', 'I-Subsumtion', 'I-Subsumtion', 'I-Subsumtion', 'I-Subsumtion', 'I-Subsumtion', 'I-Subsumtion', 'I-Subsumtion', 'I-Subsumtion', 'I-Subsumtion', 'I-Subsumtion', 'I-Subsumtion', 'I-Subsumtion', 'I-Subsumtion', 'I-Subsumtion', 'I-Subsumtion', 'I-Subsumtion', 'I-Subsumtion']
['73', '.', 'The', 'Court', 'notes', 'that', ',', 'had', 'the', 'Parole', 'Board', '’s', 'recommendations', 'been', 'binding', 'on', 'the', 'Secretary', 'of', 'State', ',', 'the', 'applicant', 'would', 'have', 'joined', 'a', 'pre', '-', 'release', 'employment', 'scheme', 'in', 'July', '1994', '.', 'On', 'the', 'basis', 'of', 'the', 'evidence', 'before', 'it', ',', 'however', ',', 'it', 'can', 'not', 'speculate', 'as', 'to', 'what', 'the', 'applicant', '’s', 'conduct', 'would', 'have', 'been', 'and', 'whether', 'he', 'would', 'have', 'been', 'eventually', 'released', '.', 'As', 'to', 'the', 'moral', 'damage', 'allegedly', 'suffered', ',', 'the', 'Court', 'shares', 'the', 'Government', '’s', 'view', 'that', ',', 'in', 'the', 'circumstances', ',', 'the', 'finding', 'of', 'a', 'violation', 'constitutes', 'sufficient', 'just', 'satisfaction', 'for', 'the', 'purposes', 'of', 'Article', '50', '(', 'art', '.', '50', ')', '.']	['O', 'O', 'B-Subsumtion', 'I-Subsumtion', 'I-Subsumtion', 'I-Subsumtion', 'I-Subsumtion', 'I-Subsumtion', 'I-Subsumtion', 'I-Subsumtion', 'I-Subsumtion', 'I-Subsumtion', 'I-Subsumtion', 'I-Subsumtion', 'I-Subsumtion', 'I-Subsumtion', 'I-Subsumtion', 'I-Subsumtion', 'I-Subsumtion', 'I-Subsumtion', 'I-Subsumtion', 'I-Subsumtion', 'I-Subsumtion', 'I-Subsumtion', 'I-Subsumtion', 'I-Subsumtion', 'I-Subsumtion', 'I-Subsumtion', 'I-Subsumtion', 'I-Subsumtion', 'I-Subsumtion', 'I-Subsumtion', 'I-Subsumtion', 'I-Subsumtion', 'I-Subsumtion', 'I-Subsumtion', 'I-Subsumtion', 'I-Subsumtion', 'I-Subsumtion', 'I-Subsumtion', 'I-Subsumtion', 'I-Subsumtion', 'I-Subsumtion', 'I-Subsumtion', 'I-Subsumtion', 'I-Subsumtion', 'I-Subsumtion', 'I-Subsumtion', 'I-Subsumtion', 'I-Subsumtion', 'I-Subsumtion', 'I-Subsumtion', 'I-Subsumtion', 'I-Subsumtion', 'I-Subsumtion', 'I-Subsumtion', 'I-Subsumtion', 'I-Subsumtion', 'I-Subsumtion', 'I-Subsumtion', 'I-Subsumtion', 'I-Subsumtion', 'I-Subsumtion', 'I-Subsumtion', 'I-Subsumtion', 'I-Subsumtion', 'I-Subsumtion', 'I-Subsumtion', 'I-Subsumtion', 'I-Subsumtion', 'I-Subsumtion', 'I-Subsumtion', 'I-Subsumtion', 'I-Subsumtion', 'I-Subsumtion', 'I-Subsumtion', 'I-Subsumtion', 'I-Subsumtion', 'I-Subsumtion', 'I-Subsumtion', 'I-Subsumtion', 'I-Subsumtion', 'I-Subsumtion', 'I-Subsumtion', 'I-Subsumtion', 'I-Subsumtion', 'I-Subsumtion', 'I-Subsumtion', 'I-Subsumtion', 'I-Subsumtion', 'I-Subsumtion', 'I-Subsumtion', 'I-Subsumtion', 'I-Subsumtion', 'I-Subsumtion', 'I-Subsumtion', 'I-Subsumtion', 'I-Subsumtion', 'I-Subsumtion', 'I-Subsumtion', 'I-Subsumtion', 'I-Subsumtion', 'I-Subsumtion', 'I-Subsumtion', 'I-Subsumtion', 'I-Subsumtion', 'I-Subsumtion', 'I-Subsumtion', 'I-Subsumtion', 'I-Subsumtion', 'I-Subsumtion', 'I-Subsumtion']
['B.', 'Costs', 'and', 'expenses']	['O', 'O', 'O', 'O']
['74', '.', 'For', 'the', 'legal', 'costs', 'and', 'expenses', 'in', 'bringing', 'his', 'case', 'before', 'the', 'Convention', 'institutions', ',', 'the', 'applicant', 'claimed', 'the', 'sum', 'of', '£', '22,058.73', 'inclusive', 'of', 'value', 'added', 'tax', '.']	['O', 'O', 'O', 'O', 'O', 'O', 'O', 'O', 'O', 'O', 'O', 'O', 'O', 'O', 'O', 'O', 'O', 'O', 'O', 'O', 'O', 'O', 'O', 'O', 'O', 'O', 'O', 'O', 'O', 'O', 'O']
['75', '.', 'The', 'Government', 'found', 'the', 'sum', 'claimed', 'excessive', '.']	['O', 'O', 'O', 'O', 'O', 'O', 'O', 'O', 'O', 'O']
['76', '.', 'In', 'the', 'light', 'of', 'the', 'criteria', 'emerging', 'from', 'its', 'case', '-', 'law', ',', 'the', 'Court', 'holds', 'that', 'the', 'applicant', 'should', 'be', 'awarded', 'the', 'amount', 'of', '£', '13,000', 'less', '15,421', 'French', 'francs', 'already', 'paid', 'by', 'way', 'of', 'legal', 'aid', 'in', 'respect', 'of', 'fees', 'and', 'travel', 'and', 'subsistence', 'expenses', '.']	['O', 'O', 'O', 'O', 'O', 'O', 'O', 'O', 'O', 'O', 'O', 'O', 'O', 'O', 'O', 'O', 'O', 'O', 'O', 'O', 'O', 'O', 'O', 'O', 'O', 'O', 'O', 'O', 'O', 'O', 'O', 'O', 'O', 'O', 'O', 'O', 'O', 'O', 'O', 'O', 'O', 'O', 'O', 'O', 'O', 'O', 'O', 'O', 'O', 'O']
['C.', 'Default', 'interest']	['O', 'O', 'O']
['77', '.', 'According', 'to', 'the', 'information', 'available', 'to', 'the', 'Court', ',', 'the', 'statutory', 'rate', 'of', 'interest', 'applicable', 'in', 'the', 'United', 'Kingdom', 'at', 'the', 'date', 'of', 'adoption', 'of', 'the', 'present', 'judgment', 'is', '8', '%', 'per', 'annum', '.']	['O', 'O', 'O', 'O', 'O', 'O', 'O', 'O', 'O', 'O', 'O', 'O', 'O', 'O', 'O', 'O', 'O', 'O', 'O', 'O', 'O', 'O', 'O', 'O', 'O', 'O', 'O', 'O', 'O', 'O', 'O', 'O', 'O', 'O', 'O', 'O']
['FOR', 'THESE', 'REASONS', ',', 'THE', 'COURT', 'UNANIMOUSLY']	['O', 'O', 'O', 'O', 'O', 'O', 'O']
['1', '.', 'Holds', 'that', 'there', 'has', 'been', 'a', 'violation', 'of', 'Article', '5para', '.', '4', '(', 'art', '.', '5', '-', '4', ')', 'of', 'the', 'Convention', 'in', 'that', 'theapplicant', ',', 'after', 'the', 'expiry', 'of', 'his', 'punitive', 'period', ',', 'wasunable', 'to', 'bring', 'before', 'a', 'court', 'the', 'case', 'of', 'his', 'continueddetention', 'or', 'of', 'his', 're', '-', 'detention', 'following', 'the', 'revocationof', 'his', 'licence', ';']	['O', 'O', 'O', 'O', 'O', 'O', 'O', 'O', 'O', 'O', 'O', 'O', 'O', 'O', 'O', 'O', 'O', 'O', 'O', 'O', 'O', 'O', 'O', 'O', 'O', 'O', 'O', 'O', 'O', 'O', 'O', 'O', 'O', 'O', 'O', 'O', 'O', 'O', 'O', 'O', 'O', 'O', 'O', 'O', 'O', 'O', 'O', 'O', 'O', 'O', 'O', 'O', 'O', 'O', 'O', 'O', 'O', 'O', 'O']
['2', '.', 'Holds', 'that', 'the', 'present', 'judgment', 'constitutes', 'in', 'itselfsufficient', 'just', 'satisfaction', 'for', 'any', 'non', '-', 'pecuniary', 'damagesustained', ';']	['O', 'O', 'O', 'O', 'O', 'O', 'O', 'O', 'O', 'O', 'O', 'O', 'O', 'O', 'O', 'O', 'O', 'O', 'O']
['3', '.', 'Holds']	['O', 'O', 'O']
['(', 'a', ')', 'that', 'the', 'respondent', 'State', 'is', 'to', 'pay', 'to', 'the', 'applicant', ',', 'within', 'three', 'months', ',', 'in', 'respect', 'of', 'legal', 'costs', 'andexpenses', ',', '£', '13,000', '(', 'thirteen', 'thousand', 'pounds', 'sterling),less', '15,421', '(', 'fifteen', 'thousand', 'four', 'hundred', 'andtwenty', '-', 'one', ')', 'French', 'francs', 'already', 'paid', 'by', 'way', 'of', 'legalaid', ',', 'to', 'be', 'converted', 'into', 'pounds', 'sterling', 'at', 'the', 'rate', 'ofexchange', 'applicable', 'on', 'the', 'date', 'of', 'delivery', 'of', 'thepresent', 'judgment', ';']	['O', 'O', 'O', 'O', 'O', 'O', 'O', 'O', 'O', 'O', 'O', 'O', 'O', 'O', 'O', 'O', 'O', 'O', 'O', 'O', 'O', 'O', 'O', 'O', 'O', 'O', 'O', 'O', 'O', 'O', 'O', 'O', 'O', 'O', 'O', 'O', 'O', 'O', 'O', 'O', 'O', 'O', 'O', 'O', 'O', 'O', 'O', 'O', 'O', 'O', 'O', 'O', 'O', 'O', 'O', 'O', 'O', 'O', 'O', 'O', 'O', 'O', 'O', 'O', 'O', 'O', 'O', 'O', 'O', 'O', 'O']
['(', 'b', ')', 'that', 'simple', 'interest', 'at', 'an', 'annual', 'rate', 'of', '8', '%', 'shall', 'bepayable', 'from', 'the', 'expiry', 'of', 'the', 'above', '-', 'mentioned', 'threemonths', 'until', 'settlement', ';']	['O', 'O', 'O', 'O', 'O', 'O', 'O', 'O', 'O', 'O', 'O', 'O', 'O', 'O', 'O', 'O', 'O', 'O', 'O', 'O', 'O', 'O', 'O', 'O', 'O', 'O', 'O']
['4', '.', 'Dismisses', 'the', 'remainder', 'of', 'the', 'claim', 'for', 'justsatisfaction', '.']	['O', 'O', 'O', 'O', 'O', 'O', 'O', 'O', 'O', 'O', 'O']
['Done', 'in', 'English', 'and', 'in', 'French', ',', 'and', 'delivered', 'at', 'a', 'public', 'hearing', 'in', 'the', 'Human', 'Rights', 'Building', ',', 'Strasbourg', ',', 'on', '21', 'February', '1996', '.']	['O', 'O', 'O', 'O', 'O', 'O', 'O', 'O', 'O', 'O', 'O', 'O', 'O', 'O', 'O', 'O', 'O', 'O', 'O', 'O', 'O', 'O', 'O', 'O', 'O', 'O']
['Rolv', 'RYSSDAL']	['O', 'O']
['President']	['O']
['Herbert', 'PETZOLD']	['O', 'O']
['Registrar']	['O']
"['[', '1', ']', 'The', 'case', 'is', 'numbered', '56/1994/503/585', '.', 'The', 'first', 'number', 'is', 'the', 'case', ""'s"", 'position', 'on', 'the', 'list', 'of', 'cases', 'referred', 'to', 'the', 'Court', 'in', 'the', 'relevant', 'year', '(', 'second', 'number', ')', '.', 'The', 'last', 'two', 'numbers', 'indicate', 'the', 'case', ""'s"", 'position', 'on', 'the', 'list', 'of', 'cases', 'referred', 'to', 'the', 'Court', 'since', 'its', 'creation', 'and', 'on', 'the', 'list', 'of', 'the', 'corresponding', 'originating', 'applications', 'to', 'the', 'Commission', '.']"	['O', 'O', 'O', 'O', 'O', 'O', 'O', 'O', 'O', 'O', 'O', 'O', 'O', 'O', 'O', 'O', 'O', 'O', 'O', 'O', 'O', 'O', 'O', 'O', 'O', 'O', 'O', 'O', 'O', 'O', 'O', 'O', 'O', 'O', 'O', 'O', 'O', 'O', 'O', 'O', 'O', 'O', 'O', 'O', 'O', 'O', 'O', 'O', 'O', 'O', 'O', 'O', 'O', 'O', 'O', 'O', 'O', 'O', 'O', 'O', 'O', 'O', 'O', 'O', 'O', 'O', 'O', 'O', 'O']
['[', '2', ']', 'Rules', 'A', 'apply', 'to', 'all', 'cases', 'referred', 'to', 'the', 'Court', 'before', 'the', 'entry', 'into', 'force', 'of', 'Protocol', 'No', '.', '9', '(', 'P9', ')', '(', '1', 'October', '1994', ')', 'and', 'thereafter', 'only', 'to', 'cases', 'concerning', 'States', 'not', 'bound', 'by', 'that', 'Protocol', '(', 'P9', ')', '.', 'They', 'correspond', 'to', 'the', 'Rules', 'that', 'came', 'into', 'force', 'on', '1', 'January', '1983', ',', 'as', 'amended', 'several', 'times', 'subsequently', '.']	['O', 'O', 'O', 'O', 'O', 'O', 'O', 'O', 'O', 'O', 'O', 'O', 'O', 'O', 'O', 'O', 'O', 'O', 'O', 'O', 'O', 'O', 'O', 'O', 'O', 'O', 'O', 'O', 'O', 'O', 'O', 'O', 'O', 'O', 'O', 'O', 'O', 'O', 'O', 'O', 'O', 'O', 'O', 'O', 'O', 'O', 'O', 'O', 'O', 'O', 'O', 'O', 'O', 'O', 'O', 'O', 'O', 'O', 'O', 'O', 'O', 'O', 'O', 'O', 'O', 'O', 'O']
"['[', '3', ']', 'For', 'practical', 'reasons', 'this', 'annex', 'will', 'appear', 'only', 'with', 'the', 'printed', 'version', 'of', 'the', 'judgment', '(', 'in', 'Reports', 'of', 'Judgments', 'and', 'Decisions', '-', '1996', ')', ',', 'but', 'a', 'copy', 'of', 'the', 'Commission', ""'s"", 'report', 'is', 'obtainable', 'from', 'the', 'registry', '.']"	['O', 'O', 'O', 'O', 'O', 'O', 'O', 'O', 'O', 'O', 'O', 'O', 'O', 'O', 'O', 'O', 'O', 'O', 'O', 'O', 'O', 'O', 'O', 'O', 'O', 'O', 'O', 'O', 'O', 'O', 'O', 'O', 'O', 'O', 'O', 'O', 'O', 'O', 'O', 'O', 'O', 'O', 'O']
