tokens	labels
['I.', 'ALLEGED', 'VIOLATION', 'OF', 'ARTICLE', '8', '(', 'art', '.', '8)', 'OF', 'THE', 'CONVENTION']	['O', 'O', 'O', 'O', 'O', 'O', 'O', 'O', 'O', 'O', 'O', 'O', 'O']
['26', '.', 'Mr', 'Niemietz', 'alleged', 'that', 'the', 'search', 'of', 'his', 'law', 'office', 'had', 'given', 'rise', 'to', 'a', 'breach', 'of', 'Article', '8', '(', 'art', '.', '8)', 'of', 'the', 'Convention', ',', 'which', 'reads', 'as', 'follows', ':']	['O', 'O', 'B-Subsumtion', 'I-Subsumtion', 'I-Subsumtion', 'I-Subsumtion', 'I-Subsumtion', 'I-Subsumtion', 'I-Subsumtion', 'I-Subsumtion', 'I-Subsumtion', 'I-Subsumtion', 'I-Subsumtion', 'I-Subsumtion', 'I-Subsumtion', 'I-Subsumtion', 'I-Subsumtion', 'I-Subsumtion', 'I-Subsumtion', 'I-Subsumtion', 'I-Subsumtion', 'I-Subsumtion', 'I-Subsumtion', 'I-Subsumtion', 'I-Subsumtion', 'I-Subsumtion', 'I-Subsumtion', 'I-Subsumtion', 'I-Subsumtion', 'I-Subsumtion', 'I-Subsumtion', 'I-Subsumtion', 'I-Subsumtion', 'I-Subsumtion']
"['""', '1', '.', 'Everyone', 'has', 'the', 'right', 'to', 'respect', 'for', 'his', 'private', 'and', 'family', 'life', ',', 'his', 'home', 'and', 'his', 'correspondence', '.']"	['O', 'O', 'O', 'O', 'O', 'O', 'O', 'O', 'O', 'O', 'O', 'O', 'O', 'O', 'O', 'O', 'O', 'O', 'O', 'O', 'O', 'O']
"['2', '.', 'There', 'shall', 'be', 'no', 'interference', 'by', 'a', 'public', 'authority', 'with', 'the', 'exercise', 'of', 'this', 'right', 'except', 'such', 'as', 'is', 'in', 'accordance', 'with', 'the', 'law', 'and', 'is', 'necessary', 'in', 'a', 'democratic', 'society', 'in', 'the', 'interests', 'of', 'national', 'security', ',', 'public', 'safety', 'or', 'the', 'economic', 'well', '-', 'being', 'of', 'the', 'country', ',', 'for', 'the', 'prevention', 'of', 'disorder', 'or', 'crime', ',', 'for', 'the', 'protection', 'of', 'health', 'or', 'morals', ',', 'or', 'for', 'the', 'protection', 'of', 'the', 'rights', 'and', 'freedoms', 'of', 'others', '.', '""']"	['O', 'O', 'O', 'O', 'O', 'O', 'O', 'O', 'O', 'O', 'O', 'O', 'O', 'O', 'O', 'O', 'O', 'O', 'O', 'O', 'O', 'O', 'O', 'O', 'O', 'O', 'O', 'O', 'O', 'O', 'O', 'O', 'O', 'O', 'O', 'O', 'O', 'O', 'O', 'O', 'O', 'O', 'O', 'O', 'O', 'O', 'O', 'O', 'O', 'O', 'O', 'O', 'O', 'O', 'O', 'O', 'O', 'O', 'O', 'O', 'O', 'O', 'O', 'O', 'O', 'O', 'O', 'O', 'O', 'O', 'O', 'O', 'O', 'O', 'O', 'O', 'O', 'O', 'O', 'O', 'O']
['This', 'submission', 'was', 'accepted', 'by', 'the', 'Commission', ',', 'on', 'the', 'basis', 'that', 'the', 'search', 'constituted', 'an', 'unjustified', 'interference', 'with', 'the', 'applicant', '’s', 'private', 'life', 'and', 'home', '.']	['B-Subsumtion', 'I-Subsumtion', 'I-Subsumtion', 'I-Subsumtion', 'I-Subsumtion', 'I-Subsumtion', 'I-Subsumtion', 'I-Subsumtion', 'I-Subsumtion', 'I-Subsumtion', 'I-Subsumtion', 'I-Subsumtion', 'I-Subsumtion', 'I-Subsumtion', 'I-Subsumtion', 'I-Subsumtion', 'I-Subsumtion', 'I-Subsumtion', 'I-Subsumtion', 'I-Subsumtion', 'I-Subsumtion', 'I-Subsumtion', 'I-Subsumtion', 'I-Subsumtion', 'I-Subsumtion', 'I-Subsumtion', 'I-Subsumtion']
"['A.', 'Was', 'there', 'an', '""', 'interference', '""', '?']"	['O', 'O', 'O', 'O', 'O', 'O', 'O', 'O']
['27', '.', 'In', 'contesting', 'the', 'Commission', '’s', 'conclusion', ',', 'the', 'Government', 'maintained', 'that', 'Article', '8', '(', 'art', '.', '8)', 'did', 'not', 'afford', 'protection', 'against', 'the', 'search', 'of', 'a', 'lawyer', '’s', 'office', '.', 'In', 'their', 'view', ',', 'the', 'Convention', 'drew', 'a', 'clear', 'distinction', 'between', 'private', 'life', 'and', 'home', ',', 'on', 'the', 'one', 'hand', ',', 'and', 'professional', 'and', 'business', 'life', 'and', 'premises', ',', 'on', 'the', 'other', '.']	['O', 'O', 'B-Subsumtion', 'I-Subsumtion', 'I-Subsumtion', 'I-Subsumtion', 'I-Subsumtion', 'I-Subsumtion', 'I-Subsumtion', 'I-Subsumtion', 'I-Subsumtion', 'I-Subsumtion', 'I-Subsumtion', 'I-Subsumtion', 'I-Subsumtion', 'I-Subsumtion', 'I-Subsumtion', 'I-Subsumtion', 'I-Subsumtion', 'I-Subsumtion', 'I-Subsumtion', 'I-Subsumtion', 'I-Subsumtion', 'I-Subsumtion', 'I-Subsumtion', 'I-Subsumtion', 'I-Subsumtion', 'I-Subsumtion', 'I-Subsumtion', 'I-Subsumtion', 'I-Subsumtion', 'I-Subsumtion', 'I-Subsumtion', 'I-Subsumtion', 'I-Subsumtion', 'I-Subsumtion', 'I-Subsumtion', 'I-Subsumtion', 'I-Subsumtion', 'I-Subsumtion', 'I-Subsumtion', 'I-Subsumtion', 'I-Subsumtion', 'I-Subsumtion', 'I-Subsumtion', 'I-Subsumtion', 'I-Subsumtion', 'I-Subsumtion', 'I-Subsumtion', 'I-Subsumtion', 'I-Subsumtion', 'I-Subsumtion', 'I-Subsumtion', 'I-Subsumtion', 'I-Subsumtion', 'I-Subsumtion', 'I-Subsumtion', 'I-Subsumtion', 'I-Subsumtion', 'I-Subsumtion', 'I-Subsumtion', 'I-Subsumtion', 'I-Subsumtion', 'I-Subsumtion', 'I-Subsumtion']
"['28', '.', 'In', 'arriving', 'at', 'its', 'opinion', 'that', 'there', 'had', 'been', 'an', 'interference', 'with', 'Mr', 'Niemietz', '’s', '""', 'private', 'life', '""', 'and', '""', 'home', '""', ',', 'the', 'Commission', 'attached', 'particular', 'significance', 'to', 'the', 'confidential', 'relationship', 'that', 'exists', 'between', 'lawyer', 'and', 'client', '.', 'The', 'Court', 'shares', 'the', 'Government', '’s', 'doubts', 'as', 'to', 'whether', 'this', 'factor', 'can', 'serve', 'as', 'a', 'workable', 'criterion', 'for', 'the', 'purposes', 'of', 'delimiting', 'the', 'scope', 'of', 'the', 'protection', 'afforded', 'by', 'Article', '8', '(', 'art', '.', '8)', '.', 'Virtually', 'all', 'professional', 'and', 'business', 'activities', 'may', 'involve', ',', 'to', 'a', 'greater', 'or', 'lesser', 'degree', ',', 'matters', 'that', 'are', 'confidential', ',', 'with', 'the', 'result', 'that', ',', 'if', 'that', 'criterion', 'were', 'adopted', ',', 'disputes', 'would', 'frequently', 'arise', 'as', 'to', 'where', 'the', 'line', 'should', 'be', 'drawn', '.']"	['O', 'O', 'B-Subsumtion', 'I-Subsumtion', 'I-Subsumtion', 'I-Subsumtion', 'I-Subsumtion', 'I-Subsumtion', 'I-Subsumtion', 'I-Subsumtion', 'I-Subsumtion', 'I-Subsumtion', 'I-Subsumtion', 'I-Subsumtion', 'I-Subsumtion', 'I-Subsumtion', 'I-Subsumtion', 'I-Subsumtion', 'I-Subsumtion', 'I-Subsumtion', 'I-Subsumtion', 'I-Subsumtion', 'I-Subsumtion', 'I-Subsumtion', 'I-Subsumtion', 'I-Subsumtion', 'I-Subsumtion', 'I-Subsumtion', 'I-Subsumtion', 'I-Subsumtion', 'I-Subsumtion', 'I-Subsumtion', 'I-Subsumtion', 'I-Subsumtion', 'I-Subsumtion', 'I-Subsumtion', 'I-Subsumtion', 'I-Subsumtion', 'I-Subsumtion', 'I-Subsumtion', 'I-Subsumtion', 'I-Subsumtion', 'B-Subsumtion', 'I-Subsumtion', 'I-Subsumtion', 'I-Subsumtion', 'I-Subsumtion', 'I-Subsumtion', 'I-Subsumtion', 'I-Subsumtion', 'I-Subsumtion', 'I-Subsumtion', 'I-Subsumtion', 'I-Subsumtion', 'I-Subsumtion', 'I-Subsumtion', 'I-Subsumtion', 'I-Subsumtion', 'I-Subsumtion', 'I-Subsumtion', 'I-Subsumtion', 'I-Subsumtion', 'I-Subsumtion', 'I-Subsumtion', 'I-Subsumtion', 'I-Subsumtion', 'I-Subsumtion', 'I-Subsumtion', 'I-Subsumtion', 'I-Subsumtion', 'I-Subsumtion', 'I-Subsumtion', 'I-Subsumtion', 'I-Subsumtion', 'I-Subsumtion', 'I-Subsumtion', 'I-Subsumtion', 'I-Subsumtion', 'I-Subsumtion', 'B-Sinn & Zweck Auslegung', 'I-Sinn & Zweck Auslegung', 'I-Sinn & Zweck Auslegung', 'I-Sinn & Zweck Auslegung', 'I-Sinn & Zweck Auslegung', 'I-Sinn & Zweck Auslegung', 'I-Sinn & Zweck Auslegung', 'I-Sinn & Zweck Auslegung', 'I-Sinn & Zweck Auslegung', 'I-Sinn & Zweck Auslegung', 'I-Sinn & Zweck Auslegung', 'I-Sinn & Zweck Auslegung', 'I-Sinn & Zweck Auslegung', 'I-Sinn & Zweck Auslegung', 'I-Sinn & Zweck Auslegung', 'I-Sinn & Zweck Auslegung', 'I-Sinn & Zweck Auslegung', 'I-Sinn & Zweck Auslegung', 'I-Sinn & Zweck Auslegung', 'I-Sinn & Zweck Auslegung', 'I-Sinn & Zweck Auslegung', 'I-Sinn & Zweck Auslegung', 'I-Sinn & Zweck Auslegung', 'I-Sinn & Zweck Auslegung', 'I-Sinn & Zweck Auslegung', 'I-Sinn & Zweck Auslegung', 'I-Sinn & Zweck Auslegung', 'I-Sinn & Zweck Auslegung', 'I-Sinn & Zweck Auslegung', 'I-Sinn & Zweck Auslegung', 'I-Sinn & Zweck Auslegung', 'I-Sinn & Zweck Auslegung', 'I-Sinn & Zweck Auslegung', 'I-Sinn & Zweck Auslegung', 'I-Sinn & Zweck Auslegung', 'I-Sinn & Zweck Auslegung', 'I-Sinn & Zweck Auslegung', 'I-Sinn & Zweck Auslegung', 'I-Sinn & Zweck Auslegung', 'I-Sinn & Zweck Auslegung', 'I-Sinn & Zweck Auslegung', 'I-Sinn & Zweck Auslegung', 'I-Sinn & Zweck Auslegung', 'I-Sinn & Zweck Auslegung', 'I-Sinn & Zweck Auslegung']
"['29', '.', 'The', 'Court', 'does', 'not', 'consider', 'it', 'possible', 'or', 'necessary', 'to', 'attempt', 'an', 'exhaustive', 'definition', 'of', 'the', 'notion', 'of', '""', 'private', 'life', '""', '.', 'However', ',', 'it', 'would', 'be', 'too', 'restrictive', 'to', 'limit', 'the', 'notion', 'to', 'an', '""', 'inner', 'circle', '""', 'in', 'which', 'the', 'individual', 'may', 'live', 'his', 'own', 'personal', 'life', 'as', 'he', 'chooses', 'and', 'to', 'exclude', 'therefrom', 'entirely', 'the', 'outside', 'world', 'not', 'encompassed', 'within', 'that', 'circle', '.', 'Respect', 'for', 'private', 'life', 'must', 'also', 'comprise', 'to', 'a', 'certain', 'degree', 'the', 'right', 'to', 'establish', 'and', 'develop', 'relationships', 'with', 'other', 'human', 'beings', '.']"	['O', 'O', 'B-Sinn & Zweck Auslegung', 'I-Sinn & Zweck Auslegung', 'I-Sinn & Zweck Auslegung', 'I-Sinn & Zweck Auslegung', 'I-Sinn & Zweck Auslegung', 'I-Sinn & Zweck Auslegung', 'I-Sinn & Zweck Auslegung', 'I-Sinn & Zweck Auslegung', 'I-Sinn & Zweck Auslegung', 'I-Sinn & Zweck Auslegung', 'I-Sinn & Zweck Auslegung', 'I-Sinn & Zweck Auslegung', 'I-Sinn & Zweck Auslegung', 'I-Sinn & Zweck Auslegung', 'I-Sinn & Zweck Auslegung', 'I-Sinn & Zweck Auslegung', 'I-Sinn & Zweck Auslegung', 'I-Sinn & Zweck Auslegung', 'I-Sinn & Zweck Auslegung', 'I-Sinn & Zweck Auslegung', 'I-Sinn & Zweck Auslegung', 'I-Sinn & Zweck Auslegung', 'I-Sinn & Zweck Auslegung', 'I-Sinn & Zweck Auslegung', 'I-Sinn & Zweck Auslegung', 'I-Sinn & Zweck Auslegung', 'I-Sinn & Zweck Auslegung', 'I-Sinn & Zweck Auslegung', 'I-Sinn & Zweck Auslegung', 'I-Sinn & Zweck Auslegung', 'I-Sinn & Zweck Auslegung', 'I-Sinn & Zweck Auslegung', 'I-Sinn & Zweck Auslegung', 'I-Sinn & Zweck Auslegung', 'I-Sinn & Zweck Auslegung', 'I-Sinn & Zweck Auslegung', 'I-Sinn & Zweck Auslegung', 'I-Sinn & Zweck Auslegung', 'I-Sinn & Zweck Auslegung', 'I-Sinn & Zweck Auslegung', 'I-Sinn & Zweck Auslegung', 'I-Sinn & Zweck Auslegung', 'I-Sinn & Zweck Auslegung', 'I-Sinn & Zweck Auslegung', 'I-Sinn & Zweck Auslegung', 'I-Sinn & Zweck Auslegung', 'I-Sinn & Zweck Auslegung', 'I-Sinn & Zweck Auslegung', 'I-Sinn & Zweck Auslegung', 'I-Sinn & Zweck Auslegung', 'I-Sinn & Zweck Auslegung', 'I-Sinn & Zweck Auslegung', 'I-Sinn & Zweck Auslegung', 'I-Sinn & Zweck Auslegung', 'I-Sinn & Zweck Auslegung', 'I-Sinn & Zweck Auslegung', 'I-Sinn & Zweck Auslegung', 'I-Sinn & Zweck Auslegung', 'I-Sinn & Zweck Auslegung', 'I-Sinn & Zweck Auslegung', 'I-Sinn & Zweck Auslegung', 'I-Sinn & Zweck Auslegung', 'I-Sinn & Zweck Auslegung', 'I-Sinn & Zweck Auslegung', 'I-Sinn & Zweck Auslegung', 'I-Sinn & Zweck Auslegung', 'I-Sinn & Zweck Auslegung', 'I-Sinn & Zweck Auslegung', 'I-Sinn & Zweck Auslegung', 'I-Sinn & Zweck Auslegung', 'I-Sinn & Zweck Auslegung', 'I-Sinn & Zweck Auslegung', 'I-Sinn & Zweck Auslegung', 'I-Sinn & Zweck Auslegung', 'I-Sinn & Zweck Auslegung', 'I-Sinn & Zweck Auslegung', 'I-Sinn & Zweck Auslegung', 'I-Sinn & Zweck Auslegung', 'I-Sinn & Zweck Auslegung', 'I-Sinn & Zweck Auslegung', 'I-Sinn & Zweck Auslegung', 'I-Sinn & Zweck Auslegung', 'I-Sinn & Zweck Auslegung', 'I-Sinn & Zweck Auslegung', 'I-Sinn & Zweck Auslegung', 'I-Sinn & Zweck Auslegung', 'I-Sinn & Zweck Auslegung', 'I-Sinn & Zweck Auslegung', 'I-Sinn & Zweck Auslegung', 'I-Sinn & Zweck Auslegung']
"['There', 'appears', ',', 'furthermore', ',', 'to', 'be', 'no', 'reason', 'of', 'principle', 'why', 'this', 'understanding', 'of', 'the', 'notion', 'of', '""', 'private', 'life', '""', 'should', 'be', 'taken', 'to', 'exclude', 'activities', 'of', 'a', 'professional', 'or', 'business', 'nature', 'since', 'it', 'is', ',', 'after', 'all', ',', 'in', 'the', 'course', 'of', 'their', 'working', 'lives', 'that', 'the', 'majority', 'of', 'people', 'have', 'a', 'significant', ',', 'if', 'not', 'the', 'greatest', ',', 'opportunity', 'of', 'developing', 'relationships', 'with', 'the', 'outside', 'world', '.', 'This', 'view', 'is', 'supported', 'by', 'the', 'fact', 'that', ',', 'as', 'was', 'rightly', 'pointed', 'out', 'by', 'the', 'Commission', ',', 'it', 'is', 'not', 'always', 'possible', 'to', 'distinguish', 'clearly', 'which', 'of', 'an', 'individual', '’s', 'activities', 'form', 'part', 'of', 'his', 'professional', 'or', 'business', 'life', 'and', 'which', 'do', 'not', '.', 'Thus', ',', 'especially', 'in', 'the', 'case', 'of', 'a', 'person', 'exercising', 'a', 'liberal', 'profession', ',', 'his', 'work', 'in', 'that', 'context', 'may', 'form', 'part', 'and', 'parcel', 'of', 'his', 'life', 'to', 'such', 'a', 'degree', 'that', 'it', 'becomes', 'impossible', 'to', 'know', 'in', 'what', 'capacity', 'he', 'is', 'acting', 'at', 'a', 'given', 'moment', 'of', 'time', '.']"	['I-Sinn & Zweck Auslegung', 'I-Sinn & Zweck Auslegung', 'I-Sinn & Zweck Auslegung', 'I-Sinn & Zweck Auslegung', 'I-Sinn & Zweck Auslegung', 'I-Sinn & Zweck Auslegung', 'I-Sinn & Zweck Auslegung', 'I-Sinn & Zweck Auslegung', 'I-Sinn & Zweck Auslegung', 'I-Sinn & Zweck Auslegung', 'I-Sinn & Zweck Auslegung', 'I-Sinn & Zweck Auslegung', 'I-Sinn & Zweck Auslegung', 'I-Sinn & Zweck Auslegung', 'I-Sinn & Zweck Auslegung', 'I-Sinn & Zweck Auslegung', 'I-Sinn & Zweck Auslegung', 'I-Sinn & Zweck Auslegung', 'I-Sinn & Zweck Auslegung', 'I-Sinn & Zweck Auslegung', 'I-Sinn & Zweck Auslegung', 'I-Sinn & Zweck Auslegung', 'I-Sinn & Zweck Auslegung', 'I-Sinn & Zweck Auslegung', 'I-Sinn & Zweck Auslegung', 'I-Sinn & Zweck Auslegung', 'I-Sinn & Zweck Auslegung', 'I-Sinn & Zweck Auslegung', 'I-Sinn & Zweck Auslegung', 'I-Sinn & Zweck Auslegung', 'I-Sinn & Zweck Auslegung', 'I-Sinn & Zweck Auslegung', 'I-Sinn & Zweck Auslegung', 'I-Sinn & Zweck Auslegung', 'I-Sinn & Zweck Auslegung', 'I-Sinn & Zweck Auslegung', 'I-Sinn & Zweck Auslegung', 'I-Sinn & Zweck Auslegung', 'I-Sinn & Zweck Auslegung', 'I-Sinn & Zweck Auslegung', 'I-Sinn & Zweck Auslegung', 'I-Sinn & Zweck Auslegung', 'I-Sinn & Zweck Auslegung', 'I-Sinn & Zweck Auslegung', 'I-Sinn & Zweck Auslegung', 'I-Sinn & Zweck Auslegung', 'I-Sinn & Zweck Auslegung', 'I-Sinn & Zweck Auslegung', 'I-Sinn & Zweck Auslegung', 'I-Sinn & Zweck Auslegung', 'I-Sinn & Zweck Auslegung', 'I-Sinn & Zweck Auslegung', 'I-Sinn & Zweck Auslegung', 'I-Sinn & Zweck Auslegung', 'I-Sinn & Zweck Auslegung', 'I-Sinn & Zweck Auslegung', 'I-Sinn & Zweck Auslegung', 'I-Sinn & Zweck Auslegung', 'I-Sinn & Zweck Auslegung', 'I-Sinn & Zweck Auslegung', 'I-Sinn & Zweck Auslegung', 'I-Sinn & Zweck Auslegung', 'I-Sinn & Zweck Auslegung', 'I-Sinn & Zweck Auslegung', 'I-Sinn & Zweck Auslegung', 'I-Sinn & Zweck Auslegung', 'I-Sinn & Zweck Auslegung', 'I-Sinn & Zweck Auslegung', 'I-Sinn & Zweck Auslegung', 'I-Sinn & Zweck Auslegung', 'I-Sinn & Zweck Auslegung', 'I-Sinn & Zweck Auslegung', 'I-Sinn & Zweck Auslegung', 'I-Sinn & Zweck Auslegung', 'I-Sinn & Zweck Auslegung', 'I-Sinn & Zweck Auslegung', 'I-Sinn & Zweck Auslegung', 'I-Sinn & Zweck Auslegung', 'I-Sinn & Zweck Auslegung', 'I-Sinn & Zweck Auslegung', 'I-Sinn & Zweck Auslegung', 'I-Sinn & Zweck Auslegung', 'I-Sinn & Zweck Auslegung', 'I-Sinn & Zweck Auslegung', 'I-Sinn & Zweck Auslegung', 'I-Sinn & Zweck Auslegung', 'I-Sinn & Zweck Auslegung', 'I-Sinn & Zweck Auslegung', 'I-Sinn & Zweck Auslegung', 'I-Sinn & Zweck Auslegung', 'I-Sinn & Zweck Auslegung', 'I-Sinn & Zweck Auslegung', 'I-Sinn & Zweck Auslegung', 'I-Sinn & Zweck Auslegung', 'I-Sinn & Zweck Auslegung', 'I-Sinn & Zweck Auslegung', 'I-Sinn & Zweck Auslegung', 'I-Sinn & Zweck Auslegung', 'I-Sinn & Zweck Auslegung', 'I-Sinn & Zweck Auslegung', 'I-Sinn & Zweck Auslegung', 'I-Sinn & Zweck Auslegung', 'I-Sinn & Zweck Auslegung', 'I-Sinn & Zweck Auslegung', 'I-Sinn & Zweck Auslegung', 'I-Sinn & Zweck Auslegung', 'I-Sinn & Zweck Auslegung', 'I-Sinn & Zweck Auslegung', 'I-Sinn & Zweck Auslegung', 'I-Sinn & Zweck Auslegung', 'I-Sinn & Zweck Auslegung', 'I-Sinn & Zweck Auslegung', 'I-Sinn & Zweck Auslegung', 'I-Sinn & Zweck Auslegung', 'I-Sinn & Zweck Auslegung', 'I-Sinn & Zweck Auslegung', 'I-Sinn & Zweck Auslegung', 'I-Sinn & Zweck Auslegung', 'I-Sinn & Zweck Auslegung', 'I-Sinn & Zweck Auslegung', 'I-Sinn & Zweck Auslegung', 'I-Sinn & Zweck Auslegung', 'I-Sinn & Zweck Auslegung', 'I-Sinn & Zweck Auslegung', 'I-Sinn & Zweck Auslegung', 'I-Sinn & Zweck Auslegung', 'I-Sinn & Zweck Auslegung', 'I-Sinn & Zweck Auslegung', 'I-Sinn & Zweck Auslegung', 'I-Sinn & Zweck Auslegung', 'I-Sinn & Zweck Auslegung', 'I-Sinn & Zweck Auslegung', 'I-Sinn & Zweck Auslegung', 'I-Sinn & Zweck Auslegung', 'I-Sinn & Zweck Auslegung', 'I-Sinn & Zweck Auslegung', 'I-Sinn & Zweck Auslegung', 'I-Sinn & Zweck Auslegung', 'I-Sinn & Zweck Auslegung', 'I-Sinn & Zweck Auslegung', 'I-Sinn & Zweck Auslegung', 'I-Sinn & Zweck Auslegung', 'I-Sinn & Zweck Auslegung', 'I-Sinn & Zweck Auslegung', 'I-Sinn & Zweck Auslegung', 'I-Sinn & Zweck Auslegung', 'I-Sinn & Zweck Auslegung', 'I-Sinn & Zweck Auslegung', 'I-Sinn & Zweck Auslegung', 'I-Sinn & Zweck Auslegung', 'I-Sinn & Zweck Auslegung', 'I-Sinn & Zweck Auslegung', 'I-Sinn & Zweck Auslegung', 'I-Sinn & Zweck Auslegung', 'I-Sinn & Zweck Auslegung', 'I-Sinn & Zweck Auslegung', 'I-Sinn & Zweck Auslegung', 'I-Sinn & Zweck Auslegung', 'I-Sinn & Zweck Auslegung', 'I-Sinn & Zweck Auslegung', 'I-Sinn & Zweck Auslegung', 'I-Sinn & Zweck Auslegung', 'I-Sinn & Zweck Auslegung', 'I-Sinn & Zweck Auslegung', 'I-Sinn & Zweck Auslegung', 'I-Sinn & Zweck Auslegung']
"['To', 'deny', 'the', 'protection', 'of', 'Article', '8', '(', 'art', '.', '8)', 'on', 'the', 'ground', 'that', 'the', 'measure', 'complained', 'of', 'related', 'only', 'to', 'professional', 'activities', '-', 'as', 'the', 'Government', 'suggested', 'should', 'be', 'done', 'in', 'the', 'present', 'case', '-', 'could', 'moreover', 'lead', 'to', 'an', 'inequality', 'of', 'treatment', ',', 'in', 'that', 'such', 'protection', 'would', 'remain', 'available', 'to', 'a', 'person', 'whose', 'professional', 'and', 'non', '-', 'professional', 'activities', 'were', 'so', 'intermingled', 'that', 'there', 'was', 'no', 'means', 'of', 'distinguishing', 'between', 'them', '.', 'In', 'fact', ',', 'the', 'Court', 'has', 'not', 'heretofore', 'drawn', 'such', 'distinctions', ':', 'it', 'concluded', 'that', 'there', 'had', 'been', 'an', 'interference', 'with', 'private', 'life', 'even', 'where', 'telephone', 'tapping', 'covered', 'both', 'business', 'and', 'private', 'calls', '(', 'see', 'the', 'Huvig', 'v.', 'France', 'judgment', 'of', '24', 'April', '1990', ',', 'Series', 'A', 'no', '.', '176', '-', 'B', ',', 'p.', '41', ',', 'para', '.', '8', ',', 'and', 'p.', '52', ',', 'para', '.', '25', ')', ';', 'and', ',', 'where', 'a', 'search', 'was', 'directed', 'solely', 'against', 'business', 'activities', ',', 'it', 'did', 'not', 'rely', 'on', 'that', 'fact', 'as', 'a', 'ground', 'for', 'excluding', 'the', 'applicability', 'of', 'Article', '8', '(', 'art', '.', '8)', 'under', 'the', 'head', 'of', '""', 'private', 'life', '""', '(', 'see', 'the', 'Chappell', 'v.', 'the', 'United', 'Kingdom', 'judgment', 'of', '30', 'March', '1989', ',', 'Series', 'A', 'no', '.', '152', '-', 'A', ',', 'pp', '.', '12', '-', '13', ',', 'para', '.', '26', ',', 'and', 'pp', '.', '21', '-', '22', ',', 'para', '.', '51', '.', ')']"	['I-Sinn & Zweck Auslegung', 'I-Sinn & Zweck Auslegung', 'I-Sinn & Zweck Auslegung', 'I-Sinn & Zweck Auslegung', 'I-Sinn & Zweck Auslegung', 'I-Sinn & Zweck Auslegung', 'I-Sinn & Zweck Auslegung', 'I-Sinn & Zweck Auslegung', 'I-Sinn & Zweck Auslegung', 'I-Sinn & Zweck Auslegung', 'I-Sinn & Zweck Auslegung', 'I-Sinn & Zweck Auslegung', 'I-Sinn & Zweck Auslegung', 'I-Sinn & Zweck Auslegung', 'I-Sinn & Zweck Auslegung', 'I-Sinn & Zweck Auslegung', 'I-Sinn & Zweck Auslegung', 'I-Sinn & Zweck Auslegung', 'I-Sinn & Zweck Auslegung', 'I-Sinn & Zweck Auslegung', 'I-Sinn & Zweck Auslegung', 'I-Sinn & Zweck Auslegung', 'I-Sinn & Zweck Auslegung', 'I-Sinn & Zweck Auslegung', 'I-Sinn & Zweck Auslegung', 'I-Sinn & Zweck Auslegung', 'I-Sinn & Zweck Auslegung', 'I-Sinn & Zweck Auslegung', 'I-Sinn & Zweck Auslegung', 'I-Sinn & Zweck Auslegung', 'I-Sinn & Zweck Auslegung', 'I-Sinn & Zweck Auslegung', 'I-Sinn & Zweck Auslegung', 'I-Sinn & Zweck Auslegung', 'I-Sinn & Zweck Auslegung', 'I-Sinn & Zweck Auslegung', 'I-Sinn & Zweck Auslegung', 'I-Sinn & Zweck Auslegung', 'I-Sinn & Zweck Auslegung', 'I-Sinn & Zweck Auslegung', 'I-Sinn & Zweck Auslegung', 'I-Sinn & Zweck Auslegung', 'I-Sinn & Zweck Auslegung', 'I-Sinn & Zweck Auslegung', 'I-Sinn & Zweck Auslegung', 'I-Sinn & Zweck Auslegung', 'I-Sinn & Zweck Auslegung', 'I-Sinn & Zweck Auslegung', 'I-Sinn & Zweck Auslegung', 'I-Sinn & Zweck Auslegung', 'I-Sinn & Zweck Auslegung', 'I-Sinn & Zweck Auslegung', 'I-Sinn & Zweck Auslegung', 'I-Sinn & Zweck Auslegung', 'I-Sinn & Zweck Auslegung', 'I-Sinn & Zweck Auslegung', 'I-Sinn & Zweck Auslegung', 'I-Sinn & Zweck Auslegung', 'I-Sinn & Zweck Auslegung', 'I-Sinn & Zweck Auslegung', 'I-Sinn & Zweck Auslegung', 'I-Sinn & Zweck Auslegung', 'I-Sinn & Zweck Auslegung', 'I-Sinn & Zweck Auslegung', 'I-Sinn & Zweck Auslegung', 'I-Sinn & Zweck Auslegung', 'I-Sinn & Zweck Auslegung', 'I-Sinn & Zweck Auslegung', 'I-Sinn & Zweck Auslegung', 'I-Sinn & Zweck Auslegung', 'I-Sinn & Zweck Auslegung', 'I-Sinn & Zweck Auslegung', 'I-Sinn & Zweck Auslegung', 'I-Sinn & Zweck Auslegung', 'I-Sinn & Zweck Auslegung', 'I-Sinn & Zweck Auslegung', 'B-Vorherige Rechtsprechung des EGMR', 'I-Vorherige Rechtsprechung des EGMR', 'I-Vorherige Rechtsprechung des EGMR', 'I-Vorherige Rechtsprechung des EGMR', 'I-Vorherige Rechtsprechung des EGMR', 'I-Vorherige Rechtsprechung des EGMR', 'I-Vorherige Rechtsprechung des EGMR', 'I-Vorherige Rechtsprechung des EGMR', 'I-Vorherige Rechtsprechung des EGMR', 'I-Vorherige Rechtsprechung des EGMR', 'I-Vorherige Rechtsprechung des EGMR', 'I-Vorherige Rechtsprechung des EGMR', 'I-Vorherige Rechtsprechung des EGMR', 'I-Vorherige Rechtsprechung des EGMR', 'I-Vorherige Rechtsprechung des EGMR', 'I-Vorherige Rechtsprechung des EGMR', 'I-Vorherige Rechtsprechung des EGMR', 'I-Vorherige Rechtsprechung des EGMR', 'I-Vorherige Rechtsprechung des EGMR', 'I-Vorherige Rechtsprechung des EGMR', 'I-Vorherige Rechtsprechung des EGMR', 'I-Vorherige Rechtsprechung des EGMR', 'I-Vorherige Rechtsprechung des EGMR', 'I-Vorherige Rechtsprechung des EGMR', 'I-Vorherige Rechtsprechung des EGMR', 'I-Vorherige Rechtsprechung des EGMR', 'I-Vorherige Rechtsprechung des EGMR', 'I-Vorherige Rechtsprechung des EGMR', 'I-Vorherige Rechtsprechung des EGMR', 'I-Vorherige Rechtsprechung des EGMR', 'I-Vorherige Rechtsprechung des EGMR', 'I-Vorherige Rechtsprechung des EGMR', 'I-Vorherige Rechtsprechung des EGMR', 'I-Vorherige Rechtsprechung des EGMR', 'I-Vorherige Rechtsprechung des EGMR', 'I-Vorherige Rechtsprechung des EGMR', 'I-Vorherige Rechtsprechung des EGMR', 'I-Vorherige Rechtsprechung des EGMR', 'I-Vorherige Rechtsprechung des EGMR', 'I-Vorherige Rechtsprechung des EGMR', 'I-Vorherige Rechtsprechung des EGMR', 'I-Vorherige Rechtsprechung des EGMR', 'I-Vorherige Rechtsprechung des EGMR', 'I-Vorherige Rechtsprechung des EGMR', 'I-Vorherige Rechtsprechung des EGMR', 'I-Vorherige Rechtsprechung des EGMR', 'I-Vorherige Rechtsprechung des EGMR', 'I-Vorherige Rechtsprechung des EGMR', 'I-Vorherige Rechtsprechung des EGMR', 'I-Vorherige Rechtsprechung des EGMR', 'I-Vorherige Rechtsprechung des EGMR', 'I-Vorherige Rechtsprechung des EGMR', 'I-Vorherige Rechtsprechung des EGMR', 'I-Vorherige Rechtsprechung des EGMR', 'I-Vorherige Rechtsprechung des EGMR', 'I-Vorherige Rechtsprechung des EGMR', 'I-Vorherige Rechtsprechung des EGMR', 'I-Vorherige Rechtsprechung des EGMR', 'I-Vorherige Rechtsprechung des EGMR', 'I-Vorherige Rechtsprechung des EGMR', 'I-Vorherige Rechtsprechung des EGMR', 'I-Vorherige Rechtsprechung des EGMR', 'I-Vorherige Rechtsprechung des EGMR', 'I-Vorherige Rechtsprechung des EGMR', 'I-Vorherige Rechtsprechung des EGMR', 'I-Vorherige Rechtsprechung des EGMR', 'I-Vorherige Rechtsprechung des EGMR', 'I-Vorherige Rechtsprechung des EGMR', 'I-Vorherige Rechtsprechung des EGMR', 'I-Vorherige Rechtsprechung des EGMR', 'I-Vorherige Rechtsprechung des EGMR', 'I-Vorherige Rechtsprechung des EGMR', 'I-Vorherige Rechtsprechung des EGMR', 'I-Vorherige Rechtsprechung des EGMR', 'I-Vorherige Rechtsprechung des EGMR', 'I-Vorherige Rechtsprechung des EGMR', 'I-Vorherige Rechtsprechung des EGMR', 'I-Vorherige Rechtsprechung des EGMR', 'I-Vorherige Rechtsprechung des EGMR', 'I-Vorherige Rechtsprechung des EGMR', 'I-Vorherige Rechtsprechung des EGMR', 'I-Vorherige Rechtsprechung des EGMR', 'I-Vorherige Rechtsprechung des EGMR', 'I-Vorherige Rechtsprechung des EGMR', 'I-Vorherige Rechtsprechung des EGMR', 'I-Vorherige Rechtsprechung des EGMR', 'I-Vorherige Rechtsprechung des EGMR', 'I-Vorherige Rechtsprechung des EGMR', 'I-Vorherige Rechtsprechung des EGMR', 'I-Vorherige Rechtsprechung des EGMR', 'I-Vorherige Rechtsprechung des EGMR', 'I-Vorherige Rechtsprechung des EGMR', 'I-Vorherige Rechtsprechung des EGMR', 'I-Vorherige Rechtsprechung des EGMR', 'I-Vorherige Rechtsprechung des EGMR', 'I-Vorherige Rechtsprechung des EGMR', 'I-Vorherige Rechtsprechung des EGMR', 'I-Vorherige Rechtsprechung des EGMR', 'I-Vorherige Rechtsprechung des EGMR', 'I-Vorherige Rechtsprechung des EGMR', 'I-Vorherige Rechtsprechung des EGMR', 'I-Vorherige Rechtsprechung des EGMR', 'I-Vorherige Rechtsprechung des EGMR', 'I-Vorherige Rechtsprechung des EGMR', 'I-Vorherige Rechtsprechung des EGMR', 'I-Vorherige Rechtsprechung des EGMR', 'I-Vorherige Rechtsprechung des EGMR', 'I-Vorherige Rechtsprechung des EGMR', 'I-Vorherige Rechtsprechung des EGMR', 'I-Vorherige Rechtsprechung des EGMR', 'I-Vorherige Rechtsprechung des EGMR', 'I-Vorherige Rechtsprechung des EGMR', 'I-Vorherige Rechtsprechung des EGMR', 'I-Vorherige Rechtsprechung des EGMR', 'I-Vorherige Rechtsprechung des EGMR', 'I-Vorherige Rechtsprechung des EGMR', 'I-Vorherige Rechtsprechung des EGMR', 'I-Vorherige Rechtsprechung des EGMR', 'I-Vorherige Rechtsprechung des EGMR', 'I-Vorherige Rechtsprechung des EGMR', 'I-Vorherige Rechtsprechung des EGMR', 'I-Vorherige Rechtsprechung des EGMR', 'I-Vorherige Rechtsprechung des EGMR', 'I-Vorherige Rechtsprechung des EGMR', 'I-Vorherige Rechtsprechung des EGMR', 'I-Vorherige Rechtsprechung des EGMR', 'I-Vorherige Rechtsprechung des EGMR', 'I-Vorherige Rechtsprechung des EGMR', 'I-Vorherige Rechtsprechung des EGMR', 'I-Vorherige Rechtsprechung des EGMR', 'I-Vorherige Rechtsprechung des EGMR', 'I-Vorherige Rechtsprechung des EGMR', 'I-Vorherige Rechtsprechung des EGMR', 'I-Vorherige Rechtsprechung des EGMR', 'I-Vorherige Rechtsprechung des EGMR', 'I-Vorherige Rechtsprechung des EGMR', 'I-Vorherige Rechtsprechung des EGMR', 'I-Vorherige Rechtsprechung des EGMR', 'I-Vorherige Rechtsprechung des EGMR', 'I-Vorherige Rechtsprechung des EGMR', 'I-Vorherige Rechtsprechung des EGMR', 'I-Vorherige Rechtsprechung des EGMR', 'I-Vorherige Rechtsprechung des EGMR', 'I-Vorherige Rechtsprechung des EGMR', 'I-Vorherige Rechtsprechung des EGMR', 'I-Vorherige Rechtsprechung des EGMR', 'I-Vorherige Rechtsprechung des EGMR', 'I-Vorherige Rechtsprechung des EGMR', 'I-Vorherige Rechtsprechung des EGMR', 'I-Vorherige Rechtsprechung des EGMR', 'I-Vorherige Rechtsprechung des EGMR', 'I-Vorherige Rechtsprechung des EGMR', 'I-Vorherige Rechtsprechung des EGMR', 'I-Vorherige Rechtsprechung des EGMR']
"['30', '.', 'As', 'regards', 'the', 'word', '""', 'home', '""', ',', 'appearing', 'in', 'the', 'English', 'text', 'of', 'Article', '8', '(', 'art', '.', '8)', ',', 'the', 'Court', 'observes', 'that', 'in', 'certain', 'Contracting', 'States', ',', 'notably', 'Germany', '(', 'see', 'paragraph', '18', 'above', ')', ',', 'it', 'has', 'been', 'accepted', 'as', 'extending', 'to', 'business', 'premises', '.', 'Such', 'an', 'interpretation', 'is', ',', 'moreover', ',', 'fully', 'consonant', 'with', 'the', 'French', 'text', ',', 'since', 'the', 'word', '""', 'domicile', '""', 'has', 'a', 'broader', 'connotation', 'than', 'the', 'word', '""', 'home', '""', 'and', 'may', 'extend', ',', 'for', 'example', ',', 'to', 'a', 'professional', 'person', '’s', 'office', '.']"	['O', 'O', 'B-Rechtsvergleichung', 'I-Rechtsvergleichung', 'I-Rechtsvergleichung', 'I-Rechtsvergleichung', 'I-Rechtsvergleichung', 'I-Rechtsvergleichung', 'I-Rechtsvergleichung', 'I-Rechtsvergleichung', 'I-Rechtsvergleichung', 'I-Rechtsvergleichung', 'I-Rechtsvergleichung', 'I-Rechtsvergleichung', 'I-Rechtsvergleichung', 'I-Rechtsvergleichung', 'I-Rechtsvergleichung', 'I-Rechtsvergleichung', 'I-Rechtsvergleichung', 'I-Rechtsvergleichung', 'I-Rechtsvergleichung', 'I-Rechtsvergleichung', 'I-Rechtsvergleichung', 'I-Rechtsvergleichung', 'I-Rechtsvergleichung', 'I-Rechtsvergleichung', 'I-Rechtsvergleichung', 'I-Rechtsvergleichung', 'I-Rechtsvergleichung', 'I-Rechtsvergleichung', 'I-Rechtsvergleichung', 'I-Rechtsvergleichung', 'I-Rechtsvergleichung', 'I-Rechtsvergleichung', 'I-Rechtsvergleichung', 'I-Rechtsvergleichung', 'I-Rechtsvergleichung', 'I-Rechtsvergleichung', 'I-Rechtsvergleichung', 'I-Rechtsvergleichung', 'I-Rechtsvergleichung', 'I-Rechtsvergleichung', 'I-Rechtsvergleichung', 'I-Rechtsvergleichung', 'I-Rechtsvergleichung', 'I-Rechtsvergleichung', 'I-Rechtsvergleichung', 'I-Rechtsvergleichung', 'I-Rechtsvergleichung', 'I-Rechtsvergleichung', 'I-Rechtsvergleichung', 'I-Rechtsvergleichung', 'I-Rechtsvergleichung', 'I-Rechtsvergleichung', 'I-Rechtsvergleichung', 'I-Rechtsvergleichung', 'I-Rechtsvergleichung', 'I-Rechtsvergleichung', 'I-Rechtsvergleichung', 'I-Rechtsvergleichung', 'I-Rechtsvergleichung', 'I-Rechtsvergleichung', 'I-Rechtsvergleichung', 'I-Rechtsvergleichung', 'I-Rechtsvergleichung', 'I-Rechtsvergleichung', 'I-Rechtsvergleichung', 'I-Rechtsvergleichung', 'I-Rechtsvergleichung', 'I-Rechtsvergleichung', 'I-Rechtsvergleichung', 'I-Rechtsvergleichung', 'I-Rechtsvergleichung', 'I-Rechtsvergleichung', 'I-Rechtsvergleichung', 'I-Rechtsvergleichung', 'I-Rechtsvergleichung', 'I-Rechtsvergleichung', 'I-Rechtsvergleichung', 'I-Rechtsvergleichung', 'I-Rechtsvergleichung', 'I-Rechtsvergleichung', 'I-Rechtsvergleichung', 'I-Rechtsvergleichung', 'I-Rechtsvergleichung', 'I-Rechtsvergleichung', 'I-Rechtsvergleichung', 'I-Rechtsvergleichung', 'I-Rechtsvergleichung', 'I-Rechtsvergleichung', 'I-Rechtsvergleichung', 'I-Rechtsvergleichung', 'I-Rechtsvergleichung', 'I-Rechtsvergleichung', 'I-Rechtsvergleichung']
"['In', 'this', 'context', 'also', ',', 'it', 'may', 'not', 'always', 'be', 'possible', 'to', 'draw', 'precise', 'distinctions', ',', 'since', 'activities', 'which', 'are', 'related', 'to', 'a', 'profession', 'or', 'business', 'may', 'well', 'be', 'conducted', 'from', 'a', 'person', '’s', 'private', 'residence', 'and', 'activities', 'which', 'are', 'not', 'so', 'related', 'may', 'well', 'be', 'carried', 'on', 'in', 'an', 'office', 'or', 'commercial', 'premises', '.', 'A', 'narrow', 'interpretation', 'of', 'the', 'words', '""', 'home', '""', 'and', '""', 'domicile', '""', 'could', 'therefore', 'give', 'rise', 'to', 'the', 'same', 'risk', 'of', 'inequality', 'of', 'treatment', 'as', 'a', 'narrow', 'interpretation', 'of', 'the', 'notion', 'of', '""', 'private', 'life', '""', '(', 'see', 'paragraph', '29', 'above', ')', '.']"	['I-Rechtsvergleichung', 'I-Rechtsvergleichung', 'I-Rechtsvergleichung', 'I-Rechtsvergleichung', 'I-Rechtsvergleichung', 'I-Rechtsvergleichung', 'I-Rechtsvergleichung', 'I-Rechtsvergleichung', 'I-Rechtsvergleichung', 'I-Rechtsvergleichung', 'I-Rechtsvergleichung', 'I-Rechtsvergleichung', 'I-Rechtsvergleichung', 'I-Rechtsvergleichung', 'I-Rechtsvergleichung', 'I-Rechtsvergleichung', 'I-Rechtsvergleichung', 'I-Rechtsvergleichung', 'I-Rechtsvergleichung', 'I-Rechtsvergleichung', 'I-Rechtsvergleichung', 'I-Rechtsvergleichung', 'I-Rechtsvergleichung', 'I-Rechtsvergleichung', 'I-Rechtsvergleichung', 'I-Rechtsvergleichung', 'I-Rechtsvergleichung', 'I-Rechtsvergleichung', 'I-Rechtsvergleichung', 'I-Rechtsvergleichung', 'I-Rechtsvergleichung', 'I-Rechtsvergleichung', 'I-Rechtsvergleichung', 'I-Rechtsvergleichung', 'I-Rechtsvergleichung', 'I-Rechtsvergleichung', 'I-Rechtsvergleichung', 'I-Rechtsvergleichung', 'I-Rechtsvergleichung', 'I-Rechtsvergleichung', 'I-Rechtsvergleichung', 'I-Rechtsvergleichung', 'I-Rechtsvergleichung', 'I-Rechtsvergleichung', 'I-Rechtsvergleichung', 'I-Rechtsvergleichung', 'I-Rechtsvergleichung', 'I-Rechtsvergleichung', 'I-Rechtsvergleichung', 'I-Rechtsvergleichung', 'I-Rechtsvergleichung', 'I-Rechtsvergleichung', 'I-Rechtsvergleichung', 'I-Rechtsvergleichung', 'I-Rechtsvergleichung', 'B-Sinn & Zweck Auslegung', 'I-Sinn & Zweck Auslegung', 'I-Sinn & Zweck Auslegung', 'I-Sinn & Zweck Auslegung', 'I-Sinn & Zweck Auslegung', 'I-Sinn & Zweck Auslegung', 'I-Sinn & Zweck Auslegung', 'I-Sinn & Zweck Auslegung', 'I-Sinn & Zweck Auslegung', 'I-Sinn & Zweck Auslegung', 'I-Sinn & Zweck Auslegung', 'I-Sinn & Zweck Auslegung', 'I-Sinn & Zweck Auslegung', 'I-Sinn & Zweck Auslegung', 'I-Sinn & Zweck Auslegung', 'I-Sinn & Zweck Auslegung', 'I-Sinn & Zweck Auslegung', 'I-Sinn & Zweck Auslegung', 'I-Sinn & Zweck Auslegung', 'I-Sinn & Zweck Auslegung', 'I-Sinn & Zweck Auslegung', 'I-Sinn & Zweck Auslegung', 'I-Sinn & Zweck Auslegung', 'I-Sinn & Zweck Auslegung', 'I-Sinn & Zweck Auslegung', 'I-Sinn & Zweck Auslegung', 'I-Sinn & Zweck Auslegung', 'I-Sinn & Zweck Auslegung', 'I-Sinn & Zweck Auslegung', 'I-Sinn & Zweck Auslegung', 'I-Sinn & Zweck Auslegung', 'I-Sinn & Zweck Auslegung', 'I-Sinn & Zweck Auslegung', 'I-Sinn & Zweck Auslegung', 'I-Sinn & Zweck Auslegung', 'I-Sinn & Zweck Auslegung', 'I-Sinn & Zweck Auslegung', 'I-Sinn & Zweck Auslegung', 'I-Sinn & Zweck Auslegung', 'I-Sinn & Zweck Auslegung', 'I-Sinn & Zweck Auslegung', 'I-Sinn & Zweck Auslegung', 'I-Sinn & Zweck Auslegung', 'I-Sinn & Zweck Auslegung']
"['31', '.', 'More', 'generally', ',', 'to', 'interpret', 'the', 'words', '""', 'private', 'life', '""', 'and', '""', 'home', '""', 'as', 'including', 'certain', 'professional', 'or', 'business', 'activities', 'or', 'premises', 'would', 'be', 'consonant', 'with', 'the', 'essential', 'object', 'and', 'purpose', 'of', 'Article', '8', '(', 'art', '.', '8)', ',', 'namely', 'to', 'protect', 'the', 'individual', 'against', 'arbitrary', 'interference', 'by', 'the', 'public', 'authorities', '(', 'see', ',', 'for', 'example', ',', 'the', 'Marckx', 'v.', 'Belgium', 'judgment', 'of', '13', 'June', '1979', ',', 'Series', 'A', 'no', '.', '31', ',', 'p.', '15', ',', 'para', '.', '31', ')', '.', 'Such', 'an', 'interpretation', 'would', 'not', 'unduly', 'hamper', 'the', 'Contracting', 'States', ',', 'for', 'they', 'would', 'retain', 'their', 'entitlement', 'to', '""', 'interfere', '""', 'to', 'the', 'extent', 'permitted', 'by', 'paragraph', '2', 'of', 'Article', '8', '(', 'art', '.', '8', '-', '2', ')', ';', 'that', 'entitlement', 'might', 'well', 'be', 'more', 'far', '-', 'reaching', 'where', 'professional', 'or', 'business', 'activities', 'or', 'premises', 'were', 'involved', 'than', 'would', 'otherwise', 'be', 'the', 'case', '.']"	['O', 'O', 'B-Sinn & Zweck Auslegung', 'I-Sinn & Zweck Auslegung', 'I-Sinn & Zweck Auslegung', 'I-Sinn & Zweck Auslegung', 'I-Sinn & Zweck Auslegung', 'I-Sinn & Zweck Auslegung', 'I-Sinn & Zweck Auslegung', 'I-Sinn & Zweck Auslegung', 'I-Sinn & Zweck Auslegung', 'I-Sinn & Zweck Auslegung', 'I-Sinn & Zweck Auslegung', 'I-Sinn & Zweck Auslegung', 'I-Sinn & Zweck Auslegung', 'I-Sinn & Zweck Auslegung', 'I-Sinn & Zweck Auslegung', 'I-Sinn & Zweck Auslegung', 'I-Sinn & Zweck Auslegung', 'I-Sinn & Zweck Auslegung', 'I-Sinn & Zweck Auslegung', 'I-Sinn & Zweck Auslegung', 'I-Sinn & Zweck Auslegung', 'I-Sinn & Zweck Auslegung', 'I-Sinn & Zweck Auslegung', 'I-Sinn & Zweck Auslegung', 'I-Sinn & Zweck Auslegung', 'I-Sinn & Zweck Auslegung', 'I-Sinn & Zweck Auslegung', 'I-Sinn & Zweck Auslegung', 'I-Sinn & Zweck Auslegung', 'I-Sinn & Zweck Auslegung', 'I-Sinn & Zweck Auslegung', 'I-Sinn & Zweck Auslegung', 'I-Sinn & Zweck Auslegung', 'I-Sinn & Zweck Auslegung', 'I-Sinn & Zweck Auslegung', 'I-Sinn & Zweck Auslegung', 'I-Sinn & Zweck Auslegung', 'I-Sinn & Zweck Auslegung', 'I-Sinn & Zweck Auslegung', 'I-Sinn & Zweck Auslegung', 'I-Sinn & Zweck Auslegung', 'I-Sinn & Zweck Auslegung', 'I-Sinn & Zweck Auslegung', 'I-Sinn & Zweck Auslegung', 'I-Sinn & Zweck Auslegung', 'I-Sinn & Zweck Auslegung', 'I-Sinn & Zweck Auslegung', 'I-Sinn & Zweck Auslegung', 'I-Sinn & Zweck Auslegung', 'I-Sinn & Zweck Auslegung', 'I-Sinn & Zweck Auslegung', 'I-Sinn & Zweck Auslegung', 'I-Sinn & Zweck Auslegung', 'I-Sinn & Zweck Auslegung', 'I-Sinn & Zweck Auslegung', 'I-Sinn & Zweck Auslegung', 'I-Sinn & Zweck Auslegung', 'I-Sinn & Zweck Auslegung', 'I-Sinn & Zweck Auslegung', 'I-Sinn & Zweck Auslegung', 'I-Sinn & Zweck Auslegung', 'I-Sinn & Zweck Auslegung', 'I-Sinn & Zweck Auslegung', 'I-Sinn & Zweck Auslegung', 'I-Sinn & Zweck Auslegung', 'I-Sinn & Zweck Auslegung', 'I-Sinn & Zweck Auslegung', 'I-Sinn & Zweck Auslegung', 'I-Sinn & Zweck Auslegung', 'I-Sinn & Zweck Auslegung', 'I-Sinn & Zweck Auslegung', 'I-Sinn & Zweck Auslegung', 'I-Sinn & Zweck Auslegung', 'I-Sinn & Zweck Auslegung', 'I-Sinn & Zweck Auslegung', 'I-Sinn & Zweck Auslegung', 'I-Sinn & Zweck Auslegung', 'I-Sinn & Zweck Auslegung', 'I-Sinn & Zweck Auslegung', 'I-Sinn & Zweck Auslegung', 'I-Sinn & Zweck Auslegung', 'I-Sinn & Zweck Auslegung', 'I-Sinn & Zweck Auslegung', 'B-Einschätzungsspielraum', 'I-Einschätzungsspielraum', 'I-Einschätzungsspielraum', 'I-Einschätzungsspielraum', 'I-Einschätzungsspielraum', 'I-Einschätzungsspielraum', 'I-Einschätzungsspielraum', 'I-Einschätzungsspielraum', 'I-Einschätzungsspielraum', 'I-Einschätzungsspielraum', 'I-Einschätzungsspielraum', 'I-Einschätzungsspielraum', 'I-Einschätzungsspielraum', 'I-Einschätzungsspielraum', 'I-Einschätzungsspielraum', 'I-Einschätzungsspielraum', 'I-Einschätzungsspielraum', 'I-Einschätzungsspielraum', 'I-Einschätzungsspielraum', 'I-Einschätzungsspielraum', 'I-Einschätzungsspielraum', 'I-Einschätzungsspielraum', 'I-Einschätzungsspielraum', 'I-Einschätzungsspielraum', 'I-Einschätzungsspielraum', 'I-Einschätzungsspielraum', 'I-Einschätzungsspielraum', 'I-Einschätzungsspielraum', 'I-Einschätzungsspielraum', 'I-Einschätzungsspielraum', 'I-Einschätzungsspielraum', 'I-Einschätzungsspielraum', 'I-Einschätzungsspielraum', 'I-Einschätzungsspielraum', 'I-Einschätzungsspielraum', 'I-Einschätzungsspielraum', 'I-Einschätzungsspielraum', 'I-Einschätzungsspielraum', 'I-Einschätzungsspielraum', 'I-Einschätzungsspielraum', 'I-Einschätzungsspielraum', 'I-Einschätzungsspielraum', 'I-Einschätzungsspielraum', 'I-Einschätzungsspielraum', 'I-Einschätzungsspielraum', 'I-Einschätzungsspielraum', 'I-Einschätzungsspielraum', 'I-Einschätzungsspielraum', 'I-Einschätzungsspielraum', 'I-Einschätzungsspielraum', 'I-Einschätzungsspielraum', 'I-Einschätzungsspielraum', 'I-Einschätzungsspielraum', 'I-Einschätzungsspielraum', 'I-Einschätzungsspielraum', 'I-Einschätzungsspielraum', 'I-Einschätzungsspielraum', 'I-Einschätzungsspielraum', 'I-Einschätzungsspielraum', 'I-Einschätzungsspielraum', 'I-Einschätzungsspielraum', 'I-Einschätzungsspielraum', 'I-Einschätzungsspielraum', 'I-Einschätzungsspielraum']
"['32', '.', 'To', 'the', 'above', '-', 'mentioned', 'general', 'considerations', ',', 'which', 'militate', 'against', 'the', 'view', 'that', 'Article', '8', '(', 'art', '.', '8)', 'is', 'not', 'applicable', ',', 'must', 'be', 'added', 'a', 'further', 'factor', 'pertaining', 'to', 'the', 'particular', 'circumstances', 'of', 'the', 'case', '.', 'The', 'warrant', 'issued', 'by', 'the', 'Munich', 'District', 'Court', 'ordered', 'a', 'search', 'for', ',', 'and', 'seizure', 'of', ',', '""', 'documents', '""', '-', 'without', 'qualification', 'or', 'limitation', '-', 'revealing', 'the', 'identity', 'of', 'Klaus', 'Wegner', '(', 'see', 'paragraph', '10', 'above', ')', '.', 'Furthermore', ',', 'those', 'conducting', 'the', 'search', 'examined', 'four', 'cabinets', 'with', 'data', 'concerning', 'clients', 'as', 'well', 'as', 'six', 'individual', 'files', '(', 'see', 'paragraph', '11', 'above', ')', ';', 'their', 'operations', 'must', 'perforce', 'have', 'covered', '""', 'correspondence', '""', 'and', 'materials', 'that', 'can', 'properly', 'be', 'regarded', 'as', 'such', 'for', 'the', 'purposes', 'of', 'Article', '8', '(', 'art', '.', '8)', '.', 'In', 'this', 'connection', ',', 'it', 'is', 'sufficient', 'to', 'note', 'that', 'that', 'provision', 'does', 'not', 'use', ',', 'as', 'it', 'does', 'for', 'the', 'word', '""', 'life', '""', ',', 'any', 'adjective', 'to', 'qualify', 'the', 'word', '""', 'correspondence', '""', '.', 'And', ',', 'indeed', ',', 'the', 'Court', 'has', 'already', 'held', 'that', ',', 'in', 'the', 'context', 'of', 'correspondence', 'in', 'the', 'form', 'of', 'telephone', 'calls', ',', 'no', 'such', 'qualification', 'is', 'to', 'be', 'made', '(', 'see', 'the', 'above', '-', 'mentioned', 'Huvig', 'judgment', ',', 'Series', 'A', 'no', '.', '176', '-', 'B', ',', 'p.', '41', ',', 'para', '.', '8', ',', 'and', 'p.', '52', ',', 'para', '.', '25', ')', '.', 'Again', ',', 'in', 'a', 'number', 'of', 'cases', 'relating', 'to', 'correspondence', 'with', 'a', 'lawyer', '(', 'see', ',', 'for', 'example', ',', 'the', 'Schönenberger', 'and', 'Durmaz', 'v.', 'Switzerland', 'judgment', 'of', '20', 'June', '1988', ',', 'Series', 'A', 'no', '.', '137', ',', 'and', 'the', 'Campbell', 'v.', 'the', 'United', 'Kingdom', 'judgment', 'of', '25', 'March', '1992', ',', 'Series', 'A', 'no', '.', '233', ')', ',', 'the', 'Court', 'did', 'not', 'even', 'advert', 'to', 'the', 'possibility', 'that', 'Article', '8', '(', 'art', '.', '8)', 'might', 'be', 'inapplicable', 'on', 'the', 'ground', 'that', 'the', 'correspondence', 'was', 'of', 'a', 'professional', 'nature', '.']"	['O', 'O', 'B-Subsumtion', 'I-Subsumtion', 'I-Subsumtion', 'I-Subsumtion', 'I-Subsumtion', 'I-Subsumtion', 'I-Subsumtion', 'I-Subsumtion', 'I-Subsumtion', 'I-Subsumtion', 'I-Subsumtion', 'I-Subsumtion', 'I-Subsumtion', 'I-Subsumtion', 'I-Subsumtion', 'I-Subsumtion', 'I-Subsumtion', 'I-Subsumtion', 'I-Subsumtion', 'I-Subsumtion', 'I-Subsumtion', 'I-Subsumtion', 'I-Subsumtion', 'I-Subsumtion', 'I-Subsumtion', 'I-Subsumtion', 'I-Subsumtion', 'I-Subsumtion', 'I-Subsumtion', 'I-Subsumtion', 'I-Subsumtion', 'I-Subsumtion', 'I-Subsumtion', 'I-Subsumtion', 'I-Subsumtion', 'I-Subsumtion', 'I-Subsumtion', 'I-Subsumtion', 'I-Subsumtion', 'I-Subsumtion', 'I-Subsumtion', 'I-Subsumtion', 'I-Subsumtion', 'I-Subsumtion', 'I-Subsumtion', 'I-Subsumtion', 'I-Subsumtion', 'I-Subsumtion', 'I-Subsumtion', 'I-Subsumtion', 'I-Subsumtion', 'I-Subsumtion', 'I-Subsumtion', 'I-Subsumtion', 'I-Subsumtion', 'I-Subsumtion', 'I-Subsumtion', 'I-Subsumtion', 'I-Subsumtion', 'I-Subsumtion', 'I-Subsumtion', 'I-Subsumtion', 'I-Subsumtion', 'I-Subsumtion', 'I-Subsumtion', 'I-Subsumtion', 'I-Subsumtion', 'I-Subsumtion', 'I-Subsumtion', 'I-Subsumtion', 'I-Subsumtion', 'I-Subsumtion', 'I-Subsumtion', 'I-Subsumtion', 'I-Subsumtion', 'I-Subsumtion', 'I-Subsumtion', 'I-Subsumtion', 'I-Subsumtion', 'I-Subsumtion', 'I-Subsumtion', 'I-Subsumtion', 'I-Subsumtion', 'I-Subsumtion', 'I-Subsumtion', 'I-Subsumtion', 'I-Subsumtion', 'I-Subsumtion', 'I-Subsumtion', 'I-Subsumtion', 'I-Subsumtion', 'I-Subsumtion', 'I-Subsumtion', 'I-Subsumtion', 'I-Subsumtion', 'I-Subsumtion', 'I-Subsumtion', 'I-Subsumtion', 'I-Subsumtion', 'I-Subsumtion', 'I-Subsumtion', 'I-Subsumtion', 'I-Subsumtion', 'I-Subsumtion', 'I-Subsumtion', 'I-Subsumtion', 'I-Subsumtion', 'I-Subsumtion', 'I-Subsumtion', 'I-Subsumtion', 'I-Subsumtion', 'I-Subsumtion', 'I-Subsumtion', 'I-Subsumtion', 'I-Subsumtion', 'I-Subsumtion', 'I-Subsumtion', 'I-Subsumtion', 'I-Subsumtion', 'I-Subsumtion', 'I-Subsumtion', 'I-Subsumtion', 'I-Subsumtion', 'I-Subsumtion', 'I-Subsumtion', 'I-Subsumtion', 'I-Subsumtion', 'I-Subsumtion', 'I-Subsumtion', 'I-Subsumtion', 'I-Subsumtion', 'I-Subsumtion', 'I-Subsumtion', 'I-Subsumtion', 'I-Subsumtion', 'I-Subsumtion', 'I-Subsumtion', 'I-Subsumtion', 'I-Subsumtion', 'I-Subsumtion', 'I-Subsumtion', 'I-Subsumtion', 'I-Subsumtion', 'I-Subsumtion', 'I-Subsumtion', 'I-Subsumtion', 'I-Subsumtion', 'I-Subsumtion', 'I-Subsumtion', 'I-Subsumtion', 'I-Subsumtion', 'I-Subsumtion', 'I-Subsumtion', 'I-Subsumtion', 'I-Subsumtion', 'I-Subsumtion', 'I-Subsumtion', 'I-Subsumtion', 'I-Subsumtion', 'I-Subsumtion', 'I-Subsumtion', 'I-Subsumtion', 'I-Subsumtion', 'I-Subsumtion', 'I-Subsumtion', 'I-Subsumtion', 'I-Subsumtion', 'I-Subsumtion', 'I-Subsumtion', 'I-Subsumtion', 'I-Subsumtion', 'I-Subsumtion', 'I-Subsumtion', 'I-Subsumtion', 'I-Subsumtion', 'I-Subsumtion', 'I-Subsumtion', 'I-Subsumtion', 'I-Subsumtion', 'I-Subsumtion', 'I-Subsumtion', 'I-Subsumtion', 'I-Subsumtion', 'I-Subsumtion', 'I-Subsumtion', 'I-Subsumtion', 'I-Subsumtion', 'I-Subsumtion', 'I-Subsumtion', 'I-Subsumtion', 'I-Subsumtion', 'I-Subsumtion', 'I-Subsumtion', 'I-Subsumtion', 'I-Subsumtion', 'I-Subsumtion', 'I-Subsumtion', 'I-Subsumtion', 'I-Subsumtion', 'I-Subsumtion', 'I-Subsumtion', 'I-Subsumtion', 'I-Subsumtion', 'I-Subsumtion', 'I-Subsumtion', 'I-Subsumtion', 'I-Subsumtion', 'I-Subsumtion', 'I-Subsumtion', 'I-Subsumtion', 'I-Subsumtion', 'I-Subsumtion', 'I-Subsumtion', 'I-Subsumtion', 'I-Subsumtion', 'I-Subsumtion', 'I-Subsumtion', 'I-Subsumtion', 'I-Subsumtion', 'I-Subsumtion', 'I-Subsumtion', 'I-Subsumtion', 'I-Subsumtion', 'I-Subsumtion', 'I-Subsumtion', 'I-Subsumtion', 'I-Subsumtion', 'I-Subsumtion', 'I-Subsumtion', 'I-Subsumtion', 'I-Subsumtion', 'I-Subsumtion', 'I-Subsumtion', 'I-Subsumtion', 'I-Subsumtion', 'I-Subsumtion', 'I-Subsumtion', 'I-Subsumtion', 'I-Subsumtion', 'I-Subsumtion', 'I-Subsumtion', 'I-Subsumtion', 'I-Subsumtion', 'I-Subsumtion', 'I-Subsumtion', 'I-Subsumtion', 'I-Subsumtion', 'I-Subsumtion', 'I-Subsumtion', 'I-Subsumtion', 'I-Subsumtion', 'I-Subsumtion', 'I-Subsumtion', 'I-Subsumtion', 'I-Subsumtion', 'I-Subsumtion', 'I-Subsumtion', 'I-Subsumtion', 'I-Subsumtion', 'I-Subsumtion', 'I-Subsumtion', 'I-Subsumtion', 'I-Subsumtion', 'I-Subsumtion', 'I-Subsumtion', 'I-Subsumtion', 'I-Subsumtion', 'I-Subsumtion', 'I-Subsumtion', 'I-Subsumtion', 'I-Subsumtion', 'I-Subsumtion', 'I-Subsumtion', 'I-Subsumtion', 'I-Subsumtion', 'I-Subsumtion', 'I-Subsumtion', 'I-Subsumtion', 'I-Subsumtion', 'I-Subsumtion', 'I-Subsumtion', 'I-Subsumtion', 'I-Subsumtion', 'I-Subsumtion', 'I-Subsumtion', 'I-Subsumtion', 'I-Subsumtion', 'I-Subsumtion', 'I-Subsumtion', 'I-Subsumtion', 'I-Subsumtion', 'I-Subsumtion', 'I-Subsumtion', 'I-Subsumtion', 'I-Subsumtion', 'I-Subsumtion', 'I-Subsumtion', 'I-Subsumtion', 'I-Subsumtion', 'I-Subsumtion', 'I-Subsumtion', 'I-Subsumtion', 'I-Subsumtion', 'I-Subsumtion', 'I-Subsumtion', 'I-Subsumtion', 'I-Subsumtion', 'I-Subsumtion', 'I-Subsumtion', 'I-Subsumtion', 'I-Subsumtion', 'I-Subsumtion', 'I-Subsumtion', 'I-Subsumtion', 'I-Subsumtion', 'I-Subsumtion', 'I-Subsumtion', 'I-Subsumtion', 'I-Subsumtion', 'I-Subsumtion']
['33', '.', 'Taken', 'together', ',', 'the', 'foregoing', 'reasons', 'lead', 'the', 'Court', 'to', 'find', 'that', 'the', 'search', 'of', 'the', 'applicant', '’s', 'office', 'constituted', 'an', 'interference', 'with', 'his', 'rights', 'under', 'Article', '8', '(', 'art', '.', '8)', '.']	['O', 'O', 'B-Subsumtion', 'I-Subsumtion', 'I-Subsumtion', 'I-Subsumtion', 'I-Subsumtion', 'I-Subsumtion', 'I-Subsumtion', 'I-Subsumtion', 'I-Subsumtion', 'I-Subsumtion', 'I-Subsumtion', 'I-Subsumtion', 'I-Subsumtion', 'I-Subsumtion', 'I-Subsumtion', 'I-Subsumtion', 'I-Subsumtion', 'I-Subsumtion', 'I-Subsumtion', 'I-Subsumtion', 'I-Subsumtion', 'I-Subsumtion', 'I-Subsumtion', 'I-Subsumtion', 'I-Subsumtion', 'I-Subsumtion', 'I-Subsumtion', 'I-Subsumtion', 'I-Subsumtion', 'I-Subsumtion', 'I-Subsumtion', 'I-Subsumtion', 'I-Subsumtion']
"['B.', 'Was', 'the', 'interference', '""', 'in', 'accordance', 'with', 'the', 'law', '""', '?']"	['O', 'O', 'O', 'O', 'O', 'O', 'O', 'O', 'O', 'O', 'O', 'O']
"['34', '.', 'The', 'applicant', 'submitted', 'that', 'the', 'interference', 'in', 'question', 'was', 'not', '""', 'in', 'accordance', 'with', 'the', 'law', '""', ',', 'since', 'it', 'was', 'based', 'on', 'suspicions', 'rather', 'than', 'facts', 'and', 'so', 'did', 'not', 'meet', 'the', 'conditions', 'laid', 'down', 'by', 'Article', '103', 'of', 'the', 'Code', 'of', 'Criminal', 'Procedure', '(', 'see', 'paragraph', '19', 'above', ')', 'and', 'since', 'it', 'was', 'intended', 'to', 'circumvent', 'the', 'legal', 'provisions', 'safeguarding', 'professional', 'secrecy', '.']"	['O', 'O', 'B-Verhältnismäßigkeitsprüfung – Rechtsgrundlage', 'I-Verhältnismäßigkeitsprüfung – Rechtsgrundlage', 'I-Verhältnismäßigkeitsprüfung – Rechtsgrundlage', 'I-Verhältnismäßigkeitsprüfung – Rechtsgrundlage', 'I-Verhältnismäßigkeitsprüfung – Rechtsgrundlage', 'I-Verhältnismäßigkeitsprüfung – Rechtsgrundlage', 'I-Verhältnismäßigkeitsprüfung – Rechtsgrundlage', 'I-Verhältnismäßigkeitsprüfung – Rechtsgrundlage', 'I-Verhältnismäßigkeitsprüfung – Rechtsgrundlage', 'I-Verhältnismäßigkeitsprüfung – Rechtsgrundlage', 'I-Verhältnismäßigkeitsprüfung – Rechtsgrundlage', 'I-Verhältnismäßigkeitsprüfung – Rechtsgrundlage', 'I-Verhältnismäßigkeitsprüfung – Rechtsgrundlage', 'I-Verhältnismäßigkeitsprüfung – Rechtsgrundlage', 'I-Verhältnismäßigkeitsprüfung – Rechtsgrundlage', 'I-Verhältnismäßigkeitsprüfung – Rechtsgrundlage', 'I-Verhältnismäßigkeitsprüfung – Rechtsgrundlage', 'I-Verhältnismäßigkeitsprüfung – Rechtsgrundlage', 'I-Verhältnismäßigkeitsprüfung – Rechtsgrundlage', 'I-Verhältnismäßigkeitsprüfung – Rechtsgrundlage', 'I-Verhältnismäßigkeitsprüfung – Rechtsgrundlage', 'I-Verhältnismäßigkeitsprüfung – Rechtsgrundlage', 'I-Verhältnismäßigkeitsprüfung – Rechtsgrundlage', 'I-Verhältnismäßigkeitsprüfung – Rechtsgrundlage', 'I-Verhältnismäßigkeitsprüfung – Rechtsgrundlage', 'I-Verhältnismäßigkeitsprüfung – Rechtsgrundlage', 'I-Verhältnismäßigkeitsprüfung – Rechtsgrundlage', 'I-Verhältnismäßigkeitsprüfung – Rechtsgrundlage', 'I-Verhältnismäßigkeitsprüfung – Rechtsgrundlage', 'I-Verhältnismäßigkeitsprüfung – Rechtsgrundlage', 'I-Verhältnismäßigkeitsprüfung – Rechtsgrundlage', 'I-Verhältnismäßigkeitsprüfung – Rechtsgrundlage', 'I-Verhältnismäßigkeitsprüfung – Rechtsgrundlage', 'I-Verhältnismäßigkeitsprüfung – Rechtsgrundlage', 'I-Verhältnismäßigkeitsprüfung – Rechtsgrundlage', 'I-Verhältnismäßigkeitsprüfung – Rechtsgrundlage', 'I-Verhältnismäßigkeitsprüfung – Rechtsgrundlage', 'I-Verhältnismäßigkeitsprüfung – Rechtsgrundlage', 'I-Verhältnismäßigkeitsprüfung – Rechtsgrundlage', 'I-Verhältnismäßigkeitsprüfung – Rechtsgrundlage', 'I-Verhältnismäßigkeitsprüfung – Rechtsgrundlage', 'I-Verhältnismäßigkeitsprüfung – Rechtsgrundlage', 'I-Verhältnismäßigkeitsprüfung – Rechtsgrundlage', 'I-Verhältnismäßigkeitsprüfung – Rechtsgrundlage', 'I-Verhältnismäßigkeitsprüfung – Rechtsgrundlage', 'I-Verhältnismäßigkeitsprüfung – Rechtsgrundlage', 'I-Verhältnismäßigkeitsprüfung – Rechtsgrundlage', 'I-Verhältnismäßigkeitsprüfung – Rechtsgrundlage', 'I-Verhältnismäßigkeitsprüfung – Rechtsgrundlage', 'I-Verhältnismäßigkeitsprüfung – Rechtsgrundlage', 'I-Verhältnismäßigkeitsprüfung – Rechtsgrundlage', 'I-Verhältnismäßigkeitsprüfung – Rechtsgrundlage', 'I-Verhältnismäßigkeitsprüfung – Rechtsgrundlage', 'I-Verhältnismäßigkeitsprüfung – Rechtsgrundlage', 'I-Verhältnismäßigkeitsprüfung – Rechtsgrundlage', 'I-Verhältnismäßigkeitsprüfung – Rechtsgrundlage', 'I-Verhältnismäßigkeitsprüfung – Rechtsgrundlage', 'I-Verhältnismäßigkeitsprüfung – Rechtsgrundlage', 'I-Verhältnismäßigkeitsprüfung – Rechtsgrundlage', 'I-Verhältnismäßigkeitsprüfung – Rechtsgrundlage', 'I-Verhältnismäßigkeitsprüfung – Rechtsgrundlage', 'I-Verhältnismäßigkeitsprüfung – Rechtsgrundlage', 'I-Verhältnismäßigkeitsprüfung – Rechtsgrundlage', 'I-Verhältnismäßigkeitsprüfung – Rechtsgrundlage', 'I-Verhältnismäßigkeitsprüfung – Rechtsgrundlage']
['35', '.', 'The', 'Court', 'agrees', 'with', 'the', 'Commission', 'and', 'the', 'Government', 'that', 'that', 'submission', 'must', 'be', 'rejected', '.', 'It', 'notes', 'that', 'both', 'the', 'Munich', 'I', 'Regional', 'Court', 'and', 'the', 'Federal', 'Constitutional', 'Court', 'considered', 'that', 'the', 'search', 'was', 'lawful', 'in', 'terms', 'of', 'Article', '103', 'of', 'the', 'aforesaid', 'Code', '(', 'see', 'paragraphs', '15', '-', '16', 'and', '19', 'above', ')', 'and', 'sees', 'no', 'reason', 'to', 'differ', 'from', 'the', 'views', 'which', 'those', 'courts', 'expressed', '.']	['O', 'O', 'B-Verhältnismäßigkeitsprüfung – Rechtsgrundlage', 'I-Verhältnismäßigkeitsprüfung – Rechtsgrundlage', 'I-Verhältnismäßigkeitsprüfung – Rechtsgrundlage', 'I-Verhältnismäßigkeitsprüfung – Rechtsgrundlage', 'I-Verhältnismäßigkeitsprüfung – Rechtsgrundlage', 'I-Verhältnismäßigkeitsprüfung – Rechtsgrundlage', 'I-Verhältnismäßigkeitsprüfung – Rechtsgrundlage', 'I-Verhältnismäßigkeitsprüfung – Rechtsgrundlage', 'I-Verhältnismäßigkeitsprüfung – Rechtsgrundlage', 'I-Verhältnismäßigkeitsprüfung – Rechtsgrundlage', 'I-Verhältnismäßigkeitsprüfung – Rechtsgrundlage', 'I-Verhältnismäßigkeitsprüfung – Rechtsgrundlage', 'I-Verhältnismäßigkeitsprüfung – Rechtsgrundlage', 'I-Verhältnismäßigkeitsprüfung – Rechtsgrundlage', 'I-Verhältnismäßigkeitsprüfung – Rechtsgrundlage', 'I-Verhältnismäßigkeitsprüfung – Rechtsgrundlage', 'I-Verhältnismäßigkeitsprüfung – Rechtsgrundlage', 'I-Verhältnismäßigkeitsprüfung – Rechtsgrundlage', 'I-Verhältnismäßigkeitsprüfung – Rechtsgrundlage', 'I-Verhältnismäßigkeitsprüfung – Rechtsgrundlage', 'I-Verhältnismäßigkeitsprüfung – Rechtsgrundlage', 'I-Verhältnismäßigkeitsprüfung – Rechtsgrundlage', 'I-Verhältnismäßigkeitsprüfung – Rechtsgrundlage', 'I-Verhältnismäßigkeitsprüfung – Rechtsgrundlage', 'I-Verhältnismäßigkeitsprüfung – Rechtsgrundlage', 'I-Verhältnismäßigkeitsprüfung – Rechtsgrundlage', 'I-Verhältnismäßigkeitsprüfung – Rechtsgrundlage', 'I-Verhältnismäßigkeitsprüfung – Rechtsgrundlage', 'I-Verhältnismäßigkeitsprüfung – Rechtsgrundlage', 'I-Verhältnismäßigkeitsprüfung – Rechtsgrundlage', 'I-Verhältnismäßigkeitsprüfung – Rechtsgrundlage', 'I-Verhältnismäßigkeitsprüfung – Rechtsgrundlage', 'I-Verhältnismäßigkeitsprüfung – Rechtsgrundlage', 'I-Verhältnismäßigkeitsprüfung – Rechtsgrundlage', 'I-Verhältnismäßigkeitsprüfung – Rechtsgrundlage', 'I-Verhältnismäßigkeitsprüfung – Rechtsgrundlage', 'I-Verhältnismäßigkeitsprüfung – Rechtsgrundlage', 'I-Verhältnismäßigkeitsprüfung – Rechtsgrundlage', 'I-Verhältnismäßigkeitsprüfung – Rechtsgrundlage', 'I-Verhältnismäßigkeitsprüfung – Rechtsgrundlage', 'I-Verhältnismäßigkeitsprüfung – Rechtsgrundlage', 'I-Verhältnismäßigkeitsprüfung – Rechtsgrundlage', 'I-Verhältnismäßigkeitsprüfung – Rechtsgrundlage', 'I-Verhältnismäßigkeitsprüfung – Rechtsgrundlage', 'I-Verhältnismäßigkeitsprüfung – Rechtsgrundlage', 'I-Verhältnismäßigkeitsprüfung – Rechtsgrundlage', 'I-Verhältnismäßigkeitsprüfung – Rechtsgrundlage', 'I-Verhältnismäßigkeitsprüfung – Rechtsgrundlage', 'I-Verhältnismäßigkeitsprüfung – Rechtsgrundlage', 'I-Verhältnismäßigkeitsprüfung – Rechtsgrundlage', 'I-Verhältnismäßigkeitsprüfung – Rechtsgrundlage', 'I-Verhältnismäßigkeitsprüfung – Rechtsgrundlage', 'I-Verhältnismäßigkeitsprüfung – Rechtsgrundlage', 'I-Verhältnismäßigkeitsprüfung – Rechtsgrundlage', 'I-Verhältnismäßigkeitsprüfung – Rechtsgrundlage', 'I-Verhältnismäßigkeitsprüfung – Rechtsgrundlage', 'I-Verhältnismäßigkeitsprüfung – Rechtsgrundlage', 'I-Verhältnismäßigkeitsprüfung – Rechtsgrundlage', 'I-Verhältnismäßigkeitsprüfung – Rechtsgrundlage', 'I-Verhältnismäßigkeitsprüfung – Rechtsgrundlage', 'I-Verhältnismäßigkeitsprüfung – Rechtsgrundlage', 'I-Verhältnismäßigkeitsprüfung – Rechtsgrundlage', 'I-Verhältnismäßigkeitsprüfung – Rechtsgrundlage', 'I-Verhältnismäßigkeitsprüfung – Rechtsgrundlage', 'I-Verhältnismäßigkeitsprüfung – Rechtsgrundlage', 'I-Verhältnismäßigkeitsprüfung – Rechtsgrundlage', 'I-Verhältnismäßigkeitsprüfung – Rechtsgrundlage', 'I-Verhältnismäßigkeitsprüfung – Rechtsgrundlage', 'I-Verhältnismäßigkeitsprüfung – Rechtsgrundlage']
['C.', 'Did', 'the', 'interference', 'have', 'a', 'legitimate', 'aim', 'or', 'aims', '?']	['O', 'O', 'O', 'O', 'O', 'O', 'O', 'O', 'O', 'O', 'O']
['36', '.', 'Like', 'the', 'Commission', ',', 'the', 'Court', 'finds', 'that', ',', 'as', 'was', 'not', 'contested', 'by', 'the', 'applicant', ',', 'the', 'interference', 'pursued', 'aims', 'that', 'were', 'legitimate', 'under', 'paragraph', '2', 'of', 'Article', '8', '(', 'art', '.', '8', '-', '2', ')', ',', 'namely', 'the', 'prevention', 'of', 'crime', 'and', 'the', 'protection', 'of', 'the', 'rights', 'of', 'others', ',', 'that', 'is', 'the', 'honour', 'of', 'Judge', 'Miosga', '.']	['O', 'O', 'B-Verhältnismäßigkeitsprüfung – Legitimer Zweck', 'I-Verhältnismäßigkeitsprüfung – Legitimer Zweck', 'I-Verhältnismäßigkeitsprüfung – Legitimer Zweck', 'I-Verhältnismäßigkeitsprüfung – Legitimer Zweck', 'I-Verhältnismäßigkeitsprüfung – Legitimer Zweck', 'I-Verhältnismäßigkeitsprüfung – Legitimer Zweck', 'I-Verhältnismäßigkeitsprüfung – Legitimer Zweck', 'I-Verhältnismäßigkeitsprüfung – Legitimer Zweck', 'I-Verhältnismäßigkeitsprüfung – Legitimer Zweck', 'I-Verhältnismäßigkeitsprüfung – Legitimer Zweck', 'I-Verhältnismäßigkeitsprüfung – Legitimer Zweck', 'I-Verhältnismäßigkeitsprüfung – Legitimer Zweck', 'I-Verhältnismäßigkeitsprüfung – Legitimer Zweck', 'I-Verhältnismäßigkeitsprüfung – Legitimer Zweck', 'I-Verhältnismäßigkeitsprüfung – Legitimer Zweck', 'I-Verhältnismäßigkeitsprüfung – Legitimer Zweck', 'I-Verhältnismäßigkeitsprüfung – Legitimer Zweck', 'I-Verhältnismäßigkeitsprüfung – Legitimer Zweck', 'I-Verhältnismäßigkeitsprüfung – Legitimer Zweck', 'I-Verhältnismäßigkeitsprüfung – Legitimer Zweck', 'I-Verhältnismäßigkeitsprüfung – Legitimer Zweck', 'I-Verhältnismäßigkeitsprüfung – Legitimer Zweck', 'I-Verhältnismäßigkeitsprüfung – Legitimer Zweck', 'I-Verhältnismäßigkeitsprüfung – Legitimer Zweck', 'I-Verhältnismäßigkeitsprüfung – Legitimer Zweck', 'I-Verhältnismäßigkeitsprüfung – Legitimer Zweck', 'I-Verhältnismäßigkeitsprüfung – Legitimer Zweck', 'I-Verhältnismäßigkeitsprüfung – Legitimer Zweck', 'I-Verhältnismäßigkeitsprüfung – Legitimer Zweck', 'I-Verhältnismäßigkeitsprüfung – Legitimer Zweck', 'I-Verhältnismäßigkeitsprüfung – Legitimer Zweck', 'I-Verhältnismäßigkeitsprüfung – Legitimer Zweck', 'I-Verhältnismäßigkeitsprüfung – Legitimer Zweck', 'I-Verhältnismäßigkeitsprüfung – Legitimer Zweck', 'I-Verhältnismäßigkeitsprüfung – Legitimer Zweck', 'I-Verhältnismäßigkeitsprüfung – Legitimer Zweck', 'I-Verhältnismäßigkeitsprüfung – Legitimer Zweck', 'I-Verhältnismäßigkeitsprüfung – Legitimer Zweck', 'I-Verhältnismäßigkeitsprüfung – Legitimer Zweck', 'I-Verhältnismäßigkeitsprüfung – Legitimer Zweck', 'I-Verhältnismäßigkeitsprüfung – Legitimer Zweck', 'I-Verhältnismäßigkeitsprüfung – Legitimer Zweck', 'I-Verhältnismäßigkeitsprüfung – Legitimer Zweck', 'I-Verhältnismäßigkeitsprüfung – Legitimer Zweck', 'I-Verhältnismäßigkeitsprüfung – Legitimer Zweck', 'I-Verhältnismäßigkeitsprüfung – Legitimer Zweck', 'I-Verhältnismäßigkeitsprüfung – Legitimer Zweck', 'I-Verhältnismäßigkeitsprüfung – Legitimer Zweck', 'I-Verhältnismäßigkeitsprüfung – Legitimer Zweck', 'I-Verhältnismäßigkeitsprüfung – Legitimer Zweck', 'I-Verhältnismäßigkeitsprüfung – Legitimer Zweck', 'I-Verhältnismäßigkeitsprüfung – Legitimer Zweck', 'I-Verhältnismäßigkeitsprüfung – Legitimer Zweck', 'I-Verhältnismäßigkeitsprüfung – Legitimer Zweck', 'I-Verhältnismäßigkeitsprüfung – Legitimer Zweck', 'I-Verhältnismäßigkeitsprüfung – Legitimer Zweck', 'I-Verhältnismäßigkeitsprüfung – Legitimer Zweck', 'I-Verhältnismäßigkeitsprüfung – Legitimer Zweck', 'I-Verhältnismäßigkeitsprüfung – Legitimer Zweck', 'I-Verhältnismäßigkeitsprüfung – Legitimer Zweck']
"['D.', 'Was', 'the', 'interference', '""', 'necessary', 'in', 'a', 'democratic', 'society', '""', '?']"	['O', 'O', 'O', 'O', 'O', 'O', 'O', 'O', 'O', 'O', 'O', 'O']
"['37', '.', 'As', 'to', 'whether', 'the', 'interference', 'was', '""', 'necessary', 'in', 'a', 'democratic', 'society', '""', ',', 'the', 'Court', 'inclines', 'to', 'the', 'view', 'that', 'the', 'reasons', 'given', 'therefor', 'by', 'the', 'Munich', 'District', 'Court', '(', 'see', 'paragraph', '10', 'above', ')', 'can', 'be', 'regarded', 'as', 'relevant', 'in', 'terms', 'of', 'the', 'legitimate', 'aims', 'pursued', '.', 'It', 'does', 'not', ',', 'however', ',', 'consider', 'it', 'essential', 'to', 'pursue', 'this', 'point', 'since', 'it', 'has', 'formed', 'the', 'opinion', 'that', ',', 'as', 'was', 'contended', 'by', 'the', 'applicant', 'and', 'as', 'was', 'found', 'by', 'the', 'Commission', ',', 'the', 'measure', 'complained', 'of', 'was', 'not', 'proportionate', 'to', 'those', 'aims', '.']"	['O', 'O', 'B-Verhältnismäßigkeitsprüfung – Angemessenheit', 'I-Verhältnismäßigkeitsprüfung – Angemessenheit', 'I-Verhältnismäßigkeitsprüfung – Angemessenheit', 'I-Verhältnismäßigkeitsprüfung – Angemessenheit', 'I-Verhältnismäßigkeitsprüfung – Angemessenheit', 'I-Verhältnismäßigkeitsprüfung – Angemessenheit', 'I-Verhältnismäßigkeitsprüfung – Angemessenheit', 'I-Verhältnismäßigkeitsprüfung – Angemessenheit', 'I-Verhältnismäßigkeitsprüfung – Angemessenheit', 'I-Verhältnismäßigkeitsprüfung – Angemessenheit', 'I-Verhältnismäßigkeitsprüfung – Angemessenheit', 'I-Verhältnismäßigkeitsprüfung – Angemessenheit', 'I-Verhältnismäßigkeitsprüfung – Angemessenheit', 'I-Verhältnismäßigkeitsprüfung – Angemessenheit', 'I-Verhältnismäßigkeitsprüfung – Angemessenheit', 'I-Verhältnismäßigkeitsprüfung – Angemessenheit', 'I-Verhältnismäßigkeitsprüfung – Angemessenheit', 'I-Verhältnismäßigkeitsprüfung – Angemessenheit', 'I-Verhältnismäßigkeitsprüfung – Angemessenheit', 'I-Verhältnismäßigkeitsprüfung – Angemessenheit', 'I-Verhältnismäßigkeitsprüfung – Angemessenheit', 'I-Verhältnismäßigkeitsprüfung – Angemessenheit', 'I-Verhältnismäßigkeitsprüfung – Angemessenheit', 'I-Verhältnismäßigkeitsprüfung – Angemessenheit', 'I-Verhältnismäßigkeitsprüfung – Angemessenheit', 'I-Verhältnismäßigkeitsprüfung – Angemessenheit', 'I-Verhältnismäßigkeitsprüfung – Angemessenheit', 'I-Verhältnismäßigkeitsprüfung – Angemessenheit', 'I-Verhältnismäßigkeitsprüfung – Angemessenheit', 'I-Verhältnismäßigkeitsprüfung – Angemessenheit', 'I-Verhältnismäßigkeitsprüfung – Angemessenheit', 'I-Verhältnismäßigkeitsprüfung – Angemessenheit', 'I-Verhältnismäßigkeitsprüfung – Angemessenheit', 'I-Verhältnismäßigkeitsprüfung – Angemessenheit', 'I-Verhältnismäßigkeitsprüfung – Angemessenheit', 'I-Verhältnismäßigkeitsprüfung – Angemessenheit', 'I-Verhältnismäßigkeitsprüfung – Angemessenheit', 'I-Verhältnismäßigkeitsprüfung – Angemessenheit', 'I-Verhältnismäßigkeitsprüfung – Angemessenheit', 'I-Verhältnismäßigkeitsprüfung – Angemessenheit', 'I-Verhältnismäßigkeitsprüfung – Angemessenheit', 'I-Verhältnismäßigkeitsprüfung – Angemessenheit', 'I-Verhältnismäßigkeitsprüfung – Angemessenheit', 'I-Verhältnismäßigkeitsprüfung – Angemessenheit', 'I-Verhältnismäßigkeitsprüfung – Angemessenheit', 'I-Verhältnismäßigkeitsprüfung – Angemessenheit', 'I-Verhältnismäßigkeitsprüfung – Angemessenheit', 'I-Verhältnismäßigkeitsprüfung – Angemessenheit', 'I-Verhältnismäßigkeitsprüfung – Angemessenheit', 'I-Verhältnismäßigkeitsprüfung – Angemessenheit', 'I-Verhältnismäßigkeitsprüfung – Angemessenheit', 'I-Verhältnismäßigkeitsprüfung – Angemessenheit', 'I-Verhältnismäßigkeitsprüfung – Angemessenheit', 'I-Verhältnismäßigkeitsprüfung – Angemessenheit', 'I-Verhältnismäßigkeitsprüfung – Angemessenheit', 'I-Verhältnismäßigkeitsprüfung – Angemessenheit', 'I-Verhältnismäßigkeitsprüfung – Angemessenheit', 'I-Verhältnismäßigkeitsprüfung – Angemessenheit', 'I-Verhältnismäßigkeitsprüfung – Angemessenheit', 'I-Verhältnismäßigkeitsprüfung – Angemessenheit', 'I-Verhältnismäßigkeitsprüfung – Angemessenheit', 'I-Verhältnismäßigkeitsprüfung – Angemessenheit', 'I-Verhältnismäßigkeitsprüfung – Angemessenheit', 'I-Verhältnismäßigkeitsprüfung – Angemessenheit', 'I-Verhältnismäßigkeitsprüfung – Angemessenheit', 'I-Verhältnismäßigkeitsprüfung – Angemessenheit', 'I-Verhältnismäßigkeitsprüfung – Angemessenheit', 'I-Verhältnismäßigkeitsprüfung – Angemessenheit', 'I-Verhältnismäßigkeitsprüfung – Angemessenheit', 'I-Verhältnismäßigkeitsprüfung – Angemessenheit', 'I-Verhältnismäßigkeitsprüfung – Angemessenheit', 'I-Verhältnismäßigkeitsprüfung – Angemessenheit', 'I-Verhältnismäßigkeitsprüfung – Angemessenheit', 'I-Verhältnismäßigkeitsprüfung – Angemessenheit', 'I-Verhältnismäßigkeitsprüfung – Angemessenheit', 'I-Verhältnismäßigkeitsprüfung – Angemessenheit', 'I-Verhältnismäßigkeitsprüfung – Angemessenheit', 'I-Verhältnismäßigkeitsprüfung – Angemessenheit', 'I-Verhältnismäßigkeitsprüfung – Angemessenheit', 'I-Verhältnismäßigkeitsprüfung – Angemessenheit', 'I-Verhältnismäßigkeitsprüfung – Angemessenheit', 'I-Verhältnismäßigkeitsprüfung – Angemessenheit', 'I-Verhältnismäßigkeitsprüfung – Angemessenheit', 'I-Verhältnismäßigkeitsprüfung – Angemessenheit', 'I-Verhältnismäßigkeitsprüfung – Angemessenheit', 'I-Verhältnismäßigkeitsprüfung – Angemessenheit', 'I-Verhältnismäßigkeitsprüfung – Angemessenheit', 'I-Verhältnismäßigkeitsprüfung – Angemessenheit', 'I-Verhältnismäßigkeitsprüfung – Angemessenheit', 'I-Verhältnismäßigkeitsprüfung – Angemessenheit', 'I-Verhältnismäßigkeitsprüfung – Angemessenheit', 'I-Verhältnismäßigkeitsprüfung – Angemessenheit', 'I-Verhältnismäßigkeitsprüfung – Angemessenheit', 'I-Verhältnismäßigkeitsprüfung – Angemessenheit', 'I-Verhältnismäßigkeitsprüfung – Angemessenheit']
"['It', 'is', 'true', 'that', 'the', 'offence', 'in', 'connection', 'with', 'which', 'the', 'search', 'was', 'effected', ',', 'involving', 'as', 'it', 'did', 'not', 'only', 'an', 'insult', 'to', 'but', 'also', 'an', 'attempt', 'to', 'bring', 'pressure', 'on', 'a', 'judge', ',', 'can', 'not', 'be', 'classified', 'as', 'no', 'more', 'than', 'minor', '.', 'On', 'the', 'other', 'hand', ',', 'the', 'warrant', 'was', 'drawn', 'in', 'broad', 'terms', ',', 'in', 'that', 'it', 'ordered', 'a', 'search', 'for', 'and', 'seizure', 'of', '""', 'documents', '""', ',', 'without', 'any', 'limitation', ',', 'revealing', 'the', 'identity', 'of', 'the', 'author', 'of', 'the', 'offensive', 'letter', ';', 'this', 'point', 'is', 'of', 'special', 'significance', 'where', ',', 'as', 'in', 'Germany', ',', 'the', 'search', 'of', 'a', 'lawyer', '’s', 'office', 'is', 'not', 'accompanied', 'by', 'any', 'special', 'procedural', 'safeguards', ',', 'such', 'as', 'the', 'presence', 'of', 'an', 'independent', 'observer', '.', 'More', 'importantly', ',', 'having', 'regard', 'to', 'the', 'materials', 'that', 'were', 'in', 'fact', 'inspected', ',', 'the', 'search', 'impinged', 'on', 'professional', 'secrecy', 'to', 'an', 'extent', 'that', 'appears', 'disproportionate', 'in', 'the', 'circumstances', ';', 'it', 'has', ',', 'in', 'this', 'connection', ',', 'to', 'be', 'recalled', 'that', ',', 'where', 'a', 'lawyer', 'is', 'involved', ',', 'an', 'encroachment', 'on', 'professional', 'secrecy', 'may', 'have', 'repercussions', 'on', 'the', 'proper', 'administration', 'of', 'justice', 'and', 'hence', 'on', 'the', 'rights', 'guaranteed', 'by', 'Article', '6', '(', 'art', '.', '6', ')', 'of', 'the', 'Convention', '.', 'In', 'addition', ',', 'the', 'attendant', 'publicity', 'must', 'have', 'been', 'capable', 'of', 'affecting', 'adversely', 'the', 'applicant', '’s', 'professional', 'reputation', ',', 'in', 'the', 'eyes', 'both', 'of', 'his', 'existing', 'clients', 'and', 'of', 'the', 'public', 'at', 'large', '.']"	['I-Verhältnismäßigkeitsprüfung – Angemessenheit', 'I-Verhältnismäßigkeitsprüfung – Angemessenheit', 'I-Verhältnismäßigkeitsprüfung – Angemessenheit', 'I-Verhältnismäßigkeitsprüfung – Angemessenheit', 'I-Verhältnismäßigkeitsprüfung – Angemessenheit', 'I-Verhältnismäßigkeitsprüfung – Angemessenheit', 'I-Verhältnismäßigkeitsprüfung – Angemessenheit', 'I-Verhältnismäßigkeitsprüfung – Angemessenheit', 'I-Verhältnismäßigkeitsprüfung – Angemessenheit', 'I-Verhältnismäßigkeitsprüfung – Angemessenheit', 'I-Verhältnismäßigkeitsprüfung – Angemessenheit', 'I-Verhältnismäßigkeitsprüfung – Angemessenheit', 'I-Verhältnismäßigkeitsprüfung – Angemessenheit', 'I-Verhältnismäßigkeitsprüfung – Angemessenheit', 'I-Verhältnismäßigkeitsprüfung – Angemessenheit', 'I-Verhältnismäßigkeitsprüfung – Angemessenheit', 'I-Verhältnismäßigkeitsprüfung – Angemessenheit', 'I-Verhältnismäßigkeitsprüfung – Angemessenheit', 'I-Verhältnismäßigkeitsprüfung – Angemessenheit', 'I-Verhältnismäßigkeitsprüfung – Angemessenheit', 'I-Verhältnismäßigkeitsprüfung – Angemessenheit', 'I-Verhältnismäßigkeitsprüfung – Angemessenheit', 'I-Verhältnismäßigkeitsprüfung – Angemessenheit', 'I-Verhältnismäßigkeitsprüfung – Angemessenheit', 'I-Verhältnismäßigkeitsprüfung – Angemessenheit', 'I-Verhältnismäßigkeitsprüfung – Angemessenheit', 'I-Verhältnismäßigkeitsprüfung – Angemessenheit', 'I-Verhältnismäßigkeitsprüfung – Angemessenheit', 'I-Verhältnismäßigkeitsprüfung – Angemessenheit', 'I-Verhältnismäßigkeitsprüfung – Angemessenheit', 'I-Verhältnismäßigkeitsprüfung – Angemessenheit', 'I-Verhältnismäßigkeitsprüfung – Angemessenheit', 'I-Verhältnismäßigkeitsprüfung – Angemessenheit', 'I-Verhältnismäßigkeitsprüfung – Angemessenheit', 'I-Verhältnismäßigkeitsprüfung – Angemessenheit', 'I-Verhältnismäßigkeitsprüfung – Angemessenheit', 'I-Verhältnismäßigkeitsprüfung – Angemessenheit', 'I-Verhältnismäßigkeitsprüfung – Angemessenheit', 'I-Verhältnismäßigkeitsprüfung – Angemessenheit', 'I-Verhältnismäßigkeitsprüfung – Angemessenheit', 'I-Verhältnismäßigkeitsprüfung – Angemessenheit', 'I-Verhältnismäßigkeitsprüfung – Angemessenheit', 'I-Verhältnismäßigkeitsprüfung – Angemessenheit', 'I-Verhältnismäßigkeitsprüfung – Angemessenheit', 'I-Verhältnismäßigkeitsprüfung – Angemessenheit', 'I-Verhältnismäßigkeitsprüfung – Angemessenheit', 'I-Verhältnismäßigkeitsprüfung – Angemessenheit', 'I-Verhältnismäßigkeitsprüfung – Angemessenheit', 'I-Verhältnismäßigkeitsprüfung – Angemessenheit', 'I-Verhältnismäßigkeitsprüfung – Angemessenheit', 'I-Verhältnismäßigkeitsprüfung – Angemessenheit', 'I-Verhältnismäßigkeitsprüfung – Angemessenheit', 'I-Verhältnismäßigkeitsprüfung – Angemessenheit', 'I-Verhältnismäßigkeitsprüfung – Angemessenheit', 'I-Verhältnismäßigkeitsprüfung – Angemessenheit', 'I-Verhältnismäßigkeitsprüfung – Angemessenheit', 'I-Verhältnismäßigkeitsprüfung – Angemessenheit', 'I-Verhältnismäßigkeitsprüfung – Angemessenheit', 'I-Verhältnismäßigkeitsprüfung – Angemessenheit', 'I-Verhältnismäßigkeitsprüfung – Angemessenheit', 'I-Verhältnismäßigkeitsprüfung – Angemessenheit', 'I-Verhältnismäßigkeitsprüfung – Angemessenheit', 'I-Verhältnismäßigkeitsprüfung – Angemessenheit', 'I-Verhältnismäßigkeitsprüfung – Angemessenheit', 'I-Verhältnismäßigkeitsprüfung – Angemessenheit', 'I-Verhältnismäßigkeitsprüfung – Angemessenheit', 'I-Verhältnismäßigkeitsprüfung – Angemessenheit', 'I-Verhältnismäßigkeitsprüfung – Angemessenheit', 'I-Verhältnismäßigkeitsprüfung – Angemessenheit', 'I-Verhältnismäßigkeitsprüfung – Angemessenheit', 'I-Verhältnismäßigkeitsprüfung – Angemessenheit', 'I-Verhältnismäßigkeitsprüfung – Angemessenheit', 'I-Verhältnismäßigkeitsprüfung – Angemessenheit', 'I-Verhältnismäßigkeitsprüfung – Angemessenheit', 'I-Verhältnismäßigkeitsprüfung – Angemessenheit', 'I-Verhältnismäßigkeitsprüfung – Angemessenheit', 'I-Verhältnismäßigkeitsprüfung – Angemessenheit', 'I-Verhältnismäßigkeitsprüfung – Angemessenheit', 'I-Verhältnismäßigkeitsprüfung – Angemessenheit', 'I-Verhältnismäßigkeitsprüfung – Angemessenheit', 'I-Verhältnismäßigkeitsprüfung – Angemessenheit', 'I-Verhältnismäßigkeitsprüfung – Angemessenheit', 'I-Verhältnismäßigkeitsprüfung – Angemessenheit', 'I-Verhältnismäßigkeitsprüfung – Angemessenheit', 'I-Verhältnismäßigkeitsprüfung – Angemessenheit', 'I-Verhältnismäßigkeitsprüfung – Angemessenheit', 'I-Verhältnismäßigkeitsprüfung – Angemessenheit', 'I-Verhältnismäßigkeitsprüfung – Angemessenheit', 'I-Verhältnismäßigkeitsprüfung – Angemessenheit', 'I-Verhältnismäßigkeitsprüfung – Angemessenheit', 'I-Verhältnismäßigkeitsprüfung – Angemessenheit', 'I-Verhältnismäßigkeitsprüfung – Angemessenheit', 'I-Verhältnismäßigkeitsprüfung – Angemessenheit', 'I-Verhältnismäßigkeitsprüfung – Angemessenheit', 'I-Verhältnismäßigkeitsprüfung – Angemessenheit', 'I-Verhältnismäßigkeitsprüfung – Angemessenheit', 'I-Verhältnismäßigkeitsprüfung – Angemessenheit', 'I-Verhältnismäßigkeitsprüfung – Angemessenheit', 'I-Verhältnismäßigkeitsprüfung – Angemessenheit', 'I-Verhältnismäßigkeitsprüfung – Angemessenheit', 'I-Verhältnismäßigkeitsprüfung – Angemessenheit', 'I-Verhältnismäßigkeitsprüfung – Angemessenheit', 'I-Verhältnismäßigkeitsprüfung – Angemessenheit', 'I-Verhältnismäßigkeitsprüfung – Angemessenheit', 'I-Verhältnismäßigkeitsprüfung – Angemessenheit', 'I-Verhältnismäßigkeitsprüfung – Angemessenheit', 'I-Verhältnismäßigkeitsprüfung – Angemessenheit', 'I-Verhältnismäßigkeitsprüfung – Angemessenheit', 'I-Verhältnismäßigkeitsprüfung – Angemessenheit', 'I-Verhältnismäßigkeitsprüfung – Angemessenheit', 'I-Verhältnismäßigkeitsprüfung – Angemessenheit', 'I-Verhältnismäßigkeitsprüfung – Angemessenheit', 'I-Verhältnismäßigkeitsprüfung – Angemessenheit', 'I-Verhältnismäßigkeitsprüfung – Angemessenheit', 'I-Verhältnismäßigkeitsprüfung – Angemessenheit', 'I-Verhältnismäßigkeitsprüfung – Angemessenheit', 'I-Verhältnismäßigkeitsprüfung – Angemessenheit', 'I-Verhältnismäßigkeitsprüfung – Angemessenheit', 'I-Verhältnismäßigkeitsprüfung – Angemessenheit', 'I-Verhältnismäßigkeitsprüfung – Angemessenheit', 'I-Verhältnismäßigkeitsprüfung – Angemessenheit', 'I-Verhältnismäßigkeitsprüfung – Angemessenheit', 'I-Verhältnismäßigkeitsprüfung – Angemessenheit', 'I-Verhältnismäßigkeitsprüfung – Angemessenheit', 'I-Verhältnismäßigkeitsprüfung – Angemessenheit', 'I-Verhältnismäßigkeitsprüfung – Angemessenheit', 'I-Verhältnismäßigkeitsprüfung – Angemessenheit', 'I-Verhältnismäßigkeitsprüfung – Angemessenheit', 'I-Verhältnismäßigkeitsprüfung – Angemessenheit', 'I-Verhältnismäßigkeitsprüfung – Angemessenheit', 'I-Verhältnismäßigkeitsprüfung – Angemessenheit', 'I-Verhältnismäßigkeitsprüfung – Angemessenheit', 'I-Verhältnismäßigkeitsprüfung – Angemessenheit', 'I-Verhältnismäßigkeitsprüfung – Angemessenheit', 'I-Verhältnismäßigkeitsprüfung – Angemessenheit', 'I-Verhältnismäßigkeitsprüfung – Angemessenheit', 'I-Verhältnismäßigkeitsprüfung – Angemessenheit', 'I-Verhältnismäßigkeitsprüfung – Angemessenheit', 'I-Verhältnismäßigkeitsprüfung – Angemessenheit', 'I-Verhältnismäßigkeitsprüfung – Angemessenheit', 'I-Verhältnismäßigkeitsprüfung – Angemessenheit', 'I-Verhältnismäßigkeitsprüfung – Angemessenheit', 'I-Verhältnismäßigkeitsprüfung – Angemessenheit', 'I-Verhältnismäßigkeitsprüfung – Angemessenheit', 'I-Verhältnismäßigkeitsprüfung – Angemessenheit', 'I-Verhältnismäßigkeitsprüfung – Angemessenheit', 'I-Verhältnismäßigkeitsprüfung – Angemessenheit', 'I-Verhältnismäßigkeitsprüfung – Angemessenheit', 'I-Verhältnismäßigkeitsprüfung – Angemessenheit', 'I-Verhältnismäßigkeitsprüfung – Angemessenheit', 'I-Verhältnismäßigkeitsprüfung – Angemessenheit', 'I-Verhältnismäßigkeitsprüfung – Angemessenheit', 'I-Verhältnismäßigkeitsprüfung – Angemessenheit', 'I-Verhältnismäßigkeitsprüfung – Angemessenheit', 'I-Verhältnismäßigkeitsprüfung – Angemessenheit', 'I-Verhältnismäßigkeitsprüfung – Angemessenheit', 'I-Verhältnismäßigkeitsprüfung – Angemessenheit', 'I-Verhältnismäßigkeitsprüfung – Angemessenheit', 'I-Verhältnismäßigkeitsprüfung – Angemessenheit', 'I-Verhältnismäßigkeitsprüfung – Angemessenheit', 'I-Verhältnismäßigkeitsprüfung – Angemessenheit', 'I-Verhältnismäßigkeitsprüfung – Angemessenheit', 'I-Verhältnismäßigkeitsprüfung – Angemessenheit', 'I-Verhältnismäßigkeitsprüfung – Angemessenheit', 'I-Verhältnismäßigkeitsprüfung – Angemessenheit', 'I-Verhältnismäßigkeitsprüfung – Angemessenheit', 'I-Verhältnismäßigkeitsprüfung – Angemessenheit', 'I-Verhältnismäßigkeitsprüfung – Angemessenheit', 'I-Verhältnismäßigkeitsprüfung – Angemessenheit', 'I-Verhältnismäßigkeitsprüfung – Angemessenheit', 'I-Verhältnismäßigkeitsprüfung – Angemessenheit', 'I-Verhältnismäßigkeitsprüfung – Angemessenheit', 'I-Verhältnismäßigkeitsprüfung – Angemessenheit', 'I-Verhältnismäßigkeitsprüfung – Angemessenheit', 'I-Verhältnismäßigkeitsprüfung – Angemessenheit', 'I-Verhältnismäßigkeitsprüfung – Angemessenheit', 'I-Verhältnismäßigkeitsprüfung – Angemessenheit', 'I-Verhältnismäßigkeitsprüfung – Angemessenheit', 'I-Verhältnismäßigkeitsprüfung – Angemessenheit', 'I-Verhältnismäßigkeitsprüfung – Angemessenheit', 'I-Verhältnismäßigkeitsprüfung – Angemessenheit', 'I-Verhältnismäßigkeitsprüfung – Angemessenheit', 'I-Verhältnismäßigkeitsprüfung – Angemessenheit', 'I-Verhältnismäßigkeitsprüfung – Angemessenheit', 'I-Verhältnismäßigkeitsprüfung – Angemessenheit', 'I-Verhältnismäßigkeitsprüfung – Angemessenheit', 'I-Verhältnismäßigkeitsprüfung – Angemessenheit', 'I-Verhältnismäßigkeitsprüfung – Angemessenheit', 'I-Verhältnismäßigkeitsprüfung – Angemessenheit', 'I-Verhältnismäßigkeitsprüfung – Angemessenheit', 'I-Verhältnismäßigkeitsprüfung – Angemessenheit', 'I-Verhältnismäßigkeitsprüfung – Angemessenheit', 'I-Verhältnismäßigkeitsprüfung – Angemessenheit', 'I-Verhältnismäßigkeitsprüfung – Angemessenheit', 'I-Verhältnismäßigkeitsprüfung – Angemessenheit', 'I-Verhältnismäßigkeitsprüfung – Angemessenheit', 'I-Verhältnismäßigkeitsprüfung – Angemessenheit', 'I-Verhältnismäßigkeitsprüfung – Angemessenheit', 'I-Verhältnismäßigkeitsprüfung – Angemessenheit', 'I-Verhältnismäßigkeitsprüfung – Angemessenheit', 'I-Verhältnismäßigkeitsprüfung – Angemessenheit', 'I-Verhältnismäßigkeitsprüfung – Angemessenheit', 'I-Verhältnismäßigkeitsprüfung – Angemessenheit', 'I-Verhältnismäßigkeitsprüfung – Angemessenheit', 'I-Verhältnismäßigkeitsprüfung – Angemessenheit', 'I-Verhältnismäßigkeitsprüfung – Angemessenheit', 'I-Verhältnismäßigkeitsprüfung – Angemessenheit', 'I-Verhältnismäßigkeitsprüfung – Angemessenheit', 'I-Verhältnismäßigkeitsprüfung – Angemessenheit', 'I-Verhältnismäßigkeitsprüfung – Angemessenheit', 'I-Verhältnismäßigkeitsprüfung – Angemessenheit', 'I-Verhältnismäßigkeitsprüfung – Angemessenheit', 'I-Verhältnismäßigkeitsprüfung – Angemessenheit', 'I-Verhältnismäßigkeitsprüfung – Angemessenheit', 'I-Verhältnismäßigkeitsprüfung – Angemessenheit', 'I-Verhältnismäßigkeitsprüfung – Angemessenheit', 'I-Verhältnismäßigkeitsprüfung – Angemessenheit', 'I-Verhältnismäßigkeitsprüfung – Angemessenheit', 'I-Verhältnismäßigkeitsprüfung – Angemessenheit', 'I-Verhältnismäßigkeitsprüfung – Angemessenheit', 'I-Verhältnismäßigkeitsprüfung – Angemessenheit', 'I-Verhältnismäßigkeitsprüfung – Angemessenheit', 'I-Verhältnismäßigkeitsprüfung – Angemessenheit', 'I-Verhältnismäßigkeitsprüfung – Angemessenheit', 'I-Verhältnismäßigkeitsprüfung – Angemessenheit', 'I-Verhältnismäßigkeitsprüfung – Angemessenheit', 'I-Verhältnismäßigkeitsprüfung – Angemessenheit', 'I-Verhältnismäßigkeitsprüfung – Angemessenheit', 'I-Verhältnismäßigkeitsprüfung – Angemessenheit', 'I-Verhältnismäßigkeitsprüfung – Angemessenheit', 'I-Verhältnismäßigkeitsprüfung – Angemessenheit', 'I-Verhältnismäßigkeitsprüfung – Angemessenheit', 'I-Verhältnismäßigkeitsprüfung – Angemessenheit', 'I-Verhältnismäßigkeitsprüfung – Angemessenheit', 'I-Verhältnismäßigkeitsprüfung – Angemessenheit', 'I-Verhältnismäßigkeitsprüfung – Angemessenheit', 'I-Verhältnismäßigkeitsprüfung – Angemessenheit', 'I-Verhältnismäßigkeitsprüfung – Angemessenheit']
['E.', 'Conclusion']	['O', 'O']
['38', '.', 'The', 'Court', 'thus', 'concludes', 'that', 'there', 'was', 'a', 'breach', 'of', 'Article', '8', '(', 'art', '.', '8)', '.']	['O', 'O', 'B-Entscheidung des EGMR', 'I-Entscheidung des EGMR', 'I-Entscheidung des EGMR', 'I-Entscheidung des EGMR', 'I-Entscheidung des EGMR', 'I-Entscheidung des EGMR', 'I-Entscheidung des EGMR', 'I-Entscheidung des EGMR', 'I-Entscheidung des EGMR', 'I-Entscheidung des EGMR', 'I-Entscheidung des EGMR', 'I-Entscheidung des EGMR', 'I-Entscheidung des EGMR', 'I-Entscheidung des EGMR', 'I-Entscheidung des EGMR', 'I-Entscheidung des EGMR', 'I-Entscheidung des EGMR']
['II', '.', 'ALLEGED', 'VIOLATION', 'OF', 'ARTICLE', '1', 'OF', 'PROTOCOL', 'No', '.', '1', '(', 'P1', '-', '1', ')']	['O', 'O', 'O', 'O', 'O', 'O', 'O', 'O', 'O', 'O', 'O', 'O', 'O', 'O', 'O', 'O', 'O']
['39', '.', 'Mr', 'Niemietz', 'also', 'argued', 'that', ',', 'by', 'impairing', 'his', 'reputation', 'as', 'a', 'lawyer', ',', 'the', 'search', 'constituted', 'a', 'violation', 'of', 'Article', '1', 'of', 'Protocol', 'No', '.', '1', '(', 'P1', '-', '1', ')', ',', 'which', 'provides', ':']	['O', 'O', 'B-Subsumtion', 'I-Subsumtion', 'I-Subsumtion', 'I-Subsumtion', 'I-Subsumtion', 'I-Subsumtion', 'I-Subsumtion', 'I-Subsumtion', 'I-Subsumtion', 'I-Subsumtion', 'I-Subsumtion', 'I-Subsumtion', 'I-Subsumtion', 'I-Subsumtion', 'I-Subsumtion', 'I-Subsumtion', 'I-Subsumtion', 'I-Subsumtion', 'I-Subsumtion', 'I-Subsumtion', 'I-Subsumtion', 'I-Subsumtion', 'I-Subsumtion', 'I-Subsumtion', 'I-Subsumtion', 'I-Subsumtion', 'I-Subsumtion', 'I-Subsumtion', 'I-Subsumtion', 'I-Subsumtion', 'I-Subsumtion', 'I-Subsumtion', 'I-Subsumtion', 'I-Subsumtion', 'I-Subsumtion', 'I-Subsumtion']
"['""', 'Every', 'natural', 'or', 'legal', 'person', 'is', 'entitled', 'to', 'the', 'peaceful', 'enjoyment', 'of', 'his', 'possessions', '.', 'No', 'one', 'shall', 'be', 'deprived', 'of', 'his', 'possessions', 'except', 'in', 'the', 'public', 'interest', 'and', 'subject', 'to', 'the', 'conditions', 'provided', 'for', 'by', 'law', 'and', 'by', 'the', 'general', 'principles', 'of', 'international', 'law', '.']"	['O', 'O', 'O', 'O', 'O', 'O', 'O', 'O', 'O', 'O', 'O', 'O', 'O', 'O', 'O', 'O', 'O', 'O', 'O', 'O', 'O', 'O', 'O', 'O', 'O', 'O', 'O', 'O', 'O', 'O', 'O', 'O', 'O', 'O', 'O', 'O', 'O', 'O', 'O', 'O', 'O', 'O', 'O', 'O', 'O', 'O', 'O']
"['The', 'preceding', 'provisions', 'shall', 'not', ',', 'however', ',', 'in', 'any', 'way', 'impair', 'the', 'right', 'of', 'a', 'State', 'to', 'enforce', 'such', 'laws', 'as', 'it', 'deems', 'necessary', 'to', 'control', 'the', 'use', 'of', 'property', 'in', 'accordance', 'with', 'the', 'general', 'interest', 'or', 'to', 'secure', 'the', 'payment', 'of', 'taxes', 'or', 'other', 'contributions', 'or', 'penalties', '.', '""']"	['O', 'O', 'O', 'O', 'O', 'O', 'O', 'O', 'O', 'O', 'O', 'O', 'O', 'O', 'O', 'O', 'O', 'O', 'O', 'O', 'O', 'O', 'O', 'O', 'O', 'O', 'O', 'O', 'O', 'O', 'O', 'O', 'O', 'O', 'O', 'O', 'O', 'O', 'O', 'O', 'O', 'O', 'O', 'O', 'O', 'O', 'O', 'O', 'O', 'O', 'O']
['40', '.', 'Having', 'already', 'taken', 'into', 'consideration', ',', 'in', 'the', 'context', 'of', 'Article', '8', '(', 'art', '.', '8)', ',', 'the', 'potential', 'effects', 'of', 'the', 'search', 'on', 'the', 'applicant', '’s', 'professional', 'reputation', '(', 'see', 'paragraph', '37', 'above', ')', ',', 'the', 'Court', 'agrees', 'with', 'the', 'Commission', 'that', 'no', 'separate', 'issue', 'arises', 'under', 'Article', '1', 'of', 'Protocol', 'No', '.', '1', '(', 'P1', '-', '1', ')', '.']	['O', 'O', 'B-Subsumtion', 'I-Subsumtion', 'I-Subsumtion', 'I-Subsumtion', 'I-Subsumtion', 'I-Subsumtion', 'I-Subsumtion', 'I-Subsumtion', 'I-Subsumtion', 'I-Subsumtion', 'I-Subsumtion', 'I-Subsumtion', 'I-Subsumtion', 'I-Subsumtion', 'I-Subsumtion', 'I-Subsumtion', 'I-Subsumtion', 'I-Subsumtion', 'I-Subsumtion', 'I-Subsumtion', 'I-Subsumtion', 'I-Subsumtion', 'I-Subsumtion', 'I-Subsumtion', 'I-Subsumtion', 'I-Subsumtion', 'I-Subsumtion', 'I-Subsumtion', 'I-Subsumtion', 'I-Subsumtion', 'I-Subsumtion', 'I-Subsumtion', 'I-Subsumtion', 'I-Subsumtion', 'I-Subsumtion', 'I-Subsumtion', 'I-Subsumtion', 'I-Subsumtion', 'I-Subsumtion', 'I-Subsumtion', 'I-Subsumtion', 'I-Subsumtion', 'I-Subsumtion', 'I-Subsumtion', 'I-Subsumtion', 'I-Subsumtion', 'I-Subsumtion', 'I-Subsumtion', 'I-Subsumtion', 'I-Subsumtion', 'I-Subsumtion', 'I-Subsumtion', 'I-Subsumtion', 'I-Subsumtion', 'I-Subsumtion', 'I-Subsumtion', 'I-Subsumtion', 'I-Subsumtion', 'I-Subsumtion', 'I-Subsumtion', 'I-Subsumtion']
['III', '.', 'APPLICATION', 'OF', 'ARTICLE', '50', '(', 'art', '.', '50', ')', 'OF', 'THE', 'CONVENTION']	['O', 'O', 'O', 'O', 'O', 'O', 'O', 'O', 'O', 'O', 'O', 'O', 'O', 'O']
['41', '.', 'Article', '50', '(', 'art', '.', '50', ')', 'of', 'the', 'Convention', 'reads', ':']	['O', 'O', 'O', 'O', 'O', 'O', 'O', 'O', 'O', 'O', 'O', 'O', 'O', 'O']
"['""', 'If', 'the', 'Court', 'finds', 'that', 'a', 'decision', 'or', 'a', 'measure', 'taken', 'by', 'a', 'legal', 'authority', 'or', 'any', 'other', 'authority', 'of', 'a', 'High', 'Contracting', 'Party', 'is', 'completely', 'or', 'partially', 'in', 'conflict', 'with', 'the', 'obligations', 'arising', 'from', 'the', '...', 'Convention', ',', 'and', 'if', 'the', 'internal', 'law', 'of', 'the', 'said', 'Party', 'allows', 'only', 'partial', 'reparation', 'to', 'be', 'made', 'for', 'the', 'consequences', 'of', 'this', 'decision', 'or', 'measure', ',', 'the', 'decision', 'of', 'the', 'Court', 'shall', ',', 'if', 'necessary', ',', 'afford', 'just', 'satisfaction', 'to', 'the', 'injured', 'party', '.', '""']"	['O', 'O', 'O', 'O', 'O', 'O', 'O', 'O', 'O', 'O', 'O', 'O', 'O', 'O', 'O', 'O', 'O', 'O', 'O', 'O', 'O', 'O', 'O', 'O', 'O', 'O', 'O', 'O', 'O', 'O', 'O', 'O', 'O', 'O', 'O', 'O', 'O', 'O', 'O', 'O', 'O', 'O', 'O', 'O', 'O', 'O', 'O', 'O', 'O', 'O', 'O', 'O', 'O', 'O', 'O', 'O', 'O', 'O', 'O', 'O', 'O', 'O', 'O', 'O', 'O', 'O', 'O', 'O', 'O', 'O', 'O', 'O', 'O', 'O', 'O', 'O', 'O', 'O', 'O', 'O', 'O', 'O', 'O', 'O']
['42', '.', 'In', 'a', 'letter', 'filed', 'on', '16', 'December', '1991', '(', 'see', 'paragraph', '4', 'above', ')', ',', 'the', 'applicant', 'requested', 'the', 'Court', ',', 'taking', 'into', 'account', 'in', 'particular', 'the', 'damage', 'caused', 'to', 'the', 'reputation', 'of', 'his', 'practice', ',', 'to', 'award', 'him', 'under', 'Article', '50', '(', 'art', '.', '50', ')', 'compensation', 'of', 'a', 'type', 'and', 'amount', 'to', 'be', 'determined', 'by', 'the', 'Court', 'in', 'its', 'discretion', '.']	['O', 'O', 'O', 'O', 'O', 'O', 'O', 'O', 'O', 'O', 'O', 'O', 'O', 'O', 'O', 'O', 'O', 'O', 'O', 'O', 'O', 'O', 'O', 'O', 'O', 'O', 'O', 'O', 'O', 'O', 'O', 'O', 'O', 'O', 'O', 'O', 'O', 'O', 'O', 'O', 'O', 'O', 'O', 'O', 'O', 'O', 'O', 'O', 'O', 'O', 'O', 'O', 'O', 'O', 'O', 'O', 'O', 'O', 'O', 'O', 'O', 'O', 'O', 'O', 'O']
['43', '.', 'The', 'Court', 'is', 'unable', 'to', 'accede', 'to', 'that', 'request', '.']	['O', 'O', 'O', 'O', 'O', 'O', 'O', 'O', 'O', 'O', 'O', 'O']
['The', 'applicant', 'has', ',', 'in', 'the', 'first', 'place', ',', 'not', 'established', 'that', 'the', 'breach', 'of', 'Article', '8', '(', 'art', '.', '8)', 'caused', 'him', 'pecuniary', 'damage', '.', 'If', 'and', 'in', 'so', 'far', 'as', 'it', 'may', 'have', 'occasioned', 'non', '-', 'pecuniary', 'damage', ',', 'the', 'Court', 'considers', ',', 'like', 'the', 'Delegate', 'of', 'the', 'Commission', ',', 'that', 'its', 'finding', 'of', 'a', 'violation', 'constitutes', 'of', 'itself', 'sufficient', 'just', 'satisfaction', 'therefor', '.', 'Finally', ',', 'although', 'Mr', 'Niemietz', 'stated', 'at', 'the', 'hearing', 'that', 'his', 'request', 'extended', 'to', 'his', 'costs', 'and', 'expenses', 'referable', 'to', 'the', 'proceedings', 'in', 'Germany', 'and', 'in', 'Strasbourg', ',', 'he', 'has', 'supplied', 'no', 'particulars', 'of', 'that', 'expenditure', '.']	['O', 'O', 'O', 'O', 'O', 'O', 'O', 'O', 'O', 'O', 'O', 'O', 'O', 'O', 'O', 'O', 'O', 'O', 'O', 'O', 'O', 'O', 'O', 'O', 'O', 'O', 'O', 'O', 'O', 'O', 'O', 'O', 'O', 'O', 'O', 'O', 'O', 'O', 'O', 'O', 'O', 'O', 'O', 'O', 'O', 'O', 'O', 'O', 'O', 'O', 'O', 'O', 'O', 'O', 'O', 'O', 'O', 'O', 'O', 'O', 'O', 'O', 'O', 'O', 'O', 'O', 'O', 'O', 'O', 'O', 'O', 'O', 'O', 'O', 'O', 'O', 'O', 'O', 'O', 'O', 'O', 'O', 'O', 'O', 'O', 'O', 'O', 'O', 'O', 'O', 'O', 'O', 'O', 'O', 'O', 'O', 'O', 'O', 'O', 'O', 'O', 'O', 'O']
['FOR', 'THESE', 'REASONS', ',', 'THE', 'COURT', 'UNANIMOUSLY']	['O', 'O', 'O', 'O', 'O', 'O', 'O']
['1', '.', 'Holds', 'that', 'there', 'has', 'been', 'a', 'violation', 'of', 'Article', '8', '(', 'art', '.', '8)', 'of', 'the', 'Convention', ';']	['O', 'O', 'O', 'O', 'O', 'O', 'O', 'O', 'O', 'O', 'O', 'O', 'O', 'O', 'O', 'O', 'O', 'O', 'O', 'O']
['2', '.', 'Holds', 'that', 'no', 'separate', 'issue', 'arises', 'under', 'Article', '1', 'of', 'Protocol', 'No', '.', '1', '(', 'P1', '-', '1', ')', ';']	['O', 'O', 'O', 'O', 'O', 'O', 'O', 'O', 'O', 'O', 'O', 'O', 'O', 'O', 'O', 'O', 'O', 'O', 'O', 'O', 'O', 'O']
['3', '.', 'Dismisses', 'the', 'applicant', '’s', 'claim', 'for', 'just', 'satisfaction', '.']	['O', 'O', 'O', 'O', 'O', 'O', 'O', 'O', 'O', 'O', 'O']
['Done', 'in', 'English', 'and', 'in', 'French', ',', 'and', 'delivered', 'at', 'a', 'public', 'hearing', 'in', 'the', 'Human', 'Rights', 'Building', ',', 'Strasbourg', ',', 'on', '16', 'December', '1992', '.']	['O', 'O', 'O', 'O', 'O', 'O', 'O', 'O', 'O', 'O', 'O', 'O', 'O', 'O', 'O', 'O', 'O', 'O', 'O', 'O', 'O', 'O', 'O', 'O', 'O', 'O']
['Rolv', 'RYSSDAL']	['O', 'O']
['President']	['O']
['Marc', '-', 'André', 'EISSEN']	['O', 'O', 'O', 'O']
['Registrar']	['O']
"['[', '*', ']', '\uf02a', 'The', 'case', 'is', 'numbered', '72/1991/324/396', '.', 'The', 'first', 'number', 'is', 'the', 'case', ""'s"", 'position', 'on', 'the', 'list', 'of', 'cases', 'referred', 'to', 'the', 'Court', 'in', 'the', 'relevant', 'year', '(', 'second', 'number', ')', '.', 'The', 'last', 'two', 'numbers', 'indicate', 'the', 'case', ""'s"", 'position', 'on', 'the', 'list', 'of', 'cases', 'referred', 'to', 'the', 'Court', 'since', 'its', 'creation', 'and', 'on', 'the', 'list', 'of', 'the', 'corresponding', 'originating', 'applications', 'to', 'the', 'Commission', '.']"	['O', 'O', 'O', 'O', 'O', 'O', 'O', 'O', 'O', 'O', 'O', 'O', 'O', 'O', 'O', 'O', 'O', 'O', 'O', 'O', 'O', 'O', 'O', 'O', 'O', 'O', 'O', 'O', 'O', 'O', 'O', 'O', 'O', 'O', 'O', 'O', 'O', 'O', 'O', 'O', 'O', 'O', 'O', 'O', 'O', 'O', 'O', 'O', 'O', 'O', 'O', 'O', 'O', 'O', 'O', 'O', 'O', 'O', 'O', 'O', 'O', 'O', 'O', 'O', 'O', 'O', 'O', 'O', 'O', 'O']
['[', '*', ']', '\uf02a\uf02a', 'As', 'amended', 'by', 'Article', '11', 'of', 'Protocol', 'No', '.', '8', '(', 'P8', '-', '11', ')', ',', 'which', 'came', 'into', 'force', 'on', '1', 'January', '1990', '.']	['O', 'O', 'O', 'O', 'O', 'O', 'O', 'O', 'O', 'O', 'O', 'O', 'O', 'O', 'O', 'O', 'O', 'O', 'O', 'O', 'O', 'O', 'O', 'O', 'O', 'O', 'O', 'O', 'O']
"['[', '*', ']', '\uf02a', 'Note', 'by', 'the', 'Registrar', ':', 'for', 'practical', 'reasons', 'this', 'annex', 'will', 'appear', 'only', 'with', 'the', 'printed', 'version', 'of', 'the', 'judgment', '(', 'volume', '251-', 'B', 'of', 'Series', 'A', 'of', 'the', 'Publications', 'of', 'the', 'Court', ')', ',', 'but', 'a', 'copy', 'of', 'the', 'Commission', ""'s"", 'report', 'is', 'available', 'from', 'the', 'registry', '.']"	['O', 'O', 'O', 'O', 'O', 'O', 'O', 'O', 'O', 'O', 'O', 'O', 'O', 'O', 'O', 'O', 'O', 'O', 'O', 'O', 'O', 'O', 'O', 'O', 'O', 'O', 'O', 'O', 'O', 'O', 'O', 'O', 'O', 'O', 'O', 'O', 'O', 'O', 'O', 'O', 'O', 'O', 'O', 'O', 'O', 'O', 'O', 'O', 'O', 'O', 'O', 'O', 'O']
