tokens	labels
['I.', 'ALLEGED', 'VIOLATION', 'OF', 'ARTICLE', '8', 'OF', 'THE', 'CONVENTION']	['O', 'O', 'O', 'O', 'O', 'O', 'O', 'O', 'O']
['67', '.', 'The', 'applicant', 'complained', 'about', 'a', 'breach', 'of', 'Article', '8', 'of', 'the', 'Convention', 'which', 'provides', ':']	['O', 'O', 'B-Subsumtion', 'I-Subsumtion', 'I-Subsumtion', 'I-Subsumtion', 'I-Subsumtion', 'I-Subsumtion', 'I-Subsumtion', 'I-Subsumtion', 'I-Subsumtion', 'I-Subsumtion', 'I-Subsumtion', 'I-Subsumtion', 'I-Subsumtion', 'I-Subsumtion', 'I-Subsumtion']
['“', '1', '.', 'Everyone', 'has', 'the', 'right', 'to', 'respect', 'for', 'his', 'private', 'and', 'family', 'life', ',', 'his', 'home', 'and', 'his', 'correspondence', '.']	['O', 'O', 'O', 'O', 'O', 'O', 'O', 'O', 'O', 'O', 'O', 'O', 'O', 'O', 'O', 'O', 'O', 'O', 'O', 'O', 'O', 'O']
['2', '.', 'There', 'shall', 'be', 'no', 'interference', 'by', 'a', 'public', 'authority', 'with', 'the', 'exercise', 'of', 'this', 'right', 'except', 'such', 'as', 'is', 'in', 'accordance', 'with', 'the', 'law', 'and', 'is', 'necessary', 'in', 'a', 'democratic', 'society', 'in', 'the', 'interests', 'of', 'national', 'security', ',', 'public', 'safety', 'or', 'the', 'economic', 'well', '-', 'being', 'of', 'the', 'country', ',', 'for', 'the', 'prevention', 'of', 'disorder', 'or', 'crime', ',', 'for', 'the', 'protection', 'of', 'health', 'or', 'morals', ',', 'or', 'for', 'the', 'protection', 'of', 'the', 'rights', 'and', 'freedoms', 'of', 'others', '.', '”']	['O', 'O', 'O', 'O', 'O', 'O', 'O', 'O', 'O', 'O', 'O', 'O', 'O', 'O', 'O', 'O', 'O', 'O', 'O', 'O', 'O', 'O', 'O', 'O', 'O', 'O', 'O', 'O', 'O', 'O', 'O', 'O', 'O', 'O', 'O', 'O', 'O', 'O', 'O', 'O', 'O', 'O', 'O', 'O', 'O', 'O', 'O', 'O', 'O', 'O', 'O', 'O', 'O', 'O', 'O', 'O', 'O', 'O', 'O', 'O', 'O', 'O', 'O', 'O', 'O', 'O', 'O', 'O', 'O', 'O', 'O', 'O', 'O', 'O', 'O', 'O', 'O', 'O', 'O', 'O', 'O']
"['A.', 'The', 'parties', ""'"", 'submissions']"	['O', 'O', 'O', 'O', 'O']
['1', '.', 'The', 'applicant']	['O', 'O', 'O', 'O']
['68', '.', 'The', 'applicant', 'submitted', 'that', 'the', 'Polish', 'authorities', 'failed', 'to', 'reunite', 'him', 'swiftly', 'with', 'his', 'children', '.', 'An', 'expert', 'opinion', 'requested', 'on', '6', 'December', '1999', 'by', 'the', 'Warsaw', 'District', 'Court', 'concerned', 'the', 'questions', 'already', 'answered', 'in', 'an', 'expert', 'opinion', 'obtained', 'by', 'the', 'Inderøy', 'District', 'Court', 'and', 'submitted', 'to', 'Polish', 'authorities', 'on', '22', 'November', '1999', '.', 'Moreover', ',', 'the', 'applicant', 'averred', 'that', 'between', 'July', '2000', 'and', '23', 'January', '2003', 'the', 'Polish', 'authorities', 'had', 'not', 'taken', 'the', 'actions', 'required', 'of', 'them', 'under', 'the', 'Hague', 'Convention', '.']	['O', 'O', 'B-Subsumtion', 'I-Subsumtion', 'I-Subsumtion', 'I-Subsumtion', 'I-Subsumtion', 'I-Subsumtion', 'I-Subsumtion', 'I-Subsumtion', 'I-Subsumtion', 'I-Subsumtion', 'I-Subsumtion', 'I-Subsumtion', 'I-Subsumtion', 'I-Subsumtion', 'I-Subsumtion', 'I-Subsumtion', 'I-Subsumtion', 'I-Subsumtion', 'I-Subsumtion', 'I-Subsumtion', 'I-Subsumtion', 'I-Subsumtion', 'I-Subsumtion', 'I-Subsumtion', 'I-Subsumtion', 'I-Subsumtion', 'I-Subsumtion', 'I-Subsumtion', 'I-Subsumtion', 'I-Subsumtion', 'I-Subsumtion', 'I-Subsumtion', 'I-Subsumtion', 'I-Subsumtion', 'I-Subsumtion', 'I-Subsumtion', 'I-Subsumtion', 'I-Subsumtion', 'I-Subsumtion', 'I-Subsumtion', 'I-Subsumtion', 'I-Subsumtion', 'I-Subsumtion', 'I-Subsumtion', 'I-Subsumtion', 'I-Subsumtion', 'I-Subsumtion', 'I-Subsumtion', 'I-Subsumtion', 'I-Subsumtion', 'I-Subsumtion', 'I-Subsumtion', 'I-Subsumtion', 'I-Subsumtion', 'I-Subsumtion', 'I-Subsumtion', 'I-Subsumtion', 'I-Subsumtion', 'I-Subsumtion', 'I-Subsumtion', 'I-Subsumtion', 'I-Subsumtion', 'I-Subsumtion', 'I-Subsumtion', 'I-Subsumtion', 'I-Subsumtion', 'I-Subsumtion', 'I-Subsumtion', 'I-Subsumtion', 'I-Subsumtion', 'I-Subsumtion', 'I-Subsumtion', 'I-Subsumtion', 'I-Subsumtion', 'I-Subsumtion', 'I-Subsumtion', 'I-Subsumtion', 'I-Subsumtion', 'I-Subsumtion', 'I-Subsumtion', 'I-Subsumtion', 'I-Subsumtion', 'I-Subsumtion']
['2', '.', 'The', 'Government']	['O', 'O', 'O', 'O']
"['69', '.', 'The', 'Government', 'submitted', 'that', '“', 'domestic', 'authorities', 'dealing', 'with', 'the', 'applicant', ""'s"", 'case', 'undertook', 'all', 'possible', 'actions', 'in', 'order', 'to', 'preserve', 'the', 'proper', 'development', 'of', 'the', 'applicant', ""'s"", 'relations', 'with', 'his', 'children', '”', '.', 'The', 'enforcement', 'of', 'a', 'court', 'order', 'requiring', 'the', 'return', 'of', 'the', 'applicant', ""'s"", 'children', 'was', 'hindered', 'by', 'M.C.', 'who', 'hid', 'the', 'children', '.', 'In', 'conclusion', ',', 'the', 'Government', 'submitted', 'that', 'the', 'facts', 'of', 'the', 'case', 'did', 'not', 'disclose', 'a', 'violation', 'of', 'Article', '8', 'of', 'the', 'Convention', 'and', 'asked', 'the', 'Court', 'to', 'declare', 'the', 'case', 'inadmissible', 'as', 'manifestly', 'ill‑founded', '.']"	['O', 'O', 'B-Subsumtion', 'I-Subsumtion', 'I-Subsumtion', 'I-Subsumtion', 'I-Subsumtion', 'I-Subsumtion', 'I-Subsumtion', 'I-Subsumtion', 'I-Subsumtion', 'I-Subsumtion', 'I-Subsumtion', 'I-Subsumtion', 'I-Subsumtion', 'I-Subsumtion', 'I-Subsumtion', 'I-Subsumtion', 'I-Subsumtion', 'I-Subsumtion', 'I-Subsumtion', 'I-Subsumtion', 'I-Subsumtion', 'I-Subsumtion', 'I-Subsumtion', 'I-Subsumtion', 'I-Subsumtion', 'I-Subsumtion', 'I-Subsumtion', 'I-Subsumtion', 'I-Subsumtion', 'I-Subsumtion', 'I-Subsumtion', 'I-Subsumtion', 'I-Subsumtion', 'I-Subsumtion', 'I-Subsumtion', 'I-Subsumtion', 'I-Subsumtion', 'I-Subsumtion', 'I-Subsumtion', 'I-Subsumtion', 'I-Subsumtion', 'I-Subsumtion', 'I-Subsumtion', 'I-Subsumtion', 'I-Subsumtion', 'I-Subsumtion', 'I-Subsumtion', 'I-Subsumtion', 'I-Subsumtion', 'I-Subsumtion', 'I-Subsumtion', 'I-Subsumtion', 'I-Subsumtion', 'I-Subsumtion', 'I-Subsumtion', 'I-Subsumtion', 'I-Subsumtion', 'I-Subsumtion', 'I-Subsumtion', 'I-Subsumtion', 'I-Subsumtion', 'I-Subsumtion', 'I-Subsumtion', 'I-Subsumtion', 'I-Subsumtion', 'I-Subsumtion', 'I-Subsumtion', 'I-Subsumtion', 'I-Subsumtion', 'I-Subsumtion', 'I-Subsumtion', 'I-Subsumtion', 'I-Subsumtion', 'I-Subsumtion', 'I-Subsumtion', 'I-Subsumtion', 'I-Subsumtion', 'I-Subsumtion', 'I-Subsumtion', 'I-Subsumtion', 'I-Subsumtion', 'I-Subsumtion', 'I-Subsumtion', 'I-Subsumtion', 'I-Subsumtion', 'I-Subsumtion', 'I-Subsumtion', 'I-Subsumtion', 'I-Subsumtion', 'I-Subsumtion', 'I-Subsumtion', 'I-Subsumtion', 'I-Subsumtion']
"['B.', 'The', 'Court', ""'s"", 'assessment']"	['O', 'O', 'O', 'O', 'O']
['1', '.', 'The', 'general', 'principles']	['O', 'O', 'O', 'O', 'O']
['70', '.', 'The', 'Court', 'reiterates', 'that', 'the', 'essential', 'object', 'of', 'Article', '8', 'is', 'to', 'protect', 'the', 'individual', 'against', 'arbitrary', 'action', 'by', 'public', 'authorities', '.', 'There', 'are', 'in', 'addition', 'positive', 'obligations', 'inherent', 'in', 'effective', '“', 'respect', '”', 'for', 'family', 'life', '.', 'In', 'both', 'contexts', 'regard', 'must', 'be', 'had', 'to', 'the', 'fair', 'balance', 'that', 'has', 'to', 'be', 'struck', 'between', 'the', 'competing', 'interests', 'of', 'the', 'individual', 'and', 'of', 'the', 'community', 'as', 'a', 'whole', ';', 'and', 'in', 'both', 'contexts', 'the', 'State', 'enjoys', 'a', 'certain', 'margin', 'of', 'appreciation', '(', 'see', 'Keegan', 'v.', 'Ireland', ',', 'judgment', 'of', '26', 'May', '1994', ',', 'Series', 'A', 'no', '.', '290', ',', 'p.', '19', ',', '§', '49', ')', '.']	['O', 'O', 'B-Vorherige Rechtsprechung des EGMR', 'I-Vorherige Rechtsprechung des EGMR', 'I-Vorherige Rechtsprechung des EGMR', 'I-Vorherige Rechtsprechung des EGMR', 'I-Vorherige Rechtsprechung des EGMR', 'I-Vorherige Rechtsprechung des EGMR', 'I-Vorherige Rechtsprechung des EGMR', 'I-Vorherige Rechtsprechung des EGMR', 'I-Vorherige Rechtsprechung des EGMR', 'I-Vorherige Rechtsprechung des EGMR', 'I-Vorherige Rechtsprechung des EGMR', 'I-Vorherige Rechtsprechung des EGMR', 'I-Vorherige Rechtsprechung des EGMR', 'I-Vorherige Rechtsprechung des EGMR', 'I-Vorherige Rechtsprechung des EGMR', 'I-Vorherige Rechtsprechung des EGMR', 'I-Vorherige Rechtsprechung des EGMR', 'I-Vorherige Rechtsprechung des EGMR', 'I-Vorherige Rechtsprechung des EGMR', 'I-Vorherige Rechtsprechung des EGMR', 'I-Vorherige Rechtsprechung des EGMR', 'I-Vorherige Rechtsprechung des EGMR', 'I-Vorherige Rechtsprechung des EGMR', 'I-Vorherige Rechtsprechung des EGMR', 'I-Vorherige Rechtsprechung des EGMR', 'I-Vorherige Rechtsprechung des EGMR', 'I-Vorherige Rechtsprechung des EGMR', 'I-Vorherige Rechtsprechung des EGMR', 'I-Vorherige Rechtsprechung des EGMR', 'I-Vorherige Rechtsprechung des EGMR', 'I-Vorherige Rechtsprechung des EGMR', 'I-Vorherige Rechtsprechung des EGMR', 'I-Vorherige Rechtsprechung des EGMR', 'I-Vorherige Rechtsprechung des EGMR', 'I-Vorherige Rechtsprechung des EGMR', 'I-Vorherige Rechtsprechung des EGMR', 'I-Vorherige Rechtsprechung des EGMR', 'I-Vorherige Rechtsprechung des EGMR', 'I-Vorherige Rechtsprechung des EGMR', 'I-Vorherige Rechtsprechung des EGMR', 'I-Vorherige Rechtsprechung des EGMR', 'I-Vorherige Rechtsprechung des EGMR', 'I-Vorherige Rechtsprechung des EGMR', 'I-Vorherige Rechtsprechung des EGMR', 'I-Vorherige Rechtsprechung des EGMR', 'I-Vorherige Rechtsprechung des EGMR', 'I-Vorherige Rechtsprechung des EGMR', 'I-Vorherige Rechtsprechung des EGMR', 'I-Vorherige Rechtsprechung des EGMR', 'I-Vorherige Rechtsprechung des EGMR', 'I-Vorherige Rechtsprechung des EGMR', 'I-Vorherige Rechtsprechung des EGMR', 'I-Vorherige Rechtsprechung des EGMR', 'I-Vorherige Rechtsprechung des EGMR', 'I-Vorherige Rechtsprechung des EGMR', 'I-Vorherige Rechtsprechung des EGMR', 'I-Vorherige Rechtsprechung des EGMR', 'I-Vorherige Rechtsprechung des EGMR', 'I-Vorherige Rechtsprechung des EGMR', 'I-Vorherige Rechtsprechung des EGMR', 'I-Vorherige Rechtsprechung des EGMR', 'I-Vorherige Rechtsprechung des EGMR', 'I-Vorherige Rechtsprechung des EGMR', 'I-Vorherige Rechtsprechung des EGMR', 'I-Vorherige Rechtsprechung des EGMR', 'I-Vorherige Rechtsprechung des EGMR', 'I-Vorherige Rechtsprechung des EGMR', 'I-Vorherige Rechtsprechung des EGMR', 'I-Vorherige Rechtsprechung des EGMR', 'I-Vorherige Rechtsprechung des EGMR', 'I-Vorherige Rechtsprechung des EGMR', 'I-Vorherige Rechtsprechung des EGMR', 'I-Vorherige Rechtsprechung des EGMR', 'I-Vorherige Rechtsprechung des EGMR', 'I-Vorherige Rechtsprechung des EGMR', 'I-Vorherige Rechtsprechung des EGMR', 'I-Vorherige Rechtsprechung des EGMR', 'I-Vorherige Rechtsprechung des EGMR', 'I-Vorherige Rechtsprechung des EGMR', 'I-Vorherige Rechtsprechung des EGMR', 'I-Vorherige Rechtsprechung des EGMR', 'I-Vorherige Rechtsprechung des EGMR', 'I-Vorherige Rechtsprechung des EGMR', 'I-Vorherige Rechtsprechung des EGMR', 'I-Vorherige Rechtsprechung des EGMR', 'I-Vorherige Rechtsprechung des EGMR', 'I-Vorherige Rechtsprechung des EGMR', 'I-Vorherige Rechtsprechung des EGMR', 'I-Vorherige Rechtsprechung des EGMR', 'I-Vorherige Rechtsprechung des EGMR', 'I-Vorherige Rechtsprechung des EGMR', 'I-Vorherige Rechtsprechung des EGMR', 'I-Vorherige Rechtsprechung des EGMR', 'I-Vorherige Rechtsprechung des EGMR', 'I-Vorherige Rechtsprechung des EGMR', 'I-Vorherige Rechtsprechung des EGMR', 'I-Vorherige Rechtsprechung des EGMR', 'I-Vorherige Rechtsprechung des EGMR', 'I-Vorherige Rechtsprechung des EGMR', 'I-Vorherige Rechtsprechung des EGMR', 'I-Vorherige Rechtsprechung des EGMR', 'I-Vorherige Rechtsprechung des EGMR', 'I-Vorherige Rechtsprechung des EGMR', 'I-Vorherige Rechtsprechung des EGMR', 'I-Vorherige Rechtsprechung des EGMR', 'I-Vorherige Rechtsprechung des EGMR']
"['71', '.', 'In', 'relation', 'to', 'the', 'State', ""'s"", 'obligation', 'to', 'take', 'positive', 'measures', ',', 'the', 'Court', 'has', 'repeatedly', 'held', 'that', 'Article', '8', 'includes', 'a', 'parent', ""'s"", 'right', 'to', 'the', 'taking', 'of', 'measures', 'with', 'a', 'view', 'to', 'his', 'being', 'reunited', 'with', 'his', 'child', 'and', 'an', 'obligation', 'on', 'the', 'national', 'authorities', 'to', 'facilitate', 'such', 'reunion', '(', 'see', ',', 'among', 'other', 'authorities', ',', 'Ignaccolo', '-', 'Zenide', 'v.', 'Romania', ',', 'no', '.', '31679/96', ',', '§', '94', ',', 'ECHR', '2000', '-', 'I', ',', 'and', 'Nuutinen', 'v.', 'Finland', ',', 'no', '.', '32842/96', ',', '§', '127', ',', 'ECHR', '2000‑VIII', ';', 'Iglesias', 'Gil', 'and', 'A.U.I.', 'v.', 'Spain', ',', 'no', '.', '56673/00', ',', '§', '49', ',', 'ECHR', '2003‑V', ')', '.']"	['O', 'O', 'B-Vorherige Rechtsprechung des EGMR', 'I-Vorherige Rechtsprechung des EGMR', 'I-Vorherige Rechtsprechung des EGMR', 'I-Vorherige Rechtsprechung des EGMR', 'I-Vorherige Rechtsprechung des EGMR', 'I-Vorherige Rechtsprechung des EGMR', 'I-Vorherige Rechtsprechung des EGMR', 'I-Vorherige Rechtsprechung des EGMR', 'I-Vorherige Rechtsprechung des EGMR', 'I-Vorherige Rechtsprechung des EGMR', 'I-Vorherige Rechtsprechung des EGMR', 'I-Vorherige Rechtsprechung des EGMR', 'I-Vorherige Rechtsprechung des EGMR', 'I-Vorherige Rechtsprechung des EGMR', 'I-Vorherige Rechtsprechung des EGMR', 'I-Vorherige Rechtsprechung des EGMR', 'I-Vorherige Rechtsprechung des EGMR', 'I-Vorherige Rechtsprechung des EGMR', 'I-Vorherige Rechtsprechung des EGMR', 'I-Vorherige Rechtsprechung des EGMR', 'I-Vorherige Rechtsprechung des EGMR', 'I-Vorherige Rechtsprechung des EGMR', 'I-Vorherige Rechtsprechung des EGMR', 'I-Vorherige Rechtsprechung des EGMR', 'I-Vorherige Rechtsprechung des EGMR', 'I-Vorherige Rechtsprechung des EGMR', 'I-Vorherige Rechtsprechung des EGMR', 'I-Vorherige Rechtsprechung des EGMR', 'I-Vorherige Rechtsprechung des EGMR', 'I-Vorherige Rechtsprechung des EGMR', 'I-Vorherige Rechtsprechung des EGMR', 'I-Vorherige Rechtsprechung des EGMR', 'I-Vorherige Rechtsprechung des EGMR', 'I-Vorherige Rechtsprechung des EGMR', 'I-Vorherige Rechtsprechung des EGMR', 'I-Vorherige Rechtsprechung des EGMR', 'I-Vorherige Rechtsprechung des EGMR', 'I-Vorherige Rechtsprechung des EGMR', 'I-Vorherige Rechtsprechung des EGMR', 'I-Vorherige Rechtsprechung des EGMR', 'I-Vorherige Rechtsprechung des EGMR', 'I-Vorherige Rechtsprechung des EGMR', 'I-Vorherige Rechtsprechung des EGMR', 'I-Vorherige Rechtsprechung des EGMR', 'I-Vorherige Rechtsprechung des EGMR', 'I-Vorherige Rechtsprechung des EGMR', 'I-Vorherige Rechtsprechung des EGMR', 'I-Vorherige Rechtsprechung des EGMR', 'I-Vorherige Rechtsprechung des EGMR', 'I-Vorherige Rechtsprechung des EGMR', 'I-Vorherige Rechtsprechung des EGMR', 'I-Vorherige Rechtsprechung des EGMR', 'I-Vorherige Rechtsprechung des EGMR', 'I-Vorherige Rechtsprechung des EGMR', 'I-Vorherige Rechtsprechung des EGMR', 'I-Vorherige Rechtsprechung des EGMR', 'I-Vorherige Rechtsprechung des EGMR', 'I-Vorherige Rechtsprechung des EGMR', 'I-Vorherige Rechtsprechung des EGMR', 'I-Vorherige Rechtsprechung des EGMR', 'I-Vorherige Rechtsprechung des EGMR', 'I-Vorherige Rechtsprechung des EGMR', 'I-Vorherige Rechtsprechung des EGMR', 'I-Vorherige Rechtsprechung des EGMR', 'I-Vorherige Rechtsprechung des EGMR', 'I-Vorherige Rechtsprechung des EGMR', 'I-Vorherige Rechtsprechung des EGMR', 'I-Vorherige Rechtsprechung des EGMR', 'I-Vorherige Rechtsprechung des EGMR', 'I-Vorherige Rechtsprechung des EGMR', 'I-Vorherige Rechtsprechung des EGMR', 'I-Vorherige Rechtsprechung des EGMR', 'I-Vorherige Rechtsprechung des EGMR', 'I-Vorherige Rechtsprechung des EGMR', 'I-Vorherige Rechtsprechung des EGMR', 'I-Vorherige Rechtsprechung des EGMR', 'I-Vorherige Rechtsprechung des EGMR', 'I-Vorherige Rechtsprechung des EGMR', 'I-Vorherige Rechtsprechung des EGMR', 'I-Vorherige Rechtsprechung des EGMR', 'I-Vorherige Rechtsprechung des EGMR', 'I-Vorherige Rechtsprechung des EGMR', 'I-Vorherige Rechtsprechung des EGMR', 'I-Vorherige Rechtsprechung des EGMR', 'I-Vorherige Rechtsprechung des EGMR', 'I-Vorherige Rechtsprechung des EGMR', 'I-Vorherige Rechtsprechung des EGMR', 'I-Vorherige Rechtsprechung des EGMR', 'I-Vorherige Rechtsprechung des EGMR', 'I-Vorherige Rechtsprechung des EGMR', 'I-Vorherige Rechtsprechung des EGMR', 'I-Vorherige Rechtsprechung des EGMR', 'I-Vorherige Rechtsprechung des EGMR', 'I-Vorherige Rechtsprechung des EGMR', 'I-Vorherige Rechtsprechung des EGMR', 'I-Vorherige Rechtsprechung des EGMR', 'I-Vorherige Rechtsprechung des EGMR', 'I-Vorherige Rechtsprechung des EGMR', 'I-Vorherige Rechtsprechung des EGMR', 'I-Vorherige Rechtsprechung des EGMR', 'I-Vorherige Rechtsprechung des EGMR', 'I-Vorherige Rechtsprechung des EGMR', 'I-Vorherige Rechtsprechung des EGMR', 'I-Vorherige Rechtsprechung des EGMR', 'I-Vorherige Rechtsprechung des EGMR', 'I-Vorherige Rechtsprechung des EGMR', 'I-Vorherige Rechtsprechung des EGMR', 'I-Vorherige Rechtsprechung des EGMR', 'I-Vorherige Rechtsprechung des EGMR']
['72', '.', 'In', 'cases', 'concerning', 'the', 'enforcement', 'of', 'decisions', 'in', 'the', 'sphere', 'of', 'family', 'law', ',', 'the', 'Court', 'has', 'repeatedly', 'held', 'that', 'what', 'is', 'decisive', 'is', 'whether', 'the', 'national', 'authorities', 'have', 'taken', 'all', 'necessary', 'steps', 'to', 'facilitate', 'the', 'execution', 'as', 'can', 'reasonable', 'be', 'demanded', 'in', 'the', 'special', 'circumstances', 'of', 'each', 'case', '(', 'see', 'Hokkanen', 'v.', 'Finland', ',', 'judgment', 'of', '23', 'September', '1994', ',', 'Series', 'A', 'no', '.', '299‑A', ',', '§', '53', ';', 'Ignaccolo', '-', 'Zenide', ',', 'cited', 'above', ',', '§', '96', ';', 'Nuutinen', 'v.', 'Finland', ',', 'no', '.', '32842/96', ',', '§', '128', ',', 'ECHR', '2000', '-', 'VIII', 'and', 'Sylvester', 'v.', 'Austria', ',', 'nos', '.', '36812/97', 'and', '40104/98', ',', '§', '59', ',', '24', 'April', '2003', ')', '.']	['O', 'O', 'B-Vorherige Rechtsprechung des EGMR', 'I-Vorherige Rechtsprechung des EGMR', 'I-Vorherige Rechtsprechung des EGMR', 'I-Vorherige Rechtsprechung des EGMR', 'I-Vorherige Rechtsprechung des EGMR', 'I-Vorherige Rechtsprechung des EGMR', 'I-Vorherige Rechtsprechung des EGMR', 'I-Vorherige Rechtsprechung des EGMR', 'I-Vorherige Rechtsprechung des EGMR', 'I-Vorherige Rechtsprechung des EGMR', 'I-Vorherige Rechtsprechung des EGMR', 'I-Vorherige Rechtsprechung des EGMR', 'I-Vorherige Rechtsprechung des EGMR', 'I-Vorherige Rechtsprechung des EGMR', 'I-Vorherige Rechtsprechung des EGMR', 'I-Vorherige Rechtsprechung des EGMR', 'I-Vorherige Rechtsprechung des EGMR', 'I-Vorherige Rechtsprechung des EGMR', 'I-Vorherige Rechtsprechung des EGMR', 'I-Vorherige Rechtsprechung des EGMR', 'I-Vorherige Rechtsprechung des EGMR', 'I-Vorherige Rechtsprechung des EGMR', 'I-Vorherige Rechtsprechung des EGMR', 'I-Vorherige Rechtsprechung des EGMR', 'I-Vorherige Rechtsprechung des EGMR', 'I-Vorherige Rechtsprechung des EGMR', 'I-Vorherige Rechtsprechung des EGMR', 'I-Vorherige Rechtsprechung des EGMR', 'I-Vorherige Rechtsprechung des EGMR', 'I-Vorherige Rechtsprechung des EGMR', 'I-Vorherige Rechtsprechung des EGMR', 'I-Vorherige Rechtsprechung des EGMR', 'I-Vorherige Rechtsprechung des EGMR', 'I-Vorherige Rechtsprechung des EGMR', 'I-Vorherige Rechtsprechung des EGMR', 'I-Vorherige Rechtsprechung des EGMR', 'I-Vorherige Rechtsprechung des EGMR', 'I-Vorherige Rechtsprechung des EGMR', 'I-Vorherige Rechtsprechung des EGMR', 'I-Vorherige Rechtsprechung des EGMR', 'I-Vorherige Rechtsprechung des EGMR', 'I-Vorherige Rechtsprechung des EGMR', 'I-Vorherige Rechtsprechung des EGMR', 'I-Vorherige Rechtsprechung des EGMR', 'I-Vorherige Rechtsprechung des EGMR', 'I-Vorherige Rechtsprechung des EGMR', 'I-Vorherige Rechtsprechung des EGMR', 'I-Vorherige Rechtsprechung des EGMR', 'I-Vorherige Rechtsprechung des EGMR', 'I-Vorherige Rechtsprechung des EGMR', 'I-Vorherige Rechtsprechung des EGMR', 'I-Vorherige Rechtsprechung des EGMR', 'I-Vorherige Rechtsprechung des EGMR', 'I-Vorherige Rechtsprechung des EGMR', 'I-Vorherige Rechtsprechung des EGMR', 'I-Vorherige Rechtsprechung des EGMR', 'I-Vorherige Rechtsprechung des EGMR', 'I-Vorherige Rechtsprechung des EGMR', 'I-Vorherige Rechtsprechung des EGMR', 'I-Vorherige Rechtsprechung des EGMR', 'I-Vorherige Rechtsprechung des EGMR', 'I-Vorherige Rechtsprechung des EGMR', 'I-Vorherige Rechtsprechung des EGMR', 'I-Vorherige Rechtsprechung des EGMR', 'I-Vorherige Rechtsprechung des EGMR', 'I-Vorherige Rechtsprechung des EGMR', 'I-Vorherige Rechtsprechung des EGMR', 'I-Vorherige Rechtsprechung des EGMR', 'I-Vorherige Rechtsprechung des EGMR', 'I-Vorherige Rechtsprechung des EGMR', 'I-Vorherige Rechtsprechung des EGMR', 'I-Vorherige Rechtsprechung des EGMR', 'I-Vorherige Rechtsprechung des EGMR', 'I-Vorherige Rechtsprechung des EGMR', 'I-Vorherige Rechtsprechung des EGMR', 'I-Vorherige Rechtsprechung des EGMR', 'I-Vorherige Rechtsprechung des EGMR', 'I-Vorherige Rechtsprechung des EGMR', 'I-Vorherige Rechtsprechung des EGMR', 'I-Vorherige Rechtsprechung des EGMR', 'I-Vorherige Rechtsprechung des EGMR', 'I-Vorherige Rechtsprechung des EGMR', 'I-Vorherige Rechtsprechung des EGMR', 'I-Vorherige Rechtsprechung des EGMR', 'I-Vorherige Rechtsprechung des EGMR', 'I-Vorherige Rechtsprechung des EGMR', 'I-Vorherige Rechtsprechung des EGMR', 'I-Vorherige Rechtsprechung des EGMR', 'I-Vorherige Rechtsprechung des EGMR', 'I-Vorherige Rechtsprechung des EGMR', 'I-Vorherige Rechtsprechung des EGMR', 'I-Vorherige Rechtsprechung des EGMR', 'I-Vorherige Rechtsprechung des EGMR', 'I-Vorherige Rechtsprechung des EGMR', 'I-Vorherige Rechtsprechung des EGMR', 'I-Vorherige Rechtsprechung des EGMR', 'I-Vorherige Rechtsprechung des EGMR', 'I-Vorherige Rechtsprechung des EGMR', 'I-Vorherige Rechtsprechung des EGMR', 'I-Vorherige Rechtsprechung des EGMR', 'I-Vorherige Rechtsprechung des EGMR', 'I-Vorherige Rechtsprechung des EGMR', 'I-Vorherige Rechtsprechung des EGMR', 'I-Vorherige Rechtsprechung des EGMR', 'I-Vorherige Rechtsprechung des EGMR', 'I-Vorherige Rechtsprechung des EGMR', 'I-Vorherige Rechtsprechung des EGMR', 'I-Vorherige Rechtsprechung des EGMR', 'I-Vorherige Rechtsprechung des EGMR', 'I-Vorherige Rechtsprechung des EGMR', 'I-Vorherige Rechtsprechung des EGMR', 'I-Vorherige Rechtsprechung des EGMR', 'I-Vorherige Rechtsprechung des EGMR', 'I-Vorherige Rechtsprechung des EGMR']
['73', '.', 'In', 'cases', 'of', 'this', 'kind', 'the', 'adequacy', 'of', 'a', 'measure', 'is', 'to', 'be', 'judged', 'by', 'the', 'swiftness', 'of', 'its', 'implementation', ',', 'as', 'the', 'passage', 'of', 'time', 'can', 'have', 'irremediable', 'consequences', 'for', 'relations', 'between', 'the', 'child', 'and', 'the', 'parent', 'who', 'does', 'not', 'live', 'with', 'him', 'or', 'her', '.', 'In', 'proceedings', 'under', 'the', 'Hague', 'Convention', 'this', 'is', 'all', 'the', 'more', 'so', ',', 'as', 'Article', '11', 'of', 'the', 'Hague', 'Convention', 'requires', 'the', 'judicial', 'or', 'administrative', 'authorities', 'concerned', 'to', 'act', 'expeditiously', 'in', 'proceedings', 'for', 'the', 'return', 'of', 'children', 'and', 'any', 'inaction', 'lasting', 'more', 'than', 'six', 'weeks', 'may', 'give', 'rise', 'to', 'a', 'request', 'for', 'a', 'statement', 'of', 'reasons', 'for', 'the', 'delay', '(', 'see', 'Ignaccolo', '-', 'Zenide', ',', 'cited', 'above', ',', '§', '102', ')', '.']	['O', 'O', 'B-Vorherige Rechtsprechung des EGMR', 'I-Vorherige Rechtsprechung des EGMR', 'I-Vorherige Rechtsprechung des EGMR', 'I-Vorherige Rechtsprechung des EGMR', 'I-Vorherige Rechtsprechung des EGMR', 'I-Vorherige Rechtsprechung des EGMR', 'I-Vorherige Rechtsprechung des EGMR', 'I-Vorherige Rechtsprechung des EGMR', 'I-Vorherige Rechtsprechung des EGMR', 'I-Vorherige Rechtsprechung des EGMR', 'I-Vorherige Rechtsprechung des EGMR', 'I-Vorherige Rechtsprechung des EGMR', 'I-Vorherige Rechtsprechung des EGMR', 'I-Vorherige Rechtsprechung des EGMR', 'I-Vorherige Rechtsprechung des EGMR', 'I-Vorherige Rechtsprechung des EGMR', 'I-Vorherige Rechtsprechung des EGMR', 'I-Vorherige Rechtsprechung des EGMR', 'I-Vorherige Rechtsprechung des EGMR', 'I-Vorherige Rechtsprechung des EGMR', 'I-Vorherige Rechtsprechung des EGMR', 'I-Vorherige Rechtsprechung des EGMR', 'I-Vorherige Rechtsprechung des EGMR', 'I-Vorherige Rechtsprechung des EGMR', 'I-Vorherige Rechtsprechung des EGMR', 'I-Vorherige Rechtsprechung des EGMR', 'I-Vorherige Rechtsprechung des EGMR', 'I-Vorherige Rechtsprechung des EGMR', 'I-Vorherige Rechtsprechung des EGMR', 'I-Vorherige Rechtsprechung des EGMR', 'I-Vorherige Rechtsprechung des EGMR', 'I-Vorherige Rechtsprechung des EGMR', 'I-Vorherige Rechtsprechung des EGMR', 'I-Vorherige Rechtsprechung des EGMR', 'I-Vorherige Rechtsprechung des EGMR', 'I-Vorherige Rechtsprechung des EGMR', 'I-Vorherige Rechtsprechung des EGMR', 'I-Vorherige Rechtsprechung des EGMR', 'I-Vorherige Rechtsprechung des EGMR', 'I-Vorherige Rechtsprechung des EGMR', 'I-Vorherige Rechtsprechung des EGMR', 'I-Vorherige Rechtsprechung des EGMR', 'I-Vorherige Rechtsprechung des EGMR', 'I-Vorherige Rechtsprechung des EGMR', 'I-Vorherige Rechtsprechung des EGMR', 'I-Vorherige Rechtsprechung des EGMR', 'I-Vorherige Rechtsprechung des EGMR', 'I-Vorherige Rechtsprechung des EGMR', 'I-Vorherige Rechtsprechung des EGMR', 'I-Vorherige Rechtsprechung des EGMR', 'I-Vorherige Rechtsprechung des EGMR', 'I-Vorherige Rechtsprechung des EGMR', 'I-Vorherige Rechtsprechung des EGMR', 'I-Vorherige Rechtsprechung des EGMR', 'I-Vorherige Rechtsprechung des EGMR', 'I-Vorherige Rechtsprechung des EGMR', 'I-Vorherige Rechtsprechung des EGMR', 'I-Vorherige Rechtsprechung des EGMR', 'I-Vorherige Rechtsprechung des EGMR', 'I-Vorherige Rechtsprechung des EGMR', 'I-Vorherige Rechtsprechung des EGMR', 'I-Vorherige Rechtsprechung des EGMR', 'I-Vorherige Rechtsprechung des EGMR', 'I-Vorherige Rechtsprechung des EGMR', 'I-Vorherige Rechtsprechung des EGMR', 'I-Vorherige Rechtsprechung des EGMR', 'I-Vorherige Rechtsprechung des EGMR', 'I-Vorherige Rechtsprechung des EGMR', 'I-Vorherige Rechtsprechung des EGMR', 'I-Vorherige Rechtsprechung des EGMR', 'I-Vorherige Rechtsprechung des EGMR', 'I-Vorherige Rechtsprechung des EGMR', 'I-Vorherige Rechtsprechung des EGMR', 'I-Vorherige Rechtsprechung des EGMR', 'I-Vorherige Rechtsprechung des EGMR', 'I-Vorherige Rechtsprechung des EGMR', 'I-Vorherige Rechtsprechung des EGMR', 'I-Vorherige Rechtsprechung des EGMR', 'I-Vorherige Rechtsprechung des EGMR', 'I-Vorherige Rechtsprechung des EGMR', 'I-Vorherige Rechtsprechung des EGMR', 'I-Vorherige Rechtsprechung des EGMR', 'I-Vorherige Rechtsprechung des EGMR', 'I-Vorherige Rechtsprechung des EGMR', 'I-Vorherige Rechtsprechung des EGMR', 'I-Vorherige Rechtsprechung des EGMR', 'I-Vorherige Rechtsprechung des EGMR', 'I-Vorherige Rechtsprechung des EGMR', 'I-Vorherige Rechtsprechung des EGMR', 'I-Vorherige Rechtsprechung des EGMR', 'I-Vorherige Rechtsprechung des EGMR', 'I-Vorherige Rechtsprechung des EGMR', 'I-Vorherige Rechtsprechung des EGMR', 'I-Vorherige Rechtsprechung des EGMR', 'I-Vorherige Rechtsprechung des EGMR', 'I-Vorherige Rechtsprechung des EGMR', 'I-Vorherige Rechtsprechung des EGMR', 'I-Vorherige Rechtsprechung des EGMR', 'I-Vorherige Rechtsprechung des EGMR', 'I-Vorherige Rechtsprechung des EGMR', 'I-Vorherige Rechtsprechung des EGMR', 'I-Vorherige Rechtsprechung des EGMR', 'I-Vorherige Rechtsprechung des EGMR', 'I-Vorherige Rechtsprechung des EGMR', 'I-Vorherige Rechtsprechung des EGMR', 'I-Vorherige Rechtsprechung des EGMR', 'I-Vorherige Rechtsprechung des EGMR', 'I-Vorherige Rechtsprechung des EGMR', 'I-Vorherige Rechtsprechung des EGMR', 'I-Vorherige Rechtsprechung des EGMR', 'I-Vorherige Rechtsprechung des EGMR', 'I-Vorherige Rechtsprechung des EGMR', 'I-Vorherige Rechtsprechung des EGMR', 'I-Vorherige Rechtsprechung des EGMR', 'I-Vorherige Rechtsprechung des EGMR', 'I-Vorherige Rechtsprechung des EGMR', 'I-Vorherige Rechtsprechung des EGMR', 'I-Vorherige Rechtsprechung des EGMR', 'I-Vorherige Rechtsprechung des EGMR']
['74', '.', 'The', 'Court', 'also', 'held', 'that', 'although', 'coercive', 'measures', 'against', 'the', 'children', 'are', 'not', 'desirable', 'in', 'this', 'sensitive', 'area', ',', 'the', 'use', 'of', 'sanctions', 'must', 'not', 'be', 'ruled', 'out', 'in', 'the', 'event', 'of', 'unlawful', 'behaviour', 'by', 'the', 'parent', 'with', 'whom', 'the', 'children', 'live', '(', 'see', 'Ignaccolo', '-', 'Zenide', ',', 'cited', 'above', ',', '§', '106', ')', '.']	['O', 'O', 'B-Vorherige Rechtsprechung des EGMR', 'I-Vorherige Rechtsprechung des EGMR', 'I-Vorherige Rechtsprechung des EGMR', 'I-Vorherige Rechtsprechung des EGMR', 'I-Vorherige Rechtsprechung des EGMR', 'I-Vorherige Rechtsprechung des EGMR', 'I-Vorherige Rechtsprechung des EGMR', 'I-Vorherige Rechtsprechung des EGMR', 'I-Vorherige Rechtsprechung des EGMR', 'I-Vorherige Rechtsprechung des EGMR', 'I-Vorherige Rechtsprechung des EGMR', 'I-Vorherige Rechtsprechung des EGMR', 'I-Vorherige Rechtsprechung des EGMR', 'I-Vorherige Rechtsprechung des EGMR', 'I-Vorherige Rechtsprechung des EGMR', 'I-Vorherige Rechtsprechung des EGMR', 'I-Vorherige Rechtsprechung des EGMR', 'I-Vorherige Rechtsprechung des EGMR', 'I-Vorherige Rechtsprechung des EGMR', 'I-Vorherige Rechtsprechung des EGMR', 'I-Vorherige Rechtsprechung des EGMR', 'I-Vorherige Rechtsprechung des EGMR', 'I-Vorherige Rechtsprechung des EGMR', 'I-Vorherige Rechtsprechung des EGMR', 'I-Vorherige Rechtsprechung des EGMR', 'I-Vorherige Rechtsprechung des EGMR', 'I-Vorherige Rechtsprechung des EGMR', 'I-Vorherige Rechtsprechung des EGMR', 'I-Vorherige Rechtsprechung des EGMR', 'I-Vorherige Rechtsprechung des EGMR', 'I-Vorherige Rechtsprechung des EGMR', 'I-Vorherige Rechtsprechung des EGMR', 'I-Vorherige Rechtsprechung des EGMR', 'I-Vorherige Rechtsprechung des EGMR', 'I-Vorherige Rechtsprechung des EGMR', 'I-Vorherige Rechtsprechung des EGMR', 'I-Vorherige Rechtsprechung des EGMR', 'I-Vorherige Rechtsprechung des EGMR', 'I-Vorherige Rechtsprechung des EGMR', 'I-Vorherige Rechtsprechung des EGMR', 'I-Vorherige Rechtsprechung des EGMR', 'I-Vorherige Rechtsprechung des EGMR', 'I-Vorherige Rechtsprechung des EGMR', 'I-Vorherige Rechtsprechung des EGMR', 'I-Vorherige Rechtsprechung des EGMR', 'I-Vorherige Rechtsprechung des EGMR', 'I-Vorherige Rechtsprechung des EGMR', 'I-Vorherige Rechtsprechung des EGMR', 'I-Vorherige Rechtsprechung des EGMR', 'I-Vorherige Rechtsprechung des EGMR', 'I-Vorherige Rechtsprechung des EGMR', 'I-Vorherige Rechtsprechung des EGMR', 'I-Vorherige Rechtsprechung des EGMR', 'I-Vorherige Rechtsprechung des EGMR', 'I-Vorherige Rechtsprechung des EGMR']
['75', '.', 'Lastly', ',', 'the', 'Court', 'reiterates', 'that', 'the', 'Convention', 'must', 'be', 'applied', 'in', 'accordance', 'with', 'the', 'principles', 'of', 'international', 'law', ',', 'in', 'particular', 'with', 'those', 'relating', 'to', 'the', 'international', 'protection', 'of', 'human', 'rights', '(', 'see', 'Streletz', ',', 'Kessler', 'and', 'Krenz', 'v.', 'Germany', '[', 'GC', ']', ',', 'nos', '.', '34044/96', ',', '35532/97', 'and', '44801/98', ',', '§', '90', ',', 'ECHR', '2001', '-', 'II', ',', 'and', 'Al', '-', 'Adsani', 'v.', 'the', 'United', 'Kingdom', '[', 'GC', ']', ',', 'no', '.', '35763/97', ',', '§', '55', ',', 'ECHR', '2001', '-', 'XI', ')', '.', 'Consequently', ',', 'the', 'Court', 'considers', 'that', 'the', 'positive', 'obligations', 'that', 'Article', '8', 'of', 'the', 'Convention', 'lays', 'on', 'the', 'Contracting', 'States', 'in', 'the', 'matter', 'of', 'reuniting', 'a', 'parent', 'with', 'his', 'or', 'her', 'children', 'must', 'be', 'interpreted', 'in', 'the', 'light', 'of', 'the', 'Hague', 'Convention', 'of', '25', 'October', '1980', 'on', 'the', 'Civil', 'Aspects', 'of', 'International', 'Child', 'Abduction', ',', 'all', 'the', 'more', 'so', 'where', 'the', 'respondent', 'state', 'is', 'also', 'a', 'party', 'to', 'that', 'instrument', '(', 'see', 'Ignaccolo', '-', 'Zenide', ',', 'cited', 'above', ',', '§', '95', ')']	['O', 'O', 'B-Vorherige Rechtsprechung des EGMR', 'I-Vorherige Rechtsprechung des EGMR', 'I-Vorherige Rechtsprechung des EGMR', 'I-Vorherige Rechtsprechung des EGMR', 'I-Vorherige Rechtsprechung des EGMR', 'I-Vorherige Rechtsprechung des EGMR', 'I-Vorherige Rechtsprechung des EGMR', 'I-Vorherige Rechtsprechung des EGMR', 'I-Vorherige Rechtsprechung des EGMR', 'I-Vorherige Rechtsprechung des EGMR', 'I-Vorherige Rechtsprechung des EGMR', 'I-Vorherige Rechtsprechung des EGMR', 'I-Vorherige Rechtsprechung des EGMR', 'I-Vorherige Rechtsprechung des EGMR', 'I-Vorherige Rechtsprechung des EGMR', 'I-Vorherige Rechtsprechung des EGMR', 'I-Vorherige Rechtsprechung des EGMR', 'I-Vorherige Rechtsprechung des EGMR', 'I-Vorherige Rechtsprechung des EGMR', 'I-Vorherige Rechtsprechung des EGMR', 'I-Vorherige Rechtsprechung des EGMR', 'I-Vorherige Rechtsprechung des EGMR', 'I-Vorherige Rechtsprechung des EGMR', 'I-Vorherige Rechtsprechung des EGMR', 'I-Vorherige Rechtsprechung des EGMR', 'I-Vorherige Rechtsprechung des EGMR', 'I-Vorherige Rechtsprechung des EGMR', 'I-Vorherige Rechtsprechung des EGMR', 'I-Vorherige Rechtsprechung des EGMR', 'I-Vorherige Rechtsprechung des EGMR', 'I-Vorherige Rechtsprechung des EGMR', 'I-Vorherige Rechtsprechung des EGMR', 'I-Vorherige Rechtsprechung des EGMR', 'I-Vorherige Rechtsprechung des EGMR', 'I-Vorherige Rechtsprechung des EGMR', 'I-Vorherige Rechtsprechung des EGMR', 'I-Vorherige Rechtsprechung des EGMR', 'I-Vorherige Rechtsprechung des EGMR', 'I-Vorherige Rechtsprechung des EGMR', 'I-Vorherige Rechtsprechung des EGMR', 'I-Vorherige Rechtsprechung des EGMR', 'I-Vorherige Rechtsprechung des EGMR', 'I-Vorherige Rechtsprechung des EGMR', 'I-Vorherige Rechtsprechung des EGMR', 'I-Vorherige Rechtsprechung des EGMR', 'I-Vorherige Rechtsprechung des EGMR', 'I-Vorherige Rechtsprechung des EGMR', 'I-Vorherige Rechtsprechung des EGMR', 'I-Vorherige Rechtsprechung des EGMR', 'I-Vorherige Rechtsprechung des EGMR', 'I-Vorherige Rechtsprechung des EGMR', 'I-Vorherige Rechtsprechung des EGMR', 'I-Vorherige Rechtsprechung des EGMR', 'I-Vorherige Rechtsprechung des EGMR', 'I-Vorherige Rechtsprechung des EGMR', 'I-Vorherige Rechtsprechung des EGMR', 'I-Vorherige Rechtsprechung des EGMR', 'I-Vorherige Rechtsprechung des EGMR', 'I-Vorherige Rechtsprechung des EGMR', 'I-Vorherige Rechtsprechung des EGMR', 'I-Vorherige Rechtsprechung des EGMR', 'I-Vorherige Rechtsprechung des EGMR', 'I-Vorherige Rechtsprechung des EGMR', 'I-Vorherige Rechtsprechung des EGMR', 'I-Vorherige Rechtsprechung des EGMR', 'I-Vorherige Rechtsprechung des EGMR', 'I-Vorherige Rechtsprechung des EGMR', 'I-Vorherige Rechtsprechung des EGMR', 'I-Vorherige Rechtsprechung des EGMR', 'I-Vorherige Rechtsprechung des EGMR', 'I-Vorherige Rechtsprechung des EGMR', 'I-Vorherige Rechtsprechung des EGMR', 'I-Vorherige Rechtsprechung des EGMR', 'I-Vorherige Rechtsprechung des EGMR', 'I-Vorherige Rechtsprechung des EGMR', 'I-Vorherige Rechtsprechung des EGMR', 'I-Vorherige Rechtsprechung des EGMR', 'I-Vorherige Rechtsprechung des EGMR', 'I-Vorherige Rechtsprechung des EGMR', 'I-Vorherige Rechtsprechung des EGMR', 'I-Vorherige Rechtsprechung des EGMR', 'I-Vorherige Rechtsprechung des EGMR', 'I-Vorherige Rechtsprechung des EGMR', 'I-Vorherige Rechtsprechung des EGMR', 'I-Vorherige Rechtsprechung des EGMR', 'I-Vorherige Rechtsprechung des EGMR', 'I-Vorherige Rechtsprechung des EGMR', 'I-Vorherige Rechtsprechung des EGMR', 'I-Vorherige Rechtsprechung des EGMR', 'I-Vorherige Rechtsprechung des EGMR', 'I-Vorherige Rechtsprechung des EGMR', 'I-Vorherige Rechtsprechung des EGMR', 'I-Vorherige Rechtsprechung des EGMR', 'I-Vorherige Rechtsprechung des EGMR', 'I-Vorherige Rechtsprechung des EGMR', 'I-Vorherige Rechtsprechung des EGMR', 'I-Vorherige Rechtsprechung des EGMR', 'I-Vorherige Rechtsprechung des EGMR', 'I-Vorherige Rechtsprechung des EGMR', 'I-Vorherige Rechtsprechung des EGMR', 'I-Vorherige Rechtsprechung des EGMR', 'I-Vorherige Rechtsprechung des EGMR', 'I-Vorherige Rechtsprechung des EGMR', 'I-Vorherige Rechtsprechung des EGMR', 'I-Vorherige Rechtsprechung des EGMR', 'I-Vorherige Rechtsprechung des EGMR', 'I-Vorherige Rechtsprechung des EGMR', 'I-Vorherige Rechtsprechung des EGMR', 'I-Vorherige Rechtsprechung des EGMR', 'I-Vorherige Rechtsprechung des EGMR', 'I-Vorherige Rechtsprechung des EGMR', 'I-Vorherige Rechtsprechung des EGMR', 'I-Vorherige Rechtsprechung des EGMR', 'I-Vorherige Rechtsprechung des EGMR', 'I-Vorherige Rechtsprechung des EGMR', 'I-Vorherige Rechtsprechung des EGMR', 'I-Vorherige Rechtsprechung des EGMR', 'I-Vorherige Rechtsprechung des EGMR', 'I-Vorherige Rechtsprechung des EGMR', 'I-Vorherige Rechtsprechung des EGMR', 'I-Vorherige Rechtsprechung des EGMR', 'I-Vorherige Rechtsprechung des EGMR', 'I-Vorherige Rechtsprechung des EGMR', 'I-Vorherige Rechtsprechung des EGMR', 'I-Vorherige Rechtsprechung des EGMR', 'I-Vorherige Rechtsprechung des EGMR', 'I-Vorherige Rechtsprechung des EGMR', 'I-Vorherige Rechtsprechung des EGMR', 'I-Vorherige Rechtsprechung des EGMR', 'I-Vorherige Rechtsprechung des EGMR', 'I-Vorherige Rechtsprechung des EGMR', 'I-Vorherige Rechtsprechung des EGMR', 'I-Vorherige Rechtsprechung des EGMR', 'I-Vorherige Rechtsprechung des EGMR', 'I-Vorherige Rechtsprechung des EGMR', 'I-Vorherige Rechtsprechung des EGMR', 'I-Vorherige Rechtsprechung des EGMR', 'I-Vorherige Rechtsprechung des EGMR', 'I-Vorherige Rechtsprechung des EGMR', 'I-Vorherige Rechtsprechung des EGMR', 'I-Vorherige Rechtsprechung des EGMR', 'I-Vorherige Rechtsprechung des EGMR', 'I-Vorherige Rechtsprechung des EGMR', 'I-Vorherige Rechtsprechung des EGMR', 'I-Vorherige Rechtsprechung des EGMR', 'I-Vorherige Rechtsprechung des EGMR', 'I-Vorherige Rechtsprechung des EGMR', 'I-Vorherige Rechtsprechung des EGMR', 'I-Vorherige Rechtsprechung des EGMR', 'I-Vorherige Rechtsprechung des EGMR', 'I-Vorherige Rechtsprechung des EGMR', 'I-Vorherige Rechtsprechung des EGMR', 'I-Vorherige Rechtsprechung des EGMR', 'I-Vorherige Rechtsprechung des EGMR', 'I-Vorherige Rechtsprechung des EGMR', 'I-Vorherige Rechtsprechung des EGMR', 'I-Vorherige Rechtsprechung des EGMR', 'I-Vorherige Rechtsprechung des EGMR', 'I-Vorherige Rechtsprechung des EGMR', 'I-Vorherige Rechtsprechung des EGMR', 'I-Vorherige Rechtsprechung des EGMR', 'I-Vorherige Rechtsprechung des EGMR', 'I-Vorherige Rechtsprechung des EGMR', 'I-Vorherige Rechtsprechung des EGMR', 'I-Vorherige Rechtsprechung des EGMR', 'I-Vorherige Rechtsprechung des EGMR', 'I-Vorherige Rechtsprechung des EGMR', 'I-Vorherige Rechtsprechung des EGMR']
['2', '.', 'The', 'application', 'of', 'the', 'general', 'principles', 'to', 'the', 'above', 'case']	['O', 'O', 'O', 'O', 'O', 'O', 'O', 'O', 'O', 'O', 'O', 'O']
['76', '.', 'The', 'Court', 'firstly', 'notes', 'that', 'it', 'was', 'common', 'ground', 'that', 'the', 'tie', 'between', 'the', 'applicant', 'and', 'his', 'children', 'came', 'within', 'the', 'scope', 'of', 'family', 'life', 'within', 'the', 'meaning', 'of', 'Article', '8', 'of', 'the', 'Convention', '.']	['O', 'O', 'B-Subsumtion', 'I-Subsumtion', 'I-Subsumtion', 'I-Subsumtion', 'I-Subsumtion', 'I-Subsumtion', 'I-Subsumtion', 'I-Subsumtion', 'I-Subsumtion', 'I-Subsumtion', 'I-Subsumtion', 'I-Subsumtion', 'I-Subsumtion', 'I-Subsumtion', 'I-Subsumtion', 'I-Subsumtion', 'I-Subsumtion', 'I-Subsumtion', 'I-Subsumtion', 'I-Subsumtion', 'I-Subsumtion', 'I-Subsumtion', 'I-Subsumtion', 'I-Subsumtion', 'I-Subsumtion', 'I-Subsumtion', 'I-Subsumtion', 'I-Subsumtion', 'I-Subsumtion', 'I-Subsumtion', 'I-Subsumtion', 'I-Subsumtion', 'I-Subsumtion', 'I-Subsumtion', 'I-Subsumtion']
"['77', '.', 'That', 'being', 'so', ',', 'it', 'must', 'be', 'determined', 'whether', 'there', 'has', 'been', 'a', 'failure', 'to', 'respect', 'the', 'applicant', ""'s"", 'family', 'life', '.', 'In', 'the', 'light', 'of', 'the', 'above', 'principles', ',', 'what', 'is', 'decisive', 'in', 'this', 'case', 'is', 'whether', 'the', 'Polish', 'authorities', 'took', 'all', 'the', 'necessary', 'adequate', 'steps', 'to', 'facilitate', 'the', 'enforcement', 'of', 'the', 'decision', 'of', '2', 'March', '2000', 'ordering', 'the', 'return', 'of', 'the', 'children', 'to', 'the', 'applicant', '.']"	['O', 'O', 'B-Subsumtion', 'I-Subsumtion', 'I-Subsumtion', 'I-Subsumtion', 'I-Subsumtion', 'I-Subsumtion', 'I-Subsumtion', 'I-Subsumtion', 'I-Subsumtion', 'I-Subsumtion', 'I-Subsumtion', 'I-Subsumtion', 'I-Subsumtion', 'I-Subsumtion', 'I-Subsumtion', 'I-Subsumtion', 'I-Subsumtion', 'I-Subsumtion', 'I-Subsumtion', 'I-Subsumtion', 'I-Subsumtion', 'I-Subsumtion', 'I-Subsumtion', 'I-Subsumtion', 'I-Subsumtion', 'I-Subsumtion', 'I-Subsumtion', 'I-Subsumtion', 'I-Subsumtion', 'I-Subsumtion', 'I-Subsumtion', 'I-Subsumtion', 'I-Subsumtion', 'I-Subsumtion', 'I-Subsumtion', 'I-Subsumtion', 'I-Subsumtion', 'I-Subsumtion', 'I-Subsumtion', 'I-Subsumtion', 'I-Subsumtion', 'I-Subsumtion', 'I-Subsumtion', 'I-Subsumtion', 'I-Subsumtion', 'I-Subsumtion', 'I-Subsumtion', 'I-Subsumtion', 'I-Subsumtion', 'I-Subsumtion', 'I-Subsumtion', 'I-Subsumtion', 'I-Subsumtion', 'I-Subsumtion', 'I-Subsumtion', 'I-Subsumtion', 'I-Subsumtion', 'I-Subsumtion', 'I-Subsumtion', 'I-Subsumtion', 'I-Subsumtion', 'I-Subsumtion', 'I-Subsumtion', 'I-Subsumtion', 'I-Subsumtion', 'I-Subsumtion', 'I-Subsumtion', 'I-Subsumtion']
['78', '.', 'The', 'swiftness', 'of', 'the', 'implementation', 'of', 'a', 'measure', 'was', 'essential', 'as', 'the', 'applicant', 'had', 'made', 'an', 'urgent', 'application', 'to', 'the', 'courts', ',', 'the', 'purpose', 'of', 'which', 'was', 'to', 'protect', 'the', 'individual', 'against', 'any', 'damage', 'that', 'might', 'result', 'from', 'the', 'lapse', 'of', 'time', '.']	['O', 'O', 'B-Subsumtion', 'I-Subsumtion', 'I-Subsumtion', 'I-Subsumtion', 'I-Subsumtion', 'I-Subsumtion', 'I-Subsumtion', 'I-Subsumtion', 'I-Subsumtion', 'I-Subsumtion', 'I-Subsumtion', 'I-Subsumtion', 'I-Subsumtion', 'I-Subsumtion', 'I-Subsumtion', 'I-Subsumtion', 'I-Subsumtion', 'I-Subsumtion', 'I-Subsumtion', 'I-Subsumtion', 'I-Subsumtion', 'I-Subsumtion', 'I-Subsumtion', 'I-Subsumtion', 'I-Subsumtion', 'I-Subsumtion', 'I-Subsumtion', 'I-Subsumtion', 'I-Subsumtion', 'I-Subsumtion', 'I-Subsumtion', 'I-Subsumtion', 'I-Subsumtion', 'I-Subsumtion', 'I-Subsumtion', 'I-Subsumtion', 'I-Subsumtion', 'I-Subsumtion', 'I-Subsumtion', 'I-Subsumtion', 'I-Subsumtion', 'I-Subsumtion', 'I-Subsumtion']
"['79', '.', 'Turning', 'to', 'the', 'particular', 'circumstances', 'of', 'the', 'case', ',', 'the', 'Court', 'notes', 'that', 'in', 'the', 'proceedings', 'dealing', 'with', 'the', 'applicant', ""'s"", 'request', 'for', 'return', 'the', 'children', ',', 'it', 'took', 'the', 'District', 'Court', 'almost', 'two', 'months', ',', 'between', '6', 'December', '1999', 'and', '2', 'February', '2000', ',', 'to', 'obtain', 'a', 'six', '-', 'page', 'expert', 'opinion', '(', 'see', 'paragraphs', '22', 'and', '26', 'above', ')', '.', 'What', 'is', 'more', ',', 'between', '2', 'March', 'and', '30', 'May', '2000', 'no', 'hearing', 'was', 'held', 'as', 'the', 'case', 'lay', 'apparently', 'dormant', 'before', 'the', 'appellate', 'court', '(', 'see', 'paragraphs', '28', 'and', '31', 'above', ')', '.', 'The', 'Court', 'considers', 'that', 'no', 'satisfactory', 'explanation', 'has', 'been', 'put', 'forward', 'to', 'justify', 'those', 'delays', '.']"	['O', 'O', 'B-Subsumtion', 'I-Subsumtion', 'I-Subsumtion', 'I-Subsumtion', 'I-Subsumtion', 'I-Subsumtion', 'I-Subsumtion', 'I-Subsumtion', 'I-Subsumtion', 'I-Subsumtion', 'I-Subsumtion', 'I-Subsumtion', 'I-Subsumtion', 'I-Subsumtion', 'I-Subsumtion', 'I-Subsumtion', 'I-Subsumtion', 'I-Subsumtion', 'I-Subsumtion', 'I-Subsumtion', 'I-Subsumtion', 'I-Subsumtion', 'I-Subsumtion', 'I-Subsumtion', 'I-Subsumtion', 'I-Subsumtion', 'I-Subsumtion', 'I-Subsumtion', 'I-Subsumtion', 'I-Subsumtion', 'I-Subsumtion', 'I-Subsumtion', 'I-Subsumtion', 'I-Subsumtion', 'I-Subsumtion', 'I-Subsumtion', 'I-Subsumtion', 'I-Subsumtion', 'I-Subsumtion', 'I-Subsumtion', 'I-Subsumtion', 'I-Subsumtion', 'I-Subsumtion', 'I-Subsumtion', 'I-Subsumtion', 'I-Subsumtion', 'I-Subsumtion', 'I-Subsumtion', 'I-Subsumtion', 'I-Subsumtion', 'I-Subsumtion', 'I-Subsumtion', 'I-Subsumtion', 'I-Subsumtion', 'I-Subsumtion', 'I-Subsumtion', 'I-Subsumtion', 'I-Subsumtion', 'I-Subsumtion', 'I-Subsumtion', 'I-Subsumtion', 'I-Subsumtion', 'I-Subsumtion', 'I-Subsumtion', 'I-Subsumtion', 'I-Subsumtion', 'I-Subsumtion', 'I-Subsumtion', 'I-Subsumtion', 'I-Subsumtion', 'I-Subsumtion', 'I-Subsumtion', 'I-Subsumtion', 'I-Subsumtion', 'I-Subsumtion', 'I-Subsumtion', 'I-Subsumtion', 'I-Subsumtion', 'I-Subsumtion', 'I-Subsumtion', 'I-Subsumtion', 'I-Subsumtion', 'I-Subsumtion', 'I-Subsumtion', 'I-Subsumtion', 'I-Subsumtion', 'I-Subsumtion', 'I-Subsumtion', 'I-Subsumtion', 'I-Subsumtion', 'I-Subsumtion', 'I-Subsumtion', 'I-Subsumtion', 'I-Subsumtion', 'I-Subsumtion', 'I-Subsumtion', 'I-Subsumtion', 'I-Subsumtion', 'I-Subsumtion', 'I-Subsumtion', 'I-Subsumtion', 'I-Subsumtion', 'I-Subsumtion', 'I-Subsumtion', 'I-Subsumtion', 'I-Subsumtion', 'I-Subsumtion', 'I-Subsumtion', 'I-Subsumtion', 'I-Subsumtion', 'I-Subsumtion', 'I-Subsumtion']
"['80', '.', 'With', 'regard', 'to', 'the', 'enforcement', 'stage', 'the', 'Court', 'also', 'discerns', 'several', 'periods', 'of', 'inactivity', ',', 'in', 'particular', 'after', 'the', 'first', 'unsuccessful', 'enforcement', 'attempt', 'of', '19', 'April', '2001', 'when', 'M.C.', 'changed', 'her', 'whereabouts', 'with', 'the', 'aim', 'of', 'defying', 'the', 'execution', 'of', 'the', 'return', 'order', '.', 'Thereafter', ',', 'until', '9', 'July', '2002', ',', 'when', 'the', 'first', 'child', 'was', 'found', 'as', 'a', 'result', 'of', 'information', 'provided', 'by', 'S.C.', ',', 'the', 'authorities', 'took', 'only', 'one', 'procedural', 'decision', ',', 'on', '14', 'December', '2001', '(', 'see', 'paragraphs', '46', ',', '51', 'and', '53', 'above', ')', '.', 'It', 'appears', 'that', 'during', 'that', 'time', 'the', 'authorities', 'failed', 'to', 'take', 'any', 'steps', 'to', 'facilitate', 'execution', 'of', 'the', 'order', '.', 'In', 'particular', ',', 'they', 'did', 'not', 'act', 'on', 'the', 'information', 'given', 'on', '31', 'August', '2001', 'by', 'the', 'Norwegian', 'Central', 'Authority', 'which', 'provided', 'them', 'with', 'details', 'of', 'M.C.', ""'s"", 'bank', 'account', 'held', 'in', 'Warsaw', 'where', 'she', 'was', 'receiving', 'her', 'pension', 'from', 'Norway', '.', 'Instead', ',', 'but', 'only', 'on', '29', 'January', '2003', ',', 'the', 'Warsaw', 'District', 'Court', 'asked', 'the', 'Social', 'Security', 'Board', 'where', 'M.C.', 'had', 'been', 'collecting', 'her', 'pension', '.']"	['O', 'O', 'B-Subsumtion', 'I-Subsumtion', 'I-Subsumtion', 'I-Subsumtion', 'I-Subsumtion', 'I-Subsumtion', 'I-Subsumtion', 'I-Subsumtion', 'I-Subsumtion', 'I-Subsumtion', 'I-Subsumtion', 'I-Subsumtion', 'I-Subsumtion', 'I-Subsumtion', 'I-Subsumtion', 'I-Subsumtion', 'I-Subsumtion', 'I-Subsumtion', 'I-Subsumtion', 'I-Subsumtion', 'I-Subsumtion', 'I-Subsumtion', 'I-Subsumtion', 'I-Subsumtion', 'I-Subsumtion', 'I-Subsumtion', 'I-Subsumtion', 'I-Subsumtion', 'I-Subsumtion', 'I-Subsumtion', 'I-Subsumtion', 'I-Subsumtion', 'I-Subsumtion', 'I-Subsumtion', 'I-Subsumtion', 'I-Subsumtion', 'I-Subsumtion', 'I-Subsumtion', 'I-Subsumtion', 'I-Subsumtion', 'I-Subsumtion', 'I-Subsumtion', 'I-Subsumtion', 'I-Subsumtion', 'I-Subsumtion', 'I-Subsumtion', 'I-Subsumtion', 'I-Subsumtion', 'I-Subsumtion', 'I-Subsumtion', 'I-Subsumtion', 'I-Subsumtion', 'I-Subsumtion', 'I-Subsumtion', 'I-Subsumtion', 'I-Subsumtion', 'I-Subsumtion', 'I-Subsumtion', 'I-Subsumtion', 'I-Subsumtion', 'I-Subsumtion', 'I-Subsumtion', 'I-Subsumtion', 'I-Subsumtion', 'I-Subsumtion', 'I-Subsumtion', 'I-Subsumtion', 'I-Subsumtion', 'I-Subsumtion', 'I-Subsumtion', 'I-Subsumtion', 'I-Subsumtion', 'I-Subsumtion', 'I-Subsumtion', 'I-Subsumtion', 'I-Subsumtion', 'I-Subsumtion', 'I-Subsumtion', 'I-Subsumtion', 'I-Subsumtion', 'I-Subsumtion', 'I-Subsumtion', 'I-Subsumtion', 'I-Subsumtion', 'I-Subsumtion', 'I-Subsumtion', 'I-Subsumtion', 'I-Subsumtion', 'I-Subsumtion', 'I-Subsumtion', 'I-Subsumtion', 'I-Subsumtion', 'I-Subsumtion', 'I-Subsumtion', 'I-Subsumtion', 'I-Subsumtion', 'I-Subsumtion', 'I-Subsumtion', 'I-Subsumtion', 'I-Subsumtion', 'I-Subsumtion', 'I-Subsumtion', 'I-Subsumtion', 'I-Subsumtion', 'I-Subsumtion', 'I-Subsumtion', 'I-Subsumtion', 'I-Subsumtion', 'I-Subsumtion', 'I-Subsumtion', 'I-Subsumtion', 'I-Subsumtion', 'I-Subsumtion', 'I-Subsumtion', 'I-Subsumtion', 'I-Subsumtion', 'I-Subsumtion', 'I-Subsumtion', 'I-Subsumtion', 'I-Subsumtion', 'I-Subsumtion', 'I-Subsumtion', 'I-Subsumtion', 'I-Subsumtion', 'I-Subsumtion', 'I-Subsumtion', 'I-Subsumtion', 'I-Subsumtion', 'I-Subsumtion', 'I-Subsumtion', 'I-Subsumtion', 'I-Subsumtion', 'I-Subsumtion', 'I-Subsumtion', 'I-Subsumtion', 'I-Subsumtion', 'I-Subsumtion', 'I-Subsumtion', 'I-Subsumtion', 'I-Subsumtion', 'I-Subsumtion', 'I-Subsumtion', 'I-Subsumtion', 'I-Subsumtion', 'I-Subsumtion', 'I-Subsumtion', 'I-Subsumtion', 'I-Subsumtion', 'I-Subsumtion', 'I-Subsumtion', 'I-Subsumtion', 'I-Subsumtion', 'I-Subsumtion', 'I-Subsumtion', 'I-Subsumtion', 'I-Subsumtion', 'I-Subsumtion', 'I-Subsumtion', 'I-Subsumtion', 'I-Subsumtion', 'I-Subsumtion', 'I-Subsumtion', 'I-Subsumtion', 'I-Subsumtion', 'I-Subsumtion', 'I-Subsumtion', 'I-Subsumtion', 'I-Subsumtion', 'I-Subsumtion', 'I-Subsumtion', 'I-Subsumtion', 'I-Subsumtion', 'I-Subsumtion', 'I-Subsumtion', 'I-Subsumtion', 'I-Subsumtion', 'I-Subsumtion']
['Moreover', ',', 'there', 'is', 'no', 'explanation', 'for', 'the', 'periods', 'of', 'inactivity', 'between', '10', 'July', 'and', '9', 'September', '2002', 'and', 'between', '28', 'October', '2002', 'and', '23', 'January', '2003', '.']	['I-Subsumtion', 'I-Subsumtion', 'I-Subsumtion', 'I-Subsumtion', 'I-Subsumtion', 'I-Subsumtion', 'I-Subsumtion', 'I-Subsumtion', 'I-Subsumtion', 'I-Subsumtion', 'I-Subsumtion', 'I-Subsumtion', 'I-Subsumtion', 'I-Subsumtion', 'I-Subsumtion', 'I-Subsumtion', 'I-Subsumtion', 'I-Subsumtion', 'I-Subsumtion', 'I-Subsumtion', 'I-Subsumtion', 'I-Subsumtion', 'I-Subsumtion', 'I-Subsumtion', 'I-Subsumtion', 'I-Subsumtion', 'I-Subsumtion', 'I-Subsumtion']
['81', '.', 'The', 'Court', 'considers', 'that', 'these', 'periods', 'of', 'inactivity', 'ranged', 'from', 'eight', 'to', 'twelve', 'weeks', 'and', 'in', 'the', 'particular', 'circumstances', 'of', 'the', 'case', 'they', 'must', 'be', 'regarded', 'as', 'important', 'ones', '.']	['O', 'O', 'B-Subsumtion', 'I-Subsumtion', 'I-Subsumtion', 'I-Subsumtion', 'I-Subsumtion', 'I-Subsumtion', 'I-Subsumtion', 'I-Subsumtion', 'I-Subsumtion', 'I-Subsumtion', 'I-Subsumtion', 'I-Subsumtion', 'I-Subsumtion', 'I-Subsumtion', 'I-Subsumtion', 'I-Subsumtion', 'I-Subsumtion', 'I-Subsumtion', 'I-Subsumtion', 'I-Subsumtion', 'I-Subsumtion', 'I-Subsumtion', 'I-Subsumtion', 'I-Subsumtion', 'I-Subsumtion', 'I-Subsumtion', 'I-Subsumtion', 'I-Subsumtion', 'I-Subsumtion', 'I-Subsumtion']
"['82', '.', 'The', 'Government', 'maintained', 'that', 'the', 'enforcement', 'of', 'the', 'order', 'was', 'hindered', 'by', 'M.C', 'who', 'went', 'into', 'hiding', 'with', 'the', 'children', '.', 'In', 'this', 'connection', 'the', 'Court', 'observes', 'that', 'no', 'measure', 'was', 'taken', 'by', 'the', 'authorities', 'to', 'prevent', 'this', 'from', 'happening', '.', 'The', 'domestic', 'courts', 'ignored', 'warnings', 'that', 'M.C.', 'might', 'hide', 'the', 'children', 'made', 'by', 'the', 'applicant', 'at', 'the', 'hearing', 'held', 'on', '2', 'March', '2000', 'and', 'by', 'M.C.', ""'s"", 'lawyer', 'at', 'the', 'hearing', 'of', '4', 'July', '2000', '.', 'The', 'bailiff', 'also', 'failed', 'to', 'speed', 'up', 'the', 'enforcement', 'of', 'the', 'court', ""'s"", 'order', 'to', 'remove', 'the', 'children', 'by', 'force', 'scheduled', 'for', '19', 'April', '2001', 'despite', 'the', 'statement', 'made', 'by', 'the', 'District', 'Committee', 'that', 'they', 'would', 'warn', 'M.C.', 'about', 'it', '.']"	['O', 'O', 'B-Subsumtion', 'I-Subsumtion', 'I-Subsumtion', 'I-Subsumtion', 'I-Subsumtion', 'I-Subsumtion', 'I-Subsumtion', 'I-Subsumtion', 'I-Subsumtion', 'I-Subsumtion', 'I-Subsumtion', 'I-Subsumtion', 'I-Subsumtion', 'I-Subsumtion', 'I-Subsumtion', 'I-Subsumtion', 'I-Subsumtion', 'I-Subsumtion', 'I-Subsumtion', 'I-Subsumtion', 'I-Subsumtion', 'B-Subsumtion', 'I-Subsumtion', 'I-Subsumtion', 'I-Subsumtion', 'I-Subsumtion', 'I-Subsumtion', 'I-Subsumtion', 'I-Subsumtion', 'I-Subsumtion', 'I-Subsumtion', 'I-Subsumtion', 'I-Subsumtion', 'I-Subsumtion', 'I-Subsumtion', 'I-Subsumtion', 'I-Subsumtion', 'I-Subsumtion', 'I-Subsumtion', 'I-Subsumtion', 'I-Subsumtion', 'I-Subsumtion', 'I-Subsumtion', 'I-Subsumtion', 'I-Subsumtion', 'I-Subsumtion', 'I-Subsumtion', 'I-Subsumtion', 'I-Subsumtion', 'I-Subsumtion', 'I-Subsumtion', 'I-Subsumtion', 'I-Subsumtion', 'I-Subsumtion', 'I-Subsumtion', 'I-Subsumtion', 'I-Subsumtion', 'I-Subsumtion', 'I-Subsumtion', 'I-Subsumtion', 'I-Subsumtion', 'I-Subsumtion', 'I-Subsumtion', 'I-Subsumtion', 'I-Subsumtion', 'I-Subsumtion', 'I-Subsumtion', 'I-Subsumtion', 'I-Subsumtion', 'I-Subsumtion', 'I-Subsumtion', 'I-Subsumtion', 'I-Subsumtion', 'I-Subsumtion', 'I-Subsumtion', 'I-Subsumtion', 'I-Subsumtion', 'I-Subsumtion', 'I-Subsumtion', 'I-Subsumtion', 'I-Subsumtion', 'I-Subsumtion', 'I-Subsumtion', 'I-Subsumtion', 'I-Subsumtion', 'I-Subsumtion', 'I-Subsumtion', 'I-Subsumtion', 'I-Subsumtion', 'I-Subsumtion', 'I-Subsumtion', 'I-Subsumtion', 'I-Subsumtion', 'I-Subsumtion', 'I-Subsumtion', 'I-Subsumtion', 'I-Subsumtion', 'I-Subsumtion', 'I-Subsumtion', 'I-Subsumtion', 'I-Subsumtion', 'I-Subsumtion', 'I-Subsumtion', 'I-Subsumtion', 'I-Subsumtion', 'I-Subsumtion', 'I-Subsumtion', 'I-Subsumtion', 'I-Subsumtion', 'I-Subsumtion', 'I-Subsumtion', 'I-Subsumtion', 'I-Subsumtion', 'I-Subsumtion', 'I-Subsumtion', 'I-Subsumtion', 'I-Subsumtion', 'I-Subsumtion']
"['83', '.', 'Having', 'regard', 'to', 'the', 'foregoing', ',', 'and', 'notwithstanding', 'the', 'respondent', 'State', ""'s"", 'margin', 'of', 'appreciation', 'in', 'the', 'matter', ',', 'the', 'Court', 'concludes', 'that', 'the', 'Polish', 'authorities', 'failed', 'to', 'make', 'adequate', 'and', 'effective', 'efforts', 'to', 'enforce', 'the', 'applicant', ""'s"", 'right', 'to', 'the', 'return', 'of', 'his', 'children', 'and', 'thereby', 'breached', 'his', 'right', 'to', 'respect', 'for', 'his', 'family', 'life', ',', 'as', 'guaranteed', 'by', 'Article', '8', '.']"	['O', 'O', 'B-Subsumtion', 'I-Subsumtion', 'I-Subsumtion', 'I-Subsumtion', 'I-Subsumtion', 'I-Subsumtion', 'I-Subsumtion', 'I-Subsumtion', 'I-Subsumtion', 'I-Subsumtion', 'I-Subsumtion', 'I-Subsumtion', 'I-Subsumtion', 'I-Subsumtion', 'I-Subsumtion', 'I-Subsumtion', 'I-Subsumtion', 'I-Subsumtion', 'I-Subsumtion', 'I-Subsumtion', 'I-Subsumtion', 'I-Subsumtion', 'I-Subsumtion', 'I-Subsumtion', 'I-Subsumtion', 'I-Subsumtion', 'I-Subsumtion', 'I-Subsumtion', 'I-Subsumtion', 'I-Subsumtion', 'I-Subsumtion', 'I-Subsumtion', 'I-Subsumtion', 'I-Subsumtion', 'I-Subsumtion', 'I-Subsumtion', 'I-Subsumtion', 'I-Subsumtion', 'I-Subsumtion', 'I-Subsumtion', 'I-Subsumtion', 'I-Subsumtion', 'I-Subsumtion', 'I-Subsumtion', 'I-Subsumtion', 'I-Subsumtion', 'I-Subsumtion', 'I-Subsumtion', 'I-Subsumtion', 'I-Subsumtion', 'I-Subsumtion', 'I-Subsumtion', 'I-Subsumtion', 'I-Subsumtion', 'I-Subsumtion', 'I-Subsumtion', 'I-Subsumtion', 'I-Subsumtion', 'I-Subsumtion', 'I-Subsumtion', 'I-Subsumtion', 'I-Subsumtion', 'I-Subsumtion']
['There', 'has', 'consequently', 'been', 'a', 'violation', 'of', 'Article', '8', 'of', 'the', 'Convention', '.']	['B-Entscheidung des EGMR', 'I-Entscheidung des EGMR', 'I-Entscheidung des EGMR', 'I-Entscheidung des EGMR', 'I-Entscheidung des EGMR', 'I-Entscheidung des EGMR', 'I-Entscheidung des EGMR', 'I-Entscheidung des EGMR', 'I-Entscheidung des EGMR', 'I-Entscheidung des EGMR', 'I-Entscheidung des EGMR', 'I-Entscheidung des EGMR', 'I-Entscheidung des EGMR']
['II', '.', 'ALLEGED', 'VIOLATION', 'OF', 'ARTICLE', '6', '§', '1', 'OF', 'THE', 'CONVENTION']	['O', 'O', 'O', 'O', 'O', 'O', 'O', 'O', 'O', 'O', 'O', 'O']
['84', '.', 'The', 'applicant', 'complained', 'that', 'the', 'unreasonable', 'length', 'of', 'the', 'proceedings', 'concerning', 'the', 'return', 'of', 'his', 'children', 'breached', 'Article', '6', '§', '1', 'which', ',', 'in', 'so', 'far', 'as', 'relevant', ',', 'provides', ':']	['O', 'O', 'B-Subsumtion', 'I-Subsumtion', 'I-Subsumtion', 'I-Subsumtion', 'I-Subsumtion', 'I-Subsumtion', 'I-Subsumtion', 'I-Subsumtion', 'I-Subsumtion', 'I-Subsumtion', 'I-Subsumtion', 'I-Subsumtion', 'I-Subsumtion', 'I-Subsumtion', 'I-Subsumtion', 'I-Subsumtion', 'I-Subsumtion', 'I-Subsumtion', 'I-Subsumtion', 'I-Subsumtion', 'I-Subsumtion', 'I-Subsumtion', 'I-Subsumtion', 'I-Subsumtion', 'I-Subsumtion', 'I-Subsumtion', 'I-Subsumtion', 'I-Subsumtion', 'I-Subsumtion', 'I-Subsumtion', 'I-Subsumtion']
['“', 'In', 'the', 'determination', 'of', 'his', 'civil', 'rights', 'and', 'obligations', '...', ',', 'everyone', 'is', 'entitled', 'to', 'a', '...', 'hearing', 'within', 'a', 'reasonable', 'time', 'by', '[', 'a', ']', '...', 'tribunal', '...', '”']	['O', 'O', 'O', 'O', 'O', 'O', 'O', 'O', 'O', 'O', 'O', 'O', 'O', 'O', 'O', 'O', 'O', 'O', 'O', 'O', 'O', 'O', 'O', 'O', 'O', 'O', 'O', 'O', 'O', 'O', 'O']
"['A.', 'The', 'parties', ""'"", 'submissions']"	['O', 'O', 'O', 'O', 'O']
['1', '.', 'The', 'applicant']	['O', 'O', 'O', 'O']
['85', '.', 'According', 'to', 'the', 'applicant', ',', 'the', 'length', 'of', 'the', 'proceedings', 'was', 'in', 'breach', 'of', 'the', '“', 'reasonable', 'time', '”', 'requirement', 'laid', 'down', 'in', 'Article', '6', '§', '1', 'of', 'the', 'Convention', '.', 'He', 'submitted', 'that', 'in', 'August', '1999', 'he', 'had', 'lodged', 'his', 'request', 'under', 'the', 'Hague', 'Convention', 'which', 'had', 'as', 'its', 'purpose', 'the', 'prompt', 'return', 'of', 'the', 'abducted', 'children', '.', 'However', ',', 'the', 'Polish', 'authorities', 'failed', 'to', 'swiftly', 'reunite', 'him', 'with', 'his', 'children', 'and', 'overlooked', 'what', 'was', 'at', 'stake', 'in', 'the', 'proceedings', '.']	['O', 'O', 'B-Subsumtion', 'I-Subsumtion', 'I-Subsumtion', 'I-Subsumtion', 'I-Subsumtion', 'I-Subsumtion', 'I-Subsumtion', 'I-Subsumtion', 'I-Subsumtion', 'I-Subsumtion', 'I-Subsumtion', 'I-Subsumtion', 'I-Subsumtion', 'I-Subsumtion', 'I-Subsumtion', 'I-Subsumtion', 'I-Subsumtion', 'I-Subsumtion', 'I-Subsumtion', 'I-Subsumtion', 'I-Subsumtion', 'I-Subsumtion', 'I-Subsumtion', 'I-Subsumtion', 'I-Subsumtion', 'I-Subsumtion', 'I-Subsumtion', 'I-Subsumtion', 'I-Subsumtion', 'I-Subsumtion', 'I-Subsumtion', 'I-Subsumtion', 'I-Subsumtion', 'I-Subsumtion', 'I-Subsumtion', 'I-Subsumtion', 'I-Subsumtion', 'I-Subsumtion', 'I-Subsumtion', 'I-Subsumtion', 'I-Subsumtion', 'I-Subsumtion', 'I-Subsumtion', 'I-Subsumtion', 'I-Subsumtion', 'I-Subsumtion', 'I-Subsumtion', 'I-Subsumtion', 'I-Subsumtion', 'I-Subsumtion', 'I-Subsumtion', 'I-Subsumtion', 'I-Subsumtion', 'I-Subsumtion', 'I-Subsumtion', 'I-Subsumtion', 'I-Subsumtion', 'I-Subsumtion', 'I-Subsumtion', 'I-Subsumtion', 'I-Subsumtion', 'I-Subsumtion', 'I-Subsumtion', 'I-Subsumtion', 'I-Subsumtion', 'I-Subsumtion', 'I-Subsumtion', 'I-Subsumtion', 'I-Subsumtion', 'I-Subsumtion', 'I-Subsumtion', 'I-Subsumtion', 'I-Subsumtion', 'I-Subsumtion', 'I-Subsumtion', 'I-Subsumtion', 'I-Subsumtion', 'I-Subsumtion', 'I-Subsumtion', 'I-Subsumtion', 'I-Subsumtion', 'I-Subsumtion']
"['86', '.', 'The', 'applicant', 'pointed', 'to', 'several', 'periods', 'of', 'inactivity', 'for', 'which', 'the', 'authorities', 'conducting', 'the', 'proceedings', 'should', 'be', 'held', 'responsible', '.', 'In', 'particular', ',', 'it', 'took', 'the', 'Regional', 'Court', 'twelve', 'weeks', 'to', 'dismiss', 'MC', ""'s"", 'appeal', 'against', 'the', 'decision', 'of', '2', 'March', '2000', '.', 'Moreover', ',', 'in', 'the', 'subsequent', 'enforcement', 'proceedings', 'the', 'bailiff', 'failed', 'to', 'act', 'with', 'the', 'exceptional', 'diligence', 'required', 'in', 'such', 'cases', ',', 'particularly', 'after', 'M.C.', 'and', 'her', 'lawyer', 'had', 'declared', 'at', 'the', 'hearing', 'on', '4', 'July', '2001', 'that', 'the', 'children', 'would', 'be', 'hidden', '.']"	['O', 'O', 'B-Subsumtion', 'I-Subsumtion', 'I-Subsumtion', 'I-Subsumtion', 'I-Subsumtion', 'I-Subsumtion', 'I-Subsumtion', 'I-Subsumtion', 'I-Subsumtion', 'I-Subsumtion', 'I-Subsumtion', 'I-Subsumtion', 'I-Subsumtion', 'I-Subsumtion', 'I-Subsumtion', 'I-Subsumtion', 'I-Subsumtion', 'I-Subsumtion', 'I-Subsumtion', 'I-Subsumtion', 'I-Subsumtion', 'I-Subsumtion', 'I-Subsumtion', 'I-Subsumtion', 'I-Subsumtion', 'I-Subsumtion', 'I-Subsumtion', 'I-Subsumtion', 'I-Subsumtion', 'I-Subsumtion', 'I-Subsumtion', 'I-Subsumtion', 'I-Subsumtion', 'I-Subsumtion', 'I-Subsumtion', 'I-Subsumtion', 'I-Subsumtion', 'I-Subsumtion', 'I-Subsumtion', 'I-Subsumtion', 'I-Subsumtion', 'I-Subsumtion', 'I-Subsumtion', 'I-Subsumtion', 'I-Subsumtion', 'I-Subsumtion', 'I-Subsumtion', 'I-Subsumtion', 'I-Subsumtion', 'I-Subsumtion', 'I-Subsumtion', 'I-Subsumtion', 'I-Subsumtion', 'I-Subsumtion', 'I-Subsumtion', 'I-Subsumtion', 'I-Subsumtion', 'I-Subsumtion', 'I-Subsumtion', 'I-Subsumtion', 'I-Subsumtion', 'I-Subsumtion', 'I-Subsumtion', 'I-Subsumtion', 'I-Subsumtion', 'I-Subsumtion', 'I-Subsumtion', 'I-Subsumtion', 'I-Subsumtion', 'I-Subsumtion', 'I-Subsumtion', 'I-Subsumtion', 'I-Subsumtion', 'I-Subsumtion', 'I-Subsumtion', 'I-Subsumtion', 'I-Subsumtion', 'I-Subsumtion', 'I-Subsumtion', 'I-Subsumtion', 'I-Subsumtion', 'I-Subsumtion', 'I-Subsumtion', 'I-Subsumtion', 'I-Subsumtion', 'I-Subsumtion']
['2', '.', 'The', 'Government']	['O', 'O', 'O', 'O']
"['87', '.', 'The', 'Government', 'disagreed', 'with', 'the', 'applicant', 'and', 'submitted', 'that', 'the', 'length', 'of', 'the', 'case', 'was', 'reasonable', '.', 'The', 'overall', 'length', 'of', 'the', 'proceedings', 'of', 'three', 'years', 'and', 'over', 'seven', 'months', 'could', 'be', 'explained', 'by', 'the', 'circumstances', 'of', 'the', 'case', ',', 'in', 'particular', ',', 'by', 'its', 'complexity', '.', 'In', 'the', 'Government', ""'s"", 'opinion', ',', 'proceedings', 'concerning', 'the', 'abduction', 'of', 'children', 'normally', 'raise', 'very', 'complex', 'issues', 'of', 'law', 'and', 'fact', '.']"	['O', 'O', 'B-Subsumtion', 'I-Subsumtion', 'I-Subsumtion', 'I-Subsumtion', 'I-Subsumtion', 'I-Subsumtion', 'I-Subsumtion', 'I-Subsumtion', 'I-Subsumtion', 'I-Subsumtion', 'I-Subsumtion', 'I-Subsumtion', 'I-Subsumtion', 'I-Subsumtion', 'I-Subsumtion', 'I-Subsumtion', 'I-Subsumtion', 'I-Subsumtion', 'I-Subsumtion', 'I-Subsumtion', 'I-Subsumtion', 'I-Subsumtion', 'I-Subsumtion', 'I-Subsumtion', 'I-Subsumtion', 'I-Subsumtion', 'I-Subsumtion', 'I-Subsumtion', 'I-Subsumtion', 'I-Subsumtion', 'I-Subsumtion', 'I-Subsumtion', 'I-Subsumtion', 'I-Subsumtion', 'I-Subsumtion', 'I-Subsumtion', 'I-Subsumtion', 'I-Subsumtion', 'I-Subsumtion', 'I-Subsumtion', 'I-Subsumtion', 'I-Subsumtion', 'I-Subsumtion', 'I-Subsumtion', 'I-Subsumtion', 'I-Subsumtion', 'I-Subsumtion', 'I-Subsumtion', 'I-Subsumtion', 'I-Subsumtion', 'I-Subsumtion', 'I-Subsumtion', 'I-Subsumtion', 'I-Subsumtion', 'I-Subsumtion', 'I-Subsumtion', 'I-Subsumtion', 'I-Subsumtion', 'I-Subsumtion', 'I-Subsumtion', 'I-Subsumtion', 'I-Subsumtion', 'I-Subsumtion', 'I-Subsumtion', 'I-Subsumtion', 'I-Subsumtion', 'I-Subsumtion', 'I-Subsumtion', 'I-Subsumtion']
['88', '.', 'The', 'Government', 'acknowledged', 'that', 'the', 'applicant', 'had', 'not', 'contributed', 'to', 'the', 'length', 'of', 'the', 'proceedings', '.', 'It', 'was', 'M.C.', 'who', 'bore', 'the', 'responsibility', 'for', 'prolongation', 'of', 'the', 'proceedings', 'as', 'she', 'had', 'taken', 'many', 'legal', 'and', 'illegal', 'steps', 'in', 'order', 'to', 'prevent', 'the', 'return', 'of', 'the', 'children', 'to', 'their', 'father', '.']	['O', 'O', 'B-Subsumtion', 'I-Subsumtion', 'I-Subsumtion', 'I-Subsumtion', 'I-Subsumtion', 'I-Subsumtion', 'I-Subsumtion', 'I-Subsumtion', 'I-Subsumtion', 'I-Subsumtion', 'I-Subsumtion', 'I-Subsumtion', 'I-Subsumtion', 'I-Subsumtion', 'I-Subsumtion', 'I-Subsumtion', 'I-Subsumtion', 'I-Subsumtion', 'I-Subsumtion', 'I-Subsumtion', 'I-Subsumtion', 'I-Subsumtion', 'I-Subsumtion', 'I-Subsumtion', 'I-Subsumtion', 'I-Subsumtion', 'I-Subsumtion', 'I-Subsumtion', 'I-Subsumtion', 'I-Subsumtion', 'I-Subsumtion', 'I-Subsumtion', 'I-Subsumtion', 'I-Subsumtion', 'I-Subsumtion', 'I-Subsumtion', 'I-Subsumtion', 'I-Subsumtion', 'I-Subsumtion', 'I-Subsumtion', 'I-Subsumtion', 'I-Subsumtion', 'I-Subsumtion', 'I-Subsumtion', 'I-Subsumtion', 'I-Subsumtion', 'I-Subsumtion', 'I-Subsumtion', 'I-Subsumtion', 'I-Subsumtion']
"['89', '.', 'As', 'regards', 'the', 'conduct', 'of', 'the', 'domestic', 'authorities', ',', 'the', 'Government', 'submitted', 'that', 'there', 'were', 'no', 'significant', 'periods', 'of', 'inactivity', 'attributable', 'to', 'the', 'domestic', 'authorities', '.', 'In', 'the', 'Government', ""'s"", 'opinion', 'the', 'courts', 'dealing', 'with', 'the', 'request', 'to', 'return', 'the', 'children', 'to', 'Norway', 'acted', 'with', 'due', 'diligence', 'and', 'speedily', '.', 'They', 'admitted', 'that', 'certain', 'delays', 'had', 'occurred', 'at', 'the', 'enforcement', 'stage', '.', 'However', ',', 'the', 'authorities', ',', 'in', 'particular', 'the', 'court', ""'s"", 'bailiff', ',', 'could', 'not', 'be', 'held', 'responsible', 'for', 'those', 'delays', '.']"	['O', 'O', 'B-Subsumtion', 'I-Subsumtion', 'I-Subsumtion', 'I-Subsumtion', 'I-Subsumtion', 'I-Subsumtion', 'I-Subsumtion', 'I-Subsumtion', 'I-Subsumtion', 'I-Subsumtion', 'I-Subsumtion', 'I-Subsumtion', 'I-Subsumtion', 'I-Subsumtion', 'I-Subsumtion', 'I-Subsumtion', 'I-Subsumtion', 'I-Subsumtion', 'I-Subsumtion', 'I-Subsumtion', 'I-Subsumtion', 'I-Subsumtion', 'I-Subsumtion', 'I-Subsumtion', 'I-Subsumtion', 'I-Subsumtion', 'I-Subsumtion', 'I-Subsumtion', 'I-Subsumtion', 'I-Subsumtion', 'I-Subsumtion', 'I-Subsumtion', 'I-Subsumtion', 'I-Subsumtion', 'I-Subsumtion', 'I-Subsumtion', 'I-Subsumtion', 'I-Subsumtion', 'I-Subsumtion', 'I-Subsumtion', 'I-Subsumtion', 'I-Subsumtion', 'I-Subsumtion', 'I-Subsumtion', 'I-Subsumtion', 'I-Subsumtion', 'I-Subsumtion', 'I-Subsumtion', 'I-Subsumtion', 'I-Subsumtion', 'I-Subsumtion', 'I-Subsumtion', 'I-Subsumtion', 'I-Subsumtion', 'I-Subsumtion', 'I-Subsumtion', 'I-Subsumtion', 'I-Subsumtion', 'I-Subsumtion', 'I-Subsumtion', 'I-Subsumtion', 'I-Subsumtion', 'I-Subsumtion', 'I-Subsumtion', 'I-Subsumtion', 'I-Subsumtion', 'I-Subsumtion', 'I-Subsumtion', 'I-Subsumtion', 'I-Subsumtion', 'I-Subsumtion', 'I-Subsumtion', 'I-Subsumtion', 'I-Subsumtion', 'I-Subsumtion', 'I-Subsumtion', 'I-Subsumtion', 'I-Subsumtion', 'I-Subsumtion', 'I-Subsumtion', 'I-Subsumtion', 'I-Subsumtion', 'I-Subsumtion']
"['B.', 'The', 'Court', ""'s"", 'assessment']"	['O', 'O', 'O', 'O', 'O']
['90', '.', 'The', 'Court', 'reiterates', 'that', 'the', 'reasonableness', 'of', 'the', 'length', 'of', 'proceedings', 'must', 'be', 'assessed', 'in', 'the', 'light', 'of', 'the', 'circumstances', 'of', 'the', 'case', 'and', 'with', 'reference', 'to', 'the', 'criteria', 'established', 'by', 'its', 'case', '-', 'law', ',', 'particularly', 'the', 'complexity', 'of', 'the', 'case', ',', 'the', 'conduct', 'of', 'the', 'applicant', 'and', 'of', 'the', 'relevant', 'authorities', 'and', 'what', 'was', 'at', 'stake', 'for', 'the', 'applicant', 'in', 'the', 'dispute', '(', 'see', ',', 'among', 'many', 'other', 'authorities', ',', 'Frydlender', 'v.', 'France', '[', 'GC', ']', ',', 'no', '.', '30979/96', ',', '§', '43', ',', 'ECHR', '2000', '-', 'VII', ',', 'Humen', 'v.', 'Poland', '[', 'GC', ']', ',', '§', '60', ',', 'no', '.', '26614/95', ',', '15', 'October', '1999', ')', '.']	['O', 'O', 'B-Vorherige Rechtsprechung des EGMR', 'I-Vorherige Rechtsprechung des EGMR', 'I-Vorherige Rechtsprechung des EGMR', 'I-Vorherige Rechtsprechung des EGMR', 'I-Vorherige Rechtsprechung des EGMR', 'I-Vorherige Rechtsprechung des EGMR', 'I-Vorherige Rechtsprechung des EGMR', 'I-Vorherige Rechtsprechung des EGMR', 'I-Vorherige Rechtsprechung des EGMR', 'I-Vorherige Rechtsprechung des EGMR', 'I-Vorherige Rechtsprechung des EGMR', 'I-Vorherige Rechtsprechung des EGMR', 'I-Vorherige Rechtsprechung des EGMR', 'I-Vorherige Rechtsprechung des EGMR', 'I-Vorherige Rechtsprechung des EGMR', 'I-Vorherige Rechtsprechung des EGMR', 'I-Vorherige Rechtsprechung des EGMR', 'I-Vorherige Rechtsprechung des EGMR', 'I-Vorherige Rechtsprechung des EGMR', 'I-Vorherige Rechtsprechung des EGMR', 'I-Vorherige Rechtsprechung des EGMR', 'I-Vorherige Rechtsprechung des EGMR', 'I-Vorherige Rechtsprechung des EGMR', 'I-Vorherige Rechtsprechung des EGMR', 'I-Vorherige Rechtsprechung des EGMR', 'I-Vorherige Rechtsprechung des EGMR', 'I-Vorherige Rechtsprechung des EGMR', 'I-Vorherige Rechtsprechung des EGMR', 'I-Vorherige Rechtsprechung des EGMR', 'I-Vorherige Rechtsprechung des EGMR', 'I-Vorherige Rechtsprechung des EGMR', 'I-Vorherige Rechtsprechung des EGMR', 'I-Vorherige Rechtsprechung des EGMR', 'I-Vorherige Rechtsprechung des EGMR', 'I-Vorherige Rechtsprechung des EGMR', 'I-Vorherige Rechtsprechung des EGMR', 'I-Vorherige Rechtsprechung des EGMR', 'I-Vorherige Rechtsprechung des EGMR', 'I-Vorherige Rechtsprechung des EGMR', 'I-Vorherige Rechtsprechung des EGMR', 'I-Vorherige Rechtsprechung des EGMR', 'I-Vorherige Rechtsprechung des EGMR', 'I-Vorherige Rechtsprechung des EGMR', 'I-Vorherige Rechtsprechung des EGMR', 'I-Vorherige Rechtsprechung des EGMR', 'I-Vorherige Rechtsprechung des EGMR', 'I-Vorherige Rechtsprechung des EGMR', 'I-Vorherige Rechtsprechung des EGMR', 'I-Vorherige Rechtsprechung des EGMR', 'I-Vorherige Rechtsprechung des EGMR', 'I-Vorherige Rechtsprechung des EGMR', 'I-Vorherige Rechtsprechung des EGMR', 'I-Vorherige Rechtsprechung des EGMR', 'I-Vorherige Rechtsprechung des EGMR', 'I-Vorherige Rechtsprechung des EGMR', 'I-Vorherige Rechtsprechung des EGMR', 'I-Vorherige Rechtsprechung des EGMR', 'I-Vorherige Rechtsprechung des EGMR', 'I-Vorherige Rechtsprechung des EGMR', 'I-Vorherige Rechtsprechung des EGMR', 'I-Vorherige Rechtsprechung des EGMR', 'I-Vorherige Rechtsprechung des EGMR', 'I-Vorherige Rechtsprechung des EGMR', 'I-Vorherige Rechtsprechung des EGMR', 'I-Vorherige Rechtsprechung des EGMR', 'I-Vorherige Rechtsprechung des EGMR', 'I-Vorherige Rechtsprechung des EGMR', 'I-Vorherige Rechtsprechung des EGMR', 'I-Vorherige Rechtsprechung des EGMR', 'I-Vorherige Rechtsprechung des EGMR', 'I-Vorherige Rechtsprechung des EGMR', 'I-Vorherige Rechtsprechung des EGMR', 'I-Vorherige Rechtsprechung des EGMR', 'I-Vorherige Rechtsprechung des EGMR', 'I-Vorherige Rechtsprechung des EGMR', 'I-Vorherige Rechtsprechung des EGMR', 'I-Vorherige Rechtsprechung des EGMR', 'I-Vorherige Rechtsprechung des EGMR', 'I-Vorherige Rechtsprechung des EGMR', 'I-Vorherige Rechtsprechung des EGMR', 'I-Vorherige Rechtsprechung des EGMR', 'I-Vorherige Rechtsprechung des EGMR', 'I-Vorherige Rechtsprechung des EGMR', 'I-Vorherige Rechtsprechung des EGMR', 'I-Vorherige Rechtsprechung des EGMR', 'I-Vorherige Rechtsprechung des EGMR', 'I-Vorherige Rechtsprechung des EGMR', 'I-Vorherige Rechtsprechung des EGMR', 'I-Vorherige Rechtsprechung des EGMR', 'I-Vorherige Rechtsprechung des EGMR', 'I-Vorherige Rechtsprechung des EGMR', 'I-Vorherige Rechtsprechung des EGMR', 'I-Vorherige Rechtsprechung des EGMR', 'I-Vorherige Rechtsprechung des EGMR', 'I-Vorherige Rechtsprechung des EGMR', 'I-Vorherige Rechtsprechung des EGMR', 'I-Vorherige Rechtsprechung des EGMR', 'I-Vorherige Rechtsprechung des EGMR', 'I-Vorherige Rechtsprechung des EGMR', 'I-Vorherige Rechtsprechung des EGMR', 'I-Vorherige Rechtsprechung des EGMR', 'I-Vorherige Rechtsprechung des EGMR', 'I-Vorherige Rechtsprechung des EGMR', 'I-Vorherige Rechtsprechung des EGMR', 'I-Vorherige Rechtsprechung des EGMR', 'I-Vorherige Rechtsprechung des EGMR', 'I-Vorherige Rechtsprechung des EGMR', 'I-Vorherige Rechtsprechung des EGMR', 'I-Vorherige Rechtsprechung des EGMR', 'I-Vorherige Rechtsprechung des EGMR']
['91', '.', 'The', 'Court', 'observes', 'that', 'the', 'proceedings', 'started', 'on', '31', 'August', '1999', 'when', 'the', 'applicant', 'filed', 'his', 'request', 'under', 'the', 'Hague', 'Convention', '.', 'They', 'ended', 'on', '16', 'April', '2003', 'when', 'the', 'domestic', 'decision', 'was', 'finally', 'enforced', 'with', 'respect', 'to', 'all', 'the', 'children', '(', 'see', 'paragraphs', '16', 'and', '64', 'above', ')', '.', 'Therefore', ',', 'the', 'proceedings', 'at', 'issue', 'lasted', 'three', 'years', ',', 'seven', 'months', 'and', 'sixteen', 'days', '.']	['O', 'O', 'B-Subsumtion', 'I-Subsumtion', 'I-Subsumtion', 'I-Subsumtion', 'I-Subsumtion', 'I-Subsumtion', 'I-Subsumtion', 'I-Subsumtion', 'I-Subsumtion', 'I-Subsumtion', 'I-Subsumtion', 'I-Subsumtion', 'I-Subsumtion', 'I-Subsumtion', 'I-Subsumtion', 'I-Subsumtion', 'I-Subsumtion', 'I-Subsumtion', 'I-Subsumtion', 'I-Subsumtion', 'I-Subsumtion', 'I-Subsumtion', 'I-Subsumtion', 'I-Subsumtion', 'I-Subsumtion', 'I-Subsumtion', 'I-Subsumtion', 'I-Subsumtion', 'I-Subsumtion', 'I-Subsumtion', 'I-Subsumtion', 'I-Subsumtion', 'I-Subsumtion', 'I-Subsumtion', 'I-Subsumtion', 'I-Subsumtion', 'I-Subsumtion', 'I-Subsumtion', 'I-Subsumtion', 'I-Subsumtion', 'I-Subsumtion', 'I-Subsumtion', 'I-Subsumtion', 'I-Subsumtion', 'I-Subsumtion', 'I-Subsumtion', 'I-Subsumtion', 'I-Subsumtion', 'I-Subsumtion', 'I-Subsumtion', 'I-Subsumtion', 'I-Subsumtion', 'I-Subsumtion', 'I-Subsumtion', 'I-Subsumtion', 'I-Subsumtion', 'I-Subsumtion', 'I-Subsumtion', 'I-Subsumtion', 'I-Subsumtion', 'I-Subsumtion', 'I-Subsumtion', 'I-Subsumtion', 'I-Subsumtion', 'I-Subsumtion', 'I-Subsumtion']
['92', '.', 'The', 'Court', 'notes', 'that', 'while', 'the', 'case', 'was', 'certainly', 'complicated', 'by', 'the', 'behaviour', 'of', 'M.C.', ',', 'the', 'overall', 'delay', 'was', 'caused', 'by', 'the', 'periods', 'of', 'inactivity', 'which', 'have', 'already', 'been', 'analysed', 'by', 'the', 'Court', 'in', 'the', 'context', 'of', 'Article', '8', '(', 'see', 'paragraphs', '79', 'to', '82', 'above', ')', '.', 'They', 'have', 'to', 'be', 'attributed', 'to', 'the', 'domestic', 'authorities', '.']	['O', 'O', 'B-Subsumtion', 'I-Subsumtion', 'I-Subsumtion', 'I-Subsumtion', 'I-Subsumtion', 'I-Subsumtion', 'I-Subsumtion', 'I-Subsumtion', 'I-Subsumtion', 'I-Subsumtion', 'I-Subsumtion', 'I-Subsumtion', 'I-Subsumtion', 'I-Subsumtion', 'I-Subsumtion', 'I-Subsumtion', 'I-Subsumtion', 'I-Subsumtion', 'I-Subsumtion', 'I-Subsumtion', 'I-Subsumtion', 'I-Subsumtion', 'I-Subsumtion', 'I-Subsumtion', 'I-Subsumtion', 'I-Subsumtion', 'I-Subsumtion', 'I-Subsumtion', 'I-Subsumtion', 'I-Subsumtion', 'I-Subsumtion', 'I-Subsumtion', 'I-Subsumtion', 'I-Subsumtion', 'I-Subsumtion', 'I-Subsumtion', 'I-Subsumtion', 'I-Subsumtion', 'I-Subsumtion', 'I-Subsumtion', 'I-Subsumtion', 'I-Subsumtion', 'I-Subsumtion', 'I-Subsumtion', 'I-Subsumtion', 'I-Subsumtion', 'I-Subsumtion', 'I-Subsumtion', 'I-Subsumtion', 'I-Subsumtion', 'I-Subsumtion', 'I-Subsumtion', 'I-Subsumtion', 'I-Subsumtion', 'I-Subsumtion', 'I-Subsumtion', 'I-Subsumtion', 'I-Subsumtion', 'I-Subsumtion']
"['93', '.', 'The', 'Court', 'shares', 'the', 'applicant', ""'s"", 'opinion', 'that', ',', 'in', 'view', 'of', 'what', 'was', 'at', 'stake', 'for', 'the', 'applicant', 'and', 'the', 'irreversible', 'character', 'of', 'the', 'measures', 'concerned', ',', 'the', 'competent', 'national', 'authorities', 'were', 'required', 'by', 'Article', '6', '§', '1', 'to', 'act', 'with', 'exceptional', 'diligence', 'in', 'ensuring', 'the', 'progress', 'of', 'the', 'proceedings', '(', 'see', ',', 'Johansen', 'v.', 'Norway', ',', 'judgment', 'of', '7', 'August', '1996', ',', 'Reports', 'of', 'Judgments', 'and', 'Decisions', '1996‑III', '§', '88', ')', '.', 'The', 'Court', 'finds', 'that', 'the', 'authorities', 'failed', 'to', 'display', 'such', 'diligence', '.']"	['O', 'O', 'B-Subsumtion', 'I-Subsumtion', 'I-Subsumtion', 'I-Subsumtion', 'I-Subsumtion', 'I-Subsumtion', 'I-Subsumtion', 'I-Subsumtion', 'I-Subsumtion', 'I-Subsumtion', 'I-Subsumtion', 'I-Subsumtion', 'I-Subsumtion', 'I-Subsumtion', 'I-Subsumtion', 'I-Subsumtion', 'I-Subsumtion', 'I-Subsumtion', 'I-Subsumtion', 'I-Subsumtion', 'I-Subsumtion', 'I-Subsumtion', 'I-Subsumtion', 'I-Subsumtion', 'I-Subsumtion', 'I-Subsumtion', 'I-Subsumtion', 'I-Subsumtion', 'I-Subsumtion', 'I-Subsumtion', 'I-Subsumtion', 'I-Subsumtion', 'I-Subsumtion', 'I-Subsumtion', 'I-Subsumtion', 'I-Subsumtion', 'I-Subsumtion', 'I-Subsumtion', 'I-Subsumtion', 'I-Subsumtion', 'I-Subsumtion', 'I-Subsumtion', 'I-Subsumtion', 'I-Subsumtion', 'I-Subsumtion', 'I-Subsumtion', 'I-Subsumtion', 'I-Subsumtion', 'I-Subsumtion', 'I-Subsumtion', 'I-Subsumtion', 'I-Subsumtion', 'I-Subsumtion', 'I-Subsumtion', 'I-Subsumtion', 'I-Subsumtion', 'I-Subsumtion', 'I-Subsumtion', 'I-Subsumtion', 'I-Subsumtion', 'I-Subsumtion', 'I-Subsumtion', 'I-Subsumtion', 'I-Subsumtion', 'I-Subsumtion', 'I-Subsumtion', 'I-Subsumtion', 'I-Subsumtion', 'I-Subsumtion', 'I-Subsumtion', 'I-Subsumtion', 'I-Subsumtion', 'I-Subsumtion', 'I-Subsumtion', 'I-Subsumtion', 'I-Subsumtion', 'I-Subsumtion', 'I-Subsumtion', 'I-Subsumtion', 'I-Subsumtion', 'I-Subsumtion', 'I-Subsumtion', 'I-Subsumtion', 'I-Subsumtion', 'I-Subsumtion', 'I-Subsumtion']
['94', '.', 'Finally', ',', 'the', 'Court', 'notes', 'that', 'it', 'is', 'common', 'ground', 'that', 'the', 'applicant', 'did', 'not', 'contribute', 'to', 'the', 'length', 'of', 'the', 'proceedings', '.', 'It', 'sees', 'no', 'reason', 'to', 'hold', 'otherwise', '.']	['O', 'O', 'B-Subsumtion', 'I-Subsumtion', 'I-Subsumtion', 'I-Subsumtion', 'I-Subsumtion', 'I-Subsumtion', 'I-Subsumtion', 'I-Subsumtion', 'I-Subsumtion', 'I-Subsumtion', 'I-Subsumtion', 'I-Subsumtion', 'I-Subsumtion', 'I-Subsumtion', 'I-Subsumtion', 'I-Subsumtion', 'I-Subsumtion', 'I-Subsumtion', 'I-Subsumtion', 'I-Subsumtion', 'I-Subsumtion', 'I-Subsumtion', 'I-Subsumtion', 'I-Subsumtion', 'I-Subsumtion', 'I-Subsumtion', 'I-Subsumtion', 'I-Subsumtion', 'I-Subsumtion', 'I-Subsumtion', 'I-Subsumtion']
['95', '.', 'Consequently', ',', 'the', 'Court', 'considers', 'that', ',', 'taking', 'into', 'account', 'what', 'was', 'at', 'stake', 'in', 'the', 'proceedings', 'and', 'the', 'requirement', 'of', 'acting', 'with', 'exceptional', 'diligence', ',', 'the', 'overall', 'period', 'of', 'the', 'proceedings', 'in', 'the', 'instant', 'case', 'exceeded', 'a', 'reasonable', 'time', '.', 'Accordingly', ',', 'there', 'had', 'been', 'a', 'violation', 'of', 'Article', '6', '§', '1', 'of', 'the', 'Convention', '.']	['O', 'O', 'B-Subsumtion', 'I-Subsumtion', 'I-Subsumtion', 'I-Subsumtion', 'I-Subsumtion', 'I-Subsumtion', 'I-Subsumtion', 'I-Subsumtion', 'I-Subsumtion', 'I-Subsumtion', 'I-Subsumtion', 'I-Subsumtion', 'I-Subsumtion', 'I-Subsumtion', 'I-Subsumtion', 'I-Subsumtion', 'I-Subsumtion', 'I-Subsumtion', 'I-Subsumtion', 'I-Subsumtion', 'I-Subsumtion', 'I-Subsumtion', 'I-Subsumtion', 'I-Subsumtion', 'I-Subsumtion', 'I-Subsumtion', 'I-Subsumtion', 'I-Subsumtion', 'I-Subsumtion', 'I-Subsumtion', 'I-Subsumtion', 'I-Subsumtion', 'I-Subsumtion', 'I-Subsumtion', 'I-Subsumtion', 'I-Subsumtion', 'I-Subsumtion', 'I-Subsumtion', 'I-Subsumtion', 'I-Subsumtion', 'I-Subsumtion', 'B-Entscheidung des EGMR', 'I-Entscheidung des EGMR', 'I-Entscheidung des EGMR', 'I-Entscheidung des EGMR', 'I-Entscheidung des EGMR', 'I-Entscheidung des EGMR', 'I-Entscheidung des EGMR', 'I-Entscheidung des EGMR', 'I-Entscheidung des EGMR', 'I-Entscheidung des EGMR', 'I-Entscheidung des EGMR', 'I-Entscheidung des EGMR', 'I-Entscheidung des EGMR', 'I-Entscheidung des EGMR', 'I-Entscheidung des EGMR', 'I-Entscheidung des EGMR']
['III', '.', 'APPLICATION', 'OF', 'ARTICLE', '41', 'OF', 'THE', 'CONVENTION']	['O', 'O', 'O', 'O', 'O', 'O', 'O', 'O', 'O']
['96', '.', 'Article', '41', 'of', 'the', 'Convention', 'provides', ':']	['O', 'O', 'O', 'O', 'O', 'O', 'O', 'O', 'O']
['“', 'If', 'the', 'Court', 'finds', 'that', 'there', 'has', 'been', 'a', 'violation', 'of', 'the', 'Convention', 'or', 'the', 'Protocols', 'thereto', ',', 'and', 'if', 'the', 'internal', 'law', 'of', 'the', 'High', 'Contracting', 'Party', 'concerned', 'allows', 'only', 'partial', 'reparation', 'to', 'be', 'made', ',', 'the', 'Court', 'shall', ',', 'if', 'necessary', ',', 'afford', 'just', 'satisfaction', 'to', 'the', 'injured', 'party', '.', '”']	['O', 'O', 'O', 'O', 'O', 'O', 'O', 'O', 'O', 'O', 'O', 'O', 'O', 'O', 'O', 'O', 'O', 'O', 'O', 'O', 'O', 'O', 'O', 'O', 'O', 'O', 'O', 'O', 'O', 'O', 'O', 'O', 'O', 'O', 'O', 'O', 'O', 'O', 'O', 'O', 'O', 'O', 'O', 'O', 'O', 'O', 'O', 'O', 'O', 'O', 'O', 'O', 'O', 'O']
['A.', 'Damage']	['O', 'O']
['97', '.', 'The', 'applicant', 'requested', 'a', 'total', 'amount', 'of', '853,683', 'Norwegian', 'kroner', '(', 'NOK', ')', 'equivalent', 'to', '103,000', 'euros', '(', 'EUR', ')', ',', 'on', '16', 'April', '2004', ',', 'the', 'date', 'on', 'which', 'the', 'claims', 'were', 'submitted', ',', 'in', 'respect', 'of', 'pecuniary', 'damage', '.', 'This', 'sum', 'covered', 'loss', 'of', 'wages', 'since', 'September', '2001', ',', 'when', 'the', 'applicant', 'had', 'stopped', 'working', ',', 'until', 'December', '2013', ',', 'when', 'the', 'youngest', 'child', 'would', 'reach', 'majority', '.']	['O', 'O', 'O', 'O', 'O', 'O', 'O', 'O', 'O', 'O', 'O', 'O', 'O', 'O', 'O', 'O', 'O', 'O', 'O', 'O', 'O', 'O', 'O', 'O', 'O', 'O', 'O', 'O', 'O', 'O', 'O', 'O', 'O', 'O', 'O', 'O', 'O', 'O', 'O', 'O', 'O', 'O', 'O', 'O', 'O', 'O', 'O', 'O', 'O', 'O', 'O', 'O', 'O', 'O', 'O', 'O', 'O', 'O', 'O', 'O', 'O', 'O', 'O', 'O', 'O', 'O', 'O', 'O', 'O', 'O', 'O', 'O']
['98', '.', 'As', 'to', 'non', '-', 'pecuniary', 'damage', ',', 'the', 'applicant', 'claimed', 'NOK', '400,000', ',', 'equivalent', 'of', 'EUR', '48,300', ',', 'by', 'way', 'of', 'compensation', 'for', 'suffering', 'endured', 'by', 'him', 'and', 'his', 'children', '.']	['O', 'O', 'O', 'O', 'O', 'O', 'O', 'O', 'O', 'O', 'O', 'O', 'O', 'O', 'O', 'O', 'O', 'O', 'O', 'O', 'O', 'O', 'O', 'O', 'O', 'O', 'O', 'O', 'O', 'O', 'O', 'O', 'O']
"['99', '.', 'The', 'Government', 'submitted', 'that', 'the', 'applicant', ""'s"", 'claim', 'in', 'relation', 'to', 'non‑pecuniary', 'damage', ',', 'with', 'respect', 'to', 'the', 'loss', 'of', 'hypothetical', 'income', ',', 'did', 'not', 'have', 'a', 'casual', 'link', 'with', 'the', 'alleged', 'violations', 'of', 'the', 'Convention', '.', 'With', 'regard', 'to', 'non', '-', 'pecuniary', 'damage', ',', 'the', 'Government', 'argued', 'that', 'the', 'sum', 'claimed', 'by', 'the', 'applicant', 'was', 'excessive', '.', 'They', 'invited', 'the', 'Court', 'to', 'rule', 'that', 'the', 'finding', 'of', 'a', 'violation', 'constituted', 'in', 'itself', 'sufficient', 'just', 'satisfaction', 'for', 'the', 'non', '-', 'pecuniary', 'damage', 'sustained', 'by', 'the', 'applicant', '.']"	['O', 'O', 'O', 'O', 'O', 'O', 'O', 'O', 'O', 'O', 'O', 'O', 'O', 'O', 'O', 'O', 'O', 'O', 'O', 'O', 'O', 'O', 'O', 'O', 'O', 'O', 'O', 'O', 'O', 'O', 'O', 'O', 'O', 'O', 'O', 'O', 'O', 'O', 'O', 'O', 'O', 'O', 'O', 'O', 'O', 'O', 'O', 'O', 'O', 'O', 'O', 'O', 'O', 'O', 'O', 'O', 'O', 'O', 'O', 'O', 'O', 'O', 'O', 'O', 'O', 'O', 'O', 'O', 'O', 'O', 'O', 'O', 'O', 'O', 'O', 'O', 'O', 'O', 'O', 'O', 'O', 'O', 'O', 'O', 'O', 'O', 'O', 'O', 'O']
['100', '.', 'With', 'regard', 'to', 'pecuniary', 'damage', 'the', 'Court', 'finds', 'that', 'there', 'is', 'no', 'causal', 'link', 'between', 'the', 'damage', 'claimed', 'and', 'the', 'violation', 'found', '.', 'It', 'therefore', 'dismisses', 'this', 'claim', '.']	['O', 'O', 'O', 'O', 'O', 'O', 'O', 'O', 'O', 'O', 'O', 'O', 'O', 'O', 'O', 'O', 'O', 'O', 'O', 'O', 'O', 'O', 'O', 'O', 'O', 'O', 'O', 'O', 'O', 'O', 'O']
['101', '.', 'The', 'Court', 'considers', ',', 'however', ',', 'that', 'the', 'applicant', 'must', 'indeed', 'have', 'sustained', 'non‑pecuniary', 'damage', 'and', 'that', 'sufficient', 'just', 'satisfaction', 'would', 'not', 'be', 'provided', 'solely', 'by', 'a', 'finding', 'of', 'a', 'violation', 'of', 'the', 'Convention', '.', 'Having', 'regard', 'to', 'the', 'circumstances', 'of', 'the', 'case', 'and', 'making', 'its', 'assessment', 'on', 'an', 'equitable', 'basis', 'as', 'required', 'by', 'Article', '41', ',', 'it', 'awards', 'the', 'applicant', 'EUR', '10,000', 'under', 'this', 'head', '.']	['O', 'O', 'O', 'O', 'O', 'O', 'O', 'O', 'O', 'O', 'O', 'O', 'O', 'O', 'O', 'O', 'O', 'O', 'O', 'O', 'O', 'O', 'O', 'O', 'O', 'O', 'O', 'O', 'O', 'O', 'O', 'O', 'O', 'O', 'O', 'O', 'O', 'O', 'O', 'O', 'O', 'O', 'O', 'O', 'O', 'O', 'O', 'O', 'O', 'O', 'O', 'O', 'O', 'O', 'O', 'O', 'O', 'O', 'O', 'O', 'O', 'O', 'O', 'O', 'O', 'O', 'O', 'O', 'O']
['B.', 'Costs', 'and', 'expenses']	['O', 'O', 'O', 'O']
['102', '.', 'The', 'applicant', 'claimed', 'a', 'total', 'amount', 'of', 'NOK', '105,915', ',', 'equivalent', 'to', 'EUR', '12,850', ',', 'by', 'way', 'of', 'costs', 'and', 'expenses', 'broken', 'down', 'as', 'follows', ':']	['O', 'O', 'O', 'O', 'O', 'O', 'O', 'O', 'O', 'O', 'O', 'O', 'O', 'O', 'O', 'O', 'O', 'O', 'O', 'O', 'O', 'O', 'O', 'O', 'O', 'O', 'O', 'O']
['(', 'i', ')', 'NOK', '7,860', 'for', 'costs', 'of', 'translation', 'and', 'bailiff', 'proceedings', ',', 'including', 'the', 'equivalent', 'of', 'EUR', '560', 'for', 'a', 'private', 'investigator', 'in', 'Israel', 'and', 'Poland', ';']	['O', 'O', 'O', 'O', 'O', 'O', 'O', 'O', 'O', 'O', 'O', 'O', 'O', 'O', 'O', 'O', 'O', 'O', 'O', 'O', 'O', 'O', 'O', 'O', 'O', 'O', 'O', 'O']
['(', 'ii', ')', 'NOK', '49,690', ',', 'for', 'legal', 'expenses', 'paid', 'to', 'his', 'lawyer', 'who', 'represented', 'him', 'in', 'the', 'Court', 'proceedings', ',', 'from', 'which', 'the', 'sum', 'of', 'EUR', '792', 'already', 'received', 'by', 'way', 'of', 'legal', 'aid', 'from', 'the', 'Council', 'of', 'Europe', 'had', 'been', 'deducted', ';']	['O', 'O', 'O', 'O', 'O', 'O', 'O', 'O', 'O', 'O', 'O', 'O', 'O', 'O', 'O', 'O', 'O', 'O', 'O', 'O', 'O', 'O', 'O', 'O', 'O', 'O', 'O', 'O', 'O', 'O', 'O', 'O', 'O', 'O', 'O', 'O', 'O', 'O', 'O', 'O', 'O', 'O', 'O', 'O']
['(', 'iii', ')', 'NOK', '7,086', 'for', 'telephone', 'and', 'postal', 'costs', ';']	['O', 'O', 'O', 'O', 'O', 'O', 'O', 'O', 'O', 'O', 'O']
['(', 'iv', ')', 'NOK', '41,280', 'for', 'travel', 'costs', 'of', 'ten', 'trips', 'between', 'Norway', 'and', 'Poland', 'for', 'him', 'and', 'his', 'children', 'in', 'connection', 'with', 'the', 'enforcement', 'proceedings', 'and', 'for', 'the', 'purpose', 'of', 'bringing', 'his', 'children', 'to', 'his', 'home', 'in', 'Norway', '.']	['O', 'O', 'O', 'O', 'O', 'O', 'O', 'O', 'O', 'O', 'O', 'O', 'O', 'O', 'O', 'O', 'O', 'O', 'O', 'O', 'O', 'O', 'O', 'O', 'O', 'O', 'O', 'O', 'O', 'O', 'O', 'O', 'O', 'O', 'O', 'O', 'O', 'O', 'O', 'O']
['103', '.', 'The', 'Government', 'submitted', 'that', 'the', 'costs', 'and', 'expenses', 'claimed', 'by', 'the', 'applicant', 'were', 'partly', 'irrelevant', 'as', 'there', 'was', 'no', 'indication', 'that', 'they', 'were', 'incurred', 'with', 'the', 'purpose', 'of', 'preventing', ',', 'or', 'obtaining', 'redress', 'for', 'the', 'violation', 'found', '.']	['O', 'O', 'O', 'O', 'O', 'O', 'O', 'O', 'O', 'O', 'O', 'O', 'O', 'O', 'O', 'O', 'O', 'O', 'O', 'O', 'O', 'O', 'O', 'O', 'O', 'O', 'O', 'O', 'O', 'O', 'O', 'O', 'O', 'O', 'O', 'O', 'O', 'O', 'O', 'O']
['104', '.', 'The', 'Court', 'considers', 'that', 'the', 'costs', 'and', 'expenses', 'relating', 'to', 'the', 'domestic', 'proceedings', ',', 'as', 'far', 'as', 'they', 'concern', 'the', 'enforcement', 'proceedings', 'found', 'to', 'give', 'rise', 'to', 'a', 'violation', 'of', 'the', 'Convention', '(', 'see', 'paragraphs', '83', 'and', '95', 'above', ')', 'and', 'the', 'costs', 'of', 'the', 'Strasbourg', 'proceedings', 'were', 'incurred', 'necessarily', '.', 'They', 'must', 'accordingly', 'be', 'reimbursed', 'in', 'so', 'far', 'as', 'they', 'do', 'not', 'exceed', 'a', 'reasonable', 'level', '(', 'see', 'Ignaccolo', '-', 'Zenide', ',', 'cited', 'above', ',', '§', '121', ')', '.']	['O', 'O', 'O', 'O', 'O', 'O', 'O', 'O', 'O', 'O', 'O', 'O', 'O', 'O', 'O', 'O', 'O', 'O', 'O', 'O', 'O', 'O', 'O', 'O', 'O', 'O', 'O', 'O', 'O', 'O', 'O', 'O', 'O', 'O', 'O', 'O', 'O', 'O', 'O', 'O', 'O', 'O', 'O', 'O', 'O', 'O', 'O', 'O', 'O', 'O', 'O', 'O', 'O', 'O', 'O', 'O', 'O', 'O', 'O', 'O', 'O', 'O', 'O', 'O', 'O', 'O', 'O', 'O', 'O', 'O', 'O', 'O', 'O', 'O', 'O', 'O', 'O', 'O', 'O', 'O', 'O', 'O']
['The', 'Court', 'awards', 'the', 'applicant', 'the', 'sum', 'of', 'EUR', '12,000', 'under', 'the', 'head', 'of', 'costs', 'and', 'expenses', '.']	['O', 'O', 'O', 'O', 'O', 'O', 'O', 'O', 'O', 'O', 'O', 'O', 'O', 'O', 'O', 'O', 'O', 'O']
['C.', 'Default', 'interest']	['O', 'O', 'O']
['105', '.', 'The', 'Court', 'considers', 'it', 'appropriate', 'that', 'the', 'default', 'interest', 'should', 'be', 'based', 'on', 'the', 'marginal', 'lending', 'rate', 'of', 'the', 'European', 'Central', 'Bank', ',', 'to', 'which', 'should', 'be', 'added', 'three', 'percentage', 'points', '.']	['O', 'O', 'O', 'O', 'O', 'O', 'O', 'O', 'O', 'O', 'O', 'O', 'O', 'O', 'O', 'O', 'O', 'O', 'O', 'O', 'O', 'O', 'O', 'O', 'O', 'O', 'O', 'O', 'O', 'O', 'O', 'O', 'O', 'O']
['FOR', 'THESE', 'REASONS', ',', 'THE', 'COURT', 'UNANIMOUSLY']	['O', 'O', 'O', 'O', 'O', 'O', 'O']
['1', '.', 'Holds', 'that', 'there', 'has', 'been', 'a', 'violation', 'of', 'Article', '8', 'of', 'the', 'Convention', ';']	['O', 'O', 'O', 'O', 'O', 'O', 'O', 'O', 'O', 'O', 'O', 'O', 'O', 'O', 'O', 'O']
['2', '.', 'Holds', 'that', 'there', 'has', 'been', 'a', 'violation', 'of', 'Article', '6', '§', '1', 'of', 'the', 'Convention', ';']	['O', 'O', 'O', 'O', 'O', 'O', 'O', 'O', 'O', 'O', 'O', 'O', 'O', 'O', 'O', 'O', 'O', 'O']
['3', '.', 'Holds']	['O', 'O', 'O']
['(', 'a', ')', 'that', 'the', 'respondent', 'State', 'is', 'to', 'pay', 'the', 'applicant', ',', 'within', 'three', 'months', 'from', 'the', 'date', 'on', 'which', 'the', 'judgment', 'becomes', 'final', 'according', 'to', 'Article', '44', '§', '2', 'of', 'the', 'Convention', ',', 'the', 'following', 'amounts', 'to', 'be', 'converted', 'into', 'Norwegian', 'kroner', 'at', 'the', 'rate', 'applicable', 'at', 'the', 'date', 'of', 'settlement', ':']	['O', 'O', 'O', 'O', 'O', 'O', 'O', 'O', 'O', 'O', 'O', 'O', 'O', 'O', 'O', 'O', 'O', 'O', 'O', 'O', 'O', 'O', 'O', 'O', 'O', 'O', 'O', 'O', 'O', 'O', 'O', 'O', 'O', 'O', 'O', 'O', 'O', 'O', 'O', 'O', 'O', 'O', 'O', 'O', 'O', 'O', 'O', 'O', 'O', 'O', 'O', 'O', 'O', 'O']
['(', 'i', ')', 'EUR', '10,000', '(', 'ten', 'thousand', 'euros', ')', 'in', 'respect', 'of', 'non‑pecuniary', 'damage', ';']	['O', 'O', 'O', 'O', 'O', 'O', 'O', 'O', 'O', 'O', 'O', 'O', 'O', 'O', 'O', 'O']
['(', 'ii', ')', 'EUR', '12,000', '(', 'twelve', 'thousand', 'euros', ')', 'in', 'respect', 'of', 'costs', 'and', 'expenses', ';']	['O', 'O', 'O', 'O', 'O', 'O', 'O', 'O', 'O', 'O', 'O', 'O', 'O', 'O', 'O', 'O', 'O']
['(', 'iii', ')', 'any', 'tax', 'that', 'may', 'be', 'chargeable', 'on', 'the', 'above', 'amounts', ';']	['O', 'O', 'O', 'O', 'O', 'O', 'O', 'O', 'O', 'O', 'O', 'O', 'O', 'O']
['(', 'b', ')', 'that', 'from', 'the', 'expiry', 'of', 'the', 'above', '-', 'mentioned', 'three', 'months', 'until', 'settlement', 'simple', 'interest', 'shall', 'be', 'payable', 'on', 'the', 'above', 'amounts', 'at', 'a', 'rate', 'equal', 'to', 'the', 'marginal', 'lending', 'rate', 'of', 'the', 'European', 'Central', 'Bank', 'during', 'the', 'default', 'period', 'plus', 'three', 'percentage', 'points', ';']	['O', 'O', 'O', 'O', 'O', 'O', 'O', 'O', 'O', 'O', 'O', 'O', 'O', 'O', 'O', 'O', 'O', 'O', 'O', 'O', 'O', 'O', 'O', 'O', 'O', 'O', 'O', 'O', 'O', 'O', 'O', 'O', 'O', 'O', 'O', 'O', 'O', 'O', 'O', 'O', 'O', 'O', 'O', 'O', 'O', 'O', 'O', 'O']
"['4', '.', 'Dismisses', 'the', 'remainder', 'of', 'the', 'applicant', ""'s"", 'claim', 'for', 'just', 'satisfaction', '.']"	['O', 'O', 'O', 'O', 'O', 'O', 'O', 'O', 'O', 'O', 'O', 'O', 'O', 'O']
['Done', 'in', 'English', ',', 'and', 'notified', 'in', 'writing', 'on', '13', 'September', '2005', ',', 'pursuant', 'to', 'Rule', '77', '§', '§', '2', 'and', '3', 'of', 'the', 'Rules', 'of', 'Court', '.']	['O', 'O', 'O', 'O', 'O', 'O', 'O', 'O', 'O', 'O', 'O', 'O', 'O', 'O', 'O', 'O', 'O', 'O', 'O', 'O', 'O', 'O', 'O', 'O', 'O', 'O', 'O', 'O']
"['Michael', ""O'Boyle""]"	['O', 'O']
['Nicolas', 'Bratza']	['O', 'O']
['Registrar']	['O']
['President']	['O']
