tokens	labels
['I.', 'ALLEGED', 'VIOLATION', 'OF', 'ARTICLE', '7', 'OF', 'THE', 'CONVENTION']	['O', 'O', 'O', 'O', 'O', 'O', 'O', 'O', 'O']
['22', '.', 'The', 'applicants', 'complained', 'that', 'the', 'application', 'of', 'section', '5', 'of', 'the', 'Prevention', 'of', 'Terrorism', 'Act', '(', 'Law', 'no', '.', '3713', 'of', '12', 'April', '1991', '–', '“', 'the', '1991', 'Act', '”', ')', 'to', 'acts', 'committed', 'by', 'them', 'in', '1988', 'and', '1989', 'constituted', 'retrospective', 'punishment', 'in', 'breach', 'of', 'Article', '7', 'of', 'the', 'Convention', ',', 'which', 'reads', ':']	['O', 'O', 'B-Subsumtion', 'I-Subsumtion', 'I-Subsumtion', 'I-Subsumtion', 'I-Subsumtion', 'I-Subsumtion', 'I-Subsumtion', 'I-Subsumtion', 'I-Subsumtion', 'I-Subsumtion', 'I-Subsumtion', 'I-Subsumtion', 'I-Subsumtion', 'I-Subsumtion', 'I-Subsumtion', 'I-Subsumtion', 'I-Subsumtion', 'I-Subsumtion', 'I-Subsumtion', 'I-Subsumtion', 'I-Subsumtion', 'I-Subsumtion', 'I-Subsumtion', 'I-Subsumtion', 'I-Subsumtion', 'I-Subsumtion', 'I-Subsumtion', 'I-Subsumtion', 'I-Subsumtion', 'I-Subsumtion', 'I-Subsumtion', 'I-Subsumtion', 'I-Subsumtion', 'I-Subsumtion', 'I-Subsumtion', 'I-Subsumtion', 'I-Subsumtion', 'I-Subsumtion', 'I-Subsumtion', 'I-Subsumtion', 'I-Subsumtion', 'I-Subsumtion', 'I-Subsumtion', 'I-Subsumtion', 'I-Subsumtion', 'I-Subsumtion', 'I-Subsumtion', 'I-Subsumtion', 'I-Subsumtion', 'I-Subsumtion', 'I-Subsumtion', 'I-Subsumtion', 'I-Subsumtion', 'I-Subsumtion', 'I-Subsumtion']
['“', '1', '.', 'No', 'one', 'shall', 'be', 'held', 'guilty', 'of', 'any', 'criminal', 'offence', 'on', 'account', 'of', 'any', 'act', 'or', 'omission', 'which', 'did', 'not', 'constitute', 'a', 'criminal', 'offence', 'under', 'national', 'or', 'international', 'law', 'at', 'the', 'time', 'when', 'it', 'was', 'committed', '.', 'Nor', 'shall', 'a', 'heavier', 'penalty', 'be', 'imposed', 'than', 'the', 'one', 'that', 'was', 'applicable', 'at', 'the', 'time', 'the', 'criminal', 'offence', 'was', 'committed', '.']	['O', 'O', 'O', 'O', 'O', 'O', 'O', 'O', 'O', 'O', 'O', 'O', 'O', 'O', 'O', 'O', 'O', 'O', 'O', 'O', 'O', 'O', 'O', 'O', 'O', 'O', 'O', 'O', 'O', 'O', 'O', 'O', 'O', 'O', 'O', 'O', 'O', 'O', 'O', 'O', 'O', 'O', 'O', 'O', 'O', 'O', 'O', 'O', 'O', 'O', 'O', 'O', 'O', 'O', 'O', 'O', 'O', 'O', 'O', 'O', 'O', 'O']
['2', '.', 'This', 'Article', 'shall', 'not', 'prejudice', 'the', 'trial', 'and', 'punishment', 'of', 'any', 'person', 'for', 'any', 'act', 'or', 'omission', 'which', ',', 'at', 'the', 'time', 'when', 'it', 'was', 'committed', ',', 'was', 'criminal', 'according', 'to', 'the', 'general', 'principles', 'of', 'law', 'recognised', 'by', 'civilised', 'nations', '.', '”']	['O', 'O', 'O', 'O', 'O', 'O', 'O', 'O', 'O', 'O', 'O', 'O', 'O', 'O', 'O', 'O', 'O', 'O', 'O', 'O', 'O', 'O', 'O', 'O', 'O', 'O', 'O', 'O', 'O', 'O', 'O', 'O', 'O', 'O', 'O', 'O', 'O', 'O', 'O', 'O', 'O', 'O', 'O', 'O']
['A.', 'Arguments', 'before', 'the', 'Court']	['O', 'O', 'O', 'O', 'O']
['1', '.', 'The', 'Government']	['O', 'O', 'O', 'O']
['23', '.', 'The', 'Government', 'pointed', 'out', 'that', 'the', 'applicants', 'were', 'charged', 'with', 'assisting', 'and', 'giving', 'shelter', 'to', 'an', 'illegal', 'organisation', ',', 'an', 'offence', 'which', 'was', 'defined', 'in', 'Article', '169', 'of', 'the', 'Turkish', 'Criminal', 'Code', 'and', 'was', 'of', 'a', 'continuing', 'nature', '.', 'They', 'maintained', 'that', 'during', 'their', 'interrogation', 'at', 'the', 'Şırnak', 'central', 'gendarmerie', 'command', 'the', 'applicants', 'both', 'admitted', 'that', 'they', 'had', 'been', 'helping', 'militants', 'of', 'the', 'PKK', 'since', '1988', 'and', '1989', '.']	['O', 'O', 'B-Subsumtion', 'I-Subsumtion', 'I-Subsumtion', 'I-Subsumtion', 'I-Subsumtion', 'I-Subsumtion', 'I-Subsumtion', 'I-Subsumtion', 'I-Subsumtion', 'I-Subsumtion', 'I-Subsumtion', 'I-Subsumtion', 'I-Subsumtion', 'I-Subsumtion', 'I-Subsumtion', 'I-Subsumtion', 'I-Subsumtion', 'I-Subsumtion', 'I-Subsumtion', 'I-Subsumtion', 'I-Subsumtion', 'I-Subsumtion', 'I-Subsumtion', 'I-Subsumtion', 'I-Subsumtion', 'I-Subsumtion', 'I-Subsumtion', 'I-Subsumtion', 'I-Subsumtion', 'I-Subsumtion', 'I-Subsumtion', 'I-Subsumtion', 'I-Subsumtion', 'I-Subsumtion', 'I-Subsumtion', 'I-Subsumtion', 'I-Subsumtion', 'I-Subsumtion', 'I-Subsumtion', 'I-Subsumtion', 'I-Subsumtion', 'I-Subsumtion', 'I-Subsumtion', 'I-Subsumtion', 'I-Subsumtion', 'I-Subsumtion', 'I-Subsumtion', 'I-Subsumtion', 'I-Subsumtion', 'I-Subsumtion', 'I-Subsumtion', 'I-Subsumtion', 'I-Subsumtion', 'I-Subsumtion', 'I-Subsumtion', 'I-Subsumtion', 'I-Subsumtion', 'I-Subsumtion', 'I-Subsumtion', 'I-Subsumtion', 'I-Subsumtion', 'I-Subsumtion', 'I-Subsumtion', 'I-Subsumtion', 'I-Subsumtion', 'I-Subsumtion', 'I-Subsumtion', 'I-Subsumtion', 'I-Subsumtion']
['24', '.', 'In', 'this', 'respect', ',', 'the', 'Government', 'highlighted', 'the', 'statements', 'given', 'by', 'the', 'applicant', 'Mehmet', 'Zeyrek', 'who', 'confessed', 'that', 'he', 'had', 'given', 'a', 'battery', 'to', 'a', 'PKK', 'militant', 'in', 'August', '1993', '.', 'They', 'also', 'referred', 'to', 'the', 'evidence', 'given', 'by', 'İkram', 'Yamaner', ',', 'a', 'former', 'PKK', 'militant', ',', 'who', 'had', 'testified', 'before', 'the', 'Şırnak', 'Magistrates', '’', 'Court', 'and', 'the', 'Diyarbakır', 'National', 'Security', 'Court', 'as', 'well', 'as', 'during', 'his', 'confrontation', 'with', 'the', 'applicants', 'at', 'the', 'Şırnak', 'central', 'gendarmerie', 'command', 'that', 'the', 'applicants', 'had', 'been', 'involved', 'in', 'the', 'PKK', 'while', 'he', 'was', 'a', 'member', 'of', 'the', 'latter', 'organisation', 'between', 'April', '1990', 'and', 'July', '1992', '.']	['O', 'O', 'B-Subsumtion', 'I-Subsumtion', 'I-Subsumtion', 'I-Subsumtion', 'I-Subsumtion', 'I-Subsumtion', 'I-Subsumtion', 'I-Subsumtion', 'I-Subsumtion', 'I-Subsumtion', 'I-Subsumtion', 'I-Subsumtion', 'I-Subsumtion', 'I-Subsumtion', 'I-Subsumtion', 'I-Subsumtion', 'I-Subsumtion', 'I-Subsumtion', 'I-Subsumtion', 'I-Subsumtion', 'I-Subsumtion', 'I-Subsumtion', 'I-Subsumtion', 'I-Subsumtion', 'I-Subsumtion', 'I-Subsumtion', 'I-Subsumtion', 'I-Subsumtion', 'I-Subsumtion', 'I-Subsumtion', 'I-Subsumtion', 'I-Subsumtion', 'I-Subsumtion', 'I-Subsumtion', 'I-Subsumtion', 'I-Subsumtion', 'I-Subsumtion', 'I-Subsumtion', 'I-Subsumtion', 'I-Subsumtion', 'I-Subsumtion', 'I-Subsumtion', 'I-Subsumtion', 'I-Subsumtion', 'I-Subsumtion', 'I-Subsumtion', 'I-Subsumtion', 'I-Subsumtion', 'I-Subsumtion', 'I-Subsumtion', 'I-Subsumtion', 'I-Subsumtion', 'I-Subsumtion', 'I-Subsumtion', 'I-Subsumtion', 'I-Subsumtion', 'I-Subsumtion', 'I-Subsumtion', 'I-Subsumtion', 'I-Subsumtion', 'I-Subsumtion', 'I-Subsumtion', 'I-Subsumtion', 'I-Subsumtion', 'I-Subsumtion', 'I-Subsumtion', 'I-Subsumtion', 'I-Subsumtion', 'I-Subsumtion', 'I-Subsumtion', 'I-Subsumtion', 'I-Subsumtion', 'I-Subsumtion', 'I-Subsumtion', 'I-Subsumtion', 'I-Subsumtion', 'I-Subsumtion', 'I-Subsumtion', 'I-Subsumtion', 'I-Subsumtion', 'I-Subsumtion', 'I-Subsumtion', 'I-Subsumtion', 'I-Subsumtion', 'I-Subsumtion', 'I-Subsumtion', 'I-Subsumtion', 'I-Subsumtion', 'I-Subsumtion', 'I-Subsumtion', 'I-Subsumtion', 'I-Subsumtion', 'I-Subsumtion', 'I-Subsumtion', 'I-Subsumtion', 'I-Subsumtion', 'I-Subsumtion', 'I-Subsumtion', 'I-Subsumtion', 'I-Subsumtion', 'I-Subsumtion', 'I-Subsumtion']
['25', '.', 'The', 'Government', 'asserted', 'therefore', 'that', 'the', 'years', '1988', 'and', '1989', 'set', 'out', 'in', 'the', 'Principal', 'Public', 'Prosecutor', '’s', 'indictment', 'should', 'be', 'considered', 'the', 'dates', 'of', 'commencement', 'of', 'the', 'incriminated', 'acts', '.', 'In', 'their', 'view', ',', 'the', 'courts', 'had', 'applied', 'section', '5', 'of', 'the', '1991', 'Act', 'to', 'acts', 'which', 'began', 'in', '1988', 'and', '1989', 'and', 'continued', 'until', '1993', '.', 'On', 'that', 'account', ',', 'the', 'Government', 'asked', 'the', 'Court', 'to', 'reject', 'the', 'applicants', '’', 'allegation', 'concerning', 'the', 'retrospective', 'application', 'of', 'the', '1991', 'Act', 'and', 'to', 'hold', 'that', 'there', 'has', 'been', 'no', 'violation', 'of', 'Article', '7', 'of', 'the', 'Convention', '.']	['O', 'O', 'B-Subsumtion', 'I-Subsumtion', 'I-Subsumtion', 'I-Subsumtion', 'I-Subsumtion', 'I-Subsumtion', 'I-Subsumtion', 'I-Subsumtion', 'I-Subsumtion', 'I-Subsumtion', 'I-Subsumtion', 'I-Subsumtion', 'I-Subsumtion', 'I-Subsumtion', 'I-Subsumtion', 'I-Subsumtion', 'I-Subsumtion', 'I-Subsumtion', 'I-Subsumtion', 'I-Subsumtion', 'I-Subsumtion', 'I-Subsumtion', 'I-Subsumtion', 'I-Subsumtion', 'I-Subsumtion', 'I-Subsumtion', 'I-Subsumtion', 'I-Subsumtion', 'I-Subsumtion', 'I-Subsumtion', 'I-Subsumtion', 'I-Subsumtion', 'I-Subsumtion', 'I-Subsumtion', 'I-Subsumtion', 'I-Subsumtion', 'I-Subsumtion', 'I-Subsumtion', 'I-Subsumtion', 'I-Subsumtion', 'I-Subsumtion', 'I-Subsumtion', 'I-Subsumtion', 'I-Subsumtion', 'I-Subsumtion', 'I-Subsumtion', 'I-Subsumtion', 'I-Subsumtion', 'I-Subsumtion', 'I-Subsumtion', 'I-Subsumtion', 'I-Subsumtion', 'I-Subsumtion', 'I-Subsumtion', 'I-Subsumtion', 'I-Subsumtion', 'I-Subsumtion', 'I-Subsumtion', 'I-Subsumtion', 'I-Subsumtion', 'I-Subsumtion', 'I-Subsumtion', 'I-Subsumtion', 'I-Subsumtion', 'I-Subsumtion', 'I-Subsumtion', 'I-Subsumtion', 'I-Subsumtion', 'I-Subsumtion', 'I-Subsumtion', 'I-Subsumtion', 'I-Subsumtion', 'I-Subsumtion', 'I-Subsumtion', 'I-Subsumtion', 'I-Subsumtion', 'I-Subsumtion', 'I-Subsumtion', 'I-Subsumtion', 'I-Subsumtion', 'I-Subsumtion', 'I-Subsumtion', 'I-Subsumtion', 'I-Subsumtion', 'I-Subsumtion', 'I-Subsumtion', 'I-Subsumtion', 'I-Subsumtion', 'I-Subsumtion', 'I-Subsumtion', 'I-Subsumtion', 'I-Subsumtion', 'I-Subsumtion', 'I-Subsumtion', 'I-Subsumtion', 'I-Subsumtion', 'I-Subsumtion']
['2', '.', 'The', 'applicants']	['O', 'O', 'O', 'O']
['26', '.', 'The', 'applicants', 'contested', 'the', 'Government', '’s', 'assertion', 'that', 'the', 'years', '1988', 'and', '1989', 'should', 'be', 'taken', 'to', 'be', 'the', 'dates', 'of', 'commencement', 'of', 'the', 'offences', '.', 'They', 'alleged', 'that', 'the', 'Principal', 'Public', 'Prosecutor', 'at', 'the', 'Diyarbakır', 'National', 'Security', 'Court', 'had', 'charged', 'them', 'only', 'with', 'acts', 'committed', 'between', '1988', 'and', '1989', 'since', 'he', 'could', 'not', 'find', 'any', 'evidence', 'indicating', 'their', 'involvement', 'in', 'the', 'organisation', 'between', '1989', 'and', 'the', 'date', 'of', 'their', 'arrest', 'on', '2', 'September', '1993', '.', 'Had', 'the', 'Principal', 'Public', 'Prosecutor', 'charged', 'them', 'with', 'acts', 'committed', 'between', '1988', 'and', '1993', 'he', 'would', 'have', 'indicated', 'this', 'in', 'the', 'bill', 'of', 'indictment', 'and', 'would', 'not', 'have', 'written', 'therein', '“', 'between', '1988', 'and', '1989', '”', 'as', 'the', 'dates', 'of', 'the', 'offences', '.', 'In', 'support', 'of', 'their', 'allegations', ',', 'the', 'applicants', 'submitted', 'four', 'bills', 'of', 'indictment', 'issued', 'by', 'the', 'Principal', 'Public', 'Prosecutor', 'at', 'the', 'Diyarbakır', 'National', 'Security', 'Court', ',', 'all', 'of', 'which', 'clearly', 'indicated', 'the', 'dates', 'of', 'the', 'offences', '.', 'The', 'applicants', 'cited', 'by', 'way', 'of', 'example', 'the', 'indictments', 'filed', 'against', 'Nihat', 'Eren', '(', 'indictment', 'no', '.', '1996/1198', ')', ',', 'Abit', 'Usluğ', 'and', 'Others', '(', 'indictment', 'no', '.', '1996/587', ')', ',', 'Abdullah', 'Kaya', 'and', 'Others', '(', 'indictment', 'no', '.', '1998/95', ')', 'and', 'Mehmet', 'Nuri', 'Günana', 'and', 'Mahmut', 'Can', '(', 'indictment', 'no', '.', '1996/1199', ')', 'who', ',', 'like', 'the', 'applicants', ',', 'were', 'charged', 'with', 'terrorist', '-', 'type', 'offences', '.']	['O', 'O', 'B-Subsumtion', 'I-Subsumtion', 'I-Subsumtion', 'I-Subsumtion', 'I-Subsumtion', 'I-Subsumtion', 'I-Subsumtion', 'I-Subsumtion', 'I-Subsumtion', 'I-Subsumtion', 'I-Subsumtion', 'I-Subsumtion', 'I-Subsumtion', 'I-Subsumtion', 'I-Subsumtion', 'I-Subsumtion', 'I-Subsumtion', 'I-Subsumtion', 'I-Subsumtion', 'I-Subsumtion', 'I-Subsumtion', 'I-Subsumtion', 'I-Subsumtion', 'I-Subsumtion', 'I-Subsumtion', 'I-Subsumtion', 'I-Subsumtion', 'I-Subsumtion', 'I-Subsumtion', 'I-Subsumtion', 'I-Subsumtion', 'I-Subsumtion', 'I-Subsumtion', 'I-Subsumtion', 'I-Subsumtion', 'I-Subsumtion', 'I-Subsumtion', 'I-Subsumtion', 'I-Subsumtion', 'I-Subsumtion', 'I-Subsumtion', 'I-Subsumtion', 'I-Subsumtion', 'I-Subsumtion', 'I-Subsumtion', 'I-Subsumtion', 'I-Subsumtion', 'I-Subsumtion', 'I-Subsumtion', 'I-Subsumtion', 'I-Subsumtion', 'I-Subsumtion', 'I-Subsumtion', 'I-Subsumtion', 'I-Subsumtion', 'I-Subsumtion', 'I-Subsumtion', 'I-Subsumtion', 'I-Subsumtion', 'I-Subsumtion', 'I-Subsumtion', 'I-Subsumtion', 'I-Subsumtion', 'I-Subsumtion', 'I-Subsumtion', 'I-Subsumtion', 'I-Subsumtion', 'I-Subsumtion', 'I-Subsumtion', 'I-Subsumtion', 'I-Subsumtion', 'I-Subsumtion', 'I-Subsumtion', 'I-Subsumtion', 'I-Subsumtion', 'I-Subsumtion', 'I-Subsumtion', 'I-Subsumtion', 'I-Subsumtion', 'I-Subsumtion', 'I-Subsumtion', 'I-Subsumtion', 'I-Subsumtion', 'I-Subsumtion', 'I-Subsumtion', 'I-Subsumtion', 'I-Subsumtion', 'I-Subsumtion', 'I-Subsumtion', 'I-Subsumtion', 'I-Subsumtion', 'I-Subsumtion', 'I-Subsumtion', 'I-Subsumtion', 'I-Subsumtion', 'I-Subsumtion', 'I-Subsumtion', 'I-Subsumtion', 'I-Subsumtion', 'I-Subsumtion', 'I-Subsumtion', 'I-Subsumtion', 'I-Subsumtion', 'I-Subsumtion', 'I-Subsumtion', 'I-Subsumtion', 'I-Subsumtion', 'I-Subsumtion', 'I-Subsumtion', 'I-Subsumtion', 'I-Subsumtion', 'I-Subsumtion', 'I-Subsumtion', 'I-Subsumtion', 'I-Subsumtion', 'I-Subsumtion', 'I-Subsumtion', 'I-Subsumtion', 'I-Subsumtion', 'I-Subsumtion', 'I-Subsumtion', 'I-Subsumtion', 'I-Subsumtion', 'I-Subsumtion', 'I-Subsumtion', 'I-Subsumtion', 'I-Subsumtion', 'I-Subsumtion', 'I-Subsumtion', 'I-Subsumtion', 'I-Subsumtion', 'I-Subsumtion', 'I-Subsumtion', 'I-Subsumtion', 'I-Subsumtion', 'I-Subsumtion', 'I-Subsumtion', 'I-Subsumtion', 'I-Subsumtion', 'I-Subsumtion', 'I-Subsumtion', 'I-Subsumtion', 'I-Subsumtion', 'I-Subsumtion', 'I-Subsumtion', 'I-Subsumtion', 'I-Subsumtion', 'I-Subsumtion', 'I-Subsumtion', 'I-Subsumtion', 'I-Subsumtion', 'I-Subsumtion', 'I-Subsumtion', 'I-Subsumtion', 'I-Subsumtion', 'I-Subsumtion', 'I-Subsumtion', 'I-Subsumtion', 'I-Subsumtion', 'I-Subsumtion', 'I-Subsumtion', 'I-Subsumtion', 'I-Subsumtion', 'I-Subsumtion', 'I-Subsumtion', 'I-Subsumtion', 'I-Subsumtion', 'I-Subsumtion', 'I-Subsumtion', 'I-Subsumtion', 'I-Subsumtion', 'I-Subsumtion', 'I-Subsumtion', 'I-Subsumtion', 'I-Subsumtion', 'I-Subsumtion', 'I-Subsumtion', 'I-Subsumtion', 'I-Subsumtion', 'I-Subsumtion', 'I-Subsumtion', 'I-Subsumtion', 'I-Subsumtion', 'I-Subsumtion', 'I-Subsumtion', 'I-Subsumtion', 'I-Subsumtion', 'I-Subsumtion', 'I-Subsumtion', 'I-Subsumtion', 'I-Subsumtion', 'I-Subsumtion', 'I-Subsumtion', 'I-Subsumtion', 'I-Subsumtion', 'I-Subsumtion', 'I-Subsumtion', 'I-Subsumtion', 'I-Subsumtion', 'I-Subsumtion', 'I-Subsumtion', 'I-Subsumtion', 'I-Subsumtion', 'I-Subsumtion', 'I-Subsumtion', 'I-Subsumtion', 'I-Subsumtion', 'I-Subsumtion', 'I-Subsumtion', 'I-Subsumtion', 'I-Subsumtion', 'I-Subsumtion', 'I-Subsumtion', 'I-Subsumtion', 'I-Subsumtion', 'I-Subsumtion', 'I-Subsumtion', 'I-Subsumtion', 'I-Subsumtion', 'I-Subsumtion', 'I-Subsumtion', 'I-Subsumtion', 'I-Subsumtion', 'I-Subsumtion']
['27', '.', 'The', 'applicants', 'pointed', 'out', 'that', 'the', 'National', 'Security', 'Court', 'had', 'clearly', 'indicated', 'in', 'its', 'judgment', 'that', 'they', 'had', 'been', 'convicted', 'of', 'offences', 'committed', 'during', '1988', 'and', '1989', '.', 'In', 'this', 'respect', ',', 'the', 'applicants', 'referred', 'to', 'Article', '150', 'of', 'the', 'Turkish', 'Code', 'of', 'Criminal', 'Procedure', 'which', 'provides', 'that', 'the', 'jurisdiction', 'of', 'the', 'courts', 'is', 'limited', 'by', 'the', 'crimes', 'set', 'forth', 'in', 'the', 'indictment', '.', 'They', 'contended', 'that', 'the', 'Government', 'can', 'not', 'extend', 'the', 'indictment', 'so', 'as', 'to', 'cover', 'the', 'period', 'between', '1989', 'and', '1993', 'since', 'they', 'were', 'not', 'engaged', 'in', 'any', 'criminal', 'activity', 'during', 'that', 'period', '.']	['O', 'O', 'B-Subsumtion', 'I-Subsumtion', 'I-Subsumtion', 'I-Subsumtion', 'I-Subsumtion', 'I-Subsumtion', 'I-Subsumtion', 'I-Subsumtion', 'I-Subsumtion', 'I-Subsumtion', 'I-Subsumtion', 'I-Subsumtion', 'I-Subsumtion', 'I-Subsumtion', 'I-Subsumtion', 'I-Subsumtion', 'I-Subsumtion', 'I-Subsumtion', 'I-Subsumtion', 'I-Subsumtion', 'I-Subsumtion', 'I-Subsumtion', 'I-Subsumtion', 'I-Subsumtion', 'I-Subsumtion', 'I-Subsumtion', 'I-Subsumtion', 'I-Subsumtion', 'I-Subsumtion', 'I-Subsumtion', 'I-Subsumtion', 'I-Subsumtion', 'I-Subsumtion', 'I-Subsumtion', 'I-Subsumtion', 'I-Subsumtion', 'I-Subsumtion', 'I-Subsumtion', 'I-Subsumtion', 'I-Subsumtion', 'I-Subsumtion', 'I-Subsumtion', 'I-Subsumtion', 'I-Subsumtion', 'I-Subsumtion', 'I-Subsumtion', 'I-Subsumtion', 'I-Subsumtion', 'I-Subsumtion', 'I-Subsumtion', 'I-Subsumtion', 'I-Subsumtion', 'I-Subsumtion', 'I-Subsumtion', 'I-Subsumtion', 'I-Subsumtion', 'I-Subsumtion', 'I-Subsumtion', 'I-Subsumtion', 'I-Subsumtion', 'I-Subsumtion', 'I-Subsumtion', 'I-Subsumtion', 'I-Subsumtion', 'I-Subsumtion', 'I-Subsumtion', 'I-Subsumtion', 'I-Subsumtion', 'I-Subsumtion', 'I-Subsumtion', 'I-Subsumtion', 'I-Subsumtion', 'I-Subsumtion', 'I-Subsumtion', 'I-Subsumtion', 'I-Subsumtion', 'I-Subsumtion', 'I-Subsumtion', 'I-Subsumtion', 'I-Subsumtion', 'I-Subsumtion', 'I-Subsumtion', 'I-Subsumtion', 'I-Subsumtion', 'I-Subsumtion', 'I-Subsumtion', 'I-Subsumtion', 'I-Subsumtion', 'I-Subsumtion', 'I-Subsumtion', 'I-Subsumtion', 'I-Subsumtion', 'I-Subsumtion', 'I-Subsumtion', 'I-Subsumtion', 'I-Subsumtion', 'I-Subsumtion']
['The', 'applicants', 'further', 'argued', 'that', 'the', 'Government', 'can', 'not', 'rely', 'on', 'the', 'statements', 'they', 'had', 'made', 'during', 'their', 'detention', 'in', 'custody', 'with', 'a', 'view', 'to', 'extending', 'the', 'period', 'of', 'their', 'activities', 'as', 'they', 'had', 'retracted', 'those', 'statements', 'in', 'the', 'course', 'of', 'the', 'proceedings', 'before', 'the', 'National', 'Security', 'Court', '.']	['I-Subsumtion', 'I-Subsumtion', 'I-Subsumtion', 'I-Subsumtion', 'I-Subsumtion', 'I-Subsumtion', 'I-Subsumtion', 'I-Subsumtion', 'I-Subsumtion', 'I-Subsumtion', 'I-Subsumtion', 'I-Subsumtion', 'I-Subsumtion', 'I-Subsumtion', 'I-Subsumtion', 'I-Subsumtion', 'I-Subsumtion', 'I-Subsumtion', 'I-Subsumtion', 'I-Subsumtion', 'I-Subsumtion', 'I-Subsumtion', 'I-Subsumtion', 'I-Subsumtion', 'I-Subsumtion', 'I-Subsumtion', 'I-Subsumtion', 'I-Subsumtion', 'I-Subsumtion', 'I-Subsumtion', 'I-Subsumtion', 'I-Subsumtion', 'I-Subsumtion', 'I-Subsumtion', 'I-Subsumtion', 'I-Subsumtion', 'I-Subsumtion', 'I-Subsumtion', 'I-Subsumtion', 'I-Subsumtion', 'I-Subsumtion', 'I-Subsumtion', 'I-Subsumtion', 'I-Subsumtion', 'I-Subsumtion', 'I-Subsumtion', 'I-Subsumtion', 'I-Subsumtion', 'I-Subsumtion']
['28', '.', 'In', 'sum', ',', 'the', 'applicants', 'requested', 'the', 'Court', 'to', 'hold', 'that', 'imposition', 'of', 'a', 'prison', 'sentence', 'in', 'application', 'of', 'the', '1991', 'Act', 'to', 'their', 'acts', 'committed', 'in', '1988', 'and', '1989', 'contravened', 'Article', '7', 'of', 'the', 'Convention', '.']	['O', 'O', 'B-Subsumtion', 'I-Subsumtion', 'I-Subsumtion', 'I-Subsumtion', 'I-Subsumtion', 'I-Subsumtion', 'I-Subsumtion', 'I-Subsumtion', 'I-Subsumtion', 'I-Subsumtion', 'I-Subsumtion', 'I-Subsumtion', 'I-Subsumtion', 'I-Subsumtion', 'I-Subsumtion', 'I-Subsumtion', 'I-Subsumtion', 'I-Subsumtion', 'I-Subsumtion', 'I-Subsumtion', 'I-Subsumtion', 'I-Subsumtion', 'I-Subsumtion', 'I-Subsumtion', 'I-Subsumtion', 'I-Subsumtion', 'I-Subsumtion', 'I-Subsumtion', 'I-Subsumtion', 'I-Subsumtion', 'I-Subsumtion', 'I-Subsumtion', 'I-Subsumtion', 'I-Subsumtion', 'I-Subsumtion', 'I-Subsumtion', 'I-Subsumtion']
['B.', 'The', 'Court', '’s', 'assessment']	['O', 'O', 'O', 'O', 'O']
['1', '.', 'General', 'principles']	['O', 'O', 'O', 'O']
['29', '.', 'The', 'Court', 'recalls', 'that', 'the', 'guarantee', 'enshrined', 'in', 'Article', '7', ',', 'which', 'is', 'an', 'essential', 'element', 'of', 'the', 'rule', 'of', 'law', ',', 'occupies', 'a', 'prominent', 'place', 'in', 'the', 'Convention', 'system', 'of', 'protection', ',', 'as', 'is', 'underlined', 'by', 'the', 'fact', 'that', 'no', 'derogation', 'from', 'it', 'is', 'permissible', 'under', 'Article', '15', 'in', 'time', 'of', 'war', 'or', 'other', 'public', 'emergency', '.', 'It', 'should', 'be', 'construed', 'and', 'applied', ',', 'as', 'follows', 'from', 'its', 'object', 'and', 'purpose', ',', 'in', 'such', 'a', 'way', 'as', 'to', 'provide', 'effective', 'safeguards', 'against', 'arbitrary', 'prosecution', ',', 'conviction', 'and', 'punishment', '(', 'see', 'S.W.', 'and', 'C.R.', 'v.', 'the', 'United', 'Kingdom', ',', 'judgments', 'of', '22', 'November', '1995', ',', 'Series', 'A', 'nos', '.', '335‑B', 'and', '335', '-', 'C', ',', 'pp', '.', '41‑42', ',', '§', '35', ',', 'and', 'pp', '.', '68', '-', '69', ',', '§', '33', ',', 'respectively', ')', '.']	['O', 'O', 'B-Vorherige Rechtsprechung des EGMR', 'I-Vorherige Rechtsprechung des EGMR', 'I-Vorherige Rechtsprechung des EGMR', 'I-Vorherige Rechtsprechung des EGMR', 'I-Vorherige Rechtsprechung des EGMR', 'I-Vorherige Rechtsprechung des EGMR', 'I-Vorherige Rechtsprechung des EGMR', 'I-Vorherige Rechtsprechung des EGMR', 'I-Vorherige Rechtsprechung des EGMR', 'I-Vorherige Rechtsprechung des EGMR', 'I-Vorherige Rechtsprechung des EGMR', 'I-Vorherige Rechtsprechung des EGMR', 'I-Vorherige Rechtsprechung des EGMR', 'I-Vorherige Rechtsprechung des EGMR', 'I-Vorherige Rechtsprechung des EGMR', 'I-Vorherige Rechtsprechung des EGMR', 'I-Vorherige Rechtsprechung des EGMR', 'I-Vorherige Rechtsprechung des EGMR', 'I-Vorherige Rechtsprechung des EGMR', 'I-Vorherige Rechtsprechung des EGMR', 'I-Vorherige Rechtsprechung des EGMR', 'I-Vorherige Rechtsprechung des EGMR', 'I-Vorherige Rechtsprechung des EGMR', 'I-Vorherige Rechtsprechung des EGMR', 'I-Vorherige Rechtsprechung des EGMR', 'I-Vorherige Rechtsprechung des EGMR', 'I-Vorherige Rechtsprechung des EGMR', 'I-Vorherige Rechtsprechung des EGMR', 'I-Vorherige Rechtsprechung des EGMR', 'I-Vorherige Rechtsprechung des EGMR', 'I-Vorherige Rechtsprechung des EGMR', 'I-Vorherige Rechtsprechung des EGMR', 'I-Vorherige Rechtsprechung des EGMR', 'I-Vorherige Rechtsprechung des EGMR', 'I-Vorherige Rechtsprechung des EGMR', 'I-Vorherige Rechtsprechung des EGMR', 'I-Vorherige Rechtsprechung des EGMR', 'I-Vorherige Rechtsprechung des EGMR', 'I-Vorherige Rechtsprechung des EGMR', 'I-Vorherige Rechtsprechung des EGMR', 'I-Vorherige Rechtsprechung des EGMR', 'I-Vorherige Rechtsprechung des EGMR', 'I-Vorherige Rechtsprechung des EGMR', 'I-Vorherige Rechtsprechung des EGMR', 'I-Vorherige Rechtsprechung des EGMR', 'I-Vorherige Rechtsprechung des EGMR', 'I-Vorherige Rechtsprechung des EGMR', 'I-Vorherige Rechtsprechung des EGMR', 'I-Vorherige Rechtsprechung des EGMR', 'I-Vorherige Rechtsprechung des EGMR', 'I-Vorherige Rechtsprechung des EGMR', 'I-Vorherige Rechtsprechung des EGMR', 'I-Vorherige Rechtsprechung des EGMR', 'I-Vorherige Rechtsprechung des EGMR', 'I-Vorherige Rechtsprechung des EGMR', 'I-Vorherige Rechtsprechung des EGMR', 'I-Vorherige Rechtsprechung des EGMR', 'I-Vorherige Rechtsprechung des EGMR', 'I-Vorherige Rechtsprechung des EGMR', 'I-Vorherige Rechtsprechung des EGMR', 'I-Vorherige Rechtsprechung des EGMR', 'I-Vorherige Rechtsprechung des EGMR', 'I-Vorherige Rechtsprechung des EGMR', 'I-Vorherige Rechtsprechung des EGMR', 'I-Vorherige Rechtsprechung des EGMR', 'I-Vorherige Rechtsprechung des EGMR', 'I-Vorherige Rechtsprechung des EGMR', 'I-Vorherige Rechtsprechung des EGMR', 'I-Vorherige Rechtsprechung des EGMR', 'I-Vorherige Rechtsprechung des EGMR', 'I-Vorherige Rechtsprechung des EGMR', 'I-Vorherige Rechtsprechung des EGMR', 'I-Vorherige Rechtsprechung des EGMR', 'I-Vorherige Rechtsprechung des EGMR', 'I-Vorherige Rechtsprechung des EGMR', 'I-Vorherige Rechtsprechung des EGMR', 'I-Vorherige Rechtsprechung des EGMR', 'I-Vorherige Rechtsprechung des EGMR', 'I-Vorherige Rechtsprechung des EGMR', 'I-Vorherige Rechtsprechung des EGMR', 'I-Vorherige Rechtsprechung des EGMR', 'I-Vorherige Rechtsprechung des EGMR', 'I-Vorherige Rechtsprechung des EGMR', 'I-Vorherige Rechtsprechung des EGMR', 'I-Vorherige Rechtsprechung des EGMR', 'I-Vorherige Rechtsprechung des EGMR', 'I-Vorherige Rechtsprechung des EGMR', 'I-Vorherige Rechtsprechung des EGMR', 'I-Vorherige Rechtsprechung des EGMR', 'I-Vorherige Rechtsprechung des EGMR', 'I-Vorherige Rechtsprechung des EGMR', 'I-Vorherige Rechtsprechung des EGMR', 'I-Vorherige Rechtsprechung des EGMR', 'I-Vorherige Rechtsprechung des EGMR', 'I-Vorherige Rechtsprechung des EGMR', 'I-Vorherige Rechtsprechung des EGMR', 'I-Vorherige Rechtsprechung des EGMR', 'I-Vorherige Rechtsprechung des EGMR', 'I-Vorherige Rechtsprechung des EGMR', 'I-Vorherige Rechtsprechung des EGMR', 'I-Vorherige Rechtsprechung des EGMR', 'I-Vorherige Rechtsprechung des EGMR', 'I-Vorherige Rechtsprechung des EGMR', 'I-Vorherige Rechtsprechung des EGMR', 'I-Vorherige Rechtsprechung des EGMR', 'I-Vorherige Rechtsprechung des EGMR', 'I-Vorherige Rechtsprechung des EGMR', 'I-Vorherige Rechtsprechung des EGMR', 'I-Vorherige Rechtsprechung des EGMR', 'I-Vorherige Rechtsprechung des EGMR', 'I-Vorherige Rechtsprechung des EGMR', 'I-Vorherige Rechtsprechung des EGMR', 'I-Vorherige Rechtsprechung des EGMR', 'I-Vorherige Rechtsprechung des EGMR', 'I-Vorherige Rechtsprechung des EGMR', 'I-Vorherige Rechtsprechung des EGMR', 'I-Vorherige Rechtsprechung des EGMR', 'I-Vorherige Rechtsprechung des EGMR', 'I-Vorherige Rechtsprechung des EGMR', 'I-Vorherige Rechtsprechung des EGMR', 'I-Vorherige Rechtsprechung des EGMR', 'I-Vorherige Rechtsprechung des EGMR', 'I-Vorherige Rechtsprechung des EGMR', 'I-Vorherige Rechtsprechung des EGMR', 'I-Vorherige Rechtsprechung des EGMR', 'I-Vorherige Rechtsprechung des EGMR', 'I-Vorherige Rechtsprechung des EGMR', 'I-Vorherige Rechtsprechung des EGMR', 'I-Vorherige Rechtsprechung des EGMR', 'I-Vorherige Rechtsprechung des EGMR', 'I-Vorherige Rechtsprechung des EGMR', 'I-Vorherige Rechtsprechung des EGMR', 'I-Vorherige Rechtsprechung des EGMR', 'I-Vorherige Rechtsprechung des EGMR', 'I-Vorherige Rechtsprechung des EGMR']
['30', '.', 'According', 'to', 'the', 'Court', '’s', 'case', '-', 'law', ',', 'Article', '7', 'of', 'the', 'Convention', 'generally', 'embodies', 'the', 'principle', 'that', 'only', 'the', 'law', 'can', 'define', 'a', 'crime', 'and', 'prescribe', 'a', 'penalty', '(', 'nullum', 'crimen', ',', 'nulla', 'poena', 'sine', 'lege', ')', 'and', 'prohibits', 'in', 'particular', 'the', 'retrospective', 'application', 'of', 'the', 'criminal', 'law', 'where', 'it', 'is', 'to', 'an', 'accused', '’s', 'detriment', '(', 'see', 'Kokkinakis', 'v.', 'Greece', ',', 'judgment', 'of', '25', 'May', '1993', ',', 'Series', 'A', 'no', '.', '260', '-', 'A', ',', 'p.', '22', ',', '§', '52', ')', '.']	['O', 'O', 'B-Vorherige Rechtsprechung des EGMR', 'I-Vorherige Rechtsprechung des EGMR', 'I-Vorherige Rechtsprechung des EGMR', 'I-Vorherige Rechtsprechung des EGMR', 'I-Vorherige Rechtsprechung des EGMR', 'I-Vorherige Rechtsprechung des EGMR', 'I-Vorherige Rechtsprechung des EGMR', 'I-Vorherige Rechtsprechung des EGMR', 'I-Vorherige Rechtsprechung des EGMR', 'I-Vorherige Rechtsprechung des EGMR', 'I-Vorherige Rechtsprechung des EGMR', 'I-Vorherige Rechtsprechung des EGMR', 'I-Vorherige Rechtsprechung des EGMR', 'I-Vorherige Rechtsprechung des EGMR', 'I-Vorherige Rechtsprechung des EGMR', 'I-Vorherige Rechtsprechung des EGMR', 'I-Vorherige Rechtsprechung des EGMR', 'I-Vorherige Rechtsprechung des EGMR', 'I-Vorherige Rechtsprechung des EGMR', 'I-Vorherige Rechtsprechung des EGMR', 'I-Vorherige Rechtsprechung des EGMR', 'I-Vorherige Rechtsprechung des EGMR', 'I-Vorherige Rechtsprechung des EGMR', 'I-Vorherige Rechtsprechung des EGMR', 'I-Vorherige Rechtsprechung des EGMR', 'I-Vorherige Rechtsprechung des EGMR', 'I-Vorherige Rechtsprechung des EGMR', 'I-Vorherige Rechtsprechung des EGMR', 'I-Vorherige Rechtsprechung des EGMR', 'I-Vorherige Rechtsprechung des EGMR', 'I-Vorherige Rechtsprechung des EGMR', 'I-Vorherige Rechtsprechung des EGMR', 'I-Vorherige Rechtsprechung des EGMR', 'I-Vorherige Rechtsprechung des EGMR', 'I-Vorherige Rechtsprechung des EGMR', 'I-Vorherige Rechtsprechung des EGMR', 'I-Vorherige Rechtsprechung des EGMR', 'I-Vorherige Rechtsprechung des EGMR', 'I-Vorherige Rechtsprechung des EGMR', 'I-Vorherige Rechtsprechung des EGMR', 'I-Vorherige Rechtsprechung des EGMR', 'I-Vorherige Rechtsprechung des EGMR', 'I-Vorherige Rechtsprechung des EGMR', 'I-Vorherige Rechtsprechung des EGMR', 'I-Vorherige Rechtsprechung des EGMR', 'I-Vorherige Rechtsprechung des EGMR', 'I-Vorherige Rechtsprechung des EGMR', 'I-Vorherige Rechtsprechung des EGMR', 'I-Vorherige Rechtsprechung des EGMR', 'I-Vorherige Rechtsprechung des EGMR', 'I-Vorherige Rechtsprechung des EGMR', 'I-Vorherige Rechtsprechung des EGMR', 'I-Vorherige Rechtsprechung des EGMR', 'I-Vorherige Rechtsprechung des EGMR', 'I-Vorherige Rechtsprechung des EGMR', 'I-Vorherige Rechtsprechung des EGMR', 'I-Vorherige Rechtsprechung des EGMR', 'I-Vorherige Rechtsprechung des EGMR', 'I-Vorherige Rechtsprechung des EGMR', 'I-Vorherige Rechtsprechung des EGMR', 'I-Vorherige Rechtsprechung des EGMR', 'I-Vorherige Rechtsprechung des EGMR', 'I-Vorherige Rechtsprechung des EGMR', 'I-Vorherige Rechtsprechung des EGMR', 'I-Vorherige Rechtsprechung des EGMR', 'I-Vorherige Rechtsprechung des EGMR', 'I-Vorherige Rechtsprechung des EGMR', 'I-Vorherige Rechtsprechung des EGMR', 'I-Vorherige Rechtsprechung des EGMR', 'I-Vorherige Rechtsprechung des EGMR', 'I-Vorherige Rechtsprechung des EGMR', 'I-Vorherige Rechtsprechung des EGMR', 'I-Vorherige Rechtsprechung des EGMR', 'I-Vorherige Rechtsprechung des EGMR', 'I-Vorherige Rechtsprechung des EGMR', 'I-Vorherige Rechtsprechung des EGMR', 'I-Vorherige Rechtsprechung des EGMR', 'I-Vorherige Rechtsprechung des EGMR', 'I-Vorherige Rechtsprechung des EGMR', 'I-Vorherige Rechtsprechung des EGMR', 'I-Vorherige Rechtsprechung des EGMR', 'I-Vorherige Rechtsprechung des EGMR', 'I-Vorherige Rechtsprechung des EGMR', 'I-Vorherige Rechtsprechung des EGMR', 'I-Vorherige Rechtsprechung des EGMR']
['2', '.', 'Application', 'of', 'the', 'foregoing', 'principles']	['O', 'O', 'O', 'O', 'O', 'O', 'O']
['31', '.', 'The', 'Court', 'considers', 'that', 'the', 'principle', 'of', 'nulla', 'poena', 'sine', 'lege', 'is', 'the', 'only', 'relevant', 'consideration', 'in', 'this', 'case', 'since', 'the', 'applicants', 'maintain', 'that', 'a', 'heavier', 'penalty', 'was', 'imposed', 'on', 'them', 'than', 'the', 'one', 'that', 'was', 'applicable', 'at', 'the', 'time', 'the', 'offence', 'was', 'committed', '.']	['O', 'O', 'B-Subsumtion', 'I-Subsumtion', 'I-Subsumtion', 'I-Subsumtion', 'I-Subsumtion', 'I-Subsumtion', 'I-Subsumtion', 'I-Subsumtion', 'I-Subsumtion', 'I-Subsumtion', 'I-Subsumtion', 'I-Subsumtion', 'I-Subsumtion', 'I-Subsumtion', 'I-Subsumtion', 'I-Subsumtion', 'I-Subsumtion', 'I-Subsumtion', 'I-Subsumtion', 'I-Subsumtion', 'I-Subsumtion', 'I-Subsumtion', 'I-Subsumtion', 'I-Subsumtion', 'I-Subsumtion', 'I-Subsumtion', 'I-Subsumtion', 'I-Subsumtion', 'I-Subsumtion', 'I-Subsumtion', 'I-Subsumtion', 'I-Subsumtion', 'I-Subsumtion', 'I-Subsumtion', 'I-Subsumtion', 'I-Subsumtion', 'I-Subsumtion', 'I-Subsumtion', 'I-Subsumtion', 'I-Subsumtion', 'I-Subsumtion', 'I-Subsumtion', 'I-Subsumtion', 'I-Subsumtion', 'I-Subsumtion']
['32', '.', 'The', 'Court', 'observes', 'that', 'in', 'the', 'instant', 'case', 'the', 'conviction', 'of', 'the', 'applicants', 'and', 'the', 'imposition', 'of', 'a', 'prison', 'sentence', 'on', 'them', 'on', 'account', 'of', 'the', 'commission', 'of', 'the', 'offences', 'defined', 'in', 'Article', '169', 'of', 'the', 'Turkish', 'Criminal', 'Code', 'are', 'not', 'in', 'dispute', '.', 'The', 'only', 'question', 'to', 'be', 'determined', 'is', 'whether', 'the', '1991', 'Act', 'was', 'applied', 'to', 'offences', 'committed', 'before', 'the', 'Act', 'came', 'into', 'force', 'so', 'that', 'it', 'constituted', 'an', 'ex', 'post', 'facto', 'criminal', 'penalty', 'in', 'breach', 'of', 'Article', '7', '§', '1', 'of', 'the', 'Convention', '.']	['O', 'O', 'B-Konsens der prozessualen Parteien', 'I-Konsens der prozessualen Parteien', 'I-Konsens der prozessualen Parteien', 'I-Konsens der prozessualen Parteien', 'I-Konsens der prozessualen Parteien', 'I-Konsens der prozessualen Parteien', 'I-Konsens der prozessualen Parteien', 'I-Konsens der prozessualen Parteien', 'I-Konsens der prozessualen Parteien', 'I-Konsens der prozessualen Parteien', 'I-Konsens der prozessualen Parteien', 'I-Konsens der prozessualen Parteien', 'I-Konsens der prozessualen Parteien', 'I-Konsens der prozessualen Parteien', 'I-Konsens der prozessualen Parteien', 'I-Konsens der prozessualen Parteien', 'I-Konsens der prozessualen Parteien', 'I-Konsens der prozessualen Parteien', 'I-Konsens der prozessualen Parteien', 'I-Konsens der prozessualen Parteien', 'I-Konsens der prozessualen Parteien', 'I-Konsens der prozessualen Parteien', 'I-Konsens der prozessualen Parteien', 'I-Konsens der prozessualen Parteien', 'I-Konsens der prozessualen Parteien', 'I-Konsens der prozessualen Parteien', 'I-Konsens der prozessualen Parteien', 'I-Konsens der prozessualen Parteien', 'I-Konsens der prozessualen Parteien', 'I-Konsens der prozessualen Parteien', 'I-Konsens der prozessualen Parteien', 'I-Konsens der prozessualen Parteien', 'I-Konsens der prozessualen Parteien', 'I-Konsens der prozessualen Parteien', 'I-Konsens der prozessualen Parteien', 'I-Konsens der prozessualen Parteien', 'I-Konsens der prozessualen Parteien', 'I-Konsens der prozessualen Parteien', 'I-Konsens der prozessualen Parteien', 'I-Konsens der prozessualen Parteien', 'I-Konsens der prozessualen Parteien', 'I-Konsens der prozessualen Parteien', 'I-Konsens der prozessualen Parteien', 'I-Konsens der prozessualen Parteien', 'B-Subsumtion', 'I-Subsumtion', 'I-Subsumtion', 'I-Subsumtion', 'I-Subsumtion', 'I-Subsumtion', 'I-Subsumtion', 'I-Subsumtion', 'I-Subsumtion', 'I-Subsumtion', 'I-Subsumtion', 'I-Subsumtion', 'I-Subsumtion', 'I-Subsumtion', 'I-Subsumtion', 'I-Subsumtion', 'I-Subsumtion', 'I-Subsumtion', 'I-Subsumtion', 'I-Subsumtion', 'I-Subsumtion', 'I-Subsumtion', 'I-Subsumtion', 'I-Subsumtion', 'I-Subsumtion', 'I-Subsumtion', 'I-Subsumtion', 'I-Subsumtion', 'I-Subsumtion', 'I-Subsumtion', 'I-Subsumtion', 'I-Subsumtion', 'I-Subsumtion', 'I-Subsumtion', 'I-Subsumtion', 'I-Subsumtion', 'I-Subsumtion', 'I-Subsumtion', 'I-Subsumtion', 'I-Subsumtion', 'I-Subsumtion', 'I-Subsumtion', 'I-Subsumtion']
['33', '.', 'The', 'Court', 'notes', 'that', 'the', 'Government', 'maintain', 'that', 'the', 'offence', 'with', 'which', 'the', 'applicants', 'were', 'charged', 'is', 'to', 'be', 'considered', 'a', 'continuing', 'offence', 'under', 'Article', '169', 'of', 'the', 'Turkish', 'Criminal', 'Code', '(', 'see', 'paragraph', '19', 'above', ')', '.', 'On', 'that', 'understanding', ',', 'the', 'Court', 'observes', 'that', ',', 'by', 'definition', ',', 'a', '“', 'continuing', 'offence', '”', 'is', 'a', 'type', 'of', 'crime', 'committed', 'over', 'a', 'period', 'of', 'time', '.', 'In', 'its', 'view', ',', 'when', 'an', 'accused', 'is', 'charged', 'with', 'a', 'continuing', 'offence', ',', 'the', 'principle', 'of', 'legal', 'certainty', 'requires', 'that', 'the', 'acts', 'which', 'go', 'to', 'make', 'up', 'that', 'offence', ',', 'and', 'which', 'entail', 'his', 'criminal', 'liability', ',', 'be', 'clearly', 'set', 'out', 'in', 'the', 'bill', 'of', 'indictment', '(', 'see', ',', 'mutatis', 'mutandis', ',', 'Pélissier', 'and', 'Sassi', 'v.', 'France', '[', 'GC', ']', ',', 'no', '.', '25444/94', ',', '§', '51', ',', 'ECHR', '1999', '-', 'II', ')', '.', 'Furthermore', ',', 'the', 'decision', 'rendered', 'by', 'the', 'domestic', 'court', 'must', 'also', 'make', 'it', 'clear', 'that', 'the', 'accused', '’s', 'conviction', 'and', 'sentence', 'result', 'from', 'a', 'finding', 'that', 'the', 'ingredients', 'of', 'a', 'continuing', 'offence', 'have', 'been', 'made', 'out', 'by', 'the', 'prosecution', '.']	['O', 'O', 'B-Subsumtion', 'I-Subsumtion', 'I-Subsumtion', 'I-Subsumtion', 'I-Subsumtion', 'I-Subsumtion', 'I-Subsumtion', 'I-Subsumtion', 'I-Subsumtion', 'I-Subsumtion', 'I-Subsumtion', 'I-Subsumtion', 'I-Subsumtion', 'I-Subsumtion', 'I-Subsumtion', 'I-Subsumtion', 'I-Subsumtion', 'I-Subsumtion', 'I-Subsumtion', 'I-Subsumtion', 'I-Subsumtion', 'I-Subsumtion', 'I-Subsumtion', 'I-Subsumtion', 'I-Subsumtion', 'I-Subsumtion', 'I-Subsumtion', 'I-Subsumtion', 'I-Subsumtion', 'I-Subsumtion', 'I-Subsumtion', 'I-Subsumtion', 'I-Subsumtion', 'I-Subsumtion', 'I-Subsumtion', 'I-Subsumtion', 'I-Subsumtion', 'I-Subsumtion', 'B-Vorherige Rechtsprechung des EGMR', 'I-Vorherige Rechtsprechung des EGMR', 'I-Vorherige Rechtsprechung des EGMR', 'I-Vorherige Rechtsprechung des EGMR', 'I-Vorherige Rechtsprechung des EGMR', 'I-Vorherige Rechtsprechung des EGMR', 'I-Vorherige Rechtsprechung des EGMR', 'I-Vorherige Rechtsprechung des EGMR', 'I-Vorherige Rechtsprechung des EGMR', 'I-Vorherige Rechtsprechung des EGMR', 'I-Vorherige Rechtsprechung des EGMR', 'I-Vorherige Rechtsprechung des EGMR', 'I-Vorherige Rechtsprechung des EGMR', 'I-Vorherige Rechtsprechung des EGMR', 'I-Vorherige Rechtsprechung des EGMR', 'I-Vorherige Rechtsprechung des EGMR', 'I-Vorherige Rechtsprechung des EGMR', 'I-Vorherige Rechtsprechung des EGMR', 'I-Vorherige Rechtsprechung des EGMR', 'I-Vorherige Rechtsprechung des EGMR', 'I-Vorherige Rechtsprechung des EGMR', 'I-Vorherige Rechtsprechung des EGMR', 'I-Vorherige Rechtsprechung des EGMR', 'I-Vorherige Rechtsprechung des EGMR', 'I-Vorherige Rechtsprechung des EGMR', 'I-Vorherige Rechtsprechung des EGMR', 'I-Vorherige Rechtsprechung des EGMR', 'I-Vorherige Rechtsprechung des EGMR', 'I-Vorherige Rechtsprechung des EGMR', 'I-Vorherige Rechtsprechung des EGMR', 'I-Vorherige Rechtsprechung des EGMR', 'I-Vorherige Rechtsprechung des EGMR', 'I-Vorherige Rechtsprechung des EGMR', 'I-Vorherige Rechtsprechung des EGMR', 'I-Vorherige Rechtsprechung des EGMR', 'I-Vorherige Rechtsprechung des EGMR', 'I-Vorherige Rechtsprechung des EGMR', 'I-Vorherige Rechtsprechung des EGMR', 'I-Vorherige Rechtsprechung des EGMR', 'I-Vorherige Rechtsprechung des EGMR', 'I-Vorherige Rechtsprechung des EGMR', 'I-Vorherige Rechtsprechung des EGMR', 'I-Vorherige Rechtsprechung des EGMR', 'I-Vorherige Rechtsprechung des EGMR', 'I-Vorherige Rechtsprechung des EGMR', 'I-Vorherige Rechtsprechung des EGMR', 'I-Vorherige Rechtsprechung des EGMR', 'I-Vorherige Rechtsprechung des EGMR', 'I-Vorherige Rechtsprechung des EGMR', 'I-Vorherige Rechtsprechung des EGMR', 'I-Vorherige Rechtsprechung des EGMR', 'I-Vorherige Rechtsprechung des EGMR', 'I-Vorherige Rechtsprechung des EGMR', 'I-Vorherige Rechtsprechung des EGMR', 'I-Vorherige Rechtsprechung des EGMR', 'I-Vorherige Rechtsprechung des EGMR', 'I-Vorherige Rechtsprechung des EGMR', 'I-Vorherige Rechtsprechung des EGMR', 'I-Vorherige Rechtsprechung des EGMR', 'I-Vorherige Rechtsprechung des EGMR', 'I-Vorherige Rechtsprechung des EGMR', 'I-Vorherige Rechtsprechung des EGMR', 'I-Vorherige Rechtsprechung des EGMR', 'I-Vorherige Rechtsprechung des EGMR', 'I-Vorherige Rechtsprechung des EGMR', 'I-Vorherige Rechtsprechung des EGMR', 'I-Vorherige Rechtsprechung des EGMR', 'I-Vorherige Rechtsprechung des EGMR', 'I-Vorherige Rechtsprechung des EGMR', 'I-Vorherige Rechtsprechung des EGMR', 'I-Vorherige Rechtsprechung des EGMR', 'I-Vorherige Rechtsprechung des EGMR', 'I-Vorherige Rechtsprechung des EGMR', 'I-Vorherige Rechtsprechung des EGMR', 'I-Vorherige Rechtsprechung des EGMR', 'I-Vorherige Rechtsprechung des EGMR', 'I-Vorherige Rechtsprechung des EGMR', 'I-Vorherige Rechtsprechung des EGMR', 'I-Vorherige Rechtsprechung des EGMR', 'I-Vorherige Rechtsprechung des EGMR', 'I-Vorherige Rechtsprechung des EGMR', 'I-Vorherige Rechtsprechung des EGMR', 'I-Vorherige Rechtsprechung des EGMR', 'I-Vorherige Rechtsprechung des EGMR', 'I-Vorherige Rechtsprechung des EGMR', 'I-Vorherige Rechtsprechung des EGMR', 'I-Vorherige Rechtsprechung des EGMR', 'I-Vorherige Rechtsprechung des EGMR', 'I-Vorherige Rechtsprechung des EGMR', 'I-Vorherige Rechtsprechung des EGMR', 'I-Vorherige Rechtsprechung des EGMR', 'I-Vorherige Rechtsprechung des EGMR', 'I-Vorherige Rechtsprechung des EGMR', 'I-Vorherige Rechtsprechung des EGMR', 'I-Vorherige Rechtsprechung des EGMR', 'I-Vorherige Rechtsprechung des EGMR', 'I-Vorherige Rechtsprechung des EGMR', 'I-Vorherige Rechtsprechung des EGMR', 'I-Vorherige Rechtsprechung des EGMR', 'I-Vorherige Rechtsprechung des EGMR', 'I-Vorherige Rechtsprechung des EGMR', 'I-Vorherige Rechtsprechung des EGMR', 'I-Vorherige Rechtsprechung des EGMR', 'I-Vorherige Rechtsprechung des EGMR', 'B-Subsumtion', 'I-Subsumtion', 'I-Subsumtion', 'I-Subsumtion', 'I-Subsumtion', 'I-Subsumtion', 'I-Subsumtion', 'I-Subsumtion', 'I-Subsumtion', 'I-Subsumtion', 'I-Subsumtion', 'I-Subsumtion', 'I-Subsumtion', 'I-Subsumtion', 'I-Subsumtion', 'I-Subsumtion', 'I-Subsumtion', 'I-Subsumtion', 'I-Subsumtion', 'I-Subsumtion', 'I-Subsumtion', 'I-Subsumtion', 'I-Subsumtion', 'I-Subsumtion', 'I-Subsumtion', 'I-Subsumtion', 'I-Subsumtion', 'I-Subsumtion', 'I-Subsumtion', 'I-Subsumtion', 'I-Subsumtion', 'I-Subsumtion', 'I-Subsumtion', 'I-Subsumtion', 'I-Subsumtion', 'I-Subsumtion', 'I-Subsumtion', 'I-Subsumtion', 'I-Subsumtion', 'I-Subsumtion']
['34', '.', 'In', 'this', 'connection', ',', 'the', 'Court', 'observes', 'that', 'the', 'Principal', 'Public', 'Prosecutor', ',', 'in', 'his', 'indictment', 'filed', 'with', 'the', 'National', 'Security', 'Court', ',', 'charged', 'the', 'applicants', 'with', 'offences', 'committed', '“', 'between', '1988', 'and', '1989', '”', '.', 'Furthermore', ',', 'in', 'its', 'judgment', 'of', '12', 'May', '1994', 'the', 'National', 'Security', 'Court', 'indicated', 'that', 'the', 'applicants', 'had', 'been', 'convicted', 'on', 'account', 'of', 'acts', 'committed', '“', 'in', '1988', 'and', '1989', '”', '.', 'Nowhere', 'in', 'its', 'reasoned', 'judgment', 'did', 'the', 'National', 'Security', 'Court', 'state', 'that', 'it', 'had', 'found', 'the', 'applicants', 'guilty', 'of', 'any', 'offences', 'committed', 'subsequent', 'to', '1989', '.', 'For', 'the', 'European', 'Court', ',', 'it', 'would', 'appear', 'to', 'emerge', 'from', 'these', 'considerations', 'that', 'the', 'applicants', 'stood', 'trial', 'in', 'respect', 'of', 'offences', 'allegedly', 'committed', 'by', 'them', 'in', 'or', 'between', '1988', 'and', '1989', '.', 'Accordingly', ',', 'and', 'contrary', 'to', 'what', 'was', 'suggested', 'by', 'the', 'Government', ',', 'the', 'Court', 'considers', 'that', 'the', 'years', '1988', 'and', '1989', 'can', 'not', 'be', 'taken', 'to', 'be', 'the', 'commencement', 'dates', 'of', 'the', 'offences', 'at', 'issue', '.']	['O', 'O', 'B-Subsumtion', 'I-Subsumtion', 'I-Subsumtion', 'I-Subsumtion', 'I-Subsumtion', 'I-Subsumtion', 'I-Subsumtion', 'I-Subsumtion', 'I-Subsumtion', 'I-Subsumtion', 'I-Subsumtion', 'I-Subsumtion', 'I-Subsumtion', 'I-Subsumtion', 'I-Subsumtion', 'I-Subsumtion', 'I-Subsumtion', 'I-Subsumtion', 'I-Subsumtion', 'I-Subsumtion', 'I-Subsumtion', 'I-Subsumtion', 'I-Subsumtion', 'I-Subsumtion', 'I-Subsumtion', 'I-Subsumtion', 'I-Subsumtion', 'I-Subsumtion', 'I-Subsumtion', 'I-Subsumtion', 'I-Subsumtion', 'I-Subsumtion', 'I-Subsumtion', 'I-Subsumtion', 'I-Subsumtion', 'I-Subsumtion', 'I-Subsumtion', 'I-Subsumtion', 'I-Subsumtion', 'I-Subsumtion', 'I-Subsumtion', 'I-Subsumtion', 'I-Subsumtion', 'I-Subsumtion', 'I-Subsumtion', 'I-Subsumtion', 'I-Subsumtion', 'I-Subsumtion', 'I-Subsumtion', 'I-Subsumtion', 'I-Subsumtion', 'I-Subsumtion', 'I-Subsumtion', 'I-Subsumtion', 'I-Subsumtion', 'I-Subsumtion', 'I-Subsumtion', 'I-Subsumtion', 'I-Subsumtion', 'I-Subsumtion', 'I-Subsumtion', 'I-Subsumtion', 'I-Subsumtion', 'I-Subsumtion', 'I-Subsumtion', 'I-Subsumtion', 'I-Subsumtion', 'I-Subsumtion', 'I-Subsumtion', 'I-Subsumtion', 'I-Subsumtion', 'I-Subsumtion', 'I-Subsumtion', 'I-Subsumtion', 'I-Subsumtion', 'I-Subsumtion', 'I-Subsumtion', 'I-Subsumtion', 'I-Subsumtion', 'I-Subsumtion', 'I-Subsumtion', 'I-Subsumtion', 'I-Subsumtion', 'I-Subsumtion', 'I-Subsumtion', 'I-Subsumtion', 'I-Subsumtion', 'I-Subsumtion', 'I-Subsumtion', 'I-Subsumtion', 'I-Subsumtion', 'I-Subsumtion', 'I-Subsumtion', 'I-Subsumtion', 'I-Subsumtion', 'I-Subsumtion', 'I-Subsumtion', 'I-Subsumtion', 'I-Subsumtion', 'I-Subsumtion', 'I-Subsumtion', 'I-Subsumtion', 'I-Subsumtion', 'I-Subsumtion', 'I-Subsumtion', 'I-Subsumtion', 'I-Subsumtion', 'I-Subsumtion', 'I-Subsumtion', 'I-Subsumtion', 'I-Subsumtion', 'I-Subsumtion', 'I-Subsumtion', 'I-Subsumtion', 'I-Subsumtion', 'I-Subsumtion', 'I-Subsumtion', 'I-Subsumtion', 'I-Subsumtion', 'I-Subsumtion', 'I-Subsumtion', 'I-Subsumtion', 'I-Subsumtion', 'I-Subsumtion', 'I-Subsumtion', 'I-Subsumtion', 'I-Subsumtion', 'I-Subsumtion', 'I-Subsumtion', 'I-Subsumtion', 'I-Subsumtion', 'I-Subsumtion', 'I-Subsumtion', 'I-Subsumtion', 'I-Subsumtion', 'I-Subsumtion', 'I-Subsumtion', 'I-Subsumtion', 'I-Subsumtion', 'I-Subsumtion', 'I-Subsumtion', 'I-Subsumtion', 'I-Subsumtion', 'I-Subsumtion', 'I-Subsumtion', 'I-Subsumtion', 'I-Subsumtion', 'I-Subsumtion', 'I-Subsumtion', 'I-Subsumtion', 'I-Subsumtion', 'I-Subsumtion', 'I-Subsumtion', 'I-Subsumtion', 'I-Subsumtion', 'I-Subsumtion', 'I-Subsumtion', 'I-Subsumtion', 'I-Subsumtion', 'I-Subsumtion', 'I-Subsumtion', 'I-Subsumtion', 'I-Subsumtion']
['35', '.', 'The', 'Court', 'further', 'notes', 'that', ',', 'in', 'seeking', 'to', 'substantiate', 'the', 'applicants', '’', 'involvement', 'in', 'the', 'PKK', 'up', 'until', 'August', '1993', ',', 'the', 'Government', 'relied', 'on', 'their', 'confession', 'statements', 'made', 'in', 'custody', 'at', 'the', 'Şırnak', 'central', 'gendarmerie', 'command', '.', 'Furthermore', ',', 'with', 'reference', 'to', 'the', 'evidence', 'given', 'by', 'a', 'former', 'PKK', 'militant', ',', 'the', 'Government', 'emphasised', 'that', 'the', 'applicants', 'had', 'continued', 'their', 'activities', 'even', 'after', '1989', '.']	['O', 'O', 'B-Subsumtion', 'I-Subsumtion', 'I-Subsumtion', 'I-Subsumtion', 'I-Subsumtion', 'I-Subsumtion', 'I-Subsumtion', 'I-Subsumtion', 'I-Subsumtion', 'I-Subsumtion', 'I-Subsumtion', 'I-Subsumtion', 'I-Subsumtion', 'I-Subsumtion', 'I-Subsumtion', 'I-Subsumtion', 'I-Subsumtion', 'I-Subsumtion', 'I-Subsumtion', 'I-Subsumtion', 'I-Subsumtion', 'I-Subsumtion', 'I-Subsumtion', 'I-Subsumtion', 'I-Subsumtion', 'I-Subsumtion', 'I-Subsumtion', 'I-Subsumtion', 'I-Subsumtion', 'I-Subsumtion', 'I-Subsumtion', 'I-Subsumtion', 'I-Subsumtion', 'I-Subsumtion', 'I-Subsumtion', 'I-Subsumtion', 'I-Subsumtion', 'I-Subsumtion', 'I-Subsumtion', 'I-Subsumtion', 'I-Subsumtion', 'I-Subsumtion', 'I-Subsumtion', 'I-Subsumtion', 'I-Subsumtion', 'I-Subsumtion', 'I-Subsumtion', 'I-Subsumtion', 'I-Subsumtion', 'I-Subsumtion', 'I-Subsumtion', 'I-Subsumtion', 'I-Subsumtion', 'I-Subsumtion', 'I-Subsumtion', 'I-Subsumtion', 'I-Subsumtion', 'I-Subsumtion', 'I-Subsumtion', 'I-Subsumtion', 'I-Subsumtion', 'I-Subsumtion', 'I-Subsumtion', 'I-Subsumtion', 'I-Subsumtion', 'I-Subsumtion', 'I-Subsumtion']
['However', ',', 'in', 'the', 'Court', '’s', 'opinion', ',', 'the', 'introduction', 'of', 'such', 'evidence', 'of', 'a', 'continuing', 'offence', 'is', 'inconsistent', 'with', 'the', 'very', 'terms', 'of', 'the', 'indictment', ',', 'which', 'related', 'to', 'the', 'years', '1988', 'and', '1989', 'only', '.', 'It', 'can', 'reasonably', 'be', 'considered', 'that', 'the', 'applicants', 'prepared', 'their', 'defence', 'in', 'response', 'to', 'the', 'charges', 'defined', 'in', 'the', 'bill', 'of', 'indictment', 'and', 'against', 'the', 'background', 'of', 'the', 'sanction', 'which', 'they', 'risked', 'incurring', 'if', 'found', 'guilty', 'as', 'charged', '.', 'Furthermore', ',', 'it', 'does', 'not', 'appear', 'from', 'the', 'National', 'Security', 'Court', '’s', 'judgment', 'that', 'any', 'offences', 'which', 'they', 'may', 'have', 'committed', 'after', '1989', 'constituted', 'the', 'basis', 'of', 'their', 'conviction', '.', 'Indeed', ',', 'the', 'focus', 'of', 'the', 'trial', 'court', '’s', 'decision', 'would', 'appear', 'to', 'have', 'been', 'on', 'their', 'activities', 'carried', 'out', 'between', '1988', 'and', '1989', '.', 'The', 'Court', 'must', 'also', 'take', 'into', 'account', 'that', ',', 'as', 'regards', 'other', 'accused', 'charged', 'with', 'continuing', 'offences', 'under', 'the', '1991', 'Act', ',', 'the', 'bills', 'of', 'indictment', 'were', 'carefully', 'framed', 'in', 'order', 'to', 'indicate', 'the', 'dates', 'of', 'the', 'incriminated', 'acts', '(', 'see', 'paragraph', '26', 'above', ')', '.']	['I-Subsumtion', 'I-Subsumtion', 'I-Subsumtion', 'I-Subsumtion', 'I-Subsumtion', 'I-Subsumtion', 'I-Subsumtion', 'I-Subsumtion', 'I-Subsumtion', 'I-Subsumtion', 'I-Subsumtion', 'I-Subsumtion', 'I-Subsumtion', 'I-Subsumtion', 'I-Subsumtion', 'I-Subsumtion', 'I-Subsumtion', 'I-Subsumtion', 'I-Subsumtion', 'I-Subsumtion', 'I-Subsumtion', 'I-Subsumtion', 'I-Subsumtion', 'I-Subsumtion', 'I-Subsumtion', 'I-Subsumtion', 'I-Subsumtion', 'I-Subsumtion', 'I-Subsumtion', 'I-Subsumtion', 'I-Subsumtion', 'I-Subsumtion', 'I-Subsumtion', 'I-Subsumtion', 'I-Subsumtion', 'I-Subsumtion', 'I-Subsumtion', 'I-Subsumtion', 'I-Subsumtion', 'I-Subsumtion', 'I-Subsumtion', 'I-Subsumtion', 'I-Subsumtion', 'I-Subsumtion', 'I-Subsumtion', 'I-Subsumtion', 'I-Subsumtion', 'I-Subsumtion', 'I-Subsumtion', 'I-Subsumtion', 'I-Subsumtion', 'I-Subsumtion', 'I-Subsumtion', 'I-Subsumtion', 'I-Subsumtion', 'I-Subsumtion', 'I-Subsumtion', 'I-Subsumtion', 'I-Subsumtion', 'I-Subsumtion', 'I-Subsumtion', 'I-Subsumtion', 'I-Subsumtion', 'I-Subsumtion', 'I-Subsumtion', 'I-Subsumtion', 'I-Subsumtion', 'I-Subsumtion', 'I-Subsumtion', 'I-Subsumtion', 'I-Subsumtion', 'I-Subsumtion', 'I-Subsumtion', 'I-Subsumtion', 'I-Subsumtion', 'I-Subsumtion', 'I-Subsumtion', 'I-Subsumtion', 'I-Subsumtion', 'I-Subsumtion', 'I-Subsumtion', 'I-Subsumtion', 'I-Subsumtion', 'I-Subsumtion', 'I-Subsumtion', 'I-Subsumtion', 'I-Subsumtion', 'I-Subsumtion', 'I-Subsumtion', 'I-Subsumtion', 'I-Subsumtion', 'I-Subsumtion', 'I-Subsumtion', 'I-Subsumtion', 'I-Subsumtion', 'I-Subsumtion', 'I-Subsumtion', 'I-Subsumtion', 'I-Subsumtion', 'I-Subsumtion', 'I-Subsumtion', 'I-Subsumtion', 'I-Subsumtion', 'I-Subsumtion', 'I-Subsumtion', 'I-Subsumtion', 'I-Subsumtion', 'I-Subsumtion', 'I-Subsumtion', 'I-Subsumtion', 'I-Subsumtion', 'I-Subsumtion', 'I-Subsumtion', 'I-Subsumtion', 'I-Subsumtion', 'I-Subsumtion', 'I-Subsumtion', 'I-Subsumtion', 'I-Subsumtion', 'I-Subsumtion', 'I-Subsumtion', 'I-Subsumtion', 'I-Subsumtion', 'I-Subsumtion', 'I-Subsumtion', 'I-Subsumtion', 'I-Subsumtion', 'I-Subsumtion', 'I-Subsumtion', 'I-Subsumtion', 'I-Subsumtion', 'I-Subsumtion', 'I-Subsumtion', 'I-Subsumtion', 'I-Subsumtion', 'I-Subsumtion', 'I-Subsumtion', 'I-Subsumtion', 'I-Subsumtion', 'I-Subsumtion', 'I-Subsumtion', 'I-Subsumtion', 'I-Subsumtion', 'I-Subsumtion', 'I-Subsumtion', 'I-Subsumtion', 'I-Subsumtion', 'I-Subsumtion', 'I-Subsumtion', 'I-Subsumtion', 'I-Subsumtion', 'I-Subsumtion', 'I-Subsumtion', 'I-Subsumtion', 'I-Subsumtion', 'I-Subsumtion', 'I-Subsumtion', 'I-Subsumtion', 'I-Subsumtion', 'I-Subsumtion', 'I-Subsumtion', 'I-Subsumtion', 'I-Subsumtion', 'I-Subsumtion', 'I-Subsumtion', 'I-Subsumtion', 'I-Subsumtion', 'I-Subsumtion', 'I-Subsumtion', 'I-Subsumtion', 'I-Subsumtion', 'I-Subsumtion', 'I-Subsumtion', 'I-Subsumtion', 'I-Subsumtion', 'I-Subsumtion', 'I-Subsumtion']
['36', '.', 'In', 'these', 'circumstances', ',', 'the', 'Court', 'concludes', 'that', 'the', 'applicants', 'were', 'subjected', 'to', 'the', 'imposition', 'of', 'a', 'heavier', 'sentence', 'under', 'the', '1991', 'Act', 'than', 'the', 'sentence', 'to', 'which', 'they', 'were', 'exposed', 'at', 'the', 'time', 'of', 'the', 'commission', 'of', 'the', 'offence', 'of', 'which', 'they', 'were', 'convicted', '.']	['O', 'O', 'B-Subsumtion', 'I-Subsumtion', 'I-Subsumtion', 'I-Subsumtion', 'I-Subsumtion', 'I-Subsumtion', 'I-Subsumtion', 'I-Subsumtion', 'I-Subsumtion', 'I-Subsumtion', 'I-Subsumtion', 'I-Subsumtion', 'I-Subsumtion', 'I-Subsumtion', 'I-Subsumtion', 'I-Subsumtion', 'I-Subsumtion', 'I-Subsumtion', 'I-Subsumtion', 'I-Subsumtion', 'I-Subsumtion', 'I-Subsumtion', 'I-Subsumtion', 'I-Subsumtion', 'I-Subsumtion', 'I-Subsumtion', 'I-Subsumtion', 'I-Subsumtion', 'I-Subsumtion', 'I-Subsumtion', 'I-Subsumtion', 'I-Subsumtion', 'I-Subsumtion', 'I-Subsumtion', 'I-Subsumtion', 'I-Subsumtion', 'I-Subsumtion', 'I-Subsumtion', 'I-Subsumtion', 'I-Subsumtion', 'I-Subsumtion', 'I-Subsumtion', 'I-Subsumtion', 'I-Subsumtion', 'I-Subsumtion', 'I-Subsumtion']
['37', '.', 'Accordingly', ',', 'there', 'has', 'been', 'a', 'violation', 'of', 'Article', '7', '§', '1', 'of', 'the', 'Convention', '.']	['O', 'O', 'B-Entscheidung des EGMR', 'I-Entscheidung des EGMR', 'I-Entscheidung des EGMR', 'I-Entscheidung des EGMR', 'I-Entscheidung des EGMR', 'I-Entscheidung des EGMR', 'I-Entscheidung des EGMR', 'I-Entscheidung des EGMR', 'I-Entscheidung des EGMR', 'I-Entscheidung des EGMR', 'I-Entscheidung des EGMR', 'I-Entscheidung des EGMR', 'I-Entscheidung des EGMR', 'I-Entscheidung des EGMR', 'I-Entscheidung des EGMR', 'I-Entscheidung des EGMR']
['II', '.', 'APPLICATION', 'OF', 'ARTICLE', '41', 'OF', 'THE', 'CONVENTION']	['O', 'O', 'O', 'O', 'O', 'O', 'O', 'O', 'O']
['38', '.', 'Article', '41', 'of', 'the', 'Convention', 'provides', ':']	['O', 'O', 'O', 'O', 'O', 'O', 'O', 'O', 'O']
['“', 'If', 'the', 'Court', 'finds', 'that', 'there', 'has', 'been', 'a', 'violation', 'of', 'the', 'Convention', 'or', 'the', 'Protocols', 'thereto', ',', 'and', 'if', 'the', 'internal', 'law', 'of', 'the', 'High', 'Contracting', 'Party', 'concerned', 'allows', 'only', 'partial', 'reparation', 'to', 'be', 'made', ',', 'the', 'Court', 'shall', ',', 'if', 'necessary', ',', 'afford', 'just', 'satisfaction', 'to', 'the', 'injured', 'party', '.', '”']	['O', 'O', 'O', 'O', 'O', 'O', 'O', 'O', 'O', 'O', 'O', 'O', 'O', 'O', 'O', 'O', 'O', 'O', 'O', 'O', 'O', 'O', 'O', 'O', 'O', 'O', 'O', 'O', 'O', 'O', 'O', 'O', 'O', 'O', 'O', 'O', 'O', 'O', 'O', 'O', 'O', 'O', 'O', 'O', 'O', 'O', 'O', 'O', 'O', 'O', 'O', 'O', 'O', 'O']
['A.', 'Damage']	['O', 'O']
['39', '.', 'The', 'applicants', 'did', 'not', 'submit', 'a', 'claim', 'in', 'respect', 'of', 'pecuniary', 'damage', '.', 'However', ',', 'they', 'each', 'claimed', '25,000', 'United', 'States', 'dollars', '(', 'USD', ')', 'by', 'way', 'of', 'compensation', 'for', 'non', '-', 'pecuniary', 'damage', '.', 'They', 'alleged', 'that', 'they', 'had', 'served', 'a', 'further', 'three', 'months', '’', 'prison', 'sentence', 'as', 'a', 'result', 'of', 'the', 'violation', 'of', 'their', 'rights', 'under', 'Article', '7', '§', '1', '.', 'In', 'that', 'connection', ',', 'they', 'argued', 'that', 'this', 'had', 'substantially', 'affected', 'their', 'private', 'and', 'social', 'life', ',', 'both', 'financially', 'and', 'in', 'other', 'ways', '.']	['O', 'O', 'O', 'O', 'O', 'O', 'O', 'O', 'O', 'O', 'O', 'O', 'O', 'O', 'O', 'O', 'O', 'O', 'O', 'O', 'O', 'O', 'O', 'O', 'O', 'O', 'O', 'O', 'O', 'O', 'O', 'O', 'O', 'O', 'O', 'O', 'O', 'O', 'O', 'O', 'O', 'O', 'O', 'O', 'O', 'O', 'O', 'O', 'O', 'O', 'O', 'O', 'O', 'O', 'O', 'O', 'O', 'O', 'O', 'O', 'O', 'O', 'O', 'O', 'O', 'O', 'O', 'O', 'O', 'O', 'O', 'O', 'O', 'O', 'O', 'O', 'O', 'O', 'O', 'O', 'O', 'O', 'O', 'O', 'O', 'O', 'O', 'O', 'O']
['40', '.', 'For', 'the', 'Government', ',', 'the', 'finding', 'of', 'a', 'violation', 'would', 'constitute', 'adequate', 'just', 'satisfaction', 'for', 'the', 'purposes', 'of', 'Article', '41', 'of', 'the', 'Convention', ',', 'the', 'allegations', 'being', 'unsubstantiated', 'and', 'the', 'amount', 'claimed', 'being', 'excessive', '.', 'In', 'this', 'respect', ',', 'they', 'cautioned', 'against', 'the', 'making', 'of', 'an', 'award', 'which', 'would', 'only', 'constitute', 'a', 'source', 'of', 'unjust', 'enrichment', 'for', 'the', 'applicants', '.']	['O', 'O', 'O', 'O', 'O', 'O', 'O', 'O', 'O', 'O', 'O', 'O', 'O', 'O', 'O', 'O', 'O', 'O', 'O', 'O', 'O', 'O', 'O', 'O', 'O', 'O', 'O', 'O', 'O', 'O', 'O', 'O', 'O', 'O', 'O', 'O', 'O', 'O', 'O', 'O', 'O', 'O', 'O', 'O', 'O', 'O', 'O', 'O', 'O', 'O', 'O', 'O', 'O', 'O', 'O', 'O', 'O', 'O', 'O', 'O', 'O', 'O']
['41', '.', 'The', 'Court', 'considers', 'that', 'both', 'applicants', 'must', 'have', 'suffered', 'distress', 'which', 'can', 'not', 'be', 'compensated', 'solely', 'by', 'the', 'Court', '’s', 'finding', 'of', 'a', 'violation', '.', 'The', 'Court', ',', 'having', 'regard', 'to', 'the', 'nature', 'of', 'the', 'violation', 'found', 'in', 'the', 'present', 'case', 'and', 'deciding', 'on', 'an', 'equitable', 'basis', ',', 'awards', 'each', 'of', 'the', 'applicants', 'USD', '7,500', 'under', 'the', 'head', 'of', 'non', '-', 'pecuniary', 'damage', '.']	['O', 'O', 'O', 'O', 'O', 'O', 'O', 'O', 'O', 'O', 'O', 'O', 'O', 'O', 'O', 'O', 'O', 'O', 'O', 'O', 'O', 'O', 'O', 'O', 'O', 'O', 'O', 'O', 'O', 'O', 'O', 'O', 'O', 'O', 'O', 'O', 'O', 'O', 'O', 'O', 'O', 'O', 'O', 'O', 'O', 'O', 'O', 'O', 'O', 'O', 'O', 'O', 'O', 'O', 'O', 'O', 'O', 'O', 'O', 'O', 'O', 'O', 'O', 'O', 'O', 'O']
['B.', 'Costs', 'and', 'expenses']	['O', 'O', 'O', 'O']
['42', '.', 'The', 'applicants', '’', 'representative', 'sought', 'the', 'reimbursement', 'of', '258,000,000', 'Turkish', 'liras', 'for', 'his', 'costs', 'and', 'expenses', '(', 'photocopies', ',', 'translations', ',', 'telephone', ',', 'fax', 'and', 'postage', 'fees', ')', '.', 'He', 'further', 'claimed', 'the', 'sum', 'of', 'USD', '6,500', 'in', 'respect', 'of', 'sixty', '-', 'five', 'hours', 'of', 'work', 'undertaken', 'in', 'the', 'course', 'of', 'the', 'domestic', 'and', 'Convention', 'proceedings', '.']	['O', 'O', 'O', 'O', 'O', 'O', 'O', 'O', 'O', 'O', 'O', 'O', 'O', 'O', 'O', 'O', 'O', 'O', 'O', 'O', 'O', 'O', 'O', 'O', 'O', 'O', 'O', 'O', 'O', 'O', 'O', 'O', 'O', 'O', 'O', 'O', 'O', 'O', 'O', 'O', 'O', 'O', 'O', 'O', 'O', 'O', 'O', 'O', 'O', 'O', 'O', 'O', 'O', 'O', 'O', 'O', 'O', 'O', 'O']
['43', '.', 'The', 'Government', 'stated', 'that', 'the', 'amount', 'claimed', 'was', 'exaggerated', 'in', 'comparison', 'with', 'fees', 'earned', 'by', 'Turkish', 'lawyers', 'in', 'the', 'domestic', 'courts', 'and', 'had', 'not', 'been', 'properly', 'justified', '.', 'While', 'criticising', 'the', 'claim', 'made', 'in', 'respect', 'of', 'the', 'work', 'carried', 'out', 'by', 'the', 'applicants', '’', 'representative', 'in', 'the', 'domestic', 'proceedings', ',', 'the', 'Government', 'argued', 'that', 'claims', 'should', 'only', 'be', 'made', 'for', 'the', 'proceedings', 'before', 'the', 'Convention', 'organs', '.', 'They', 'further', 'submitted', 'that', 'the', 'applicants', 'had', 'failed', 'to', 'substantiate', 'properly', 'the', 'legal', 'costs', 'and', 'expenses', 'claimed', '.']	['O', 'O', 'O', 'O', 'O', 'O', 'O', 'O', 'O', 'O', 'O', 'O', 'O', 'O', 'O', 'O', 'O', 'O', 'O', 'O', 'O', 'O', 'O', 'O', 'O', 'O', 'O', 'O', 'O', 'O', 'O', 'O', 'O', 'O', 'O', 'O', 'O', 'O', 'O', 'O', 'O', 'O', 'O', 'O', 'O', 'O', 'O', 'O', 'O', 'O', 'O', 'O', 'O', 'O', 'O', 'O', 'O', 'O', 'O', 'O', 'O', 'O', 'O', 'O', 'O', 'O', 'O', 'O', 'O', 'O', 'O', 'O', 'O', 'O', 'O', 'O', 'O', 'O', 'O', 'O', 'O', 'O', 'O', 'O', 'O', 'O', 'O']
['44', '.', 'The', 'Court', 'considers', 'that', 'the', 'applicants', 'failed', 'to', 'a', 'large', 'extent', 'to', 'substantiate', 'their', 'claims', '.', 'Deciding', 'on', 'an', 'equitable', 'basis', 'and', 'having', 'regard', 'to', 'the', 'criteria', 'laid', 'down', 'in', 'its', 'case‑law', '(', 'see', ',', 'among', 'many', 'other', 'authorities', ',', 'Tolstoy', 'Miloslavsky', 'v.', 'the', 'United', 'Kingdom', ',', 'judgment', 'of', '13', 'July', '1995', ',', 'Series', 'A', 'no', '.', '316', ',', 'p.', '83', ',', '§', '77', ')', ',', 'the', 'Court', 'awards', 'the', 'applicants', 'jointly', 'the', 'sum', 'of', 'USD', '3,000', 'minus', 'the', 'sum', 'of', '630', 'euros', 'received', 'by', 'way', 'of', 'legal', 'aid', 'from', 'the', 'Council', 'of', 'Europe', '.']	['O', 'O', 'O', 'O', 'O', 'O', 'O', 'O', 'O', 'O', 'O', 'O', 'O', 'O', 'O', 'O', 'O', 'O', 'O', 'O', 'O', 'O', 'O', 'O', 'O', 'O', 'O', 'O', 'O', 'O', 'O', 'O', 'O', 'O', 'O', 'O', 'O', 'O', 'O', 'O', 'O', 'O', 'O', 'O', 'O', 'O', 'O', 'O', 'O', 'O', 'O', 'O', 'O', 'O', 'O', 'O', 'O', 'O', 'O', 'O', 'O', 'O', 'O', 'O', 'O', 'O', 'O', 'O', 'O', 'O', 'O', 'O', 'O', 'O', 'O', 'O', 'O', 'O', 'O', 'O', 'O', 'O', 'O', 'O', 'O', 'O', 'O', 'O', 'O', 'O', 'O', 'O', 'O', 'O', 'O', 'O', 'O']
['C.', 'Default', 'interest']	['O', 'O', 'O']
['45', '.', 'The', 'Court', 'considers', 'it', 'appropriate', 'to', 'provide', 'for', 'payment', 'of', 'default', 'interest', 'at', 'the', 'annual', 'rate', 'of', '6', '%', 'since', 'the', 'sums', 'have', 'been', 'awarded', 'in', 'United', 'States', 'dollars', '.']	['O', 'O', 'O', 'O', 'O', 'O', 'O', 'O', 'O', 'O', 'O', 'O', 'O', 'O', 'O', 'O', 'O', 'O', 'O', 'O', 'O', 'O', 'O', 'O', 'O', 'O', 'O', 'O', 'O', 'O', 'O', 'O']
['FOR', 'THESE', 'REASONS', ',', 'THE', 'COURT', 'UNANIMOUSLY']	['O', 'O', 'O', 'O', 'O', 'O', 'O']
['1', '.', 'Holds', 'that', 'there', 'has', 'been', 'a', 'violation', 'of', 'Article', '7', '§', '1', 'of', 'the', 'Convention', ';']	['O', 'O', 'O', 'O', 'O', 'O', 'O', 'O', 'O', 'O', 'O', 'O', 'O', 'O', 'O', 'O', 'O', 'O']
['2', '.', 'Holds']	['O', 'O', 'O']
['(', 'a', ')', 'that', 'the', 'respondent', 'State', 'is', 'to', 'pay', ',', 'within', 'three', 'months', 'from', 'the', 'date', 'on', 'which', 'the', 'judgment', 'becomes', 'final', 'according', 'to', 'Article', '44', '§', '2', 'of', 'the', 'Convention', ',', 'the', 'following', 'amounts', ',', 'to', 'be', 'converted', 'into', 'Turkish', 'liras', 'at', 'the', 'rate', 'applicable', 'on', 'the', 'date', 'of', 'settlement', ':']	['O', 'O', 'O', 'O', 'O', 'O', 'O', 'O', 'O', 'O', 'O', 'O', 'O', 'O', 'O', 'O', 'O', 'O', 'O', 'O', 'O', 'O', 'O', 'O', 'O', 'O', 'O', 'O', 'O', 'O', 'O', 'O', 'O', 'O', 'O', 'O', 'O', 'O', 'O', 'O', 'O', 'O', 'O', 'O', 'O', 'O', 'O', 'O', 'O', 'O', 'O', 'O', 'O']
['(', 'i', ')', 'to', 'each', 'applicant', 'USD', '7,500', '(', 'seven', 'thousand', 'five', 'hundred', 'United', 'States', 'dollars', ')', 'as', 'compensation', 'for', 'non', '-', 'pecuniary', 'damage', ';']	['O', 'O', 'O', 'O', 'O', 'O', 'O', 'O', 'O', 'O', 'O', 'O', 'O', 'O', 'O', 'O', 'O', 'O', 'O', 'O', 'O', 'O', 'O', 'O', 'O']
['(', 'ii', ')', 'to', 'both', 'applicants', 'jointly', 'USD', '3,000', '(', 'three', 'thousand', 'United', 'States', 'dollars', ')', 'for', 'legal', 'fees', 'minus', 'the', 'sum', 'of', 'EUR', '630', '(', 'six', 'hundred', 'and', 'thirty', 'euros', ')', 'received', 'by', 'way', 'of', 'legal', 'aid', 'from', 'the', 'Council', 'of', 'Europe', 'to', 'be', 'converted', 'into', 'United', 'States', 'dollars', 'at', 'the', 'rate', 'applicable', 'at', 'the', 'date', 'of', 'judgment', ';']	['O', 'O', 'O', 'O', 'O', 'O', 'O', 'O', 'O', 'O', 'O', 'O', 'O', 'O', 'O', 'O', 'O', 'O', 'O', 'O', 'O', 'O', 'O', 'O', 'O', 'O', 'O', 'O', 'O', 'O', 'O', 'O', 'O', 'O', 'O', 'O', 'O', 'O', 'O', 'O', 'O', 'O', 'O', 'O', 'O', 'O', 'O', 'O', 'O', 'O', 'O', 'O', 'O', 'O', 'O', 'O', 'O', 'O', 'O', 'O']
['(', 'b', ')', 'that', 'simple', 'interest', 'at', 'an', 'annual', 'rate', 'of', '6', '%', 'shall', 'be', 'payable', 'from', 'the', 'expiry', 'of', 'the', 'above', '-', 'mentioned', 'three', 'months', 'until', 'settlement', ';']	['O', 'O', 'O', 'O', 'O', 'O', 'O', 'O', 'O', 'O', 'O', 'O', 'O', 'O', 'O', 'O', 'O', 'O', 'O', 'O', 'O', 'O', 'O', 'O', 'O', 'O', 'O', 'O', 'O']
['3', '.', 'Dismisses', 'the', 'remainder', 'of', 'the', 'applicants', '’', 'claims', 'for', 'just', 'satisfaction', '.']	['O', 'O', 'O', 'O', 'O', 'O', 'O', 'O', 'O', 'O', 'O', 'O', 'O', 'O']
['Done', 'in', 'English', ',', 'and', 'notified', 'in', 'writing', 'on', '27', 'February', '2001', ',', 'pursuant', 'to', 'Rule', '77', '§', '§', '2', 'and', '3', 'of', 'the', 'Rules', 'of', 'Court', '.']	['O', 'O', 'O', 'O', 'O', 'O', 'O', 'O', 'O', 'O', 'O', 'O', 'O', 'O', 'O', 'O', 'O', 'O', 'O', 'O', 'O', 'O', 'O', 'O', 'O', 'O', 'O', 'O']
['Michael', 'O’Boyle']	['O', 'O']
['Elisabeth', 'Palm']	['O', 'O']
['Registrar']	['O']
['President']	['O']
