tokens	labels
['19', '.', 'The', 'applicant', 'complained', 'that', 'the', 'domestic', 'authorities', 'had', 'failed', 'to', 'ensure', 'the', 'effective', 'enforcement', 'of', 'the', 'contact', 'arrangements', 'between', 'him', 'and', 'his', 'minor', 'daughter', '.', 'He', 'relied', 'on', 'Articles', '8', 'and', '13', 'of', 'the', 'Convention', '.']	['O', 'O', 'B-Subsumtion', 'I-Subsumtion', 'I-Subsumtion', 'I-Subsumtion', 'I-Subsumtion', 'I-Subsumtion', 'I-Subsumtion', 'I-Subsumtion', 'I-Subsumtion', 'I-Subsumtion', 'I-Subsumtion', 'I-Subsumtion', 'I-Subsumtion', 'I-Subsumtion', 'I-Subsumtion', 'I-Subsumtion', 'I-Subsumtion', 'I-Subsumtion', 'I-Subsumtion', 'I-Subsumtion', 'I-Subsumtion', 'I-Subsumtion', 'I-Subsumtion', 'I-Subsumtion', 'I-Subsumtion', 'I-Subsumtion', 'I-Subsumtion', 'I-Subsumtion', 'I-Subsumtion', 'I-Subsumtion', 'I-Subsumtion', 'I-Subsumtion', 'I-Subsumtion', 'I-Subsumtion', 'I-Subsumtion', 'I-Subsumtion']
['20', '.', 'The', 'Court', ',', 'master', 'of', 'the', 'characterisation', 'to', 'be', 'given', 'in', 'law', 'to', 'the', 'facts', 'of', 'the', 'case', '(', 'see', 'Radomilja', 'and', 'Others', 'v.', 'Croatia', '[', 'GC', ']', ',', 'nos', '.', '37685/10', 'and', '22768/12', ',', '§', '114', ',', '20', 'March', '2018', 'and', 'Vyshnyakov', 'v.', 'Ukraine', ',', 'no', '.', '25612/12', ',', '§', '§', '29', 'and', '30', ',', '24', 'July', '2018', ')', ',', 'will', 'examine', 'the', 'complaint', 'from', 'the', 'standpoint', 'of', 'Article', '8', 'of', 'the', 'Convention', 'alone', '.', 'Article', '8', 'reads', 'as', 'follows', ':']	['O', 'O', 'B-Vorherige Rechtsprechung des EGMR', 'I-Vorherige Rechtsprechung des EGMR', 'I-Vorherige Rechtsprechung des EGMR', 'I-Vorherige Rechtsprechung des EGMR', 'I-Vorherige Rechtsprechung des EGMR', 'I-Vorherige Rechtsprechung des EGMR', 'I-Vorherige Rechtsprechung des EGMR', 'I-Vorherige Rechtsprechung des EGMR', 'I-Vorherige Rechtsprechung des EGMR', 'I-Vorherige Rechtsprechung des EGMR', 'I-Vorherige Rechtsprechung des EGMR', 'I-Vorherige Rechtsprechung des EGMR', 'I-Vorherige Rechtsprechung des EGMR', 'I-Vorherige Rechtsprechung des EGMR', 'I-Vorherige Rechtsprechung des EGMR', 'I-Vorherige Rechtsprechung des EGMR', 'I-Vorherige Rechtsprechung des EGMR', 'I-Vorherige Rechtsprechung des EGMR', 'I-Vorherige Rechtsprechung des EGMR', 'I-Vorherige Rechtsprechung des EGMR', 'I-Vorherige Rechtsprechung des EGMR', 'I-Vorherige Rechtsprechung des EGMR', 'I-Vorherige Rechtsprechung des EGMR', 'I-Vorherige Rechtsprechung des EGMR', 'I-Vorherige Rechtsprechung des EGMR', 'I-Vorherige Rechtsprechung des EGMR', 'I-Vorherige Rechtsprechung des EGMR', 'I-Vorherige Rechtsprechung des EGMR', 'I-Vorherige Rechtsprechung des EGMR', 'I-Vorherige Rechtsprechung des EGMR', 'I-Vorherige Rechtsprechung des EGMR', 'I-Vorherige Rechtsprechung des EGMR', 'I-Vorherige Rechtsprechung des EGMR', 'I-Vorherige Rechtsprechung des EGMR', 'I-Vorherige Rechtsprechung des EGMR', 'I-Vorherige Rechtsprechung des EGMR', 'I-Vorherige Rechtsprechung des EGMR', 'I-Vorherige Rechtsprechung des EGMR', 'I-Vorherige Rechtsprechung des EGMR', 'I-Vorherige Rechtsprechung des EGMR', 'I-Vorherige Rechtsprechung des EGMR', 'I-Vorherige Rechtsprechung des EGMR', 'I-Vorherige Rechtsprechung des EGMR', 'I-Vorherige Rechtsprechung des EGMR', 'I-Vorherige Rechtsprechung des EGMR', 'I-Vorherige Rechtsprechung des EGMR', 'I-Vorherige Rechtsprechung des EGMR', 'I-Vorherige Rechtsprechung des EGMR', 'I-Vorherige Rechtsprechung des EGMR', 'I-Vorherige Rechtsprechung des EGMR', 'I-Vorherige Rechtsprechung des EGMR', 'I-Vorherige Rechtsprechung des EGMR', 'I-Vorherige Rechtsprechung des EGMR', 'I-Vorherige Rechtsprechung des EGMR', 'I-Vorherige Rechtsprechung des EGMR', 'I-Vorherige Rechtsprechung des EGMR', 'I-Vorherige Rechtsprechung des EGMR', 'I-Vorherige Rechtsprechung des EGMR', 'I-Vorherige Rechtsprechung des EGMR', 'I-Vorherige Rechtsprechung des EGMR', 'B-Subsumtion', 'I-Subsumtion', 'I-Subsumtion', 'I-Subsumtion', 'I-Subsumtion', 'I-Subsumtion', 'I-Subsumtion', 'I-Subsumtion', 'I-Subsumtion', 'I-Subsumtion', 'I-Subsumtion', 'I-Subsumtion', 'I-Subsumtion', 'I-Subsumtion', 'I-Subsumtion', 'I-Subsumtion', 'I-Subsumtion', 'I-Subsumtion', 'I-Subsumtion', 'I-Subsumtion', 'I-Subsumtion', 'I-Subsumtion']
['“', '1', '.', 'Everyone', 'has', 'the', 'right', 'to', 'respect', 'for', 'his', 'private', 'and', 'family', 'life', ',', 'his', 'home', 'and', 'his', 'correspondence', '.']	['O', 'O', 'O', 'O', 'O', 'O', 'O', 'O', 'O', 'O', 'O', 'O', 'O', 'O', 'O', 'O', 'O', 'O', 'O', 'O', 'O', 'O']
['2', '.', 'There', 'shall', 'be', 'no', 'interference', 'by', 'a', 'public', 'authority', 'with', 'the', 'exercise', 'of', 'this', 'right', 'except', 'such', 'as', 'is', 'in', 'accordance', 'with', 'the', 'law', 'and', 'is', 'necessary', 'in', 'a', 'democratic', 'society', 'in', 'the', 'interests', 'of', 'national', 'security', ',', 'public', 'safety', 'or', 'the', 'economic', 'well', '-', 'being', 'of', 'the', 'country', ',', 'for', 'the', 'prevention', 'of', 'disorder', 'or', 'crime', ',', 'for', 'the', 'protection', 'of', 'health', 'or', 'morals', ',', 'or', 'for', 'the', 'protection', 'of', 'the', 'rights', 'and', 'freedoms', 'of', 'others', '.', '”']	['O', 'O', 'O', 'O', 'O', 'O', 'O', 'O', 'O', 'O', 'O', 'O', 'O', 'O', 'O', 'O', 'O', 'O', 'O', 'O', 'O', 'O', 'O', 'O', 'O', 'O', 'O', 'O', 'O', 'O', 'O', 'O', 'O', 'O', 'O', 'O', 'O', 'O', 'O', 'O', 'O', 'O', 'O', 'O', 'O', 'O', 'O', 'O', 'O', 'O', 'O', 'O', 'O', 'O', 'O', 'O', 'O', 'O', 'O', 'O', 'O', 'O', 'O', 'O', 'O', 'O', 'O', 'O', 'O', 'O', 'O', 'O', 'O', 'O', 'O', 'O', 'O', 'O', 'O', 'O', 'O']
['21', '.', 'The', 'Government', 'submitted', 'that', 'the', 'application', 'should', 'be', 'declared', 'inadmissible', 'as', 'the', 'applicant', 'had', 'failed', 'to', 'exhaust', 'domestic', 'remedies', '.', 'Notably', ',', 'he', 'should', 'have', 'challenged', 'in', 'court', 'the', 'actions', 'and', 'omissions', 'of', 'the', 'bailiffs', 'in', 'charge', 'of', 'the', 'enforcement', 'of', 'the', 'contact', 'arrangements', '.']	['O', 'O', 'B-Subsumtion', 'I-Subsumtion', 'I-Subsumtion', 'I-Subsumtion', 'I-Subsumtion', 'I-Subsumtion', 'I-Subsumtion', 'I-Subsumtion', 'I-Subsumtion', 'I-Subsumtion', 'I-Subsumtion', 'I-Subsumtion', 'I-Subsumtion', 'I-Subsumtion', 'I-Subsumtion', 'I-Subsumtion', 'I-Subsumtion', 'I-Subsumtion', 'I-Subsumtion', 'I-Subsumtion', 'I-Subsumtion', 'I-Subsumtion', 'I-Subsumtion', 'I-Subsumtion', 'I-Subsumtion', 'I-Subsumtion', 'I-Subsumtion', 'I-Subsumtion', 'I-Subsumtion', 'I-Subsumtion', 'I-Subsumtion', 'I-Subsumtion', 'I-Subsumtion', 'I-Subsumtion', 'I-Subsumtion', 'I-Subsumtion', 'I-Subsumtion', 'I-Subsumtion', 'I-Subsumtion', 'I-Subsumtion', 'I-Subsumtion', 'I-Subsumtion', 'I-Subsumtion', 'I-Subsumtion', 'I-Subsumtion']
['22', '.', 'The', 'Government', 'further', 'submitted', 'that', 'the', 'applicant', 'had', 'abused', 'his', 'right', 'of', 'application', 'to', 'the', 'Court', 'in', 'that', 'he', 'had', 'not', 'presented', 'a', 'full', 'picture', 'of', 'the', 'enforcement', 'proceedings', ',', 'notably', 'the', 'measures', 'taken', 'by', 'the', 'bailiffs', ',', 'in', 'his', 'application', ',', 'apparently', 'to', 'mislead', 'the', 'Court', '.']	['O', 'O', 'B-Subsumtion', 'I-Subsumtion', 'I-Subsumtion', 'I-Subsumtion', 'I-Subsumtion', 'I-Subsumtion', 'I-Subsumtion', 'I-Subsumtion', 'I-Subsumtion', 'I-Subsumtion', 'I-Subsumtion', 'I-Subsumtion', 'I-Subsumtion', 'I-Subsumtion', 'I-Subsumtion', 'I-Subsumtion', 'I-Subsumtion', 'I-Subsumtion', 'I-Subsumtion', 'I-Subsumtion', 'I-Subsumtion', 'I-Subsumtion', 'I-Subsumtion', 'I-Subsumtion', 'I-Subsumtion', 'I-Subsumtion', 'I-Subsumtion', 'I-Subsumtion', 'I-Subsumtion', 'I-Subsumtion', 'I-Subsumtion', 'I-Subsumtion', 'I-Subsumtion', 'I-Subsumtion', 'I-Subsumtion', 'I-Subsumtion', 'I-Subsumtion', 'I-Subsumtion', 'I-Subsumtion', 'I-Subsumtion', 'I-Subsumtion', 'I-Subsumtion', 'I-Subsumtion', 'I-Subsumtion', 'I-Subsumtion', 'I-Subsumtion', 'I-Subsumtion', 'I-Subsumtion']
['23', '.', 'The', 'applicant', 'contended', 'that', 'the', 'child', '’s', 'mother', 'had', 'frequently', 'failed', 'to', 'comply', 'with', 'the', 'weekly', 'contact', 'arrangements', '.', 'He', 'had', 'required', 'a', 'prompt', 'response', 'on', 'the', 'part', 'of', 'the', 'authorities', ',', 'while', 'any', 'court', 'action', 'would', 'have', 'taken', 'a', 'considerable', 'amount', 'of', 'time', 'and', 'would', 'not', 'have', 'been', 'effective', '.', 'Moreover', ',', 'he', 'had', 'complained', 'about', 'the', 'bailiffs', '’', 'inactivity', 'forty', '-', 'seven', 'times', 'to', 'the', 'bailiffs', '’', 'superior', 'without', 'any', 'tangible', 'results', '.', 'For', 'these', 'reasons', ',', 'the', 'applicant', 'submitted', 'that', 'he', 'had', 'complied', 'with', 'the', 'rule', 'of', 'exhaustion', 'of', 'domestic', 'remedies', '.']	['O', 'O', 'B-Subsumtion', 'I-Subsumtion', 'I-Subsumtion', 'I-Subsumtion', 'I-Subsumtion', 'I-Subsumtion', 'I-Subsumtion', 'I-Subsumtion', 'I-Subsumtion', 'I-Subsumtion', 'I-Subsumtion', 'I-Subsumtion', 'I-Subsumtion', 'I-Subsumtion', 'I-Subsumtion', 'I-Subsumtion', 'I-Subsumtion', 'I-Subsumtion', 'I-Subsumtion', 'I-Subsumtion', 'I-Subsumtion', 'I-Subsumtion', 'I-Subsumtion', 'I-Subsumtion', 'I-Subsumtion', 'I-Subsumtion', 'I-Subsumtion', 'I-Subsumtion', 'I-Subsumtion', 'I-Subsumtion', 'I-Subsumtion', 'I-Subsumtion', 'I-Subsumtion', 'I-Subsumtion', 'I-Subsumtion', 'I-Subsumtion', 'I-Subsumtion', 'I-Subsumtion', 'I-Subsumtion', 'I-Subsumtion', 'I-Subsumtion', 'I-Subsumtion', 'I-Subsumtion', 'I-Subsumtion', 'I-Subsumtion', 'I-Subsumtion', 'I-Subsumtion', 'I-Subsumtion', 'I-Subsumtion', 'I-Subsumtion', 'I-Subsumtion', 'I-Subsumtion', 'I-Subsumtion', 'I-Subsumtion', 'I-Subsumtion', 'I-Subsumtion', 'I-Subsumtion', 'I-Subsumtion', 'I-Subsumtion', 'I-Subsumtion', 'I-Subsumtion', 'I-Subsumtion', 'I-Subsumtion', 'I-Subsumtion', 'I-Subsumtion', 'I-Subsumtion', 'I-Subsumtion', 'I-Subsumtion', 'I-Subsumtion', 'I-Subsumtion', 'I-Subsumtion', 'I-Subsumtion', 'I-Subsumtion', 'I-Subsumtion', 'I-Subsumtion', 'I-Subsumtion', 'I-Subsumtion', 'I-Subsumtion', 'I-Subsumtion', 'I-Subsumtion', 'I-Subsumtion', 'I-Subsumtion', 'I-Subsumtion', 'I-Subsumtion', 'I-Subsumtion', 'I-Subsumtion', 'I-Subsumtion', 'I-Subsumtion', 'I-Subsumtion', 'I-Subsumtion', 'I-Subsumtion', 'I-Subsumtion', 'I-Subsumtion', 'I-Subsumtion', 'I-Subsumtion']
['24', '.', 'The', 'applicant', 'further', 'contested', 'the', 'Government', '’s', 'submissions', 'regarding', 'the', 'abuse', 'of', 'the', 'right', 'of', 'application', '.', 'He', 'contended', 'that', 'he', 'had', 'not', 'been', 'aware', 'of', 'as', 'many', 'details', 'of', 'the', 'enforcement', 'proceedings', 'as', 'the', 'Government', 'and', 'that', ',', 'in', 'any', 'event', ',', 'he', 'had', 'not', 'had', 'any', 'intention', 'to', 'mislead', 'the', 'Court', 'in', 'his', 'application', '.']	['O', 'O', 'B-Subsumtion', 'I-Subsumtion', 'I-Subsumtion', 'I-Subsumtion', 'I-Subsumtion', 'I-Subsumtion', 'I-Subsumtion', 'I-Subsumtion', 'I-Subsumtion', 'I-Subsumtion', 'I-Subsumtion', 'I-Subsumtion', 'I-Subsumtion', 'I-Subsumtion', 'I-Subsumtion', 'I-Subsumtion', 'I-Subsumtion', 'I-Subsumtion', 'I-Subsumtion', 'I-Subsumtion', 'I-Subsumtion', 'I-Subsumtion', 'I-Subsumtion', 'I-Subsumtion', 'I-Subsumtion', 'I-Subsumtion', 'I-Subsumtion', 'I-Subsumtion', 'I-Subsumtion', 'I-Subsumtion', 'I-Subsumtion', 'I-Subsumtion', 'I-Subsumtion', 'I-Subsumtion', 'I-Subsumtion', 'I-Subsumtion', 'I-Subsumtion', 'I-Subsumtion', 'I-Subsumtion', 'I-Subsumtion', 'I-Subsumtion', 'I-Subsumtion', 'I-Subsumtion', 'I-Subsumtion', 'I-Subsumtion', 'I-Subsumtion', 'I-Subsumtion', 'I-Subsumtion', 'I-Subsumtion', 'I-Subsumtion', 'I-Subsumtion', 'I-Subsumtion', 'I-Subsumtion', 'I-Subsumtion', 'I-Subsumtion', 'I-Subsumtion', 'I-Subsumtion']
['25', '.', 'The', 'Court', 'reiterates', 'that', 'the', 'only', 'remedies', 'which', 'Article', '35', '§', '1', 'of', 'the', 'Convention', 'requires', 'to', 'be', 'exhausted', 'are', 'those', 'that', 'relate', 'to', 'the', 'breaches', 'alleged', 'and', 'at', 'the', 'same', 'time', 'are', 'available', 'and', 'sufficient', '.', 'The', 'existence', 'of', 'such', 'remedies', 'must', 'be', 'sufficiently', 'certain', 'not', 'only', 'in', 'theory', 'but', 'also', 'in', 'practice', ',', 'failing', 'which', 'they', 'will', 'lack', 'the', 'requisite', 'accessibility', 'and', 'effectiveness', ';', 'it', 'falls', 'to', 'the', 'respondent', 'State', 'to', 'establish', 'that', 'these', 'conditions', 'are', 'satisfied', '(', 'see', ',', 'among', 'other', 'authorities', ',', 'McFarlane', 'v.', 'Ireland', '[', 'GC', ']', ',', 'no', '.', '31333/06', ',', '§', '107', ',', '10', 'September', '2010', ')', '.']	['O', 'O', 'B-Vorherige Rechtsprechung des EGMR', 'I-Vorherige Rechtsprechung des EGMR', 'I-Vorherige Rechtsprechung des EGMR', 'I-Vorherige Rechtsprechung des EGMR', 'I-Vorherige Rechtsprechung des EGMR', 'I-Vorherige Rechtsprechung des EGMR', 'I-Vorherige Rechtsprechung des EGMR', 'I-Vorherige Rechtsprechung des EGMR', 'I-Vorherige Rechtsprechung des EGMR', 'I-Vorherige Rechtsprechung des EGMR', 'I-Vorherige Rechtsprechung des EGMR', 'I-Vorherige Rechtsprechung des EGMR', 'I-Vorherige Rechtsprechung des EGMR', 'I-Vorherige Rechtsprechung des EGMR', 'I-Vorherige Rechtsprechung des EGMR', 'I-Vorherige Rechtsprechung des EGMR', 'I-Vorherige Rechtsprechung des EGMR', 'I-Vorherige Rechtsprechung des EGMR', 'I-Vorherige Rechtsprechung des EGMR', 'I-Vorherige Rechtsprechung des EGMR', 'I-Vorherige Rechtsprechung des EGMR', 'I-Vorherige Rechtsprechung des EGMR', 'I-Vorherige Rechtsprechung des EGMR', 'I-Vorherige Rechtsprechung des EGMR', 'I-Vorherige Rechtsprechung des EGMR', 'I-Vorherige Rechtsprechung des EGMR', 'I-Vorherige Rechtsprechung des EGMR', 'I-Vorherige Rechtsprechung des EGMR', 'I-Vorherige Rechtsprechung des EGMR', 'I-Vorherige Rechtsprechung des EGMR', 'I-Vorherige Rechtsprechung des EGMR', 'I-Vorherige Rechtsprechung des EGMR', 'I-Vorherige Rechtsprechung des EGMR', 'I-Vorherige Rechtsprechung des EGMR', 'I-Vorherige Rechtsprechung des EGMR', 'I-Vorherige Rechtsprechung des EGMR', 'I-Vorherige Rechtsprechung des EGMR', 'I-Vorherige Rechtsprechung des EGMR', 'I-Vorherige Rechtsprechung des EGMR', 'I-Vorherige Rechtsprechung des EGMR', 'I-Vorherige Rechtsprechung des EGMR', 'I-Vorherige Rechtsprechung des EGMR', 'I-Vorherige Rechtsprechung des EGMR', 'I-Vorherige Rechtsprechung des EGMR', 'I-Vorherige Rechtsprechung des EGMR', 'I-Vorherige Rechtsprechung des EGMR', 'I-Vorherige Rechtsprechung des EGMR', 'I-Vorherige Rechtsprechung des EGMR', 'I-Vorherige Rechtsprechung des EGMR', 'I-Vorherige Rechtsprechung des EGMR', 'I-Vorherige Rechtsprechung des EGMR', 'I-Vorherige Rechtsprechung des EGMR', 'I-Vorherige Rechtsprechung des EGMR', 'I-Vorherige Rechtsprechung des EGMR', 'I-Vorherige Rechtsprechung des EGMR', 'I-Vorherige Rechtsprechung des EGMR', 'I-Vorherige Rechtsprechung des EGMR', 'I-Vorherige Rechtsprechung des EGMR', 'I-Vorherige Rechtsprechung des EGMR', 'I-Vorherige Rechtsprechung des EGMR', 'I-Vorherige Rechtsprechung des EGMR', 'I-Vorherige Rechtsprechung des EGMR', 'I-Vorherige Rechtsprechung des EGMR', 'I-Vorherige Rechtsprechung des EGMR', 'I-Vorherige Rechtsprechung des EGMR', 'I-Vorherige Rechtsprechung des EGMR', 'I-Vorherige Rechtsprechung des EGMR', 'I-Vorherige Rechtsprechung des EGMR', 'I-Vorherige Rechtsprechung des EGMR', 'I-Vorherige Rechtsprechung des EGMR', 'I-Vorherige Rechtsprechung des EGMR', 'I-Vorherige Rechtsprechung des EGMR', 'I-Vorherige Rechtsprechung des EGMR', 'I-Vorherige Rechtsprechung des EGMR', 'I-Vorherige Rechtsprechung des EGMR', 'I-Vorherige Rechtsprechung des EGMR', 'I-Vorherige Rechtsprechung des EGMR', 'I-Vorherige Rechtsprechung des EGMR', 'I-Vorherige Rechtsprechung des EGMR', 'I-Vorherige Rechtsprechung des EGMR', 'I-Vorherige Rechtsprechung des EGMR', 'I-Vorherige Rechtsprechung des EGMR', 'I-Vorherige Rechtsprechung des EGMR', 'I-Vorherige Rechtsprechung des EGMR', 'I-Vorherige Rechtsprechung des EGMR', 'I-Vorherige Rechtsprechung des EGMR', 'I-Vorherige Rechtsprechung des EGMR', 'I-Vorherige Rechtsprechung des EGMR', 'I-Vorherige Rechtsprechung des EGMR', 'I-Vorherige Rechtsprechung des EGMR', 'I-Vorherige Rechtsprechung des EGMR', 'I-Vorherige Rechtsprechung des EGMR', 'I-Vorherige Rechtsprechung des EGMR', 'I-Vorherige Rechtsprechung des EGMR', 'I-Vorherige Rechtsprechung des EGMR', 'I-Vorherige Rechtsprechung des EGMR', 'I-Vorherige Rechtsprechung des EGMR', 'I-Vorherige Rechtsprechung des EGMR', 'I-Vorherige Rechtsprechung des EGMR', 'I-Vorherige Rechtsprechung des EGMR', 'I-Vorherige Rechtsprechung des EGMR', 'I-Vorherige Rechtsprechung des EGMR', 'I-Vorherige Rechtsprechung des EGMR', 'I-Vorherige Rechtsprechung des EGMR', 'I-Vorherige Rechtsprechung des EGMR']
['26', '.', 'The', 'Court', 'notes', 'that', 'in', 'the', 'case', 'of', 'Chabrowski', 'v.', 'Ukraine', '(', 'no', '.', '61680/10', ',', '§', '108', ',', '17', 'January', '2013', ')', ',', 'where', 'the', 'complaint', 'concerned', 'the', 'non', '-', 'enforcement', 'of', 'a', 'court', 'decision', 'in', 'the', 'area', 'of', 'family', 'law', ',', 'namely', 'a', 'decision', 'ordering', 'that', 'an', 'abducted', 'child', 'be', 'returned', 'to', 'her', 'parent', ',', 'it', 'found', 'that', 'the', 'court', 'action', 'against', 'bailiffs', 'had', 'not', 'been', 'effective', '.', 'As', 'to', 'the', 'present', 'case', ',', 'the', 'Government', 'did', 'not', 'demonstrate', 'in', 'what', 'way', 'any', 'judicial', 'action', 'against', 'the', 'bailiffs', 'by', 'the', 'applicant', 'could', 'have', 'put', 'right', 'the', 'alleged', 'violation', 'or', 'accelerated', 'the', 'enforcement', 'proceedings', ',', 'nor', 'did', 'they', 'furnish', 'any', 'examples', 'of', 'domestic', 'case', '-', 'law', 'to', 'that', 'effect', '.', 'The', 'Government', '’s', 'objection', 'as', 'to', 'admissibility', 'must', 'therefore', 'be', 'dismissed', '.']	['O', 'O', 'B-Vorherige Rechtsprechung des EGMR', 'I-Vorherige Rechtsprechung des EGMR', 'I-Vorherige Rechtsprechung des EGMR', 'I-Vorherige Rechtsprechung des EGMR', 'I-Vorherige Rechtsprechung des EGMR', 'I-Vorherige Rechtsprechung des EGMR', 'I-Vorherige Rechtsprechung des EGMR', 'I-Vorherige Rechtsprechung des EGMR', 'I-Vorherige Rechtsprechung des EGMR', 'I-Vorherige Rechtsprechung des EGMR', 'I-Vorherige Rechtsprechung des EGMR', 'I-Vorherige Rechtsprechung des EGMR', 'I-Vorherige Rechtsprechung des EGMR', 'I-Vorherige Rechtsprechung des EGMR', 'I-Vorherige Rechtsprechung des EGMR', 'I-Vorherige Rechtsprechung des EGMR', 'I-Vorherige Rechtsprechung des EGMR', 'I-Vorherige Rechtsprechung des EGMR', 'I-Vorherige Rechtsprechung des EGMR', 'I-Vorherige Rechtsprechung des EGMR', 'I-Vorherige Rechtsprechung des EGMR', 'I-Vorherige Rechtsprechung des EGMR', 'I-Vorherige Rechtsprechung des EGMR', 'I-Vorherige Rechtsprechung des EGMR', 'I-Vorherige Rechtsprechung des EGMR', 'I-Vorherige Rechtsprechung des EGMR', 'I-Vorherige Rechtsprechung des EGMR', 'I-Vorherige Rechtsprechung des EGMR', 'I-Vorherige Rechtsprechung des EGMR', 'I-Vorherige Rechtsprechung des EGMR', 'I-Vorherige Rechtsprechung des EGMR', 'I-Vorherige Rechtsprechung des EGMR', 'I-Vorherige Rechtsprechung des EGMR', 'I-Vorherige Rechtsprechung des EGMR', 'I-Vorherige Rechtsprechung des EGMR', 'I-Vorherige Rechtsprechung des EGMR', 'I-Vorherige Rechtsprechung des EGMR', 'I-Vorherige Rechtsprechung des EGMR', 'I-Vorherige Rechtsprechung des EGMR', 'I-Vorherige Rechtsprechung des EGMR', 'I-Vorherige Rechtsprechung des EGMR', 'I-Vorherige Rechtsprechung des EGMR', 'I-Vorherige Rechtsprechung des EGMR', 'I-Vorherige Rechtsprechung des EGMR', 'I-Vorherige Rechtsprechung des EGMR', 'I-Vorherige Rechtsprechung des EGMR', 'I-Vorherige Rechtsprechung des EGMR', 'I-Vorherige Rechtsprechung des EGMR', 'I-Vorherige Rechtsprechung des EGMR', 'I-Vorherige Rechtsprechung des EGMR', 'I-Vorherige Rechtsprechung des EGMR', 'I-Vorherige Rechtsprechung des EGMR', 'I-Vorherige Rechtsprechung des EGMR', 'I-Vorherige Rechtsprechung des EGMR', 'I-Vorherige Rechtsprechung des EGMR', 'I-Vorherige Rechtsprechung des EGMR', 'I-Vorherige Rechtsprechung des EGMR', 'I-Vorherige Rechtsprechung des EGMR', 'I-Vorherige Rechtsprechung des EGMR', 'I-Vorherige Rechtsprechung des EGMR', 'I-Vorherige Rechtsprechung des EGMR', 'I-Vorherige Rechtsprechung des EGMR', 'I-Vorherige Rechtsprechung des EGMR', 'I-Vorherige Rechtsprechung des EGMR', 'I-Vorherige Rechtsprechung des EGMR', 'I-Vorherige Rechtsprechung des EGMR', 'I-Vorherige Rechtsprechung des EGMR', 'I-Vorherige Rechtsprechung des EGMR', 'I-Vorherige Rechtsprechung des EGMR', 'I-Vorherige Rechtsprechung des EGMR', 'B-Subsumtion', 'I-Subsumtion', 'I-Subsumtion', 'I-Subsumtion', 'I-Subsumtion', 'I-Subsumtion', 'I-Subsumtion', 'I-Subsumtion', 'I-Subsumtion', 'I-Subsumtion', 'I-Subsumtion', 'I-Subsumtion', 'I-Subsumtion', 'I-Subsumtion', 'I-Subsumtion', 'I-Subsumtion', 'I-Subsumtion', 'I-Subsumtion', 'I-Subsumtion', 'I-Subsumtion', 'I-Subsumtion', 'I-Subsumtion', 'I-Subsumtion', 'I-Subsumtion', 'I-Subsumtion', 'I-Subsumtion', 'I-Subsumtion', 'I-Subsumtion', 'I-Subsumtion', 'I-Subsumtion', 'I-Subsumtion', 'I-Subsumtion', 'I-Subsumtion', 'I-Subsumtion', 'I-Subsumtion', 'I-Subsumtion', 'I-Subsumtion', 'I-Subsumtion', 'I-Subsumtion', 'I-Subsumtion', 'I-Subsumtion', 'I-Subsumtion', 'I-Subsumtion', 'I-Subsumtion', 'I-Subsumtion', 'I-Subsumtion', 'I-Subsumtion', 'I-Subsumtion', 'I-Subsumtion', 'I-Subsumtion', 'I-Subsumtion', 'I-Subsumtion', 'I-Subsumtion', 'I-Subsumtion', 'I-Subsumtion', 'I-Subsumtion', 'I-Subsumtion', 'I-Subsumtion', 'I-Subsumtion', 'I-Subsumtion', 'I-Subsumtion', 'I-Subsumtion', 'I-Subsumtion']
['27', '.', 'As', 'to', 'the', 'alleged', 'abuse', 'of', 'the', 'right', 'of', 'application', ',', 'the', 'Court', 'reiterates', 'that', 'the', 'submission', 'of', 'incomplete', 'and', 'thus', 'misleading', 'information', 'may', 'amount', 'to', 'an', 'abuse', 'of', 'the', 'right', 'of', 'application', ',', 'especially', 'if', 'the', 'information', 'concerns', 'the', 'very', 'core', 'of', 'the', 'case', 'and', 'no', 'sufficient', 'explanation', 'has', 'been', 'provided', 'for', 'the', 'failure', 'to', 'disclose', 'that', 'information', '.', 'However', ',', 'even', 'in', 'such', 'cases', ',', 'the', 'applicant', '’s', 'intention', 'to', 'mislead', 'the', 'Court', 'must', 'always', 'be', 'established', 'with', 'sufficient', 'certainty', '(', 'see', 'Gross', 'v.', 'Switzerland', '[', 'GC', ']', ',', 'no', '.', '67810/10', ',', '§', '28', ',', 'ECHR', '2014', ',', 'with', 'further', 'references', ')', '.']	['O', 'O', 'B-Vorherige Rechtsprechung des EGMR', 'I-Vorherige Rechtsprechung des EGMR', 'I-Vorherige Rechtsprechung des EGMR', 'I-Vorherige Rechtsprechung des EGMR', 'I-Vorherige Rechtsprechung des EGMR', 'I-Vorherige Rechtsprechung des EGMR', 'I-Vorherige Rechtsprechung des EGMR', 'I-Vorherige Rechtsprechung des EGMR', 'I-Vorherige Rechtsprechung des EGMR', 'I-Vorherige Rechtsprechung des EGMR', 'I-Vorherige Rechtsprechung des EGMR', 'I-Vorherige Rechtsprechung des EGMR', 'I-Vorherige Rechtsprechung des EGMR', 'I-Vorherige Rechtsprechung des EGMR', 'I-Vorherige Rechtsprechung des EGMR', 'I-Vorherige Rechtsprechung des EGMR', 'I-Vorherige Rechtsprechung des EGMR', 'I-Vorherige Rechtsprechung des EGMR', 'I-Vorherige Rechtsprechung des EGMR', 'I-Vorherige Rechtsprechung des EGMR', 'I-Vorherige Rechtsprechung des EGMR', 'I-Vorherige Rechtsprechung des EGMR', 'I-Vorherige Rechtsprechung des EGMR', 'I-Vorherige Rechtsprechung des EGMR', 'I-Vorherige Rechtsprechung des EGMR', 'I-Vorherige Rechtsprechung des EGMR', 'I-Vorherige Rechtsprechung des EGMR', 'I-Vorherige Rechtsprechung des EGMR', 'I-Vorherige Rechtsprechung des EGMR', 'I-Vorherige Rechtsprechung des EGMR', 'I-Vorherige Rechtsprechung des EGMR', 'I-Vorherige Rechtsprechung des EGMR', 'I-Vorherige Rechtsprechung des EGMR', 'I-Vorherige Rechtsprechung des EGMR', 'I-Vorherige Rechtsprechung des EGMR', 'I-Vorherige Rechtsprechung des EGMR', 'I-Vorherige Rechtsprechung des EGMR', 'I-Vorherige Rechtsprechung des EGMR', 'I-Vorherige Rechtsprechung des EGMR', 'I-Vorherige Rechtsprechung des EGMR', 'I-Vorherige Rechtsprechung des EGMR', 'I-Vorherige Rechtsprechung des EGMR', 'I-Vorherige Rechtsprechung des EGMR', 'I-Vorherige Rechtsprechung des EGMR', 'I-Vorherige Rechtsprechung des EGMR', 'I-Vorherige Rechtsprechung des EGMR', 'I-Vorherige Rechtsprechung des EGMR', 'I-Vorherige Rechtsprechung des EGMR', 'I-Vorherige Rechtsprechung des EGMR', 'I-Vorherige Rechtsprechung des EGMR', 'I-Vorherige Rechtsprechung des EGMR', 'I-Vorherige Rechtsprechung des EGMR', 'I-Vorherige Rechtsprechung des EGMR', 'I-Vorherige Rechtsprechung des EGMR', 'I-Vorherige Rechtsprechung des EGMR', 'I-Vorherige Rechtsprechung des EGMR', 'I-Vorherige Rechtsprechung des EGMR', 'I-Vorherige Rechtsprechung des EGMR', 'I-Vorherige Rechtsprechung des EGMR', 'I-Vorherige Rechtsprechung des EGMR', 'I-Vorherige Rechtsprechung des EGMR', 'I-Vorherige Rechtsprechung des EGMR', 'I-Vorherige Rechtsprechung des EGMR', 'I-Vorherige Rechtsprechung des EGMR', 'I-Vorherige Rechtsprechung des EGMR', 'I-Vorherige Rechtsprechung des EGMR', 'I-Vorherige Rechtsprechung des EGMR', 'I-Vorherige Rechtsprechung des EGMR', 'I-Vorherige Rechtsprechung des EGMR', 'I-Vorherige Rechtsprechung des EGMR', 'I-Vorherige Rechtsprechung des EGMR', 'I-Vorherige Rechtsprechung des EGMR', 'I-Vorherige Rechtsprechung des EGMR', 'I-Vorherige Rechtsprechung des EGMR', 'I-Vorherige Rechtsprechung des EGMR', 'I-Vorherige Rechtsprechung des EGMR', 'I-Vorherige Rechtsprechung des EGMR', 'I-Vorherige Rechtsprechung des EGMR', 'I-Vorherige Rechtsprechung des EGMR', 'I-Vorherige Rechtsprechung des EGMR', 'I-Vorherige Rechtsprechung des EGMR', 'I-Vorherige Rechtsprechung des EGMR', 'I-Vorherige Rechtsprechung des EGMR', 'I-Vorherige Rechtsprechung des EGMR', 'I-Vorherige Rechtsprechung des EGMR', 'I-Vorherige Rechtsprechung des EGMR', 'I-Vorherige Rechtsprechung des EGMR', 'I-Vorherige Rechtsprechung des EGMR', 'I-Vorherige Rechtsprechung des EGMR', 'I-Vorherige Rechtsprechung des EGMR', 'I-Vorherige Rechtsprechung des EGMR', 'I-Vorherige Rechtsprechung des EGMR', 'I-Vorherige Rechtsprechung des EGMR', 'I-Vorherige Rechtsprechung des EGMR', 'I-Vorherige Rechtsprechung des EGMR', 'I-Vorherige Rechtsprechung des EGMR', 'I-Vorherige Rechtsprechung des EGMR', 'I-Vorherige Rechtsprechung des EGMR', 'I-Vorherige Rechtsprechung des EGMR', 'I-Vorherige Rechtsprechung des EGMR', 'I-Vorherige Rechtsprechung des EGMR', 'I-Vorherige Rechtsprechung des EGMR', 'I-Vorherige Rechtsprechung des EGMR', 'I-Vorherige Rechtsprechung des EGMR', 'I-Vorherige Rechtsprechung des EGMR', 'I-Vorherige Rechtsprechung des EGMR']
['28', '.', 'In', 'the', 'present', 'case', ',', 'there', 'does', 'not', 'appear', 'to', 'be', 'any', 'indication', 'that', 'the', 'failure', 'by', 'the', 'applicant', 'to', 'present', 'some', 'pieces', 'of', 'information', 'regarding', 'the', 'domestic', 'proceedings', 'was', 'premediated', 'and', 'could', 'be', 'classified', 'as', 'an', 'intention', 'to', 'mislead', 'the', 'Court', '.', 'Accordingly', ',', 'this', 'objection', 'by', 'the', 'Government', 'must', 'be', 'dismissed', '.']	['O', 'O', 'B-Subsumtion', 'I-Subsumtion', 'I-Subsumtion', 'I-Subsumtion', 'I-Subsumtion', 'I-Subsumtion', 'I-Subsumtion', 'I-Subsumtion', 'I-Subsumtion', 'I-Subsumtion', 'I-Subsumtion', 'I-Subsumtion', 'I-Subsumtion', 'I-Subsumtion', 'I-Subsumtion', 'I-Subsumtion', 'I-Subsumtion', 'I-Subsumtion', 'I-Subsumtion', 'I-Subsumtion', 'I-Subsumtion', 'I-Subsumtion', 'I-Subsumtion', 'I-Subsumtion', 'I-Subsumtion', 'I-Subsumtion', 'I-Subsumtion', 'I-Subsumtion', 'I-Subsumtion', 'I-Subsumtion', 'I-Subsumtion', 'I-Subsumtion', 'I-Subsumtion', 'I-Subsumtion', 'I-Subsumtion', 'I-Subsumtion', 'I-Subsumtion', 'I-Subsumtion', 'I-Subsumtion', 'I-Subsumtion', 'I-Subsumtion', 'I-Subsumtion', 'I-Subsumtion', 'I-Subsumtion', 'I-Subsumtion', 'I-Subsumtion', 'I-Subsumtion', 'I-Subsumtion', 'I-Subsumtion', 'I-Subsumtion', 'I-Subsumtion', 'I-Subsumtion', 'I-Subsumtion', 'I-Subsumtion']
['29', '.', 'The', 'Court', 'notes', 'that', 'the', 'application', 'is', 'not', 'manifestly', 'ill', '-', 'founded', 'within', 'the', 'meaning', 'of', 'Article', '35', '§', '3', '(', 'a', ')', 'of', 'the', 'Convention', '.', 'It', 'notes', 'that', 'it', 'is', 'not', 'inadmissible', 'on', 'any', 'other', 'grounds', '.', 'It', 'must', 'therefore', 'be', 'declared', 'admissible', '.']	['O', 'O', 'B-Subsumtion', 'I-Subsumtion', 'I-Subsumtion', 'I-Subsumtion', 'I-Subsumtion', 'I-Subsumtion', 'I-Subsumtion', 'I-Subsumtion', 'I-Subsumtion', 'I-Subsumtion', 'I-Subsumtion', 'I-Subsumtion', 'I-Subsumtion', 'I-Subsumtion', 'I-Subsumtion', 'I-Subsumtion', 'I-Subsumtion', 'I-Subsumtion', 'I-Subsumtion', 'I-Subsumtion', 'I-Subsumtion', 'I-Subsumtion', 'I-Subsumtion', 'I-Subsumtion', 'I-Subsumtion', 'I-Subsumtion', 'I-Subsumtion', 'I-Subsumtion', 'I-Subsumtion', 'I-Subsumtion', 'I-Subsumtion', 'I-Subsumtion', 'I-Subsumtion', 'I-Subsumtion', 'I-Subsumtion', 'I-Subsumtion', 'I-Subsumtion', 'I-Subsumtion', 'I-Subsumtion', 'B-Entscheidung des EGMR', 'I-Entscheidung des EGMR', 'I-Entscheidung des EGMR', 'I-Entscheidung des EGMR', 'I-Entscheidung des EGMR', 'I-Entscheidung des EGMR', 'I-Entscheidung des EGMR']
['30', '.', 'The', 'applicant', 'maintained', 'that', 'the', 'domestic', 'authorities', 'had', 'failed', 'to', 'take', 'appropriate', 'measures', 'to', 'ensure', 'that', 'his', 'child', '’s', 'mother', 'complied', 'with', 'the', 'contact', 'arrangements', 'fixed', 'by', 'the', 'courts', '.']	['O', 'O', 'B-Subsumtion', 'I-Subsumtion', 'I-Subsumtion', 'I-Subsumtion', 'I-Subsumtion', 'I-Subsumtion', 'I-Subsumtion', 'I-Subsumtion', 'I-Subsumtion', 'I-Subsumtion', 'I-Subsumtion', 'I-Subsumtion', 'I-Subsumtion', 'I-Subsumtion', 'I-Subsumtion', 'I-Subsumtion', 'I-Subsumtion', 'I-Subsumtion', 'I-Subsumtion', 'I-Subsumtion', 'I-Subsumtion', 'I-Subsumtion', 'I-Subsumtion', 'I-Subsumtion', 'I-Subsumtion', 'I-Subsumtion', 'I-Subsumtion', 'I-Subsumtion', 'I-Subsumtion', 'I-Subsumtion']
['31', '.', 'The', 'Government', 'submitted', 'that', 'the', 'bailiffs', 'had', 'taken', 'all', 'the', 'relevant', 'steps', 'in', 'order', 'to', 'enforce', 'the', 'contact', 'arrangements', '.']	['O', 'O', 'B-Subsumtion', 'I-Subsumtion', 'I-Subsumtion', 'I-Subsumtion', 'I-Subsumtion', 'I-Subsumtion', 'I-Subsumtion', 'I-Subsumtion', 'I-Subsumtion', 'I-Subsumtion', 'I-Subsumtion', 'I-Subsumtion', 'I-Subsumtion', 'I-Subsumtion', 'I-Subsumtion', 'I-Subsumtion', 'I-Subsumtion', 'I-Subsumtion', 'I-Subsumtion', 'I-Subsumtion']
['32', '.', 'The', 'Court', 'reiterates', 'that', 'mutual', 'enjoyment', 'by', 'parent', 'and', 'child', 'of', 'each', 'other', '’s', 'company', 'constitutes', 'a', 'fundamental', 'element', 'of', '“', 'family', 'life', '”', 'within', 'the', 'meaning', 'of', 'Article', '8', 'of', 'the', 'Convention', '(', 'see', ',', 'among', 'other', 'authorities', ',', 'K.', 'and', 'T.', 'v.', 'Finland', '[', 'GC', ']', ',', 'no', '.', '25702/94', ',', '§', '151', ',', 'ECHR', '2001‑VII', ')', '.', 'The', 'general', 'principles', 'concerning', 'the', 'State', '’s', 'positive', 'obligations', 'with', 'respect', 'to', 'the', 'contact', 'rights', 'of', 'parents', 'are', 'described', 'in', 'Vyshnyakov', '(', 'cited', 'above', ',', '§', '§', '35', '-', '37', ',', 'with', 'further', 'references', ')', '.']	['O', 'O', 'B-Vorherige Rechtsprechung des EGMR', 'I-Vorherige Rechtsprechung des EGMR', 'I-Vorherige Rechtsprechung des EGMR', 'I-Vorherige Rechtsprechung des EGMR', 'I-Vorherige Rechtsprechung des EGMR', 'I-Vorherige Rechtsprechung des EGMR', 'I-Vorherige Rechtsprechung des EGMR', 'I-Vorherige Rechtsprechung des EGMR', 'I-Vorherige Rechtsprechung des EGMR', 'I-Vorherige Rechtsprechung des EGMR', 'I-Vorherige Rechtsprechung des EGMR', 'I-Vorherige Rechtsprechung des EGMR', 'I-Vorherige Rechtsprechung des EGMR', 'I-Vorherige Rechtsprechung des EGMR', 'I-Vorherige Rechtsprechung des EGMR', 'I-Vorherige Rechtsprechung des EGMR', 'I-Vorherige Rechtsprechung des EGMR', 'I-Vorherige Rechtsprechung des EGMR', 'I-Vorherige Rechtsprechung des EGMR', 'I-Vorherige Rechtsprechung des EGMR', 'I-Vorherige Rechtsprechung des EGMR', 'I-Vorherige Rechtsprechung des EGMR', 'I-Vorherige Rechtsprechung des EGMR', 'I-Vorherige Rechtsprechung des EGMR', 'I-Vorherige Rechtsprechung des EGMR', 'I-Vorherige Rechtsprechung des EGMR', 'I-Vorherige Rechtsprechung des EGMR', 'I-Vorherige Rechtsprechung des EGMR', 'I-Vorherige Rechtsprechung des EGMR', 'I-Vorherige Rechtsprechung des EGMR', 'I-Vorherige Rechtsprechung des EGMR', 'I-Vorherige Rechtsprechung des EGMR', 'I-Vorherige Rechtsprechung des EGMR', 'I-Vorherige Rechtsprechung des EGMR', 'I-Vorherige Rechtsprechung des EGMR', 'I-Vorherige Rechtsprechung des EGMR', 'I-Vorherige Rechtsprechung des EGMR', 'I-Vorherige Rechtsprechung des EGMR', 'I-Vorherige Rechtsprechung des EGMR', 'I-Vorherige Rechtsprechung des EGMR', 'I-Vorherige Rechtsprechung des EGMR', 'I-Vorherige Rechtsprechung des EGMR', 'I-Vorherige Rechtsprechung des EGMR', 'I-Vorherige Rechtsprechung des EGMR', 'I-Vorherige Rechtsprechung des EGMR', 'I-Vorherige Rechtsprechung des EGMR', 'I-Vorherige Rechtsprechung des EGMR', 'I-Vorherige Rechtsprechung des EGMR', 'I-Vorherige Rechtsprechung des EGMR', 'I-Vorherige Rechtsprechung des EGMR', 'I-Vorherige Rechtsprechung des EGMR', 'I-Vorherige Rechtsprechung des EGMR', 'I-Vorherige Rechtsprechung des EGMR', 'I-Vorherige Rechtsprechung des EGMR', 'I-Vorherige Rechtsprechung des EGMR', 'I-Vorherige Rechtsprechung des EGMR', 'I-Vorherige Rechtsprechung des EGMR', 'I-Vorherige Rechtsprechung des EGMR', 'I-Vorherige Rechtsprechung des EGMR', 'I-Vorherige Rechtsprechung des EGMR', 'I-Vorherige Rechtsprechung des EGMR', 'I-Vorherige Rechtsprechung des EGMR', 'I-Vorherige Rechtsprechung des EGMR', 'I-Vorherige Rechtsprechung des EGMR', 'I-Vorherige Rechtsprechung des EGMR', 'I-Vorherige Rechtsprechung des EGMR', 'I-Vorherige Rechtsprechung des EGMR', 'I-Vorherige Rechtsprechung des EGMR', 'I-Vorherige Rechtsprechung des EGMR', 'I-Vorherige Rechtsprechung des EGMR', 'I-Vorherige Rechtsprechung des EGMR', 'I-Vorherige Rechtsprechung des EGMR', 'I-Vorherige Rechtsprechung des EGMR', 'I-Vorherige Rechtsprechung des EGMR', 'I-Vorherige Rechtsprechung des EGMR', 'I-Vorherige Rechtsprechung des EGMR', 'I-Vorherige Rechtsprechung des EGMR', 'I-Vorherige Rechtsprechung des EGMR', 'I-Vorherige Rechtsprechung des EGMR', 'I-Vorherige Rechtsprechung des EGMR', 'I-Vorherige Rechtsprechung des EGMR', 'I-Vorherige Rechtsprechung des EGMR', 'I-Vorherige Rechtsprechung des EGMR', 'I-Vorherige Rechtsprechung des EGMR', 'I-Vorherige Rechtsprechung des EGMR', 'I-Vorherige Rechtsprechung des EGMR', 'I-Vorherige Rechtsprechung des EGMR', 'I-Vorherige Rechtsprechung des EGMR', 'I-Vorherige Rechtsprechung des EGMR', 'I-Vorherige Rechtsprechung des EGMR', 'I-Vorherige Rechtsprechung des EGMR', 'I-Vorherige Rechtsprechung des EGMR', 'I-Vorherige Rechtsprechung des EGMR', 'I-Vorherige Rechtsprechung des EGMR', 'I-Vorherige Rechtsprechung des EGMR', 'I-Vorherige Rechtsprechung des EGMR']
['33', '.', 'In', 'the', 'present', 'case', ',', 'the', 'relationship', 'between', 'the', 'applicant', 'and', 'his', 'daughter', 'amounted', 'to', '“', 'family', 'life', '”', 'within', 'the', 'meaning', 'of', 'Article', '8', 'of', 'the', 'Convention', '.', 'It', 'appears', 'from', 'the', 'facts', 'that', 'numerous', 'meetings', 'between', 'the', 'applicant', 'and', 'his', 'child', 'did', 'not', 'take', 'place', 'owing', 'to', 'the', 'conduct', 'of', 'the', 'mother', '(', 'see', 'paragraphs', '10', '-', '15', 'above', ')', '.']	['O', 'O', 'B-Subsumtion', 'I-Subsumtion', 'I-Subsumtion', 'I-Subsumtion', 'I-Subsumtion', 'I-Subsumtion', 'I-Subsumtion', 'I-Subsumtion', 'I-Subsumtion', 'I-Subsumtion', 'I-Subsumtion', 'I-Subsumtion', 'I-Subsumtion', 'I-Subsumtion', 'I-Subsumtion', 'I-Subsumtion', 'I-Subsumtion', 'I-Subsumtion', 'I-Subsumtion', 'I-Subsumtion', 'I-Subsumtion', 'I-Subsumtion', 'I-Subsumtion', 'I-Subsumtion', 'I-Subsumtion', 'I-Subsumtion', 'I-Subsumtion', 'I-Subsumtion', 'I-Subsumtion', 'I-Subsumtion', 'I-Subsumtion', 'I-Subsumtion', 'I-Subsumtion', 'I-Subsumtion', 'I-Subsumtion', 'I-Subsumtion', 'I-Subsumtion', 'I-Subsumtion', 'I-Subsumtion', 'I-Subsumtion', 'I-Subsumtion', 'I-Subsumtion', 'I-Subsumtion', 'I-Subsumtion', 'I-Subsumtion', 'I-Subsumtion', 'I-Subsumtion', 'I-Subsumtion', 'I-Subsumtion', 'I-Subsumtion', 'I-Subsumtion', 'I-Subsumtion', 'I-Subsumtion', 'I-Subsumtion', 'I-Subsumtion', 'I-Subsumtion', 'I-Subsumtion', 'I-Subsumtion', 'I-Subsumtion', 'I-Subsumtion', 'I-Subsumtion', 'I-Subsumtion', 'I-Subsumtion']
['34', '.', 'There', 'is', 'nothing', 'to', 'suggest', 'that', 'during', 'the', 'enforcement', 'proceedings', 'the', 'authorities', 'ever', 'considered', 'putting', 'in', 'place', 'arrangements', 'to', 'monitor', 'voluntary', 'compliance', 'with', 'the', 'judgment', '.', 'Moreover', ',', 'it', 'remains', 'unclear', 'to', 'what', 'extent', 'the', 'childcare', 'and', 'family', 'services', 'could', 'have', 'been', 'involved', 'in', 'that', 'regard', 'and', 'whether', 'any', 'family', 'mediation', 'could', 'have', 'been', 'used', '.', 'Although', ',', 'admittedly', ',', 'voluntary', 'compliance', 'is', 'always', 'preferable', ',', 'the', 'Court', 'observes', 'that', 'the', 'entrenched', 'positions', 'often', 'taken', 'by', 'the', 'parents', 'in', 'such', 'cases', 'can', 'render', 'such', 'compliance', 'difficult', ',', 'making', 'it', 'necessary', ',', 'in', 'certain', 'cases', ',', 'to', 'have', 'recourse', 'to', 'proportionate', 'coercive', 'measures', '(', 'see', 'Vyshnyakov', ',', 'cited', 'above', ',', '§', '43', ',', 'with', 'further', 'references', ')', '.']	['O', 'O', 'B-Subsumtion', 'I-Subsumtion', 'I-Subsumtion', 'I-Subsumtion', 'I-Subsumtion', 'I-Subsumtion', 'I-Subsumtion', 'I-Subsumtion', 'I-Subsumtion', 'I-Subsumtion', 'I-Subsumtion', 'I-Subsumtion', 'I-Subsumtion', 'I-Subsumtion', 'I-Subsumtion', 'I-Subsumtion', 'I-Subsumtion', 'I-Subsumtion', 'I-Subsumtion', 'I-Subsumtion', 'I-Subsumtion', 'I-Subsumtion', 'I-Subsumtion', 'I-Subsumtion', 'I-Subsumtion', 'I-Subsumtion', 'I-Subsumtion', 'I-Subsumtion', 'I-Subsumtion', 'I-Subsumtion', 'I-Subsumtion', 'I-Subsumtion', 'I-Subsumtion', 'I-Subsumtion', 'I-Subsumtion', 'I-Subsumtion', 'I-Subsumtion', 'I-Subsumtion', 'I-Subsumtion', 'I-Subsumtion', 'I-Subsumtion', 'I-Subsumtion', 'I-Subsumtion', 'I-Subsumtion', 'I-Subsumtion', 'I-Subsumtion', 'I-Subsumtion', 'I-Subsumtion', 'I-Subsumtion', 'I-Subsumtion', 'I-Subsumtion', 'I-Subsumtion', 'I-Subsumtion', 'I-Subsumtion', 'I-Subsumtion', 'I-Subsumtion', 'I-Subsumtion', 'I-Subsumtion', 'I-Subsumtion', 'I-Subsumtion', 'I-Subsumtion', 'I-Subsumtion', 'I-Subsumtion', 'I-Subsumtion', 'I-Subsumtion', 'I-Subsumtion', 'I-Subsumtion', 'I-Subsumtion', 'I-Subsumtion', 'I-Subsumtion', 'I-Subsumtion', 'I-Subsumtion', 'I-Subsumtion', 'I-Subsumtion', 'I-Subsumtion', 'I-Subsumtion', 'I-Subsumtion', 'I-Subsumtion', 'I-Subsumtion', 'I-Subsumtion', 'I-Subsumtion', 'I-Subsumtion', 'I-Subsumtion', 'I-Subsumtion', 'I-Subsumtion', 'I-Subsumtion', 'I-Subsumtion', 'I-Subsumtion', 'I-Subsumtion', 'I-Subsumtion', 'I-Subsumtion', 'I-Subsumtion', 'I-Subsumtion', 'I-Subsumtion', 'I-Subsumtion', 'I-Subsumtion', 'I-Subsumtion', 'I-Subsumtion', 'I-Subsumtion', 'I-Subsumtion', 'I-Subsumtion', 'I-Subsumtion', 'I-Subsumtion', 'I-Subsumtion', 'I-Subsumtion', 'I-Subsumtion', 'I-Subsumtion', 'I-Subsumtion', 'I-Subsumtion', 'I-Subsumtion', 'I-Subsumtion', 'I-Subsumtion', 'I-Subsumtion', 'I-Subsumtion', 'I-Subsumtion', 'I-Subsumtion', 'I-Subsumtion']
['35', '.', 'With', 'regard', 'to', 'coercive', 'measures', ',', 'the', 'bailiffs', 'attempted', 'to', 'impose', 'two', 'fines', 'on', 'V.', ',', 'who', 'later', 'challenged', 'them', 'in', 'the', 'courts', ',', 'and', 'there', 'is', 'no', 'information', 'regarding', 'whether', 'she', 'actually', 'paid', 'any', 'of', 'them', '.', 'It', 'is', 'doubtful', 'therefore', 'that', 'those', 'sanctions', 'had', 'any', 'coercive', 'effect', 'on', 'her', ',', 'as', 'she', 'continued', 'to', 'prevent', 'contact', 'between', 'the', 'applicant', 'and', 'his', 'daughter', '(', 'compare', 'Kuppinger', 'v.', 'Germany', ',', 'no', '.', '62198/11', ',', '§', '105', ',', '15', 'January', '2015', ')', '.']	['O', 'O', 'B-Subsumtion', 'I-Subsumtion', 'I-Subsumtion', 'I-Subsumtion', 'I-Subsumtion', 'I-Subsumtion', 'I-Subsumtion', 'I-Subsumtion', 'I-Subsumtion', 'I-Subsumtion', 'I-Subsumtion', 'I-Subsumtion', 'I-Subsumtion', 'I-Subsumtion', 'I-Subsumtion', 'I-Subsumtion', 'I-Subsumtion', 'I-Subsumtion', 'I-Subsumtion', 'I-Subsumtion', 'I-Subsumtion', 'I-Subsumtion', 'I-Subsumtion', 'I-Subsumtion', 'I-Subsumtion', 'I-Subsumtion', 'I-Subsumtion', 'I-Subsumtion', 'I-Subsumtion', 'I-Subsumtion', 'I-Subsumtion', 'I-Subsumtion', 'I-Subsumtion', 'I-Subsumtion', 'I-Subsumtion', 'I-Subsumtion', 'I-Subsumtion', 'I-Subsumtion', 'I-Subsumtion', 'I-Subsumtion', 'I-Subsumtion', 'I-Subsumtion', 'I-Subsumtion', 'I-Subsumtion', 'I-Subsumtion', 'I-Subsumtion', 'I-Subsumtion', 'I-Subsumtion', 'I-Subsumtion', 'I-Subsumtion', 'I-Subsumtion', 'I-Subsumtion', 'I-Subsumtion', 'I-Subsumtion', 'I-Subsumtion', 'I-Subsumtion', 'I-Subsumtion', 'I-Subsumtion', 'I-Subsumtion', 'I-Subsumtion', 'I-Subsumtion', 'I-Subsumtion', 'I-Subsumtion', 'I-Subsumtion', 'I-Subsumtion', 'I-Subsumtion', 'I-Subsumtion', 'I-Subsumtion', 'I-Subsumtion', 'I-Subsumtion', 'I-Subsumtion', 'I-Subsumtion', 'I-Subsumtion', 'I-Subsumtion', 'I-Subsumtion', 'I-Subsumtion', 'I-Subsumtion', 'I-Subsumtion', 'I-Subsumtion', 'I-Subsumtion', 'I-Subsumtion', 'I-Subsumtion']
['36', '.', 'In', 'Vyshnyakov', '(', 'cited', 'above', ',', '§', '46', ')', 'the', 'Court', 'found', 'that', 'the', 'inappropriate', 'enforcement', 'of', 'court', 'judgments', 'on', 'child', 'contact', 'arrangements', 'had', 'been', 'caused', 'by', 'the', 'lack', 'of', 'any', 'developed', 'legislative', 'and', 'administrative', 'framework', 'which', 'could', 'facilitate', 'voluntary', 'compliance', 'arrangements', 'involving', 'family', 'and', 'childcare', 'professionals', '.', 'Furthermore', ',', 'the', 'available', 'framework', 'did', 'not', 'provide', 'for', 'appropriate', 'and', 'specific', 'measures', 'to', 'ensure', ',', 'subject', 'to', 'the', 'proportionality', 'principle', ',', 'coercive', 'compliance', 'with', 'contact', 'arrangements', '(', 'ibid', '.', ')', '.', 'The', 'Court', 'considers', 'that', 'these', 'findings', 'are', 'equally', 'pertinent', 'to', 'the', 'present', 'case', '.', 'The', 'minor', 'legislative', 'amendments', 'to', 'the', 'enforcement', 'proceedings', '(', 'see', 'paragraph', '18', 'above', ')', 'can', 'not', 'prompt', 'the', 'Court', 'to', 'reach', 'a', 'different', 'conclusion', 'in', 'the', 'present', 'case', '.']	['O', 'O', 'B-Subsumtion', 'I-Subsumtion', 'I-Subsumtion', 'I-Subsumtion', 'I-Subsumtion', 'I-Subsumtion', 'I-Subsumtion', 'I-Subsumtion', 'I-Subsumtion', 'I-Subsumtion', 'I-Subsumtion', 'I-Subsumtion', 'I-Subsumtion', 'I-Subsumtion', 'I-Subsumtion', 'I-Subsumtion', 'I-Subsumtion', 'I-Subsumtion', 'I-Subsumtion', 'I-Subsumtion', 'I-Subsumtion', 'I-Subsumtion', 'I-Subsumtion', 'I-Subsumtion', 'I-Subsumtion', 'I-Subsumtion', 'I-Subsumtion', 'I-Subsumtion', 'I-Subsumtion', 'I-Subsumtion', 'I-Subsumtion', 'I-Subsumtion', 'I-Subsumtion', 'I-Subsumtion', 'I-Subsumtion', 'I-Subsumtion', 'I-Subsumtion', 'I-Subsumtion', 'I-Subsumtion', 'I-Subsumtion', 'I-Subsumtion', 'I-Subsumtion', 'I-Subsumtion', 'I-Subsumtion', 'I-Subsumtion', 'I-Subsumtion', 'I-Subsumtion', 'I-Subsumtion', 'I-Subsumtion', 'I-Subsumtion', 'I-Subsumtion', 'I-Subsumtion', 'I-Subsumtion', 'I-Subsumtion', 'I-Subsumtion', 'I-Subsumtion', 'I-Subsumtion', 'I-Subsumtion', 'I-Subsumtion', 'I-Subsumtion', 'I-Subsumtion', 'I-Subsumtion', 'I-Subsumtion', 'I-Subsumtion', 'I-Subsumtion', 'I-Subsumtion', 'I-Subsumtion', 'I-Subsumtion', 'I-Subsumtion', 'I-Subsumtion', 'I-Subsumtion', 'I-Subsumtion', 'I-Subsumtion', 'I-Subsumtion', 'I-Subsumtion', 'I-Subsumtion', 'I-Subsumtion', 'I-Subsumtion', 'I-Subsumtion', 'I-Subsumtion', 'I-Subsumtion', 'I-Subsumtion', 'I-Subsumtion', 'I-Subsumtion', 'I-Subsumtion', 'I-Subsumtion', 'I-Subsumtion', 'I-Subsumtion', 'I-Subsumtion', 'I-Subsumtion', 'I-Subsumtion', 'I-Subsumtion', 'I-Subsumtion', 'I-Subsumtion', 'I-Subsumtion', 'I-Subsumtion', 'I-Subsumtion', 'I-Subsumtion', 'I-Subsumtion', 'I-Subsumtion', 'I-Subsumtion', 'I-Subsumtion', 'I-Subsumtion', 'I-Subsumtion', 'I-Subsumtion', 'I-Subsumtion', 'I-Subsumtion', 'I-Subsumtion', 'I-Subsumtion', 'I-Subsumtion', 'I-Subsumtion', 'I-Subsumtion', 'I-Subsumtion', 'I-Subsumtion', 'I-Subsumtion', 'I-Subsumtion', 'I-Subsumtion', 'I-Subsumtion', 'I-Subsumtion', 'I-Subsumtion', 'I-Subsumtion', 'I-Subsumtion', 'I-Subsumtion']
['37', '.', 'Accordingly', ',', 'the', 'Court', 'finds', 'that', 'there', 'has', 'been', 'a', 'violation', 'of', 'Article', '8', 'of', 'the', 'Convention', '.']	['O', 'O', 'B-Entscheidung des EGMR', 'I-Entscheidung des EGMR', 'I-Entscheidung des EGMR', 'I-Entscheidung des EGMR', 'I-Entscheidung des EGMR', 'I-Entscheidung des EGMR', 'I-Entscheidung des EGMR', 'I-Entscheidung des EGMR', 'I-Entscheidung des EGMR', 'I-Entscheidung des EGMR', 'I-Entscheidung des EGMR', 'I-Entscheidung des EGMR', 'I-Entscheidung des EGMR', 'I-Entscheidung des EGMR', 'I-Entscheidung des EGMR', 'I-Entscheidung des EGMR', 'I-Entscheidung des EGMR', 'I-Entscheidung des EGMR']
['38', '.', 'Article', '41', 'of', 'the', 'Convention', 'provides', ':']	['O', 'O', 'O', 'O', 'O', 'O', 'O', 'O', 'O']
['“', 'If', 'the', 'Court', 'finds', 'that', 'there', 'has', 'been', 'a', 'violation', 'of', 'the', 'Convention', 'or', 'the', 'Protocols', 'thereto', ',', 'and', 'if', 'the', 'internal', 'law', 'of', 'the', 'High', 'Contracting', 'Party', 'concerned', 'allows', 'only', 'partial', 'reparation', 'to', 'be', 'made', ',', 'the', 'Court', 'shall', ',', 'if', 'necessary', ',', 'afford', 'just', 'satisfaction', 'to', 'the', 'injured', 'party', '.', '”']	['O', 'O', 'O', 'O', 'O', 'O', 'O', 'O', 'O', 'O', 'O', 'O', 'O', 'O', 'O', 'O', 'O', 'O', 'O', 'O', 'O', 'O', 'O', 'O', 'O', 'O', 'O', 'O', 'O', 'O', 'O', 'O', 'O', 'O', 'O', 'O', 'O', 'O', 'O', 'O', 'O', 'O', 'O', 'O', 'O', 'O', 'O', 'O', 'O', 'O', 'O', 'O', 'O', 'O']
['39', '.', 'The', 'applicant', 'claimed', '12,000', 'euros', '(', 'EUR', ')', 'in', 'respect', 'of', 'non‑pecuniary', 'damage', '.']	['O', 'O', 'O', 'O', 'O', 'O', 'O', 'O', 'O', 'O', 'O', 'O', 'O', 'O', 'O', 'O']
['40', '.', 'The', 'Government', 'submitted', 'the', 'claim', 'was', 'unsubstantiated', '.']	['O', 'O', 'O', 'O', 'O', 'O', 'O', 'O', 'O', 'O']
['41', '.', 'The', 'Court', 'considers', 'that', 'the', 'applicant', 'must', 'have', 'suffered', 'anguish', 'and', 'distress', 'on', 'account', 'of', 'the', 'violation', 'found', 'in', 'the', 'present', 'case', '.', 'Ruling', 'on', 'an', 'equitable', 'basis', ',', 'the', 'Court', 'awards', 'the', 'applicant', 'EUR', '7,500', 'in', 'respect', 'of', 'non', '-', 'pecuniary', 'damage', '.']	['O', 'O', 'O', 'O', 'O', 'O', 'O', 'O', 'O', 'O', 'O', 'O', 'O', 'O', 'O', 'O', 'O', 'O', 'O', 'O', 'O', 'O', 'O', 'O', 'O', 'O', 'O', 'O', 'O', 'O', 'O', 'O', 'O', 'O', 'O', 'O', 'O', 'O', 'O', 'O', 'O', 'O', 'O', 'O', 'O', 'O']
['42', '.', 'The', 'applicant', 'also', 'claimed', '12,000', 'Ukrainian', 'hryvnias', 'for', 'the', 'costs', 'and', 'expenses', 'incurred', 'before', 'the', 'Court', '.']	['O', 'O', 'O', 'O', 'O', 'O', 'O', 'O', 'O', 'O', 'O', 'O', 'O', 'O', 'O', 'O', 'O', 'O', 'O']
['43', '.', 'The', 'Government', 'maintained', 'that', 'the', 'claim', 'was', 'unfounded', '.']	['O', 'O', 'O', 'O', 'O', 'O', 'O', 'O', 'O', 'O', 'O']
['44', '.', 'Regard', 'being', 'had', 'to', 'the', 'documents', 'in', 'its', 'possession', 'and', 'to', 'its', 'case‑law', ',', 'the', 'Court', 'considers', 'it', 'reasonable', 'to', 'award', 'the', 'sum', 'of', 'EUR', '414', 'for', 'the', 'costs', 'and', 'expenses', '.']	['O', 'O', 'O', 'O', 'O', 'O', 'O', 'O', 'O', 'O', 'O', 'O', 'O', 'O', 'O', 'O', 'O', 'O', 'O', 'O', 'O', 'O', 'O', 'O', 'O', 'O', 'O', 'O', 'O', 'O', 'O', 'O', 'O', 'O']
['45', '.', 'The', 'Court', 'considers', 'it', 'appropriate', 'that', 'the', 'default', 'interest', 'rate', 'should', 'be', 'based', 'on', 'the', 'marginal', 'lending', 'rate', 'of', 'the', 'European', 'Central', 'Bank', ',', 'to', 'which', 'should', 'be', 'added', 'three', 'percentage', 'points', '.']	['O', 'O', 'O', 'O', 'O', 'O', 'O', 'O', 'O', 'O', 'O', 'O', 'O', 'O', 'O', 'O', 'O', 'O', 'O', 'O', 'O', 'O', 'O', 'O', 'O', 'O', 'O', 'O', 'O', 'O', 'O', 'O', 'O', 'O', 'O']
['FOR', 'THESE', 'REASONS', ',', 'THE', 'COURT', ',', 'UNANIMOUSLY', ',']	['O', 'O', 'O', 'O', 'O', 'O', 'O', 'O', 'O']
['(', 'a', ')', 'that', 'the', 'respondent', 'State', 'is', 'to', 'pay', 'the', 'applicant', ',', 'within', 'three', 'months', 'the', 'following', 'amounts', ',', 'to', 'be', 'converted', 'into', 'the', 'currency', 'of', 'the', 'respondent', 'State', 'at', 'the', 'rate', 'applicable', 'at', 'the', 'date', 'of', 'settlement', ':']	['O', 'O', 'O', 'O', 'O', 'O', 'O', 'O', 'O', 'O', 'O', 'O', 'O', 'O', 'O', 'O', 'O', 'O', 'O', 'O', 'O', 'O', 'O', 'O', 'O', 'O', 'O', 'O', 'O', 'O', 'O', 'O', 'O', 'O', 'O', 'O', 'O', 'O', 'O', 'O']
['(', 'i', ')', 'EUR', '7,500', '(', 'seven', 'thousand', 'five', 'hundred', 'euros', ')', ',', 'plus', 'any', 'tax', 'that', 'may', 'be', 'chargeable', ',', 'in', 'respect', 'of', 'non', '-', 'pecuniary', 'damage', ';']	['O', 'O', 'O', 'O', 'O', 'O', 'O', 'O', 'O', 'O', 'O', 'O', 'O', 'O', 'O', 'O', 'O', 'O', 'O', 'O', 'O', 'O', 'O', 'O', 'O', 'O', 'O', 'O', 'O']
['(', 'ii', ')', 'EUR', '414', '(', 'four', 'hundred', 'and', 'fourteen', 'euros', ')', ',', 'plus', 'any', 'tax', 'that', 'may', 'be', 'chargeable', 'to', 'the', 'applicant', ',', 'in', 'respect', 'of', 'costs', 'and', 'expenses', ';']	['O', 'O', 'O', 'O', 'O', 'O', 'O', 'O', 'O', 'O', 'O', 'O', 'O', 'O', 'O', 'O', 'O', 'O', 'O', 'O', 'O', 'O', 'O', 'O', 'O', 'O', 'O', 'O', 'O', 'O', 'O']
['(', 'b', ')', 'that', 'from', 'the', 'expiry', 'of', 'the', 'above', '-', 'mentioned', 'three', 'months', 'until', 'settlement', 'simple', 'interest', 'shall', 'be', 'payable', 'on', 'the', 'above', 'amounts', 'at', 'a', 'rate', 'equal', 'to', 'the', 'marginal', 'lending', 'rate', 'of', 'the', 'European', 'Central', 'Bank', 'during', 'the', 'default', 'period', 'plus', 'three', 'percentage', 'points', ';']	['O', 'O', 'O', 'O', 'O', 'O', 'O', 'O', 'O', 'O', 'O', 'O', 'O', 'O', 'O', 'O', 'O', 'O', 'O', 'O', 'O', 'O', 'O', 'O', 'O', 'O', 'O', 'O', 'O', 'O', 'O', 'O', 'O', 'O', 'O', 'O', 'O', 'O', 'O', 'O', 'O', 'O', 'O', 'O', 'O', 'O', 'O', 'O']
['Done', 'in', 'English', ',', 'and', 'notified', 'in', 'writing', 'on', '17', 'December', '2019', ',', 'pursuant', 'to', 'Rule', '77', '§', '§', '2', 'and', '3', 'of', 'the', 'Rules', 'of', 'Court', '.']	['O', 'O', 'O', 'O', 'O', 'O', 'O', 'O', 'O', 'O', 'O', 'O', 'O', 'O', 'O', 'O', 'O', 'O', 'O', 'O', 'O', 'O', 'O', 'O', 'O', 'O', 'O', 'O']
['Milan', 'Blaško']	['O', 'O']
['Síofra', 'O’Leary']	['O', 'O']
['Deputy', 'Registrar']	['O', 'O']
['President']	['O']
