tokens	labels
['I.', 'ALLEGED', 'VIOLATION', 'OF', 'ARTICLE', '8', 'OF', 'THE', 'CONVENTION']	['O', 'O', 'O', 'O', 'O', 'O', 'O', 'O', 'O']
['21', '.', 'The', 'applicant', 'complained', 'that', 'the', 'unlawful', 'search', 'carried', 'out', 'at', 'his', 'home', 'by', 'two', 'police', 'officers', 'had', 'violated', 'his', 'rights', 'under', 'Article', '8', 'of', 'the', 'Convention', ',', 'which', 'reads', 'as', 'follows', ':']	['O', 'O', 'B-Subsumtion', 'I-Subsumtion', 'I-Subsumtion', 'I-Subsumtion', 'I-Subsumtion', 'I-Subsumtion', 'I-Subsumtion', 'I-Subsumtion', 'I-Subsumtion', 'I-Subsumtion', 'I-Subsumtion', 'I-Subsumtion', 'I-Subsumtion', 'I-Subsumtion', 'I-Subsumtion', 'I-Subsumtion', 'I-Subsumtion', 'I-Subsumtion', 'I-Subsumtion', 'I-Subsumtion', 'I-Subsumtion', 'I-Subsumtion', 'I-Subsumtion', 'I-Subsumtion', 'I-Subsumtion', 'I-Subsumtion', 'I-Subsumtion', 'I-Subsumtion', 'I-Subsumtion', 'I-Subsumtion', 'I-Subsumtion', 'I-Subsumtion']
['“', '1', '.', 'Everyone', 'has', 'the', 'right', 'to', 'respect', 'for', 'his', '...', 'home', '...']	['O', 'O', 'O', 'O', 'O', 'O', 'O', 'O', 'O', 'O', 'O', 'O', 'O', 'O']
['2', '.', 'There', 'shall', 'be', 'no', 'interference', 'by', 'a', 'public', 'authority', 'with', 'the', 'exercise', 'of', 'this', 'right', 'except', 'such', 'as', 'is', 'in', 'accordance', 'with', 'the', 'law', 'and', 'is', 'necessary', 'in', 'a', 'democratic', 'society', 'in', 'the', 'interests', 'of', 'national', 'security', ',', 'public', 'safety', 'or', 'the', 'economic', 'well', '-', 'being', 'of', 'the', 'country', ',', 'for', 'the', 'prevention', 'of', 'disorder', 'or', 'crime', ',', 'for', 'the', 'protection', 'of', 'health', 'or', 'morals', ',', 'or', 'for', 'the', 'protection', 'of', 'the', 'rights', 'and', 'freedoms', 'of', 'others', '.', '”']	['O', 'O', 'O', 'O', 'O', 'O', 'O', 'O', 'O', 'O', 'O', 'O', 'O', 'O', 'O', 'O', 'O', 'O', 'O', 'O', 'O', 'O', 'O', 'O', 'O', 'O', 'O', 'O', 'O', 'O', 'O', 'O', 'O', 'O', 'O', 'O', 'O', 'O', 'O', 'O', 'O', 'O', 'O', 'O', 'O', 'O', 'O', 'O', 'O', 'O', 'O', 'O', 'O', 'O', 'O', 'O', 'O', 'O', 'O', 'O', 'O', 'O', 'O', 'O', 'O', 'O', 'O', 'O', 'O', 'O', 'O', 'O', 'O', 'O', 'O', 'O', 'O', 'O', 'O', 'O', 'O']
['A.', 'Admissibility']	['O', 'O']
['22', '.', 'The', 'Government', 'raised', 'an', 'objection', 'of', 'non', '-', 'exhaustion', 'of', 'domestic', 'remedies', '.', 'In', 'particular', ',', 'the', 'applicant', 'had', 'not', 'pursued', 'a', 'civil', 'action', 'for', 'damages', 'against', 'the', 'two', 'police', 'officers', 'based', 'on', 'the', 'general', 'provisions', 'concerning', 'civil', 'damages', 'provided', 'for', 'in', 'Articles', '998', '-', '999', 'of', 'the', 'Civil', 'Code', ',', 'in', 'force', 'at', 'the', 'relevant', 'time', '.', 'They', 'maintained', 'that', ',', 'since', 'the', 'criminal', 'courts', 'had', 'left', 'the', 'applicant', '’s', 'request', 'for', 'damages', 'unresolved', ',', 'he', 'could', 'have', 'brought', 'a', 'separate', 'action', 'in', 'this', 'respect', 'before', 'the', 'civil', 'courts', '.', 'They', 'also', 'submitted', 'that', 'the', 'intention', 'to', 'commit', 'a', 'crime', 'was', 'an', 'element', 'required', 'only', 'to', 'establish', 'criminal', 'responsibility', ',', 'while', 'before', 'the', 'civil', 'courts', 'negligence', 'was', 'enough', 'to', 'establish', 'a', 'person', '’s', 'civil', 'liability', '.', 'The', 'Government', 'did', 'not', 'submit', 'examples', 'of', 'relevant', 'domestic', 'case', '-', 'law', 'in', 'this', 'respect', '.', 'They', 'further', 'contended', 'that', 'in', 'the', 'case', 'Lazzarini', 'and', 'Ghiacci']	['O', 'O', 'B-Subsumtion', 'I-Subsumtion', 'I-Subsumtion', 'I-Subsumtion', 'I-Subsumtion', 'I-Subsumtion', 'I-Subsumtion', 'I-Subsumtion', 'I-Subsumtion', 'I-Subsumtion', 'I-Subsumtion', 'I-Subsumtion', 'I-Subsumtion', 'I-Subsumtion', 'I-Subsumtion', 'I-Subsumtion', 'I-Subsumtion', 'I-Subsumtion', 'I-Subsumtion', 'I-Subsumtion', 'I-Subsumtion', 'I-Subsumtion', 'I-Subsumtion', 'I-Subsumtion', 'I-Subsumtion', 'I-Subsumtion', 'I-Subsumtion', 'I-Subsumtion', 'I-Subsumtion', 'I-Subsumtion', 'I-Subsumtion', 'I-Subsumtion', 'I-Subsumtion', 'I-Subsumtion', 'I-Subsumtion', 'I-Subsumtion', 'I-Subsumtion', 'I-Subsumtion', 'I-Subsumtion', 'I-Subsumtion', 'I-Subsumtion', 'I-Subsumtion', 'I-Subsumtion', 'I-Subsumtion', 'I-Subsumtion', 'I-Subsumtion', 'I-Subsumtion', 'I-Subsumtion', 'I-Subsumtion', 'I-Subsumtion', 'I-Subsumtion', 'I-Subsumtion', 'I-Subsumtion', 'I-Subsumtion', 'I-Subsumtion', 'I-Subsumtion', 'I-Subsumtion', 'I-Subsumtion', 'I-Subsumtion', 'I-Subsumtion', 'I-Subsumtion', 'I-Subsumtion', 'I-Subsumtion', 'I-Subsumtion', 'I-Subsumtion', 'I-Subsumtion', 'I-Subsumtion', 'I-Subsumtion', 'I-Subsumtion', 'I-Subsumtion', 'I-Subsumtion', 'I-Subsumtion', 'I-Subsumtion', 'I-Subsumtion', 'I-Subsumtion', 'I-Subsumtion', 'I-Subsumtion', 'I-Subsumtion', 'I-Subsumtion', 'I-Subsumtion', 'I-Subsumtion', 'I-Subsumtion', 'I-Subsumtion', 'I-Subsumtion', 'I-Subsumtion', 'I-Subsumtion', 'I-Subsumtion', 'I-Subsumtion', 'I-Subsumtion', 'I-Subsumtion', 'I-Subsumtion', 'I-Subsumtion', 'I-Subsumtion', 'I-Subsumtion', 'I-Subsumtion', 'I-Subsumtion', 'I-Subsumtion', 'I-Subsumtion', 'I-Subsumtion', 'I-Subsumtion', 'I-Subsumtion', 'I-Subsumtion', 'I-Subsumtion', 'I-Subsumtion', 'I-Subsumtion', 'I-Subsumtion', 'I-Subsumtion', 'I-Subsumtion', 'I-Subsumtion', 'I-Subsumtion', 'I-Subsumtion', 'I-Subsumtion', 'I-Subsumtion', 'I-Subsumtion', 'I-Subsumtion', 'I-Subsumtion', 'I-Subsumtion', 'I-Subsumtion', 'I-Subsumtion', 'I-Subsumtion', 'I-Subsumtion', 'I-Subsumtion', 'I-Subsumtion', 'I-Subsumtion', 'I-Subsumtion', 'I-Subsumtion', 'I-Subsumtion', 'I-Subsumtion', 'I-Subsumtion', 'I-Subsumtion', 'I-Subsumtion', 'I-Subsumtion', 'I-Subsumtion', 'I-Subsumtion', 'I-Subsumtion', 'I-Subsumtion', 'I-Subsumtion', 'I-Subsumtion', 'I-Subsumtion', 'I-Subsumtion', 'I-Subsumtion', 'I-Subsumtion', 'I-Subsumtion', 'B-Vorherige Rechtsprechung des EGMR', 'I-Vorherige Rechtsprechung des EGMR', 'I-Vorherige Rechtsprechung des EGMR', 'I-Vorherige Rechtsprechung des EGMR', 'I-Vorherige Rechtsprechung des EGMR', 'I-Vorherige Rechtsprechung des EGMR', 'I-Vorherige Rechtsprechung des EGMR', 'I-Vorherige Rechtsprechung des EGMR', 'I-Vorherige Rechtsprechung des EGMR', 'I-Vorherige Rechtsprechung des EGMR']
['v.', 'Italy', '(', '(', 'dec', '.', ')', ',', 'no', '.', '53749/00', ',', '7', 'November', '2002', ')', 'the', 'Court', 'had', 'held', 'that', 'the', 'applicants', 'had', 'a', 'civil', 'remedy', 'available', ',', 'which', ',', 'following', 'the', 'rejection', 'of', 'their', 'criminal', 'complaint', ',', 'they', 'had', 'failed', 'to', 'pursue', '.']	['I-Vorherige Rechtsprechung des EGMR', 'I-Vorherige Rechtsprechung des EGMR', 'I-Vorherige Rechtsprechung des EGMR', 'I-Vorherige Rechtsprechung des EGMR', 'I-Vorherige Rechtsprechung des EGMR', 'I-Vorherige Rechtsprechung des EGMR', 'I-Vorherige Rechtsprechung des EGMR', 'I-Vorherige Rechtsprechung des EGMR', 'I-Vorherige Rechtsprechung des EGMR', 'I-Vorherige Rechtsprechung des EGMR', 'I-Vorherige Rechtsprechung des EGMR', 'I-Vorherige Rechtsprechung des EGMR', 'I-Vorherige Rechtsprechung des EGMR', 'I-Vorherige Rechtsprechung des EGMR', 'I-Vorherige Rechtsprechung des EGMR', 'I-Vorherige Rechtsprechung des EGMR', 'I-Vorherige Rechtsprechung des EGMR', 'I-Vorherige Rechtsprechung des EGMR', 'I-Vorherige Rechtsprechung des EGMR', 'I-Vorherige Rechtsprechung des EGMR', 'I-Vorherige Rechtsprechung des EGMR', 'I-Vorherige Rechtsprechung des EGMR', 'I-Vorherige Rechtsprechung des EGMR', 'I-Vorherige Rechtsprechung des EGMR', 'I-Vorherige Rechtsprechung des EGMR', 'I-Vorherige Rechtsprechung des EGMR', 'I-Vorherige Rechtsprechung des EGMR', 'I-Vorherige Rechtsprechung des EGMR', 'I-Vorherige Rechtsprechung des EGMR', 'I-Vorherige Rechtsprechung des EGMR', 'I-Vorherige Rechtsprechung des EGMR', 'I-Vorherige Rechtsprechung des EGMR', 'I-Vorherige Rechtsprechung des EGMR', 'I-Vorherige Rechtsprechung des EGMR', 'I-Vorherige Rechtsprechung des EGMR', 'I-Vorherige Rechtsprechung des EGMR', 'I-Vorherige Rechtsprechung des EGMR', 'I-Vorherige Rechtsprechung des EGMR', 'I-Vorherige Rechtsprechung des EGMR', 'I-Vorherige Rechtsprechung des EGMR', 'I-Vorherige Rechtsprechung des EGMR', 'I-Vorherige Rechtsprechung des EGMR', 'I-Vorherige Rechtsprechung des EGMR', 'I-Vorherige Rechtsprechung des EGMR', 'I-Vorherige Rechtsprechung des EGMR']
['23', '.', 'The', 'applicant', 'submitted', 'that', 'a', 'civil', 'action', 'based', 'on', 'the', 'general', 'provisions', 'of', 'the', 'Civil', 'Code', 'would', 'have', 'had', 'no', 'prospects', 'of', 'success', 'in', 'his', 'particular', 'case', '.', 'He', 'underlined', 'that', ',', 'although', 'the', 'criminal', 'investigation', 'concluded', 'that', 'the', 'police', 'officers', 'had', 'not', 'had', 'the', 'intention', 'to', 'commit', 'a', 'crime', ',', 'the', 'criminal', 'courts', 'held', 'that', 'the', 'two', 'officers', 'had', 'acted', 'in', 'accordance', 'with', 'the', 'law', '.', 'Therefore', ',', 'since', 'the', 'civil', 'court', 'was', 'bound', 'by', 'the', 'judgment', 'of', 'the', 'criminal', 'court', ',', 'the', 'former', 'could', 'not', 'have', 'established', 'any', 'liability', 'of', 'persons', 'who', 'were', 'considered', 'to', 'have', 'been', 'acting', 'within', 'their', 'duties', 'as', 'provided', 'for', 'by', 'law', '.']	['O', 'O', 'B-Subsumtion', 'I-Subsumtion', 'I-Subsumtion', 'I-Subsumtion', 'I-Subsumtion', 'I-Subsumtion', 'I-Subsumtion', 'I-Subsumtion', 'I-Subsumtion', 'I-Subsumtion', 'I-Subsumtion', 'I-Subsumtion', 'I-Subsumtion', 'I-Subsumtion', 'I-Subsumtion', 'I-Subsumtion', 'I-Subsumtion', 'I-Subsumtion', 'I-Subsumtion', 'I-Subsumtion', 'I-Subsumtion', 'I-Subsumtion', 'I-Subsumtion', 'I-Subsumtion', 'I-Subsumtion', 'I-Subsumtion', 'I-Subsumtion', 'I-Subsumtion', 'I-Subsumtion', 'I-Subsumtion', 'I-Subsumtion', 'I-Subsumtion', 'I-Subsumtion', 'I-Subsumtion', 'I-Subsumtion', 'I-Subsumtion', 'I-Subsumtion', 'I-Subsumtion', 'I-Subsumtion', 'I-Subsumtion', 'I-Subsumtion', 'I-Subsumtion', 'I-Subsumtion', 'I-Subsumtion', 'I-Subsumtion', 'I-Subsumtion', 'I-Subsumtion', 'I-Subsumtion', 'I-Subsumtion', 'I-Subsumtion', 'I-Subsumtion', 'I-Subsumtion', 'I-Subsumtion', 'I-Subsumtion', 'I-Subsumtion', 'I-Subsumtion', 'I-Subsumtion', 'I-Subsumtion', 'I-Subsumtion', 'I-Subsumtion', 'I-Subsumtion', 'I-Subsumtion', 'I-Subsumtion', 'I-Subsumtion', 'I-Subsumtion', 'I-Subsumtion', 'I-Subsumtion', 'I-Subsumtion', 'I-Subsumtion', 'I-Subsumtion', 'I-Subsumtion', 'I-Subsumtion', 'I-Subsumtion', 'I-Subsumtion', 'I-Subsumtion', 'I-Subsumtion', 'I-Subsumtion', 'I-Subsumtion', 'I-Subsumtion', 'I-Subsumtion', 'I-Subsumtion', 'I-Subsumtion', 'I-Subsumtion', 'I-Subsumtion', 'I-Subsumtion', 'I-Subsumtion', 'I-Subsumtion', 'I-Subsumtion', 'I-Subsumtion', 'I-Subsumtion', 'I-Subsumtion', 'I-Subsumtion', 'I-Subsumtion', 'I-Subsumtion', 'I-Subsumtion', 'I-Subsumtion', 'I-Subsumtion', 'I-Subsumtion', 'I-Subsumtion', 'I-Subsumtion', 'I-Subsumtion', 'I-Subsumtion', 'I-Subsumtion', 'I-Subsumtion', 'I-Subsumtion', 'I-Subsumtion', 'I-Subsumtion', 'I-Subsumtion', 'I-Subsumtion']
['24', '.', 'The', 'Court', 'points', 'out', 'that', 'it', 'is', 'incumbent', 'on', 'the', 'Government', 'claiming', 'non', '-', 'exhaustion', 'to', 'prove', 'that', 'the', 'remedy', 'was', 'an', 'effective', 'one', ',', 'available', 'in', 'theory', 'and', 'in', 'practice', 'at', 'the', 'relevant', 'time', ',', 'that', 'is', 'to', 'say', ',', 'that', 'it', 'was', 'accessible', ',', 'was', 'one', 'which', 'was', 'capable', 'of', 'providing', 'redress', 'in', 'respect', 'of', 'the', 'complaints', 'invoked', 'and', 'offered', 'reasonable', 'prospects', 'of', 'success', '(', 'see', 'Akdivar', 'and', 'Others', 'v.', 'Turkey', ',', '16', 'September', '1996', ',', '§', '68', ',', 'Reports', 'of', 'Judgments', 'and', 'Decisions', '1996', '-', 'IV', ')', '.']	['O', 'O', 'B-Vorherige Rechtsprechung des EGMR', 'I-Vorherige Rechtsprechung des EGMR', 'I-Vorherige Rechtsprechung des EGMR', 'I-Vorherige Rechtsprechung des EGMR', 'I-Vorherige Rechtsprechung des EGMR', 'I-Vorherige Rechtsprechung des EGMR', 'I-Vorherige Rechtsprechung des EGMR', 'I-Vorherige Rechtsprechung des EGMR', 'I-Vorherige Rechtsprechung des EGMR', 'I-Vorherige Rechtsprechung des EGMR', 'I-Vorherige Rechtsprechung des EGMR', 'I-Vorherige Rechtsprechung des EGMR', 'I-Vorherige Rechtsprechung des EGMR', 'I-Vorherige Rechtsprechung des EGMR', 'I-Vorherige Rechtsprechung des EGMR', 'I-Vorherige Rechtsprechung des EGMR', 'I-Vorherige Rechtsprechung des EGMR', 'I-Vorherige Rechtsprechung des EGMR', 'I-Vorherige Rechtsprechung des EGMR', 'I-Vorherige Rechtsprechung des EGMR', 'I-Vorherige Rechtsprechung des EGMR', 'I-Vorherige Rechtsprechung des EGMR', 'I-Vorherige Rechtsprechung des EGMR', 'I-Vorherige Rechtsprechung des EGMR', 'I-Vorherige Rechtsprechung des EGMR', 'I-Vorherige Rechtsprechung des EGMR', 'I-Vorherige Rechtsprechung des EGMR', 'I-Vorherige Rechtsprechung des EGMR', 'I-Vorherige Rechtsprechung des EGMR', 'I-Vorherige Rechtsprechung des EGMR', 'I-Vorherige Rechtsprechung des EGMR', 'I-Vorherige Rechtsprechung des EGMR', 'I-Vorherige Rechtsprechung des EGMR', 'I-Vorherige Rechtsprechung des EGMR', 'I-Vorherige Rechtsprechung des EGMR', 'I-Vorherige Rechtsprechung des EGMR', 'I-Vorherige Rechtsprechung des EGMR', 'I-Vorherige Rechtsprechung des EGMR', 'I-Vorherige Rechtsprechung des EGMR', 'I-Vorherige Rechtsprechung des EGMR', 'I-Vorherige Rechtsprechung des EGMR', 'I-Vorherige Rechtsprechung des EGMR', 'I-Vorherige Rechtsprechung des EGMR', 'I-Vorherige Rechtsprechung des EGMR', 'I-Vorherige Rechtsprechung des EGMR', 'I-Vorherige Rechtsprechung des EGMR', 'I-Vorherige Rechtsprechung des EGMR', 'I-Vorherige Rechtsprechung des EGMR', 'I-Vorherige Rechtsprechung des EGMR', 'I-Vorherige Rechtsprechung des EGMR', 'I-Vorherige Rechtsprechung des EGMR', 'I-Vorherige Rechtsprechung des EGMR', 'I-Vorherige Rechtsprechung des EGMR', 'I-Vorherige Rechtsprechung des EGMR', 'I-Vorherige Rechtsprechung des EGMR', 'I-Vorherige Rechtsprechung des EGMR', 'I-Vorherige Rechtsprechung des EGMR', 'I-Vorherige Rechtsprechung des EGMR', 'I-Vorherige Rechtsprechung des EGMR', 'I-Vorherige Rechtsprechung des EGMR', 'I-Vorherige Rechtsprechung des EGMR', 'I-Vorherige Rechtsprechung des EGMR', 'I-Vorherige Rechtsprechung des EGMR', 'I-Vorherige Rechtsprechung des EGMR', 'I-Vorherige Rechtsprechung des EGMR', 'I-Vorherige Rechtsprechung des EGMR', 'I-Vorherige Rechtsprechung des EGMR', 'I-Vorherige Rechtsprechung des EGMR', 'I-Vorherige Rechtsprechung des EGMR', 'I-Vorherige Rechtsprechung des EGMR', 'I-Vorherige Rechtsprechung des EGMR', 'I-Vorherige Rechtsprechung des EGMR', 'I-Vorherige Rechtsprechung des EGMR', 'I-Vorherige Rechtsprechung des EGMR', 'I-Vorherige Rechtsprechung des EGMR', 'I-Vorherige Rechtsprechung des EGMR', 'I-Vorherige Rechtsprechung des EGMR', 'I-Vorherige Rechtsprechung des EGMR', 'I-Vorherige Rechtsprechung des EGMR', 'I-Vorherige Rechtsprechung des EGMR', 'I-Vorherige Rechtsprechung des EGMR', 'I-Vorherige Rechtsprechung des EGMR', 'I-Vorherige Rechtsprechung des EGMR', 'I-Vorherige Rechtsprechung des EGMR', 'I-Vorherige Rechtsprechung des EGMR', 'I-Vorherige Rechtsprechung des EGMR', 'I-Vorherige Rechtsprechung des EGMR', 'I-Vorherige Rechtsprechung des EGMR', 'I-Vorherige Rechtsprechung des EGMR', 'I-Vorherige Rechtsprechung des EGMR', 'I-Vorherige Rechtsprechung des EGMR']
['25', '.', 'In', 'the', 'case', 'Lazzarini', 'and', 'Ghiacci', 'invoked', 'by', 'the', 'Government', 'the', 'applicants', 'complained', 'that', 'their', 'son', 'had', 'lost', 'his', 'life', 'on', 'account', 'of', 'medical', 'negligence', '.', 'In', 'deciding', 'that', 'the', 'applicants', 'had', 'failed', 'to', 'exhaust', 'the', 'domestic', 'remedies', 'in', 'that', 'case', ',', 'the', 'Court', 'took', 'into', 'account', 'the', 'fact', 'that', 'the', 'availability', 'and', 'effectiveness', 'of', 'domestic', 'remedies', 'as', 'regards', 'the', 'doctor', '’s', 'responsibility', 'was', 'not', 'disputed', 'and', 'proceedings', 'were', 'pending', 'in', 'this', 'respect', 'following', 'a', 'complaint', 'lodged', 'by', 'the', 'applicants', '.', 'It', 'was', 'also', 'taken', 'into', 'consideration', 'that', 'in', 'the', 'course', 'of', 'the', 'said', 'proceedings', 'the', 'applicants', 'had', 'already', 'received', 'a', 'considerable', 'amount', 'of', 'civil', 'damages', '.', 'Therefore', ',', 'the', 'Court', 'concluded', 'that', ',', 'in', 'the', 'circumstances', ',', 'it', 'could', 'not', 'be', 'held', 'that', 'the', 'above', '-', 'mentioned', 'proceedings', 'did', 'not', 'offer', 'reasonable', 'prospects', 'of', 'success', 'for', 'the', 'applicants', '.']	['O', 'O', 'B-Vorherige Rechtsprechung des EGMR', 'I-Vorherige Rechtsprechung des EGMR', 'I-Vorherige Rechtsprechung des EGMR', 'I-Vorherige Rechtsprechung des EGMR', 'I-Vorherige Rechtsprechung des EGMR', 'I-Vorherige Rechtsprechung des EGMR', 'I-Vorherige Rechtsprechung des EGMR', 'I-Vorherige Rechtsprechung des EGMR', 'I-Vorherige Rechtsprechung des EGMR', 'I-Vorherige Rechtsprechung des EGMR', 'I-Vorherige Rechtsprechung des EGMR', 'I-Vorherige Rechtsprechung des EGMR', 'I-Vorherige Rechtsprechung des EGMR', 'I-Vorherige Rechtsprechung des EGMR', 'I-Vorherige Rechtsprechung des EGMR', 'I-Vorherige Rechtsprechung des EGMR', 'I-Vorherige Rechtsprechung des EGMR', 'I-Vorherige Rechtsprechung des EGMR', 'I-Vorherige Rechtsprechung des EGMR', 'I-Vorherige Rechtsprechung des EGMR', 'I-Vorherige Rechtsprechung des EGMR', 'I-Vorherige Rechtsprechung des EGMR', 'I-Vorherige Rechtsprechung des EGMR', 'I-Vorherige Rechtsprechung des EGMR', 'I-Vorherige Rechtsprechung des EGMR', 'I-Vorherige Rechtsprechung des EGMR', 'I-Vorherige Rechtsprechung des EGMR', 'I-Vorherige Rechtsprechung des EGMR', 'I-Vorherige Rechtsprechung des EGMR', 'I-Vorherige Rechtsprechung des EGMR', 'I-Vorherige Rechtsprechung des EGMR', 'I-Vorherige Rechtsprechung des EGMR', 'I-Vorherige Rechtsprechung des EGMR', 'I-Vorherige Rechtsprechung des EGMR', 'I-Vorherige Rechtsprechung des EGMR', 'I-Vorherige Rechtsprechung des EGMR', 'I-Vorherige Rechtsprechung des EGMR', 'I-Vorherige Rechtsprechung des EGMR', 'I-Vorherige Rechtsprechung des EGMR', 'I-Vorherige Rechtsprechung des EGMR', 'I-Vorherige Rechtsprechung des EGMR', 'I-Vorherige Rechtsprechung des EGMR', 'I-Vorherige Rechtsprechung des EGMR', 'I-Vorherige Rechtsprechung des EGMR', 'I-Vorherige Rechtsprechung des EGMR', 'I-Vorherige Rechtsprechung des EGMR', 'I-Vorherige Rechtsprechung des EGMR', 'I-Vorherige Rechtsprechung des EGMR', 'I-Vorherige Rechtsprechung des EGMR', 'I-Vorherige Rechtsprechung des EGMR', 'I-Vorherige Rechtsprechung des EGMR', 'I-Vorherige Rechtsprechung des EGMR', 'I-Vorherige Rechtsprechung des EGMR', 'I-Vorherige Rechtsprechung des EGMR', 'I-Vorherige Rechtsprechung des EGMR', 'I-Vorherige Rechtsprechung des EGMR', 'I-Vorherige Rechtsprechung des EGMR', 'I-Vorherige Rechtsprechung des EGMR', 'I-Vorherige Rechtsprechung des EGMR', 'I-Vorherige Rechtsprechung des EGMR', 'I-Vorherige Rechtsprechung des EGMR', 'I-Vorherige Rechtsprechung des EGMR', 'I-Vorherige Rechtsprechung des EGMR', 'I-Vorherige Rechtsprechung des EGMR', 'I-Vorherige Rechtsprechung des EGMR', 'I-Vorherige Rechtsprechung des EGMR', 'I-Vorherige Rechtsprechung des EGMR', 'I-Vorherige Rechtsprechung des EGMR', 'I-Vorherige Rechtsprechung des EGMR', 'I-Vorherige Rechtsprechung des EGMR', 'I-Vorherige Rechtsprechung des EGMR', 'I-Vorherige Rechtsprechung des EGMR', 'I-Vorherige Rechtsprechung des EGMR', 'I-Vorherige Rechtsprechung des EGMR', 'I-Vorherige Rechtsprechung des EGMR', 'I-Vorherige Rechtsprechung des EGMR', 'I-Vorherige Rechtsprechung des EGMR', 'I-Vorherige Rechtsprechung des EGMR', 'I-Vorherige Rechtsprechung des EGMR', 'I-Vorherige Rechtsprechung des EGMR', 'I-Vorherige Rechtsprechung des EGMR', 'I-Vorherige Rechtsprechung des EGMR', 'I-Vorherige Rechtsprechung des EGMR', 'I-Vorherige Rechtsprechung des EGMR', 'I-Vorherige Rechtsprechung des EGMR', 'I-Vorherige Rechtsprechung des EGMR', 'I-Vorherige Rechtsprechung des EGMR', 'I-Vorherige Rechtsprechung des EGMR', 'I-Vorherige Rechtsprechung des EGMR', 'I-Vorherige Rechtsprechung des EGMR', 'I-Vorherige Rechtsprechung des EGMR', 'I-Vorherige Rechtsprechung des EGMR', 'I-Vorherige Rechtsprechung des EGMR', 'I-Vorherige Rechtsprechung des EGMR', 'I-Vorherige Rechtsprechung des EGMR', 'I-Vorherige Rechtsprechung des EGMR', 'I-Vorherige Rechtsprechung des EGMR', 'I-Vorherige Rechtsprechung des EGMR', 'I-Vorherige Rechtsprechung des EGMR', 'I-Vorherige Rechtsprechung des EGMR', 'I-Vorherige Rechtsprechung des EGMR', 'I-Vorherige Rechtsprechung des EGMR', 'I-Vorherige Rechtsprechung des EGMR', 'I-Vorherige Rechtsprechung des EGMR', 'I-Vorherige Rechtsprechung des EGMR', 'I-Vorherige Rechtsprechung des EGMR', 'I-Vorherige Rechtsprechung des EGMR', 'I-Vorherige Rechtsprechung des EGMR', 'I-Vorherige Rechtsprechung des EGMR', 'I-Vorherige Rechtsprechung des EGMR', 'I-Vorherige Rechtsprechung des EGMR', 'I-Vorherige Rechtsprechung des EGMR', 'I-Vorherige Rechtsprechung des EGMR', 'I-Vorherige Rechtsprechung des EGMR', 'I-Vorherige Rechtsprechung des EGMR', 'I-Vorherige Rechtsprechung des EGMR', 'I-Vorherige Rechtsprechung des EGMR', 'I-Vorherige Rechtsprechung des EGMR', 'I-Vorherige Rechtsprechung des EGMR', 'I-Vorherige Rechtsprechung des EGMR', 'I-Vorherige Rechtsprechung des EGMR', 'I-Vorherige Rechtsprechung des EGMR', 'I-Vorherige Rechtsprechung des EGMR', 'I-Vorherige Rechtsprechung des EGMR', 'I-Vorherige Rechtsprechung des EGMR', 'I-Vorherige Rechtsprechung des EGMR', 'I-Vorherige Rechtsprechung des EGMR', 'I-Vorherige Rechtsprechung des EGMR', 'I-Vorherige Rechtsprechung des EGMR', 'I-Vorherige Rechtsprechung des EGMR', 'I-Vorherige Rechtsprechung des EGMR', 'I-Vorherige Rechtsprechung des EGMR', 'I-Vorherige Rechtsprechung des EGMR', 'I-Vorherige Rechtsprechung des EGMR', 'I-Vorherige Rechtsprechung des EGMR', 'I-Vorherige Rechtsprechung des EGMR', 'I-Vorherige Rechtsprechung des EGMR', 'I-Vorherige Rechtsprechung des EGMR', 'I-Vorherige Rechtsprechung des EGMR', 'I-Vorherige Rechtsprechung des EGMR']
['26', '.', 'The', 'Court', 'considers', 'that', 'the', 'current', 'case', 'is', 'different', 'from', 'the', 'one', 'cited', 'by', 'the', 'Government', 'which', 'refers', 'to', 'the', 'specific', 'situation', 'of', 'medical', 'negligence', ',', 'a', 'situation', 'which', 'created', ',', 'and', 'continues', 'to', 'create', ',', 'extensive', 'case', '-', 'law', 'in', 'all', 'member', 'States', '.', 'The', 'case', 'at', 'hand', 'concerns', 'a', 'situation', 'of', 'alleged', 'police', 'abuse', 'for', 'which', 'a', 'civil', 'action', 'for', 'damages', 'based', 'on', 'Articles', '998', '-', '999', 'of', 'the', 'Civil', 'Code', 'would', 'theoretically', 'have', 'been', 'available', 'to', 'the', 'applicant', '.', 'However', ',', 'the', 'Court', 'reiterates', ',', 'as', 'the', 'Government', 'also', 'pointed', 'out', ',', 'that', 'at', 'the', 'time', 'of', 'the', 'events', 'civil', 'liability', 'had', 'a', 'subjective', 'character', 'in', 'Romanian', 'law', ',', 'requiring', 'proof', 'of', 'negligence', 'on', 'the', 'part', 'of', 'the', 'person', 'complained', 'against', '(', 'see', 'Eugenia', 'Lazăr', 'v.', 'Romania', ',', 'no', '.', '32146/05', ',']	['O', 'O', 'B-Distinguishing', 'I-Distinguishing', 'I-Distinguishing', 'I-Distinguishing', 'I-Distinguishing', 'I-Distinguishing', 'I-Distinguishing', 'I-Distinguishing', 'I-Distinguishing', 'I-Distinguishing', 'I-Distinguishing', 'I-Distinguishing', 'I-Distinguishing', 'I-Distinguishing', 'I-Distinguishing', 'I-Distinguishing', 'I-Distinguishing', 'I-Distinguishing', 'I-Distinguishing', 'I-Distinguishing', 'I-Distinguishing', 'I-Distinguishing', 'I-Distinguishing', 'I-Distinguishing', 'I-Distinguishing', 'I-Distinguishing', 'I-Distinguishing', 'I-Distinguishing', 'I-Distinguishing', 'I-Distinguishing', 'I-Distinguishing', 'I-Distinguishing', 'I-Distinguishing', 'I-Distinguishing', 'I-Distinguishing', 'I-Distinguishing', 'I-Distinguishing', 'I-Distinguishing', 'I-Distinguishing', 'I-Distinguishing', 'I-Distinguishing', 'I-Distinguishing', 'I-Distinguishing', 'I-Distinguishing', 'I-Distinguishing', 'B-Subsumtion', 'I-Subsumtion', 'I-Subsumtion', 'I-Subsumtion', 'I-Subsumtion', 'I-Subsumtion', 'I-Subsumtion', 'I-Subsumtion', 'I-Subsumtion', 'I-Subsumtion', 'I-Subsumtion', 'I-Subsumtion', 'I-Subsumtion', 'I-Subsumtion', 'I-Subsumtion', 'I-Subsumtion', 'I-Subsumtion', 'I-Subsumtion', 'I-Subsumtion', 'I-Subsumtion', 'I-Subsumtion', 'I-Subsumtion', 'I-Subsumtion', 'I-Subsumtion', 'I-Subsumtion', 'I-Subsumtion', 'I-Subsumtion', 'I-Subsumtion', 'I-Subsumtion', 'I-Subsumtion', 'I-Subsumtion', 'I-Subsumtion', 'I-Subsumtion', 'I-Subsumtion', 'I-Subsumtion', 'I-Subsumtion', 'I-Subsumtion', 'I-Subsumtion', 'I-Subsumtion', 'I-Subsumtion', 'I-Subsumtion', 'I-Subsumtion', 'I-Subsumtion', 'I-Subsumtion', 'I-Subsumtion', 'I-Subsumtion', 'I-Subsumtion', 'I-Subsumtion', 'I-Subsumtion', 'I-Subsumtion', 'I-Subsumtion', 'I-Subsumtion', 'I-Subsumtion', 'I-Subsumtion', 'I-Subsumtion', 'I-Subsumtion', 'I-Subsumtion', 'I-Subsumtion', 'I-Subsumtion', 'I-Subsumtion', 'I-Subsumtion', 'I-Subsumtion', 'I-Subsumtion', 'I-Subsumtion', 'I-Subsumtion', 'I-Subsumtion', 'I-Subsumtion', 'I-Subsumtion', 'I-Subsumtion', 'I-Subsumtion', 'I-Subsumtion', 'I-Subsumtion', 'I-Subsumtion', 'I-Subsumtion', 'I-Subsumtion', 'I-Subsumtion', 'I-Subsumtion', 'I-Subsumtion', 'I-Subsumtion', 'I-Subsumtion', 'I-Subsumtion', 'I-Subsumtion', 'I-Subsumtion', 'I-Subsumtion', 'I-Subsumtion', 'I-Subsumtion', 'I-Subsumtion', 'I-Subsumtion', 'I-Subsumtion', 'I-Subsumtion']
['§', '90', ',', '16', 'February', '2010', ')', '.', 'Therefore', ',', 'bearing', 'in', 'mind', 'that', 'the', 'criminal', 'courts', 'excluded', 'any', 'type', 'of', 'intention', 'or', 'negligence', 'on', 'behalf', 'of', 'the', 'police', 'officers', 'and', 'decided', 'that', 'they', 'had', 'acted', 'within', 'their', 'duties', 'as', 'provided', 'for', 'by', 'law', 'and', 'that', 'these', 'judgments', 'are', 'binding', 'on', 'the', 'civil', 'courts', ',', 'the', 'Court', 'considers', 'that', 'it', 'is', 'highly', 'unlikely', 'that', 'an', 'action', 'for', 'compensation', 'under', 'the', 'Civil', 'Code', 'would', 'have', 'had', 'any', 'prospects', 'of', 'success', 'in', 'the', 'current', 'case', '.', 'In', 'addition', ',', 'the', 'Court', 'notes', 'that', 'the', 'Government', 'did', 'not', 'submit', 'any', 'examples', 'of', 'relevant', 'domestic', 'case', '-', 'law', 'in', 'support', 'of', 'their', 'allegations', '.']	['I-Subsumtion', 'I-Subsumtion', 'I-Subsumtion', 'I-Subsumtion', 'I-Subsumtion', 'I-Subsumtion', 'I-Subsumtion', 'I-Subsumtion', 'I-Subsumtion', 'I-Subsumtion', 'I-Subsumtion', 'I-Subsumtion', 'I-Subsumtion', 'I-Subsumtion', 'I-Subsumtion', 'I-Subsumtion', 'I-Subsumtion', 'I-Subsumtion', 'I-Subsumtion', 'I-Subsumtion', 'I-Subsumtion', 'I-Subsumtion', 'I-Subsumtion', 'I-Subsumtion', 'I-Subsumtion', 'I-Subsumtion', 'I-Subsumtion', 'I-Subsumtion', 'I-Subsumtion', 'I-Subsumtion', 'I-Subsumtion', 'I-Subsumtion', 'I-Subsumtion', 'I-Subsumtion', 'I-Subsumtion', 'I-Subsumtion', 'I-Subsumtion', 'I-Subsumtion', 'I-Subsumtion', 'I-Subsumtion', 'I-Subsumtion', 'I-Subsumtion', 'I-Subsumtion', 'I-Subsumtion', 'I-Subsumtion', 'I-Subsumtion', 'I-Subsumtion', 'I-Subsumtion', 'I-Subsumtion', 'I-Subsumtion', 'I-Subsumtion', 'I-Subsumtion', 'I-Subsumtion', 'I-Subsumtion', 'I-Subsumtion', 'I-Subsumtion', 'I-Subsumtion', 'I-Subsumtion', 'I-Subsumtion', 'I-Subsumtion', 'I-Subsumtion', 'I-Subsumtion', 'I-Subsumtion', 'I-Subsumtion', 'I-Subsumtion', 'I-Subsumtion', 'I-Subsumtion', 'I-Subsumtion', 'I-Subsumtion', 'I-Subsumtion', 'I-Subsumtion', 'I-Subsumtion', 'I-Subsumtion', 'I-Subsumtion', 'I-Subsumtion', 'I-Subsumtion', 'I-Subsumtion', 'I-Subsumtion', 'I-Subsumtion', 'I-Subsumtion', 'I-Subsumtion', 'I-Subsumtion', 'I-Subsumtion', 'I-Subsumtion', 'I-Subsumtion', 'I-Subsumtion', 'I-Subsumtion', 'I-Subsumtion', 'I-Subsumtion', 'I-Subsumtion', 'I-Subsumtion', 'I-Subsumtion', 'I-Subsumtion', 'I-Subsumtion', 'I-Subsumtion', 'I-Subsumtion', 'I-Subsumtion', 'I-Subsumtion', 'I-Subsumtion', 'I-Subsumtion', 'I-Subsumtion', 'I-Subsumtion', 'I-Subsumtion', 'I-Subsumtion', 'I-Subsumtion', 'I-Subsumtion', 'I-Subsumtion', 'I-Subsumtion', 'I-Subsumtion', 'I-Subsumtion']
['27', '.', 'In', 'view', 'of', 'the', 'above', ',', 'the', 'Court', 'considers', 'that', 'the', 'Government', 'have', 'failed', 'to', 'show', ',', 'with', 'reference', 'to', 'demonstrably', 'established', 'consistent']	['O', 'O', 'B-Subsumtion', 'I-Subsumtion', 'I-Subsumtion', 'I-Subsumtion', 'I-Subsumtion', 'I-Subsumtion', 'I-Subsumtion', 'I-Subsumtion', 'I-Subsumtion', 'I-Subsumtion', 'I-Subsumtion', 'I-Subsumtion', 'I-Subsumtion', 'I-Subsumtion', 'I-Subsumtion', 'I-Subsumtion', 'I-Subsumtion', 'I-Subsumtion', 'I-Subsumtion', 'I-Subsumtion', 'I-Subsumtion', 'I-Subsumtion', 'I-Subsumtion']
['case', '-', 'law', 'in', 'cases', 'similar', 'to', 'the', 'applicant', '’s', ',', 'that', 'a', 'request', 'for', 'civil', 'damages', 'based', 'on', 'the', 'provisions', 'of', 'Articles', '998', '-', '999', 'of', 'the', 'Civil', 'Code', ',', 'at', 'the', 'material', 'time', ',', 'offered', 'at', 'least', 'some', 'prospects', 'of', 'success', ',', 'not', 'only', 'in', 'theory', 'but', 'also', 'in', 'practice', '.', 'The', 'Government', '’s', 'objection', 'as', 'to', 'the', 'exhaustion', 'of', 'domestic', 'remedies', 'must', 'therefore', 'be', 'rejected', '.']	['I-Subsumtion', 'I-Subsumtion', 'I-Subsumtion', 'I-Subsumtion', 'I-Subsumtion', 'I-Subsumtion', 'I-Subsumtion', 'I-Subsumtion', 'I-Subsumtion', 'I-Subsumtion', 'I-Subsumtion', 'I-Subsumtion', 'I-Subsumtion', 'I-Subsumtion', 'I-Subsumtion', 'I-Subsumtion', 'I-Subsumtion', 'I-Subsumtion', 'I-Subsumtion', 'I-Subsumtion', 'I-Subsumtion', 'I-Subsumtion', 'I-Subsumtion', 'I-Subsumtion', 'I-Subsumtion', 'I-Subsumtion', 'I-Subsumtion', 'I-Subsumtion', 'I-Subsumtion', 'I-Subsumtion', 'I-Subsumtion', 'I-Subsumtion', 'I-Subsumtion', 'I-Subsumtion', 'I-Subsumtion', 'I-Subsumtion', 'I-Subsumtion', 'I-Subsumtion', 'I-Subsumtion', 'I-Subsumtion', 'I-Subsumtion', 'I-Subsumtion', 'I-Subsumtion', 'I-Subsumtion', 'I-Subsumtion', 'I-Subsumtion', 'I-Subsumtion', 'I-Subsumtion', 'I-Subsumtion', 'I-Subsumtion', 'I-Subsumtion', 'I-Subsumtion', 'I-Subsumtion', 'I-Subsumtion', 'I-Subsumtion', 'I-Subsumtion', 'I-Subsumtion', 'I-Subsumtion', 'I-Subsumtion', 'I-Subsumtion', 'I-Subsumtion', 'I-Subsumtion', 'I-Subsumtion', 'I-Subsumtion', 'I-Subsumtion', 'I-Subsumtion', 'I-Subsumtion', 'I-Subsumtion', 'I-Subsumtion']
['28', '.', 'The', 'Court', 'notes', 'that', 'the', 'application', 'is', 'not', 'manifestly', 'ill', '-', 'founded', 'within', 'the', 'meaning', 'of', 'Article', '35', '§', '3', '(', 'a', ')', 'of', 'the', 'Convention', '.', 'It', 'further', 'notes', 'that', 'it', 'is', 'not', 'inadmissible', 'on', 'any', 'other', 'grounds', '.', 'It', 'must', 'therefore', 'be', 'declared', 'admissible', '.']	['O', 'O', 'B-Subsumtion', 'I-Subsumtion', 'I-Subsumtion', 'I-Subsumtion', 'I-Subsumtion', 'I-Subsumtion', 'I-Subsumtion', 'I-Subsumtion', 'I-Subsumtion', 'I-Subsumtion', 'I-Subsumtion', 'I-Subsumtion', 'I-Subsumtion', 'I-Subsumtion', 'I-Subsumtion', 'I-Subsumtion', 'I-Subsumtion', 'I-Subsumtion', 'I-Subsumtion', 'I-Subsumtion', 'I-Subsumtion', 'I-Subsumtion', 'I-Subsumtion', 'I-Subsumtion', 'I-Subsumtion', 'I-Subsumtion', 'I-Subsumtion', 'I-Subsumtion', 'I-Subsumtion', 'I-Subsumtion', 'I-Subsumtion', 'I-Subsumtion', 'I-Subsumtion', 'I-Subsumtion', 'I-Subsumtion', 'I-Subsumtion', 'I-Subsumtion', 'I-Subsumtion', 'I-Subsumtion', 'I-Subsumtion', 'B-Entscheidung des EGMR', 'I-Entscheidung des EGMR', 'I-Entscheidung des EGMR', 'I-Entscheidung des EGMR', 'I-Entscheidung des EGMR', 'I-Entscheidung des EGMR', 'I-Entscheidung des EGMR']
['B.', 'Merits']	['O', 'O']
['29', '.', 'The', 'applicant', 'alleged', 'that', 'two', 'police', 'officers', 'had', 'carried', 'out', 'an', 'unlawful', 'search', 'at', 'his', 'home', ',', 'in', 'his', 'absence', ',', 'without', 'his', 'consent', 'and', 'without', 'having', 'prior', 'authorisation', 'from', 'the', 'prosecutor', '.', 'He', 'further', 'submitted', 'that', 'the', 'investigation', 'and', 'trial', 'carried', 'out', 'subsequently', 'had', 'not', 'provided', 'him', 'with', 'any', 'redress', 'for', 'the', 'violation', 'of', 'his', 'right', 'to', 'respect', 'for', 'his', 'home', '.']	['O', 'O', 'B-Subsumtion', 'I-Subsumtion', 'I-Subsumtion', 'I-Subsumtion', 'I-Subsumtion', 'I-Subsumtion', 'I-Subsumtion', 'I-Subsumtion', 'I-Subsumtion', 'I-Subsumtion', 'I-Subsumtion', 'I-Subsumtion', 'I-Subsumtion', 'I-Subsumtion', 'I-Subsumtion', 'I-Subsumtion', 'I-Subsumtion', 'I-Subsumtion', 'I-Subsumtion', 'I-Subsumtion', 'I-Subsumtion', 'I-Subsumtion', 'I-Subsumtion', 'I-Subsumtion', 'I-Subsumtion', 'I-Subsumtion', 'I-Subsumtion', 'I-Subsumtion', 'I-Subsumtion', 'I-Subsumtion', 'I-Subsumtion', 'I-Subsumtion', 'I-Subsumtion', 'I-Subsumtion', 'I-Subsumtion', 'I-Subsumtion', 'I-Subsumtion', 'I-Subsumtion', 'I-Subsumtion', 'I-Subsumtion', 'I-Subsumtion', 'I-Subsumtion', 'I-Subsumtion', 'I-Subsumtion', 'I-Subsumtion', 'I-Subsumtion', 'I-Subsumtion', 'I-Subsumtion', 'I-Subsumtion', 'I-Subsumtion', 'I-Subsumtion', 'I-Subsumtion', 'I-Subsumtion', 'I-Subsumtion', 'I-Subsumtion', 'I-Subsumtion', 'I-Subsumtion', 'I-Subsumtion', 'I-Subsumtion', 'I-Subsumtion', 'I-Subsumtion', 'I-Subsumtion', 'I-Subsumtion']
['30', '.', 'The', 'Government', 'admitted', 'that', 'the', 'search', 'carried', 'out', 'at', 'the', 'applicant', '’s', 'home', 'constituted', 'an', 'interference', 'with', 'his', 'right', 'to', 'respect', 'for', 'his', 'home', '.', 'However', ',', 'the', 'interference', 'was', 'in', 'accordance', 'with', 'the', 'law', 'within', 'the', 'meaning', 'of', 'Article', '8', '§', '2', 'of', 'the', 'Convention', ',', 'it', 'was', 'proportionate', 'to', 'the', 'legitimate', 'aim', 'of', 'preventing', 'crime', 'and', 'was', 'accompanied', 'by', 'the', 'appropriate', 'procedural', 'safeguards', '.']	['O', 'O', 'B-Subsumtion', 'I-Subsumtion', 'I-Subsumtion', 'I-Subsumtion', 'I-Subsumtion', 'I-Subsumtion', 'I-Subsumtion', 'I-Subsumtion', 'I-Subsumtion', 'I-Subsumtion', 'I-Subsumtion', 'I-Subsumtion', 'I-Subsumtion', 'I-Subsumtion', 'I-Subsumtion', 'I-Subsumtion', 'I-Subsumtion', 'I-Subsumtion', 'I-Subsumtion', 'I-Subsumtion', 'I-Subsumtion', 'I-Subsumtion', 'I-Subsumtion', 'I-Subsumtion', 'I-Subsumtion', 'B-Verhältnismäßigkeitsprüfung – Angemessenheit', 'I-Verhältnismäßigkeitsprüfung – Angemessenheit', 'I-Verhältnismäßigkeitsprüfung – Angemessenheit', 'I-Verhältnismäßigkeitsprüfung – Angemessenheit', 'I-Verhältnismäßigkeitsprüfung – Angemessenheit', 'I-Verhältnismäßigkeitsprüfung – Angemessenheit', 'I-Verhältnismäßigkeitsprüfung – Angemessenheit', 'I-Verhältnismäßigkeitsprüfung – Angemessenheit', 'I-Verhältnismäßigkeitsprüfung – Angemessenheit', 'I-Verhältnismäßigkeitsprüfung – Angemessenheit', 'I-Verhältnismäßigkeitsprüfung – Angemessenheit', 'I-Verhältnismäßigkeitsprüfung – Angemessenheit', 'I-Verhältnismäßigkeitsprüfung – Angemessenheit', 'I-Verhältnismäßigkeitsprüfung – Angemessenheit', 'I-Verhältnismäßigkeitsprüfung – Angemessenheit', 'I-Verhältnismäßigkeitsprüfung – Angemessenheit', 'I-Verhältnismäßigkeitsprüfung – Angemessenheit', 'I-Verhältnismäßigkeitsprüfung – Angemessenheit', 'I-Verhältnismäßigkeitsprüfung – Angemessenheit', 'I-Verhältnismäßigkeitsprüfung – Angemessenheit', 'I-Verhältnismäßigkeitsprüfung – Angemessenheit', 'I-Verhältnismäßigkeitsprüfung – Angemessenheit', 'I-Verhältnismäßigkeitsprüfung – Angemessenheit', 'I-Verhältnismäßigkeitsprüfung – Angemessenheit', 'I-Verhältnismäßigkeitsprüfung – Angemessenheit', 'I-Verhältnismäßigkeitsprüfung – Angemessenheit', 'I-Verhältnismäßigkeitsprüfung – Angemessenheit', 'I-Verhältnismäßigkeitsprüfung – Angemessenheit', 'I-Verhältnismäßigkeitsprüfung – Angemessenheit', 'I-Verhältnismäßigkeitsprüfung – Angemessenheit', 'I-Verhältnismäßigkeitsprüfung – Angemessenheit', 'I-Verhältnismäßigkeitsprüfung – Angemessenheit', 'I-Verhältnismäßigkeitsprüfung – Angemessenheit', 'I-Verhältnismäßigkeitsprüfung – Angemessenheit', 'I-Verhältnismäßigkeitsprüfung – Angemessenheit', 'I-Verhältnismäßigkeitsprüfung – Angemessenheit', 'I-Verhältnismäßigkeitsprüfung – Angemessenheit', 'I-Verhältnismäßigkeitsprüfung – Angemessenheit', 'I-Verhältnismäßigkeitsprüfung – Angemessenheit', 'I-Verhältnismäßigkeitsprüfung – Angemessenheit', 'I-Verhältnismäßigkeitsprüfung – Angemessenheit']
['31', '.', 'The', 'Court', 'notes', 'that', 'it', 'was', 'not', 'disputed', 'that', 'the', 'police', 'entering', 'the', 'applicant', '’s', 'home', 'on', '10', 'May', '2003', 'constituted', 'an', 'interference', 'with', 'his', 'right', 'to', 'respect', 'for', 'his', 'home', '.', 'The', 'Court', 'sees', 'no', 'reason', 'to', 'hold', 'otherwise', '(', 'see', 'Varga', 'v.', 'Romania', ',', 'no', '.', '73957/01', ',', '§', '67', ',', '1', 'April', '2008', ')', '.', 'Accordingly', ',', 'it', 'has', 'to', 'be', 'determined', 'whether', 'the', 'interference', 'was', 'justified', 'under', 'paragraph', '2', 'of', 'Article', '8', ',', 'in', 'other', 'words', 'whether', 'it', 'was', '“', 'in', 'accordance', 'with', 'the', 'law', '”', ',', 'pursued', 'one', 'or', 'more', 'of', 'the', 'legitimate', 'aims', 'set', 'out', 'in', 'that', 'paragraph', ',', 'and', 'was', '“', 'necessary', 'in', 'a', 'democratic', 'society', '”', 'to', 'achieve', 'the', 'aim', 'or', 'aims', 'in', 'question', '.']	['O', 'O', 'B-Konsens der prozessualen Parteien', 'I-Konsens der prozessualen Parteien', 'I-Konsens der prozessualen Parteien', 'I-Konsens der prozessualen Parteien', 'I-Konsens der prozessualen Parteien', 'I-Konsens der prozessualen Parteien', 'I-Konsens der prozessualen Parteien', 'I-Konsens der prozessualen Parteien', 'I-Konsens der prozessualen Parteien', 'I-Konsens der prozessualen Parteien', 'I-Konsens der prozessualen Parteien', 'I-Konsens der prozessualen Parteien', 'I-Konsens der prozessualen Parteien', 'I-Konsens der prozessualen Parteien', 'I-Konsens der prozessualen Parteien', 'I-Konsens der prozessualen Parteien', 'I-Konsens der prozessualen Parteien', 'I-Konsens der prozessualen Parteien', 'I-Konsens der prozessualen Parteien', 'I-Konsens der prozessualen Parteien', 'I-Konsens der prozessualen Parteien', 'I-Konsens der prozessualen Parteien', 'I-Konsens der prozessualen Parteien', 'I-Konsens der prozessualen Parteien', 'I-Konsens der prozessualen Parteien', 'I-Konsens der prozessualen Parteien', 'I-Konsens der prozessualen Parteien', 'I-Konsens der prozessualen Parteien', 'I-Konsens der prozessualen Parteien', 'I-Konsens der prozessualen Parteien', 'I-Konsens der prozessualen Parteien', 'I-Konsens der prozessualen Parteien', 'B-Subsumtion', 'I-Subsumtion', 'I-Subsumtion', 'I-Subsumtion', 'I-Subsumtion', 'I-Subsumtion', 'I-Subsumtion', 'I-Subsumtion', 'I-Subsumtion', 'I-Subsumtion', 'I-Subsumtion', 'I-Subsumtion', 'I-Subsumtion', 'I-Subsumtion', 'I-Subsumtion', 'I-Subsumtion', 'I-Subsumtion', 'I-Subsumtion', 'I-Subsumtion', 'I-Subsumtion', 'I-Subsumtion', 'I-Subsumtion', 'I-Subsumtion', 'I-Subsumtion', 'I-Subsumtion', 'I-Subsumtion', 'I-Subsumtion', 'I-Subsumtion', 'I-Subsumtion', 'I-Subsumtion', 'I-Subsumtion', 'I-Subsumtion', 'I-Subsumtion', 'I-Subsumtion', 'I-Subsumtion', 'I-Subsumtion', 'I-Subsumtion', 'I-Subsumtion', 'I-Subsumtion', 'I-Subsumtion', 'I-Subsumtion', 'I-Subsumtion', 'I-Subsumtion', 'I-Subsumtion', 'I-Subsumtion', 'I-Subsumtion', 'I-Subsumtion', 'I-Subsumtion', 'I-Subsumtion', 'I-Subsumtion', 'I-Subsumtion', 'I-Subsumtion', 'I-Subsumtion', 'I-Subsumtion', 'I-Subsumtion', 'I-Subsumtion', 'I-Subsumtion', 'I-Subsumtion', 'I-Subsumtion', 'I-Subsumtion', 'I-Subsumtion', 'I-Subsumtion', 'I-Subsumtion', 'I-Subsumtion', 'I-Subsumtion', 'I-Subsumtion', 'I-Subsumtion', 'I-Subsumtion', 'I-Subsumtion', 'I-Subsumtion', 'I-Subsumtion', 'I-Subsumtion', 'I-Subsumtion', 'I-Subsumtion', 'I-Subsumtion', 'I-Subsumtion', 'I-Subsumtion', 'I-Subsumtion', 'I-Subsumtion', 'I-Subsumtion', 'I-Subsumtion', 'I-Subsumtion', 'I-Subsumtion', 'I-Subsumtion', 'I-Subsumtion', 'I-Subsumtion', 'I-Subsumtion', 'I-Subsumtion', 'I-Subsumtion', 'I-Subsumtion', 'I-Subsumtion']
['32', '.', 'The', 'Court', 'reiterates', 'that', 'the', 'expression', '“', 'in', 'accordance', 'with', 'the', 'law', '”', ',', 'within', 'the', 'meaning', 'of', 'Article', '8', '§', '2', ',', 'requires', 'firstly', 'that', 'the', 'impugned', 'measures', 'should', 'have', 'a', 'basis', 'in', 'domestic', 'law', '.', 'It', 'also', 'refers', 'to', 'the', 'quality', 'of', 'the', 'law', 'in', 'question', ',', 'requiring', 'that', 'it', 'be', 'accessible', 'to', 'the', 'persons', 'concerned', 'and', 'formulated', 'with', 'sufficient', 'precision', 'to', 'enable', 'them', '–', 'if', 'need', 'be', ',', 'with', 'appropriate', 'advice', '–', 'to', 'foresee', ',', 'to', 'a', 'degree', 'that', 'is', 'reasonable', 'in', 'the', 'circumstances', ',', 'the', 'consequences', 'which', 'a', 'given', 'action', 'may', 'entail', '(', 'see', 'Rotaru', 'v.', 'Romania', '[', 'GC', ']', ',', 'no', '.', '28341/95', ',', '§', '52', ',', 'ECHR', '2000‑V', ')', '.']	['O', 'O', 'B-Vorherige Rechtsprechung des EGMR', 'I-Vorherige Rechtsprechung des EGMR', 'I-Vorherige Rechtsprechung des EGMR', 'I-Vorherige Rechtsprechung des EGMR', 'I-Vorherige Rechtsprechung des EGMR', 'I-Vorherige Rechtsprechung des EGMR', 'I-Vorherige Rechtsprechung des EGMR', 'I-Vorherige Rechtsprechung des EGMR', 'I-Vorherige Rechtsprechung des EGMR', 'I-Vorherige Rechtsprechung des EGMR', 'I-Vorherige Rechtsprechung des EGMR', 'I-Vorherige Rechtsprechung des EGMR', 'I-Vorherige Rechtsprechung des EGMR', 'I-Vorherige Rechtsprechung des EGMR', 'I-Vorherige Rechtsprechung des EGMR', 'I-Vorherige Rechtsprechung des EGMR', 'I-Vorherige Rechtsprechung des EGMR', 'I-Vorherige Rechtsprechung des EGMR', 'I-Vorherige Rechtsprechung des EGMR', 'I-Vorherige Rechtsprechung des EGMR', 'I-Vorherige Rechtsprechung des EGMR', 'I-Vorherige Rechtsprechung des EGMR', 'I-Vorherige Rechtsprechung des EGMR', 'I-Vorherige Rechtsprechung des EGMR', 'I-Vorherige Rechtsprechung des EGMR', 'I-Vorherige Rechtsprechung des EGMR', 'I-Vorherige Rechtsprechung des EGMR', 'I-Vorherige Rechtsprechung des EGMR', 'I-Vorherige Rechtsprechung des EGMR', 'I-Vorherige Rechtsprechung des EGMR', 'I-Vorherige Rechtsprechung des EGMR', 'I-Vorherige Rechtsprechung des EGMR', 'I-Vorherige Rechtsprechung des EGMR', 'I-Vorherige Rechtsprechung des EGMR', 'I-Vorherige Rechtsprechung des EGMR', 'I-Vorherige Rechtsprechung des EGMR', 'I-Vorherige Rechtsprechung des EGMR', 'I-Vorherige Rechtsprechung des EGMR', 'I-Vorherige Rechtsprechung des EGMR', 'I-Vorherige Rechtsprechung des EGMR', 'I-Vorherige Rechtsprechung des EGMR', 'I-Vorherige Rechtsprechung des EGMR', 'I-Vorherige Rechtsprechung des EGMR', 'I-Vorherige Rechtsprechung des EGMR', 'I-Vorherige Rechtsprechung des EGMR', 'I-Vorherige Rechtsprechung des EGMR', 'I-Vorherige Rechtsprechung des EGMR', 'I-Vorherige Rechtsprechung des EGMR', 'I-Vorherige Rechtsprechung des EGMR', 'I-Vorherige Rechtsprechung des EGMR', 'I-Vorherige Rechtsprechung des EGMR', 'I-Vorherige Rechtsprechung des EGMR', 'I-Vorherige Rechtsprechung des EGMR', 'I-Vorherige Rechtsprechung des EGMR', 'I-Vorherige Rechtsprechung des EGMR', 'I-Vorherige Rechtsprechung des EGMR', 'I-Vorherige Rechtsprechung des EGMR', 'I-Vorherige Rechtsprechung des EGMR', 'I-Vorherige Rechtsprechung des EGMR', 'I-Vorherige Rechtsprechung des EGMR', 'I-Vorherige Rechtsprechung des EGMR', 'I-Vorherige Rechtsprechung des EGMR', 'I-Vorherige Rechtsprechung des EGMR', 'I-Vorherige Rechtsprechung des EGMR', 'I-Vorherige Rechtsprechung des EGMR', 'I-Vorherige Rechtsprechung des EGMR', 'I-Vorherige Rechtsprechung des EGMR', 'I-Vorherige Rechtsprechung des EGMR', 'I-Vorherige Rechtsprechung des EGMR', 'I-Vorherige Rechtsprechung des EGMR', 'I-Vorherige Rechtsprechung des EGMR', 'I-Vorherige Rechtsprechung des EGMR', 'I-Vorherige Rechtsprechung des EGMR', 'I-Vorherige Rechtsprechung des EGMR', 'I-Vorherige Rechtsprechung des EGMR', 'I-Vorherige Rechtsprechung des EGMR', 'I-Vorherige Rechtsprechung des EGMR', 'I-Vorherige Rechtsprechung des EGMR', 'I-Vorherige Rechtsprechung des EGMR', 'I-Vorherige Rechtsprechung des EGMR', 'I-Vorherige Rechtsprechung des EGMR', 'I-Vorherige Rechtsprechung des EGMR', 'I-Vorherige Rechtsprechung des EGMR', 'I-Vorherige Rechtsprechung des EGMR', 'I-Vorherige Rechtsprechung des EGMR', 'I-Vorherige Rechtsprechung des EGMR', 'I-Vorherige Rechtsprechung des EGMR', 'I-Vorherige Rechtsprechung des EGMR', 'I-Vorherige Rechtsprechung des EGMR', 'I-Vorherige Rechtsprechung des EGMR', 'I-Vorherige Rechtsprechung des EGMR', 'I-Vorherige Rechtsprechung des EGMR', 'I-Vorherige Rechtsprechung des EGMR', 'I-Vorherige Rechtsprechung des EGMR', 'I-Vorherige Rechtsprechung des EGMR', 'I-Vorherige Rechtsprechung des EGMR', 'I-Vorherige Rechtsprechung des EGMR', 'I-Vorherige Rechtsprechung des EGMR', 'I-Vorherige Rechtsprechung des EGMR', 'I-Vorherige Rechtsprechung des EGMR', 'I-Vorherige Rechtsprechung des EGMR', 'I-Vorherige Rechtsprechung des EGMR', 'I-Vorherige Rechtsprechung des EGMR', 'I-Vorherige Rechtsprechung des EGMR', 'I-Vorherige Rechtsprechung des EGMR', 'I-Vorherige Rechtsprechung des EGMR', 'I-Vorherige Rechtsprechung des EGMR', 'I-Vorherige Rechtsprechung des EGMR', 'I-Vorherige Rechtsprechung des EGMR', 'I-Vorherige Rechtsprechung des EGMR', 'I-Vorherige Rechtsprechung des EGMR', 'I-Vorherige Rechtsprechung des EGMR', 'I-Vorherige Rechtsprechung des EGMR', 'I-Vorherige Rechtsprechung des EGMR', 'I-Vorherige Rechtsprechung des EGMR', 'I-Vorherige Rechtsprechung des EGMR']
['33', '.', 'In', 'respect', 'of', 'the', 'domestic', 'law', 'on', 'which', 'the', 'interference', 'was', 'based', 'in', 'the', 'current', 'case', ',', 'the', 'Court', 'notes', 'that', 'the', 'domestic', 'authorities', 'retained', 'as', 'a', 'legal', 'basis', 'articles', '41', '-', '43', 'of', 'the', 'Law', 'no', '.', '360/2002', 'on', 'the', 'Status', 'of', 'Police', 'Officers', 'and', ',', 'in', 'general', 'terms', ',', 'the', 'Law', 'no', '.', '218/2002', 'on', 'the', 'Organisation', 'of', 'the', 'Romanian', 'Police', '.']	['O', 'O', 'B-Subsumtion', 'I-Subsumtion', 'I-Subsumtion', 'I-Subsumtion', 'I-Subsumtion', 'I-Subsumtion', 'I-Subsumtion', 'I-Subsumtion', 'I-Subsumtion', 'I-Subsumtion', 'I-Subsumtion', 'I-Subsumtion', 'I-Subsumtion', 'I-Subsumtion', 'I-Subsumtion', 'I-Subsumtion', 'I-Subsumtion', 'I-Subsumtion', 'I-Subsumtion', 'I-Subsumtion', 'I-Subsumtion', 'I-Subsumtion', 'I-Subsumtion', 'I-Subsumtion', 'I-Subsumtion', 'I-Subsumtion', 'I-Subsumtion', 'I-Subsumtion', 'I-Subsumtion', 'I-Subsumtion', 'I-Subsumtion', 'I-Subsumtion', 'I-Subsumtion', 'I-Subsumtion', 'I-Subsumtion', 'I-Subsumtion', 'I-Subsumtion', 'I-Subsumtion', 'I-Subsumtion', 'I-Subsumtion', 'I-Subsumtion', 'I-Subsumtion', 'I-Subsumtion', 'I-Subsumtion', 'I-Subsumtion', 'I-Subsumtion', 'I-Subsumtion', 'I-Subsumtion', 'I-Subsumtion', 'I-Subsumtion', 'I-Subsumtion', 'I-Subsumtion', 'I-Subsumtion', 'I-Subsumtion', 'I-Subsumtion', 'I-Subsumtion', 'I-Subsumtion', 'I-Subsumtion', 'I-Subsumtion', 'I-Subsumtion', 'I-Subsumtion', 'I-Subsumtion', 'I-Subsumtion', 'I-Subsumtion']
['34', '.', 'The', 'Court', 'observes', 'that', 'articles', '41', '-', '43', 'of', 'Law', 'no', '.', '360/2002', ',', 'quoted', 'by', 'the', 'Târgu', 'Mureş', 'Court', 'of', 'Appeal', ',', 'are', 'general', 'rules', 'concerning', 'the', 'rights', 'and', 'duties', 'of', 'police', 'officers', 'and', 'contain', 'no', 'specific', 'and', 'clear', 'provisions', 'regarding', 'home', 'searches', '(', 'see', 'paragraph', '17', 'above', ')', '.', 'With', 'respect', 'to', 'Law']	['O', 'O', 'B-Subsumtion', 'I-Subsumtion', 'I-Subsumtion', 'I-Subsumtion', 'I-Subsumtion', 'I-Subsumtion', 'I-Subsumtion', 'I-Subsumtion', 'I-Subsumtion', 'I-Subsumtion', 'I-Subsumtion', 'I-Subsumtion', 'I-Subsumtion', 'I-Subsumtion', 'I-Subsumtion', 'I-Subsumtion', 'I-Subsumtion', 'I-Subsumtion', 'I-Subsumtion', 'I-Subsumtion', 'I-Subsumtion', 'I-Subsumtion', 'I-Subsumtion', 'I-Subsumtion', 'I-Subsumtion', 'I-Subsumtion', 'I-Subsumtion', 'I-Subsumtion', 'I-Subsumtion', 'I-Subsumtion', 'I-Subsumtion', 'I-Subsumtion', 'I-Subsumtion', 'I-Subsumtion', 'I-Subsumtion', 'I-Subsumtion', 'I-Subsumtion', 'I-Subsumtion', 'I-Subsumtion', 'I-Subsumtion', 'I-Subsumtion', 'I-Subsumtion', 'I-Subsumtion', 'I-Subsumtion', 'I-Subsumtion', 'I-Subsumtion', 'I-Subsumtion', 'I-Subsumtion', 'I-Subsumtion', 'I-Subsumtion', 'I-Subsumtion', 'I-Subsumtion', 'I-Subsumtion', 'I-Subsumtion', 'I-Subsumtion']
['no', '.', '218/2002', ',', 'cited', 'in', 'general', 'terms', 'by', 'the', 'High', 'Court', 'of', 'Cassation', 'and', 'Justice', ',', 'the', 'Court', 'notes', 'that', ',', 'while', 'vesting', 'wide', 'powers', 'in', 'State', 'agents', 'to', 'carry', 'out', 'searches', 'in', 'situations', 'of', 'flagrant', 'crimes', ',', 'pursuit', 'of', 'criminals', 'or', 'anti', '-', 'terrorist', 'operations', ',', 'that', 'Law', 'does', 'not', 'define', 'with', 'sufficient', 'clarity', 'the', 'scope', 'of', 'those', 'powers', 'and', 'the', 'manner', 'of', 'their', 'exercise', ',', 'so', 'as', 'to', 'afford', 'an', 'individual', 'adequate', 'protection', 'against', 'arbitrariness', '(', 'see', 'paragraph']	['I-Subsumtion', 'I-Subsumtion', 'I-Subsumtion', 'I-Subsumtion', 'I-Subsumtion', 'I-Subsumtion', 'I-Subsumtion', 'I-Subsumtion', 'I-Subsumtion', 'I-Subsumtion', 'I-Subsumtion', 'I-Subsumtion', 'I-Subsumtion', 'I-Subsumtion', 'I-Subsumtion', 'I-Subsumtion', 'I-Subsumtion', 'I-Subsumtion', 'I-Subsumtion', 'I-Subsumtion', 'I-Subsumtion', 'I-Subsumtion', 'I-Subsumtion', 'I-Subsumtion', 'I-Subsumtion', 'I-Subsumtion', 'I-Subsumtion', 'I-Subsumtion', 'I-Subsumtion', 'I-Subsumtion', 'I-Subsumtion', 'I-Subsumtion', 'I-Subsumtion', 'I-Subsumtion', 'I-Subsumtion', 'I-Subsumtion', 'I-Subsumtion', 'I-Subsumtion', 'I-Subsumtion', 'I-Subsumtion', 'I-Subsumtion', 'I-Subsumtion', 'I-Subsumtion', 'I-Subsumtion', 'I-Subsumtion', 'I-Subsumtion', 'I-Subsumtion', 'I-Subsumtion', 'I-Subsumtion', 'I-Subsumtion', 'I-Subsumtion', 'I-Subsumtion', 'I-Subsumtion', 'I-Subsumtion', 'I-Subsumtion', 'I-Subsumtion', 'I-Subsumtion', 'I-Subsumtion', 'I-Subsumtion', 'I-Subsumtion', 'I-Subsumtion', 'I-Subsumtion', 'I-Subsumtion', 'I-Subsumtion', 'I-Subsumtion', 'I-Subsumtion', 'I-Subsumtion', 'I-Subsumtion', 'I-Subsumtion', 'I-Subsumtion', 'I-Subsumtion', 'I-Subsumtion', 'I-Subsumtion', 'I-Subsumtion', 'I-Subsumtion', 'I-Subsumtion', 'I-Subsumtion', 'I-Subsumtion', 'I-Subsumtion', 'I-Subsumtion', 'I-Subsumtion']
['18', 'above', ')', '.', 'Reference', 'to', 'that', 'Law', 'in', 'general', 'terms', 'can', 'not', 'replace', 'an', 'individual', 'authorisation', 'of', 'a', 'search', ',', 'delimiting', 'its', 'object', 'and', 'scope', 'and', 'drawn', 'up', 'in', 'accordance', 'with', 'the', 'relevant', 'legal', 'provisions', 'either', 'beforehand', 'or', 'afterwards', '(', 'see', ',', 'mutatis', 'mutandis', ',', 'Imakayeva', 'v.', 'Russia', ',', 'no', '.', '7615/02', ',']	['I-Subsumtion', 'I-Subsumtion', 'I-Subsumtion', 'I-Subsumtion', 'I-Subsumtion', 'I-Subsumtion', 'I-Subsumtion', 'I-Subsumtion', 'I-Subsumtion', 'I-Subsumtion', 'I-Subsumtion', 'I-Subsumtion', 'I-Subsumtion', 'I-Subsumtion', 'I-Subsumtion', 'I-Subsumtion', 'I-Subsumtion', 'I-Subsumtion', 'I-Subsumtion', 'I-Subsumtion', 'I-Subsumtion', 'I-Subsumtion', 'I-Subsumtion', 'I-Subsumtion', 'I-Subsumtion', 'I-Subsumtion', 'I-Subsumtion', 'I-Subsumtion', 'I-Subsumtion', 'I-Subsumtion', 'I-Subsumtion', 'I-Subsumtion', 'I-Subsumtion', 'I-Subsumtion', 'I-Subsumtion', 'I-Subsumtion', 'I-Subsumtion', 'I-Subsumtion', 'I-Subsumtion', 'I-Subsumtion', 'I-Subsumtion', 'I-Subsumtion', 'I-Subsumtion', 'I-Subsumtion', 'I-Subsumtion', 'I-Subsumtion', 'I-Subsumtion', 'I-Subsumtion', 'I-Subsumtion', 'I-Subsumtion', 'I-Subsumtion', 'I-Subsumtion', 'I-Subsumtion', 'I-Subsumtion']
['§', '§', '188', '-', '189', ',', 'ECHR', '2006‑XIII', '(', 'extracts', ')', ',', 'and', 'Esmukhambetov', 'and', 'Others']	['I-Subsumtion', 'I-Subsumtion', 'I-Subsumtion', 'I-Subsumtion', 'I-Subsumtion', 'I-Subsumtion', 'I-Subsumtion', 'I-Subsumtion', 'I-Subsumtion', 'I-Subsumtion', 'I-Subsumtion', 'I-Subsumtion', 'I-Subsumtion', 'I-Subsumtion', 'I-Subsumtion', 'I-Subsumtion']
['v.', 'Russia', ',', 'no', '.', '23445/03', ',', '§', '176', ',', '29', 'March', '2011', ')', '.']	['I-Subsumtion', 'I-Subsumtion', 'I-Subsumtion', 'I-Subsumtion', 'I-Subsumtion', 'I-Subsumtion', 'I-Subsumtion', 'I-Subsumtion', 'I-Subsumtion', 'I-Subsumtion', 'I-Subsumtion', 'I-Subsumtion', 'I-Subsumtion', 'I-Subsumtion', 'I-Subsumtion']
['35', '.', 'The', 'Court', 'considers', 'that', 'the', 'provisions', 'cited', 'as', 'a', 'legal', 'basis', 'for', 'the', 'search', 'of', 'the', 'applicant', '’s', 'home', 'were', 'formulated', 'in', 'vague', 'and', 'general', 'terms', 'and', 'can', 'not', 'serve', 'as', 'a', 'sufficient', 'legal', 'basis', 'for', 'the', 'interference', 'in', 'the', 'present', 'case', '.', 'They', 'therefore', 'did', 'not', 'offer', 'adequate', 'and', 'effective', 'safeguards', 'against', 'abuse', '.']	['O', 'O', 'B-Subsumtion', 'I-Subsumtion', 'I-Subsumtion', 'I-Subsumtion', 'I-Subsumtion', 'I-Subsumtion', 'I-Subsumtion', 'I-Subsumtion', 'I-Subsumtion', 'I-Subsumtion', 'I-Subsumtion', 'I-Subsumtion', 'I-Subsumtion', 'I-Subsumtion', 'I-Subsumtion', 'I-Subsumtion', 'I-Subsumtion', 'I-Subsumtion', 'I-Subsumtion', 'I-Subsumtion', 'I-Subsumtion', 'I-Subsumtion', 'I-Subsumtion', 'I-Subsumtion', 'I-Subsumtion', 'I-Subsumtion', 'I-Subsumtion', 'I-Subsumtion', 'I-Subsumtion', 'I-Subsumtion', 'I-Subsumtion', 'I-Subsumtion', 'I-Subsumtion', 'I-Subsumtion', 'I-Subsumtion', 'I-Subsumtion', 'I-Subsumtion', 'I-Subsumtion', 'I-Subsumtion', 'I-Subsumtion', 'I-Subsumtion', 'I-Subsumtion', 'I-Subsumtion', 'I-Subsumtion', 'I-Subsumtion', 'I-Subsumtion', 'I-Subsumtion', 'I-Subsumtion', 'I-Subsumtion', 'I-Subsumtion', 'I-Subsumtion', 'I-Subsumtion', 'I-Subsumtion', 'I-Subsumtion', 'I-Subsumtion']
['36', '.', 'It', 'also', 'notes', 'in', 'this', 'respect', 'that', 'the', 'Government', 'did', 'not', 'submit', 'any', 'document', 'specifically', 'authorising', 'the', 'two', 'officers', 'to', 'carry', 'out', 'the', 'search', '.', 'It', 'appears', 'that', 'no', 'such', 'warrant', 'was', 'drawn', 'up', ',', 'the', 'officers', 'having', 'acted', 'directly', 'within', 'their', 'wide', 'powers', 'under', 'the', 'above', '-', 'mentioned', 'legal', 'provisions', '.']	['O', 'O', 'B-Subsumtion', 'I-Subsumtion', 'I-Subsumtion', 'I-Subsumtion', 'I-Subsumtion', 'I-Subsumtion', 'I-Subsumtion', 'I-Subsumtion', 'I-Subsumtion', 'I-Subsumtion', 'I-Subsumtion', 'I-Subsumtion', 'I-Subsumtion', 'I-Subsumtion', 'I-Subsumtion', 'I-Subsumtion', 'I-Subsumtion', 'I-Subsumtion', 'I-Subsumtion', 'I-Subsumtion', 'I-Subsumtion', 'I-Subsumtion', 'I-Subsumtion', 'I-Subsumtion', 'I-Subsumtion', 'I-Subsumtion', 'I-Subsumtion', 'I-Subsumtion', 'I-Subsumtion', 'I-Subsumtion', 'I-Subsumtion', 'I-Subsumtion', 'I-Subsumtion', 'I-Subsumtion', 'I-Subsumtion', 'I-Subsumtion', 'I-Subsumtion', 'I-Subsumtion', 'I-Subsumtion', 'I-Subsumtion', 'I-Subsumtion', 'I-Subsumtion', 'I-Subsumtion', 'I-Subsumtion', 'I-Subsumtion', 'I-Subsumtion', 'I-Subsumtion', 'I-Subsumtion', 'I-Subsumtion', 'I-Subsumtion', 'I-Subsumtion', 'I-Subsumtion']
['37', '.', 'The', 'Court', 'thus', 'concludes', ',', 'in', 'view', 'of', 'the', 'above', '-', 'mentioned', 'considerations', 'and', 'in', 'the', 'absence', 'of', 'a', 'decision', 'adapted', 'to', 'the', 'applicant', '’s', 'case', 'which', 'would', 'clearly', 'indicate', 'the', 'purpose', 'and', 'scope', 'of', 'the', 'search', ',', 'and', 'which', 'could', 'have', 'been', 'appealed', 'against', 'in', 'a', 'court', ',', 'that', 'the', 'interference', 'with', 'the', 'applicant', '’s', 'rights', 'was', 'not', '“', 'lawful', '”', '.', 'It', 'is', 'thus', 'not', 'necessary', 'to', 'examine', 'whether', 'the', 'interference', 'pursued', 'a', 'legitimate', 'aim', 'and', 'was', 'proportionate', '.']	['O', 'O', 'B-Verhältnismäßigkeitsprüfung – Rechtsgrundlage', 'I-Verhältnismäßigkeitsprüfung – Rechtsgrundlage', 'I-Verhältnismäßigkeitsprüfung – Rechtsgrundlage', 'I-Verhältnismäßigkeitsprüfung – Rechtsgrundlage', 'I-Verhältnismäßigkeitsprüfung – Rechtsgrundlage', 'I-Verhältnismäßigkeitsprüfung – Rechtsgrundlage', 'I-Verhältnismäßigkeitsprüfung – Rechtsgrundlage', 'I-Verhältnismäßigkeitsprüfung – Rechtsgrundlage', 'I-Verhältnismäßigkeitsprüfung – Rechtsgrundlage', 'I-Verhältnismäßigkeitsprüfung – Rechtsgrundlage', 'I-Verhältnismäßigkeitsprüfung – Rechtsgrundlage', 'I-Verhältnismäßigkeitsprüfung – Rechtsgrundlage', 'I-Verhältnismäßigkeitsprüfung – Rechtsgrundlage', 'I-Verhältnismäßigkeitsprüfung – Rechtsgrundlage', 'I-Verhältnismäßigkeitsprüfung – Rechtsgrundlage', 'I-Verhältnismäßigkeitsprüfung – Rechtsgrundlage', 'I-Verhältnismäßigkeitsprüfung – Rechtsgrundlage', 'I-Verhältnismäßigkeitsprüfung – Rechtsgrundlage', 'I-Verhältnismäßigkeitsprüfung – Rechtsgrundlage', 'I-Verhältnismäßigkeitsprüfung – Rechtsgrundlage', 'I-Verhältnismäßigkeitsprüfung – Rechtsgrundlage', 'I-Verhältnismäßigkeitsprüfung – Rechtsgrundlage', 'I-Verhältnismäßigkeitsprüfung – Rechtsgrundlage', 'I-Verhältnismäßigkeitsprüfung – Rechtsgrundlage', 'I-Verhältnismäßigkeitsprüfung – Rechtsgrundlage', 'I-Verhältnismäßigkeitsprüfung – Rechtsgrundlage', 'I-Verhältnismäßigkeitsprüfung – Rechtsgrundlage', 'I-Verhältnismäßigkeitsprüfung – Rechtsgrundlage', 'I-Verhältnismäßigkeitsprüfung – Rechtsgrundlage', 'I-Verhältnismäßigkeitsprüfung – Rechtsgrundlage', 'I-Verhältnismäßigkeitsprüfung – Rechtsgrundlage', 'I-Verhältnismäßigkeitsprüfung – Rechtsgrundlage', 'I-Verhältnismäßigkeitsprüfung – Rechtsgrundlage', 'I-Verhältnismäßigkeitsprüfung – Rechtsgrundlage', 'I-Verhältnismäßigkeitsprüfung – Rechtsgrundlage', 'I-Verhältnismäßigkeitsprüfung – Rechtsgrundlage', 'I-Verhältnismäßigkeitsprüfung – Rechtsgrundlage', 'I-Verhältnismäßigkeitsprüfung – Rechtsgrundlage', 'I-Verhältnismäßigkeitsprüfung – Rechtsgrundlage', 'I-Verhältnismäßigkeitsprüfung – Rechtsgrundlage', 'I-Verhältnismäßigkeitsprüfung – Rechtsgrundlage', 'I-Verhältnismäßigkeitsprüfung – Rechtsgrundlage', 'I-Verhältnismäßigkeitsprüfung – Rechtsgrundlage', 'I-Verhältnismäßigkeitsprüfung – Rechtsgrundlage', 'I-Verhältnismäßigkeitsprüfung – Rechtsgrundlage', 'I-Verhältnismäßigkeitsprüfung – Rechtsgrundlage', 'I-Verhältnismäßigkeitsprüfung – Rechtsgrundlage', 'I-Verhältnismäßigkeitsprüfung – Rechtsgrundlage', 'I-Verhältnismäßigkeitsprüfung – Rechtsgrundlage', 'I-Verhältnismäßigkeitsprüfung – Rechtsgrundlage', 'I-Verhältnismäßigkeitsprüfung – Rechtsgrundlage', 'I-Verhältnismäßigkeitsprüfung – Rechtsgrundlage', 'I-Verhältnismäßigkeitsprüfung – Rechtsgrundlage', 'I-Verhältnismäßigkeitsprüfung – Rechtsgrundlage', 'I-Verhältnismäßigkeitsprüfung – Rechtsgrundlage', 'I-Verhältnismäßigkeitsprüfung – Rechtsgrundlage', 'I-Verhältnismäßigkeitsprüfung – Rechtsgrundlage', 'I-Verhältnismäßigkeitsprüfung – Rechtsgrundlage', 'I-Verhältnismäßigkeitsprüfung – Rechtsgrundlage', 'I-Verhältnismäßigkeitsprüfung – Rechtsgrundlage', 'I-Verhältnismäßigkeitsprüfung – Rechtsgrundlage', 'I-Verhältnismäßigkeitsprüfung – Rechtsgrundlage', 'I-Verhältnismäßigkeitsprüfung – Rechtsgrundlage', 'B-Subsumtion', 'I-Subsumtion', 'I-Subsumtion', 'I-Subsumtion', 'I-Subsumtion', 'I-Subsumtion', 'I-Subsumtion', 'I-Subsumtion', 'I-Subsumtion', 'I-Subsumtion', 'I-Subsumtion', 'I-Subsumtion', 'I-Subsumtion', 'I-Subsumtion', 'I-Subsumtion', 'I-Subsumtion', 'I-Subsumtion', 'I-Subsumtion']
['38', '.', 'Accordingly', ',', 'there', 'has', 'been', 'a', 'violation', 'of', 'Article', '8', 'of', 'the', 'Convention', 'on', 'account', 'of', 'the', 'search', 'of', 'the', 'applicant', '’s', 'home', 'on', '10', 'May', '2003', '.']	['O', 'O', 'B-Entscheidung des EGMR', 'I-Entscheidung des EGMR', 'I-Entscheidung des EGMR', 'I-Entscheidung des EGMR', 'I-Entscheidung des EGMR', 'I-Entscheidung des EGMR', 'I-Entscheidung des EGMR', 'I-Entscheidung des EGMR', 'I-Entscheidung des EGMR', 'I-Entscheidung des EGMR', 'I-Entscheidung des EGMR', 'I-Entscheidung des EGMR', 'I-Entscheidung des EGMR', 'I-Entscheidung des EGMR', 'I-Entscheidung des EGMR', 'I-Entscheidung des EGMR', 'I-Entscheidung des EGMR', 'I-Entscheidung des EGMR', 'I-Entscheidung des EGMR', 'I-Entscheidung des EGMR', 'I-Entscheidung des EGMR', 'I-Entscheidung des EGMR', 'I-Entscheidung des EGMR', 'I-Entscheidung des EGMR', 'I-Entscheidung des EGMR', 'I-Entscheidung des EGMR', 'I-Entscheidung des EGMR', 'I-Entscheidung des EGMR']
['II', '.', 'APPLICATION', 'OF', 'ARTICLE', '41', 'OF', 'THE', 'CONVENTION']	['O', 'O', 'O', 'O', 'O', 'O', 'O', 'O', 'O']
['39', '.', 'Article', '41', 'of', 'the', 'Convention', 'provides', ':']	['O', 'O', 'O', 'O', 'O', 'O', 'O', 'O', 'O']
['“', 'If', 'the', 'Court', 'finds', 'that', 'there', 'has', 'been', 'a', 'violation', 'of', 'the', 'Convention', 'or', 'the', 'Protocols', 'thereto', ',', 'and', 'if', 'the', 'internal', 'law', 'of', 'the', 'High', 'Contracting', 'Party', 'concerned', 'allows', 'only', 'partial', 'reparation', 'to', 'be', 'made', ',', 'the', 'Court', 'shall', ',', 'if', 'necessary', ',', 'afford', 'just', 'satisfaction', 'to', 'the', 'injured', 'party', '.', '”']	['O', 'O', 'O', 'O', 'O', 'O', 'O', 'O', 'O', 'O', 'O', 'O', 'O', 'O', 'O', 'O', 'O', 'O', 'O', 'O', 'O', 'O', 'O', 'O', 'O', 'O', 'O', 'O', 'O', 'O', 'O', 'O', 'O', 'O', 'O', 'O', 'O', 'O', 'O', 'O', 'O', 'O', 'O', 'O', 'O', 'O', 'O', 'O', 'O', 'O', 'O', 'O', 'O', 'O']
['A.', 'Damage']	['O', 'O']
['40', '.', 'The', 'applicant', 'claimed', '100,000', 'euros', '(', 'EUR', ')', 'in', 'respect', 'of']	['O', 'O', 'O', 'O', 'O', 'O', 'O', 'O', 'O', 'O', 'O', 'O', 'O']
['non', '-', 'pecuniary', 'damage', '.']	['O', 'O', 'O', 'O', 'O']
['41', '.', 'The', 'Government', 'submitted', 'that', 'there', 'was', 'no', 'link', 'between', 'the', 'alleged', 'violation', 'and', 'the', 'non', '-', 'pecuniary', 'damage', 'requested', '.', 'They', 'contended', 'that', 'the', 'amount', 'claimed', 'was', 'excessive', 'and', 'that', 'a', 'finding', 'of', 'a', 'violation', 'would', 'constitute', 'sufficient', 'just', 'satisfaction', 'for', 'the', 'applicant', 'in', 'the', 'current', 'case', '.']	['O', 'O', 'O', 'O', 'O', 'O', 'O', 'O', 'O', 'O', 'O', 'O', 'O', 'O', 'O', 'O', 'O', 'O', 'O', 'O', 'O', 'O', 'O', 'O', 'O', 'O', 'O', 'O', 'O', 'O', 'O', 'O', 'O', 'O', 'O', 'O', 'O', 'O', 'O', 'O', 'O', 'O', 'O', 'O', 'O', 'O', 'O', 'O', 'O', 'O']
['42', '.', 'The', 'Court', 'accepts', 'that', 'the', 'breach', 'of', 'the', 'applicant', '’s', 'right', 'to', 'respect', 'for', 'his', 'home', 'must', 'have', 'caused', 'him', 'distress', '.', 'Making', 'its', 'assessment', 'on', 'an', 'equitable', 'basis', ',', 'the', 'Court', 'awards', 'the', 'applicant', 'EUR', '4,500', 'in', 'compensation', 'for', 'non', '-', 'pecuniary', 'damage', '.']	['O', 'O', 'O', 'O', 'O', 'O', 'O', 'O', 'O', 'O', 'O', 'O', 'O', 'O', 'O', 'O', 'O', 'O', 'O', 'O', 'O', 'O', 'O', 'O', 'O', 'O', 'O', 'O', 'O', 'O', 'O', 'O', 'O', 'O', 'O', 'O', 'O', 'O', 'O', 'O', 'O', 'O', 'O', 'O', 'O', 'O', 'O']
['B.', 'Costs', 'and', 'expenses']	['O', 'O', 'O', 'O']
['43', '.', 'The', 'applicant', 'also', 'claimed', 'the', 'reimbursement', 'of', 'costs', 'and', 'expenses', 'incurred', 'before', 'the', 'domestic', 'courts', 'as', 'well', 'as', 'those', 'incurred', 'before', 'the', 'Court', ',', 'without', 'specifying', 'the', 'amount', 'and', 'without', 'providing', 'any', 'supporting', 'documents', '.']	['O', 'O', 'O', 'O', 'O', 'O', 'O', 'O', 'O', 'O', 'O', 'O', 'O', 'O', 'O', 'O', 'O', 'O', 'O', 'O', 'O', 'O', 'O', 'O', 'O', 'O', 'O', 'O', 'O', 'O', 'O', 'O', 'O', 'O', 'O', 'O', 'O']
['44', '.', 'The', 'Government', 'requested', 'that', 'the', 'Court', 'reject', 'the', 'applicant', '’s', 'request', 'for', 'costs', 'and', 'expenses', 'as', 'being', 'unsubstantiated', '.']	['O', 'O', 'O', 'O', 'O', 'O', 'O', 'O', 'O', 'O', 'O', 'O', 'O', 'O', 'O', 'O', 'O', 'O', 'O', 'O', 'O']
['45', '.', 'According', 'to', 'the', 'Court', '’s', 'case', '-', 'law', ',', 'an', 'applicant', 'is', 'entitled', 'to', 'the', 'reimbursement', 'of', 'costs', 'and', 'expenses', 'only', 'in', 'so', 'far', 'as', 'it', 'has', 'been', 'shown', 'that', 'these', 'have', 'been', 'actually', 'and', 'necessarily', 'incurred', 'and', 'are', 'reasonable', 'as', 'to', 'quantum', '.', 'In', 'the', 'present', 'case', ',', 'regard', 'being', 'had', 'to', 'the', 'applicant', '’s', 'failure', 'to', 'provide', 'any', 'supporting', 'documents', 'and', 'to', 'the', 'above', 'criteria', ',', 'the', 'Court', 'rejects', 'the', 'claim', 'for', 'costs', 'and', 'expenses', '(', 'see', 'Alkaya', 'v.', 'Turkey', ',', 'no', '.', '42811/06', ',', '§', '48', ',', '9', 'October', '2012', ')', '.']	['O', 'O', 'O', 'O', 'O', 'O', 'O', 'O', 'O', 'O', 'O', 'O', 'O', 'O', 'O', 'O', 'O', 'O', 'O', 'O', 'O', 'O', 'O', 'O', 'O', 'O', 'O', 'O', 'O', 'O', 'O', 'O', 'O', 'O', 'O', 'O', 'O', 'O', 'O', 'O', 'O', 'O', 'O', 'O', 'O', 'O', 'O', 'O', 'O', 'O', 'O', 'O', 'O', 'O', 'O', 'O', 'O', 'O', 'O', 'O', 'O', 'O', 'O', 'O', 'O', 'O', 'O', 'O', 'O', 'O', 'O', 'O', 'O', 'O', 'O', 'O', 'O', 'O', 'O', 'O', 'O', 'O', 'O', 'O', 'O', 'O', 'O', 'O', 'O', 'O', 'O', 'O', 'O', 'O', 'O', 'O', 'O']
['C.', 'Default', 'interest']	['O', 'O', 'O']
['46', '.', 'The', 'Court', 'considers', 'it', 'appropriate', 'that', 'the', 'default', 'interest', 'rate', 'should', 'be', 'based', 'on', 'the', 'marginal', 'lending', 'rate', 'of', 'the', 'European', 'Central', 'Bank', ',', 'to', 'which', 'should', 'be', 'added', 'three', 'percentage', 'points', '.']	['O', 'O', 'O', 'O', 'O', 'O', 'O', 'O', 'O', 'O', 'O', 'O', 'O', 'O', 'O', 'O', 'O', 'O', 'O', 'O', 'O', 'O', 'O', 'O', 'O', 'O', 'O', 'O', 'O', 'O', 'O', 'O', 'O', 'O', 'O']
['FOR', 'THESE', 'REASONS', ',', 'THE', 'COURT', ',', 'UNANIMOUSLY', ',']	['O', 'O', 'O', 'O', 'O', 'O', 'O', 'O', 'O']
['1', '.', 'Declares', 'the', 'application', 'admissible', ';']	['O', 'O', 'O', 'O', 'O', 'O', 'O']
['2', '.', 'Holds', 'that', 'there', 'has', 'been', 'a', 'violation', 'of', 'Article', '8', 'of', 'the', 'Convention', ';']	['O', 'O', 'O', 'O', 'O', 'O', 'O', 'O', 'O', 'O', 'O', 'O', 'O', 'O', 'O', 'O']
['3', '.', 'Holds']	['O', 'O', 'O']
['(', 'a', ')', 'that', 'the', 'respondent', 'State', 'is', 'to', 'pay', 'the', 'applicant', ',', 'within', 'three', 'months', 'from', 'the', 'date', 'on', 'which', 'the', 'judgment', 'becomes', 'final', 'in', 'accordance', 'with', 'Article', '44', '§', '2', 'of', 'the', 'Convention', ',', 'EUR', '4,500', 'EUR', '(', 'four', 'thousand', 'five', 'hundred', 'euros', ')', ',', 'plus', 'any', 'tax', 'that', 'may', 'be', 'chargeable', ',', 'to', 'be', 'converted', 'into', 'the', 'currency', 'of', 'the', 'respondent', 'State', 'at', 'the', 'rate', 'applicable', 'at', 'the', 'date', 'of', 'settlement', ',', 'in', 'respect', 'of', 'non', '-', 'pecuniary', 'damage', ';']	['O', 'O', 'O', 'O', 'O', 'O', 'O', 'O', 'O', 'O', 'O', 'O', 'O', 'O', 'O', 'O', 'O', 'O', 'O', 'O', 'O', 'O', 'O', 'O', 'O', 'O', 'O', 'O', 'O', 'O', 'O', 'O', 'O', 'O', 'O', 'O', 'O', 'O', 'O', 'O', 'O', 'O', 'O', 'O', 'O', 'O', 'O', 'O', 'O', 'O', 'O', 'O', 'O', 'O', 'O', 'O', 'O', 'O', 'O', 'O', 'O', 'O', 'O', 'O', 'O', 'O', 'O', 'O', 'O', 'O', 'O', 'O', 'O', 'O', 'O', 'O', 'O', 'O', 'O', 'O', 'O', 'O', 'O']
['(', 'b', ')', 'that', 'from', 'the', 'expiry', 'of', 'the', 'above', '-', 'mentioned', 'three', 'months', 'until', 'settlement', 'simple', 'interest', 'shall', 'be', 'payable', 'on', 'the', 'above', 'amount', 'at', 'a', 'rate', 'equal', 'to', 'the', 'marginal', 'lending', 'rate', 'of', 'the', 'European', 'Central', 'Bank', 'during', 'the', 'default', 'period', 'plus', 'three', 'percentage', 'points', ';']	['O', 'O', 'O', 'O', 'O', 'O', 'O', 'O', 'O', 'O', 'O', 'O', 'O', 'O', 'O', 'O', 'O', 'O', 'O', 'O', 'O', 'O', 'O', 'O', 'O', 'O', 'O', 'O', 'O', 'O', 'O', 'O', 'O', 'O', 'O', 'O', 'O', 'O', 'O', 'O', 'O', 'O', 'O', 'O', 'O', 'O', 'O', 'O']
['4', '.', 'Dismisses', 'the', 'remainder', 'of', 'the', 'applicant', '’s', 'claim', 'for', 'just', 'satisfaction', '.']	['O', 'O', 'O', 'O', 'O', 'O', 'O', 'O', 'O', 'O', 'O', 'O', 'O', 'O']
['Done', 'in', 'English', ',', 'and', 'notified', 'in', 'writing', 'on', '25', 'February', '2014', ',', 'pursuant', 'to', 'Rule', '77', '§', '§', '2', 'and', '3', 'of', 'the', 'Rules', 'of', 'Court', '.']	['O', 'O', 'O', 'O', 'O', 'O', 'O', 'O', 'O', 'O', 'O', 'O', 'O', 'O', 'O', 'O', 'O', 'O', 'O', 'O', 'O', 'O', 'O', 'O', 'O', 'O', 'O', 'O']
['Santiago', 'Quesada']	['O', 'O']
['Josep', 'Casadevall']	['O', 'O']
['Registrar']	['O']
['President']	['O']
