tokens	labels
['I.', 'ALLEGED', 'VIOLATION', 'OF', 'ARTICLE', '6', '§', '1', 'OF', 'THE', 'CONVENTION']	['O', 'O', 'O', 'O', 'O', 'O', 'O', 'O', 'O', 'O', 'O']
['47', '.', 'The', 'applicant', 'complained', 'that', 'the', 'proceedings', 'instituted', 'by', 'her', 'on', '4', 'October', '1995', 'before', 'the', 'Zagreb', 'Municipal', 'Court', 'for', 'eviction', 'of', 'S.Ž.', 'from', 'her', 'flat', 'and', 'terminated', 'on', '21', 'March', '2003', 'when', 'she', 're', '-', 'gained', 'the', 'possession', 'of', 'the', 'flat', 'lasted', 'unreasonably', 'long', 'contrary', 'to', 'Article', '6', '§', '1', 'of', 'the', 'Convention', ',', 'the', 'relevant', 'parts', 'of', 'which', 'read', 'as', 'follows', ':']	['O', 'O', 'B-Subsumtion', 'I-Subsumtion', 'I-Subsumtion', 'I-Subsumtion', 'I-Subsumtion', 'I-Subsumtion', 'I-Subsumtion', 'I-Subsumtion', 'I-Subsumtion', 'I-Subsumtion', 'I-Subsumtion', 'I-Subsumtion', 'I-Subsumtion', 'I-Subsumtion', 'I-Subsumtion', 'I-Subsumtion', 'I-Subsumtion', 'I-Subsumtion', 'I-Subsumtion', 'I-Subsumtion', 'I-Subsumtion', 'I-Subsumtion', 'I-Subsumtion', 'I-Subsumtion', 'I-Subsumtion', 'I-Subsumtion', 'I-Subsumtion', 'I-Subsumtion', 'I-Subsumtion', 'I-Subsumtion', 'I-Subsumtion', 'I-Subsumtion', 'I-Subsumtion', 'I-Subsumtion', 'I-Subsumtion', 'I-Subsumtion', 'I-Subsumtion', 'I-Subsumtion', 'I-Subsumtion', 'I-Subsumtion', 'I-Subsumtion', 'I-Subsumtion', 'I-Subsumtion', 'I-Subsumtion', 'I-Subsumtion', 'I-Subsumtion', 'I-Subsumtion', 'I-Subsumtion', 'I-Subsumtion', 'I-Subsumtion', 'I-Subsumtion', 'I-Subsumtion', 'I-Subsumtion', 'I-Subsumtion', 'I-Subsumtion', 'I-Subsumtion', 'I-Subsumtion', 'I-Subsumtion', 'I-Subsumtion', 'I-Subsumtion', 'I-Subsumtion', 'I-Subsumtion', 'I-Subsumtion']
['“', 'In', 'the', 'determination', 'of', 'his', 'civil', 'rights', 'and', 'obligations', '...', ',', 'everyone', 'is', 'entitled', 'to', 'a', '...', 'hearing', 'within', 'a', 'reasonable', 'time', 'by', '[', 'a', ']', '...', 'tribunal', '...', '”']	['O', 'O', 'O', 'O', 'O', 'O', 'O', 'O', 'O', 'O', 'O', 'O', 'O', 'O', 'O', 'O', 'O', 'O', 'O', 'O', 'O', 'O', 'O', 'O', 'O', 'O', 'O', 'O', 'O', 'O', 'O']
['A.', 'Period', 'to', 'be', 'taken', 'into', 'consideration']	['O', 'O', 'O', 'O', 'O', 'O', 'O']
"['48', '.', 'The', 'Court', 'notes', 'that', 'the', 'proceedings', 'started', 'on', '4', 'October', '1995', 'when', 'the', 'applicant', 'filed', 'an', 'action', 'with', 'the', 'Zagreb', 'Municipal', 'Court', 'seeking', 'eviction', 'of', 'S.Ž.', 'from', 'her', 'flat', '.', 'However', ',', 'the', 'period', 'which', 'falls', 'within', 'the', 'Court', ""'s"", 'jurisdiction', 'did', 'not', 'begin', 'on', 'that', 'date', ',', 'but', 'on', '6', 'November', '1997', ',', 'after', 'the', 'Convention', 'entered', 'into', 'force', 'in', 'respect', 'of', 'Croatia', '(', 'see', 'Horvat', 'v.', 'Croatia', ',', 'no', '.', '51585/99', ',', '§', '50', ',', 'ECHR', '-', '2001', '-', 'VIII', ')', '.', 'The', 'proceedings', 'were', 'concluded', 'on', '21', 'March', '2003', 'when', 'the', 'applicant', 'regained', 'possession', 'of', 'the', 'flat', '.', 'In', 'this', 'respect', 'the', 'Court', 'reiterates', 'that', 'execution', 'of', 'a', 'final', 'decision', 'given', 'by', 'any', 'court', 'must', 'be', 'regarded', 'as', 'an', 'integral', 'part', 'of', 'the', '“', 'trial', '”', 'for', 'the', 'purposes', 'of', 'Article', '6', '(', 'see', 'Hornsby', 'v.', 'Greece', ',', 'judgment', 'of', '19', 'March', '1997', ',', 'Reports', 'of', 'Judgments', 'and', 'Decisions', '1997', '-', 'II', ',', 'p.', '511', ',', '§', '40', ')', '.', 'They', 'therefore', 'lasted', 'seven', 'years', ',', 'five', 'months', 'and', 'seventeen', 'days', 'of', 'which', 'a', 'period', 'of', 'five', 'years', ',', 'four', 'months', 'and', 'fifteen', 'days', 'falls', 'to', 'be', 'examined', 'by', 'the', 'Court', '.']"	['O', 'O', 'B-Subsumtion', 'I-Subsumtion', 'I-Subsumtion', 'I-Subsumtion', 'I-Subsumtion', 'I-Subsumtion', 'I-Subsumtion', 'I-Subsumtion', 'I-Subsumtion', 'I-Subsumtion', 'I-Subsumtion', 'I-Subsumtion', 'I-Subsumtion', 'I-Subsumtion', 'I-Subsumtion', 'I-Subsumtion', 'I-Subsumtion', 'I-Subsumtion', 'I-Subsumtion', 'I-Subsumtion', 'I-Subsumtion', 'I-Subsumtion', 'I-Subsumtion', 'I-Subsumtion', 'I-Subsumtion', 'I-Subsumtion', 'I-Subsumtion', 'I-Subsumtion', 'I-Subsumtion', 'I-Subsumtion', 'I-Subsumtion', 'I-Subsumtion', 'I-Subsumtion', 'I-Subsumtion', 'I-Subsumtion', 'I-Subsumtion', 'I-Subsumtion', 'I-Subsumtion', 'I-Subsumtion', 'I-Subsumtion', 'I-Subsumtion', 'I-Subsumtion', 'I-Subsumtion', 'I-Subsumtion', 'I-Subsumtion', 'I-Subsumtion', 'I-Subsumtion', 'I-Subsumtion', 'I-Subsumtion', 'I-Subsumtion', 'I-Subsumtion', 'I-Subsumtion', 'I-Subsumtion', 'I-Subsumtion', 'I-Subsumtion', 'I-Subsumtion', 'I-Subsumtion', 'I-Subsumtion', 'I-Subsumtion', 'I-Subsumtion', 'I-Subsumtion', 'I-Subsumtion', 'I-Subsumtion', 'I-Subsumtion', 'I-Subsumtion', 'I-Subsumtion', 'I-Subsumtion', 'I-Subsumtion', 'I-Subsumtion', 'I-Subsumtion', 'I-Subsumtion', 'I-Subsumtion', 'I-Subsumtion', 'I-Subsumtion', 'I-Subsumtion', 'I-Subsumtion', 'I-Subsumtion', 'I-Subsumtion', 'I-Subsumtion', 'I-Subsumtion', 'I-Subsumtion', 'I-Subsumtion', 'I-Subsumtion', 'I-Subsumtion', 'I-Subsumtion', 'I-Subsumtion', 'I-Subsumtion', 'I-Subsumtion', 'I-Subsumtion', 'I-Subsumtion', 'I-Subsumtion', 'I-Subsumtion', 'I-Subsumtion', 'I-Subsumtion', 'I-Subsumtion', 'I-Subsumtion', 'I-Subsumtion', 'I-Subsumtion', 'I-Subsumtion', 'I-Subsumtion', 'I-Subsumtion', 'I-Subsumtion', 'I-Subsumtion', 'I-Subsumtion', 'I-Subsumtion', 'I-Subsumtion', 'I-Subsumtion', 'I-Subsumtion', 'I-Subsumtion', 'I-Subsumtion', 'I-Subsumtion', 'I-Subsumtion', 'I-Subsumtion', 'I-Subsumtion', 'I-Subsumtion', 'I-Subsumtion', 'I-Subsumtion', 'I-Subsumtion', 'I-Subsumtion', 'I-Subsumtion', 'I-Subsumtion', 'I-Subsumtion', 'I-Subsumtion', 'I-Subsumtion', 'I-Subsumtion', 'I-Subsumtion', 'I-Subsumtion', 'I-Subsumtion', 'I-Subsumtion', 'I-Subsumtion', 'I-Subsumtion', 'I-Subsumtion', 'I-Subsumtion', 'I-Subsumtion', 'I-Subsumtion', 'I-Subsumtion', 'I-Subsumtion', 'I-Subsumtion', 'I-Subsumtion', 'I-Subsumtion', 'I-Subsumtion', 'I-Subsumtion', 'I-Subsumtion', 'I-Subsumtion', 'I-Subsumtion', 'I-Subsumtion', 'I-Subsumtion', 'I-Subsumtion', 'I-Subsumtion', 'I-Subsumtion', 'I-Subsumtion', 'I-Subsumtion', 'I-Subsumtion', 'I-Subsumtion', 'I-Subsumtion', 'I-Subsumtion', 'I-Subsumtion', 'I-Subsumtion', 'I-Subsumtion', 'I-Subsumtion', 'I-Subsumtion', 'I-Subsumtion', 'I-Subsumtion', 'I-Subsumtion', 'I-Subsumtion', 'I-Subsumtion', 'I-Subsumtion', 'I-Subsumtion', 'I-Subsumtion', 'I-Subsumtion', 'I-Subsumtion', 'I-Subsumtion', 'I-Subsumtion', 'I-Subsumtion', 'I-Subsumtion', 'I-Subsumtion', 'I-Subsumtion', 'I-Subsumtion', 'I-Subsumtion', 'I-Subsumtion', 'I-Subsumtion', 'I-Subsumtion', 'I-Subsumtion', 'I-Subsumtion', 'I-Subsumtion', 'I-Subsumtion', 'I-Subsumtion', 'I-Subsumtion', 'I-Subsumtion', 'I-Subsumtion', 'I-Subsumtion', 'I-Subsumtion', 'I-Subsumtion', 'I-Subsumtion', 'I-Subsumtion']
['49', '.', 'The', 'Court', 'reiterates', 'that', 'in', 'order', 'to', 'determine', 'the', 'reasonableness', 'of', 'the', 'length', 'of', 'time', 'in', 'question', ',', 'regard', 'must', 'be', 'had', 'to', 'the', 'state', 'of', 'the', 'case', 'on', '5', 'November', '1997', '(', 'see', ',', 'among', 'other', 'authorities', ',', 'Styranowski', 'v.', 'Poland', ',', 'no', '.', '28616/95', ',', '§', '46', ',', 'ECHR', '1998', '-', 'VIII', ')', '.', 'In', 'this', 'connection', 'the', 'Court', 'notes', 'that', 'at', 'the', 'time', 'of', 'the', 'entry', 'into', 'force', 'of', 'the', 'Convention', 'in', 'respect', 'of', 'Croatia', 'the', 'proceedings', 'had', 'lasted', 'two', 'years', ',', 'one', 'month', 'and', 'two', 'days', '.']	['O', 'O', 'B-Vorherige Rechtsprechung des EGMR', 'I-Vorherige Rechtsprechung des EGMR', 'I-Vorherige Rechtsprechung des EGMR', 'I-Vorherige Rechtsprechung des EGMR', 'I-Vorherige Rechtsprechung des EGMR', 'I-Vorherige Rechtsprechung des EGMR', 'I-Vorherige Rechtsprechung des EGMR', 'I-Vorherige Rechtsprechung des EGMR', 'I-Vorherige Rechtsprechung des EGMR', 'I-Vorherige Rechtsprechung des EGMR', 'I-Vorherige Rechtsprechung des EGMR', 'I-Vorherige Rechtsprechung des EGMR', 'I-Vorherige Rechtsprechung des EGMR', 'I-Vorherige Rechtsprechung des EGMR', 'I-Vorherige Rechtsprechung des EGMR', 'I-Vorherige Rechtsprechung des EGMR', 'I-Vorherige Rechtsprechung des EGMR', 'I-Vorherige Rechtsprechung des EGMR', 'I-Vorherige Rechtsprechung des EGMR', 'I-Vorherige Rechtsprechung des EGMR', 'I-Vorherige Rechtsprechung des EGMR', 'I-Vorherige Rechtsprechung des EGMR', 'I-Vorherige Rechtsprechung des EGMR', 'I-Vorherige Rechtsprechung des EGMR', 'I-Vorherige Rechtsprechung des EGMR', 'I-Vorherige Rechtsprechung des EGMR', 'I-Vorherige Rechtsprechung des EGMR', 'I-Vorherige Rechtsprechung des EGMR', 'I-Vorherige Rechtsprechung des EGMR', 'I-Vorherige Rechtsprechung des EGMR', 'I-Vorherige Rechtsprechung des EGMR', 'I-Vorherige Rechtsprechung des EGMR', 'I-Vorherige Rechtsprechung des EGMR', 'I-Vorherige Rechtsprechung des EGMR', 'I-Vorherige Rechtsprechung des EGMR', 'I-Vorherige Rechtsprechung des EGMR', 'I-Vorherige Rechtsprechung des EGMR', 'I-Vorherige Rechtsprechung des EGMR', 'I-Vorherige Rechtsprechung des EGMR', 'I-Vorherige Rechtsprechung des EGMR', 'I-Vorherige Rechtsprechung des EGMR', 'I-Vorherige Rechtsprechung des EGMR', 'I-Vorherige Rechtsprechung des EGMR', 'I-Vorherige Rechtsprechung des EGMR', 'I-Vorherige Rechtsprechung des EGMR', 'I-Vorherige Rechtsprechung des EGMR', 'I-Vorherige Rechtsprechung des EGMR', 'I-Vorherige Rechtsprechung des EGMR', 'I-Vorherige Rechtsprechung des EGMR', 'I-Vorherige Rechtsprechung des EGMR', 'I-Vorherige Rechtsprechung des EGMR', 'I-Vorherige Rechtsprechung des EGMR', 'I-Vorherige Rechtsprechung des EGMR', 'I-Vorherige Rechtsprechung des EGMR', 'I-Vorherige Rechtsprechung des EGMR', 'I-Vorherige Rechtsprechung des EGMR', 'B-Subsumtion', 'I-Subsumtion', 'I-Subsumtion', 'I-Subsumtion', 'I-Subsumtion', 'I-Subsumtion', 'I-Subsumtion', 'I-Subsumtion', 'I-Subsumtion', 'I-Subsumtion', 'I-Subsumtion', 'I-Subsumtion', 'I-Subsumtion', 'I-Subsumtion', 'I-Subsumtion', 'I-Subsumtion', 'I-Subsumtion', 'I-Subsumtion', 'I-Subsumtion', 'I-Subsumtion', 'I-Subsumtion', 'I-Subsumtion', 'I-Subsumtion', 'I-Subsumtion', 'I-Subsumtion', 'I-Subsumtion', 'I-Subsumtion', 'I-Subsumtion', 'I-Subsumtion', 'I-Subsumtion', 'I-Subsumtion', 'I-Subsumtion', 'I-Subsumtion', 'I-Subsumtion', 'I-Subsumtion']
['B.', 'Applicable', 'criteria']	['O', 'O', 'O']
['50', '.', 'The', 'Court', 'reiterates', 'that', 'the', 'reasonableness', 'of', 'the', 'length', 'of', 'proceedings', 'must', 'be', 'assessed', 'in', 'the', 'light', 'of', 'the', 'circumstances', 'of', 'the', 'case', 'and', 'with', 'reference', 'to', 'the', 'criteria', 'established', 'by', 'its', 'case', '-', 'law', ',', 'particularly', 'the', 'complexity', 'of', 'the', 'case', ',', 'the', 'conduct', 'of', 'the', 'applicant', 'and', 'of', 'the', 'relevant', 'authorities', 'and', 'what', 'was', 'at', 'stake', 'for', 'the', 'applicant', 'in', 'the', 'dispute', '(', 'see', ',', 'among', 'many', 'other', 'authorities', ',', 'Frydlender', 'v.', 'France', '[', 'GC', ']', ',', 'no', '.', '30979/96', ',', '§', '43', ',', 'ECHR', '2000', '-', 'VII', ')', '.']	['O', 'O', 'B-Vorherige Rechtsprechung des EGMR', 'I-Vorherige Rechtsprechung des EGMR', 'I-Vorherige Rechtsprechung des EGMR', 'I-Vorherige Rechtsprechung des EGMR', 'I-Vorherige Rechtsprechung des EGMR', 'I-Vorherige Rechtsprechung des EGMR', 'I-Vorherige Rechtsprechung des EGMR', 'I-Vorherige Rechtsprechung des EGMR', 'I-Vorherige Rechtsprechung des EGMR', 'I-Vorherige Rechtsprechung des EGMR', 'I-Vorherige Rechtsprechung des EGMR', 'I-Vorherige Rechtsprechung des EGMR', 'I-Vorherige Rechtsprechung des EGMR', 'I-Vorherige Rechtsprechung des EGMR', 'I-Vorherige Rechtsprechung des EGMR', 'I-Vorherige Rechtsprechung des EGMR', 'I-Vorherige Rechtsprechung des EGMR', 'I-Vorherige Rechtsprechung des EGMR', 'I-Vorherige Rechtsprechung des EGMR', 'I-Vorherige Rechtsprechung des EGMR', 'I-Vorherige Rechtsprechung des EGMR', 'I-Vorherige Rechtsprechung des EGMR', 'I-Vorherige Rechtsprechung des EGMR', 'I-Vorherige Rechtsprechung des EGMR', 'I-Vorherige Rechtsprechung des EGMR', 'I-Vorherige Rechtsprechung des EGMR', 'I-Vorherige Rechtsprechung des EGMR', 'I-Vorherige Rechtsprechung des EGMR', 'I-Vorherige Rechtsprechung des EGMR', 'I-Vorherige Rechtsprechung des EGMR', 'I-Vorherige Rechtsprechung des EGMR', 'I-Vorherige Rechtsprechung des EGMR', 'I-Vorherige Rechtsprechung des EGMR', 'I-Vorherige Rechtsprechung des EGMR', 'I-Vorherige Rechtsprechung des EGMR', 'I-Vorherige Rechtsprechung des EGMR', 'I-Vorherige Rechtsprechung des EGMR', 'I-Vorherige Rechtsprechung des EGMR', 'I-Vorherige Rechtsprechung des EGMR', 'I-Vorherige Rechtsprechung des EGMR', 'I-Vorherige Rechtsprechung des EGMR', 'I-Vorherige Rechtsprechung des EGMR', 'I-Vorherige Rechtsprechung des EGMR', 'I-Vorherige Rechtsprechung des EGMR', 'I-Vorherige Rechtsprechung des EGMR', 'I-Vorherige Rechtsprechung des EGMR', 'I-Vorherige Rechtsprechung des EGMR', 'I-Vorherige Rechtsprechung des EGMR', 'I-Vorherige Rechtsprechung des EGMR', 'I-Vorherige Rechtsprechung des EGMR', 'I-Vorherige Rechtsprechung des EGMR', 'I-Vorherige Rechtsprechung des EGMR', 'I-Vorherige Rechtsprechung des EGMR', 'I-Vorherige Rechtsprechung des EGMR', 'I-Vorherige Rechtsprechung des EGMR', 'I-Vorherige Rechtsprechung des EGMR', 'I-Vorherige Rechtsprechung des EGMR', 'I-Vorherige Rechtsprechung des EGMR', 'I-Vorherige Rechtsprechung des EGMR', 'I-Vorherige Rechtsprechung des EGMR', 'I-Vorherige Rechtsprechung des EGMR', 'I-Vorherige Rechtsprechung des EGMR', 'I-Vorherige Rechtsprechung des EGMR', 'I-Vorherige Rechtsprechung des EGMR', 'I-Vorherige Rechtsprechung des EGMR', 'I-Vorherige Rechtsprechung des EGMR', 'I-Vorherige Rechtsprechung des EGMR', 'I-Vorherige Rechtsprechung des EGMR', 'I-Vorherige Rechtsprechung des EGMR', 'I-Vorherige Rechtsprechung des EGMR', 'I-Vorherige Rechtsprechung des EGMR', 'I-Vorherige Rechtsprechung des EGMR', 'I-Vorherige Rechtsprechung des EGMR', 'I-Vorherige Rechtsprechung des EGMR', 'I-Vorherige Rechtsprechung des EGMR', 'I-Vorherige Rechtsprechung des EGMR', 'I-Vorherige Rechtsprechung des EGMR', 'I-Vorherige Rechtsprechung des EGMR', 'I-Vorherige Rechtsprechung des EGMR', 'I-Vorherige Rechtsprechung des EGMR', 'I-Vorherige Rechtsprechung des EGMR', 'I-Vorherige Rechtsprechung des EGMR', 'I-Vorherige Rechtsprechung des EGMR', 'I-Vorherige Rechtsprechung des EGMR', 'I-Vorherige Rechtsprechung des EGMR', 'I-Vorherige Rechtsprechung des EGMR', 'I-Vorherige Rechtsprechung des EGMR', 'I-Vorherige Rechtsprechung des EGMR', 'I-Vorherige Rechtsprechung des EGMR', 'I-Vorherige Rechtsprechung des EGMR', 'I-Vorherige Rechtsprechung des EGMR', 'I-Vorherige Rechtsprechung des EGMR']
"['C.', 'The', 'parties', ""'"", 'submissions']"	['O', 'O', 'O', 'O', 'O']
['51', '.', 'The', 'Government', 'argued', 'that', 'eviction', 'proceedings', 'were', 'by', 'their', 'nature', 'complex', 'because', 'court', 'officers', 'were', 'faced', 'with', 'many', 'obstacles', 'when', 'attempting', 'to', 'carry', 'out', 'eviction', 'orders', '.', 'They', 'observed', 'also', 'that', 'in', 'the', 'present', 'case', ',', 'both', 'S.Ž.', 'and', 'the', 'Ministry', 'of', 'the', 'Homeland', 'War', 'Veterans', 'had', 'asked', 'on', 'several', 'occasions', 'for', 'the', 'postponement', 'of', 'the', 'eviction', 'order', 'and', 'had', 'filed', 'appeals', 'against', 'it', '.']	['O', 'O', 'B-Subsumtion', 'I-Subsumtion', 'I-Subsumtion', 'I-Subsumtion', 'I-Subsumtion', 'I-Subsumtion', 'I-Subsumtion', 'I-Subsumtion', 'I-Subsumtion', 'I-Subsumtion', 'I-Subsumtion', 'I-Subsumtion', 'I-Subsumtion', 'I-Subsumtion', 'I-Subsumtion', 'I-Subsumtion', 'I-Subsumtion', 'I-Subsumtion', 'I-Subsumtion', 'I-Subsumtion', 'I-Subsumtion', 'I-Subsumtion', 'I-Subsumtion', 'I-Subsumtion', 'I-Subsumtion', 'I-Subsumtion', 'I-Subsumtion', 'I-Subsumtion', 'I-Subsumtion', 'I-Subsumtion', 'I-Subsumtion', 'I-Subsumtion', 'I-Subsumtion', 'I-Subsumtion', 'I-Subsumtion', 'I-Subsumtion', 'I-Subsumtion', 'I-Subsumtion', 'I-Subsumtion', 'I-Subsumtion', 'I-Subsumtion', 'I-Subsumtion', 'I-Subsumtion', 'I-Subsumtion', 'I-Subsumtion', 'I-Subsumtion', 'I-Subsumtion', 'I-Subsumtion', 'I-Subsumtion', 'I-Subsumtion', 'I-Subsumtion', 'I-Subsumtion', 'I-Subsumtion', 'I-Subsumtion', 'I-Subsumtion', 'I-Subsumtion', 'I-Subsumtion', 'I-Subsumtion', 'I-Subsumtion', 'I-Subsumtion', 'I-Subsumtion', 'I-Subsumtion', 'I-Subsumtion', 'I-Subsumtion', 'I-Subsumtion']
['52', '.', 'Although', 'the', 'Government', 'accepted', 'that', 'the', 'proceedings', 'in', 'question', 'were', 'of', 'importance', 'for', 'the', 'applicant', ',', 'they', 'considered', 'that', 'they', 'were', 'not', 'urgent', '.']	['O', 'O', 'B-Subsumtion', 'I-Subsumtion', 'I-Subsumtion', 'I-Subsumtion', 'I-Subsumtion', 'I-Subsumtion', 'I-Subsumtion', 'I-Subsumtion', 'I-Subsumtion', 'I-Subsumtion', 'I-Subsumtion', 'I-Subsumtion', 'I-Subsumtion', 'I-Subsumtion', 'I-Subsumtion', 'I-Subsumtion', 'I-Subsumtion', 'I-Subsumtion', 'I-Subsumtion', 'I-Subsumtion', 'I-Subsumtion', 'I-Subsumtion', 'I-Subsumtion', 'I-Subsumtion']
"['53', '.', 'As', 'to', 'the', 'applicant', ""'s"", 'behaviour', ',', 'the', 'Government', 'alleged', 'that', 'she', 'had', 'contributed', 'to', 'the', 'length', 'of', 'the', 'proceedings', 'because', 'she', 'had', 'failed', 'to', 'submit', 'a', 'copy', 'of', 'the', 'judgment', 'to', 'be', 'enforced', '.', 'Furthermore', ',', 'each', 'time', 'her', 'opponent', 'had', 'requested', 'a', 'postponement', 'the', 'applicant', 'acceded', 'to', 'the', 'request', '.', 'Moreover', ',', 'the', 'applicant', 'and', 'her', 'counsel', 'had', 'failed', 'to', 'appear', 'at', 'the', 'appointment', 'scheduled', 'for', '25', 'April', '2002', '.']"	['O', 'O', 'B-Subsumtion', 'I-Subsumtion', 'I-Subsumtion', 'I-Subsumtion', 'I-Subsumtion', 'I-Subsumtion', 'I-Subsumtion', 'I-Subsumtion', 'I-Subsumtion', 'I-Subsumtion', 'I-Subsumtion', 'I-Subsumtion', 'I-Subsumtion', 'I-Subsumtion', 'I-Subsumtion', 'I-Subsumtion', 'I-Subsumtion', 'I-Subsumtion', 'I-Subsumtion', 'I-Subsumtion', 'I-Subsumtion', 'I-Subsumtion', 'I-Subsumtion', 'I-Subsumtion', 'I-Subsumtion', 'I-Subsumtion', 'I-Subsumtion', 'I-Subsumtion', 'I-Subsumtion', 'I-Subsumtion', 'I-Subsumtion', 'I-Subsumtion', 'I-Subsumtion', 'I-Subsumtion', 'I-Subsumtion', 'I-Subsumtion', 'I-Subsumtion', 'I-Subsumtion', 'I-Subsumtion', 'I-Subsumtion', 'I-Subsumtion', 'I-Subsumtion', 'I-Subsumtion', 'I-Subsumtion', 'I-Subsumtion', 'I-Subsumtion', 'I-Subsumtion', 'I-Subsumtion', 'I-Subsumtion', 'I-Subsumtion', 'I-Subsumtion', 'I-Subsumtion', 'I-Subsumtion', 'I-Subsumtion', 'I-Subsumtion', 'I-Subsumtion', 'I-Subsumtion', 'I-Subsumtion', 'I-Subsumtion', 'I-Subsumtion', 'I-Subsumtion', 'I-Subsumtion', 'I-Subsumtion', 'I-Subsumtion', 'I-Subsumtion', 'I-Subsumtion', 'I-Subsumtion', 'I-Subsumtion', 'I-Subsumtion', 'I-Subsumtion', 'I-Subsumtion', 'I-Subsumtion']
"['54', '.', 'As', 'to', 'the', 'conduct', 'of', 'the', 'domestic', 'authorities', 'the', 'Government', 'stressed', 'that', 'the', 'Zagreb', 'Municipal', 'Court', 'had', 'about', '200,000', 'cases', 'per', 'year', '.', 'Given', 'this', 'workload', ',', 'they', 'considered', 'that', 'the', 'court', 'had', 'dealt', 'with', 'the', 'applicant', ""'s"", 'case', 'with', 'due', 'diligence', '.']"	['O', 'O', 'B-Subsumtion', 'I-Subsumtion', 'I-Subsumtion', 'I-Subsumtion', 'I-Subsumtion', 'I-Subsumtion', 'I-Subsumtion', 'I-Subsumtion', 'I-Subsumtion', 'I-Subsumtion', 'I-Subsumtion', 'I-Subsumtion', 'I-Subsumtion', 'I-Subsumtion', 'I-Subsumtion', 'I-Subsumtion', 'I-Subsumtion', 'I-Subsumtion', 'I-Subsumtion', 'I-Subsumtion', 'I-Subsumtion', 'I-Subsumtion', 'I-Subsumtion', 'I-Subsumtion', 'I-Subsumtion', 'I-Subsumtion', 'I-Subsumtion', 'I-Subsumtion', 'I-Subsumtion', 'I-Subsumtion', 'I-Subsumtion', 'I-Subsumtion', 'I-Subsumtion', 'I-Subsumtion', 'I-Subsumtion', 'I-Subsumtion', 'I-Subsumtion', 'I-Subsumtion', 'I-Subsumtion', 'I-Subsumtion', 'I-Subsumtion', 'I-Subsumtion', 'I-Subsumtion']
['55', '.', 'The', 'applicant', 'disagreed', 'with', 'the', 'Government', 'and', 'stressed', 'that', 'the', 'length', 'of', 'the', 'proceedings', 'had', 'been', 'excessive', '.']	['O', 'O', 'B-Subsumtion', 'I-Subsumtion', 'I-Subsumtion', 'I-Subsumtion', 'I-Subsumtion', 'I-Subsumtion', 'I-Subsumtion', 'I-Subsumtion', 'I-Subsumtion', 'I-Subsumtion', 'I-Subsumtion', 'I-Subsumtion', 'I-Subsumtion', 'I-Subsumtion', 'I-Subsumtion', 'I-Subsumtion', 'I-Subsumtion', 'I-Subsumtion']
"['D.', 'The', 'Court', ""'s"", 'assessment']"	['O', 'O', 'O', 'O', 'O']
"['56', '.', 'As', 'to', 'the', 'complexity', 'of', 'the', 'case', 'the', 'Court', 'firstly', 'notes', 'that', 'in', 'the', 'period', 'after', 'the', 'ratification', 'of', 'the', 'Convention', 'by', 'Croatia', 'the', 'case', 'was', 'examined', 'upon', 'S.Ž.', ""'s"", 'appeal', 'before', 'the', 'Zagreb', 'County', 'Court', 'as', 'the', 'appellate', 'court', 'and', 'the', 'rest', 'of', 'the', 'proceedings', 'concerned', 'the', 'execution', 'of', 'the', 'court', ""'s"", 'final', 'judgment', 'ordering', 'the', 'eviction', 'of', 'S.Ž.', 'from', 'the', 'applicant', ""'s"", 'flat', '.', 'As', 'to', 'the', 'appellate', 'proceedings', ',', 'the', 'Court', 'notes', 'that', 'the', 'proceedings', 'for', 'disturbance', 'of', 'possession', 'were', 'only', 'concerned', 'with', 'the', 'actual', 'possession', 'of', 'the', 'flat', 'in', 'question', 'and', 'that', 'there', 'was', 'no', 'factual', 'or', 'legal', 'issue', 'that', 'might', 'be', 'considered', 'complex', '.', 'As', 'to', 'the', 'enforcement', 'proceedings', ',', 'the', 'Court', 'considers', 'that', 'there', 'were', 'no', 'special', 'issues', 'to', 'be', 'determined', 'during', 'the', 'enforcement', 'proceedings', 'and', 'that', 'the', 'proceedings', 'were', 'not', 'complex', 'in', 'any', 'respect', '.']"	['O', 'O', 'B-Subsumtion', 'I-Subsumtion', 'I-Subsumtion', 'I-Subsumtion', 'I-Subsumtion', 'I-Subsumtion', 'I-Subsumtion', 'I-Subsumtion', 'I-Subsumtion', 'I-Subsumtion', 'I-Subsumtion', 'I-Subsumtion', 'I-Subsumtion', 'I-Subsumtion', 'I-Subsumtion', 'I-Subsumtion', 'I-Subsumtion', 'I-Subsumtion', 'I-Subsumtion', 'I-Subsumtion', 'I-Subsumtion', 'I-Subsumtion', 'I-Subsumtion', 'I-Subsumtion', 'I-Subsumtion', 'I-Subsumtion', 'I-Subsumtion', 'I-Subsumtion', 'I-Subsumtion', 'I-Subsumtion', 'I-Subsumtion', 'I-Subsumtion', 'I-Subsumtion', 'I-Subsumtion', 'I-Subsumtion', 'I-Subsumtion', 'I-Subsumtion', 'I-Subsumtion', 'I-Subsumtion', 'I-Subsumtion', 'I-Subsumtion', 'I-Subsumtion', 'I-Subsumtion', 'I-Subsumtion', 'I-Subsumtion', 'I-Subsumtion', 'I-Subsumtion', 'I-Subsumtion', 'I-Subsumtion', 'I-Subsumtion', 'I-Subsumtion', 'I-Subsumtion', 'I-Subsumtion', 'I-Subsumtion', 'I-Subsumtion', 'I-Subsumtion', 'I-Subsumtion', 'I-Subsumtion', 'I-Subsumtion', 'I-Subsumtion', 'I-Subsumtion', 'I-Subsumtion', 'I-Subsumtion', 'I-Subsumtion', 'I-Subsumtion', 'I-Subsumtion', 'I-Subsumtion', 'I-Subsumtion', 'I-Subsumtion', 'I-Subsumtion', 'I-Subsumtion', 'I-Subsumtion', 'I-Subsumtion', 'I-Subsumtion', 'I-Subsumtion', 'I-Subsumtion', 'I-Subsumtion', 'I-Subsumtion', 'I-Subsumtion', 'I-Subsumtion', 'I-Subsumtion', 'I-Subsumtion', 'I-Subsumtion', 'I-Subsumtion', 'I-Subsumtion', 'I-Subsumtion', 'I-Subsumtion', 'I-Subsumtion', 'I-Subsumtion', 'I-Subsumtion', 'I-Subsumtion', 'I-Subsumtion', 'I-Subsumtion', 'I-Subsumtion', 'I-Subsumtion', 'I-Subsumtion', 'I-Subsumtion', 'I-Subsumtion', 'I-Subsumtion', 'I-Subsumtion', 'I-Subsumtion', 'I-Subsumtion', 'I-Subsumtion', 'I-Subsumtion', 'I-Subsumtion', 'I-Subsumtion', 'I-Subsumtion', 'I-Subsumtion', 'I-Subsumtion', 'I-Subsumtion', 'I-Subsumtion', 'I-Subsumtion', 'I-Subsumtion', 'I-Subsumtion', 'I-Subsumtion', 'I-Subsumtion', 'I-Subsumtion', 'I-Subsumtion', 'I-Subsumtion', 'I-Subsumtion', 'I-Subsumtion', 'I-Subsumtion', 'I-Subsumtion', 'I-Subsumtion', 'I-Subsumtion', 'I-Subsumtion', 'I-Subsumtion', 'I-Subsumtion', 'I-Subsumtion', 'I-Subsumtion', 'I-Subsumtion', 'I-Subsumtion', 'I-Subsumtion', 'I-Subsumtion', 'I-Subsumtion', 'I-Subsumtion', 'I-Subsumtion', 'I-Subsumtion', 'I-Subsumtion', 'I-Subsumtion', 'I-Subsumtion', 'I-Subsumtion']
['57', '.', 'As', 'to', 'the', 'behaviour', 'of', 'domestic', 'authorities', 'the', 'Court', 'can', 'not', 'accept', 'that', 'the', 'circumstance', 'invoked', 'by', 'the', 'Government', ',', 'such', 'as', 'the', 'fact', 'that', 'S.Ž.', 'and', 'the', 'Ministry', 'of', 'the', 'Homeland', 'War', 'Veterans', 'had', 'asked', 'on', 'several', 'occasions', 'for', 'the', 'postponement', 'of', 'the', 'eviction', 'order', 'and', 'had', 'filed', 'appeals', 'against', 'it', ',', 'or', 'the', 'excessive', 'workload', 'of', 'the', 'Zagreb', 'Municipal', 'Court', ',', 'were', 'of', 'such', 'a', 'nature', 'as', 'to', 'justify', 'the', 'delays', 'in', 'carrying', 'out', 'the', 'eviction', 'order', '.', 'In', 'this', 'respect', 'the', 'Court', 'reiterates', 'that', 'Article', '6', '§', '1', 'imposes', 'on', 'the', 'Contracting', 'States', 'the', 'duty', 'to', 'organise', 'their', 'judicial', 'systems', 'in', 'such', 'a', 'way', 'that', 'their', 'courts', 'can', 'meet', 'each', 'of', 'its', 'requirements', ',', 'including', 'the', 'obligation', 'to', 'hear', 'cases', 'within', 'a', 'reasonable', 'time', '(', 'see', ',', 'among', 'many', 'other', 'authorities', ',', 'Kyrtatos', 'v.', 'Greece', ',', 'ECHR-2003', '...', ',', '22', 'May', '2003', ',', '§', '42', ')', '.']	['O', 'O', 'B-Subsumtion', 'I-Subsumtion', 'I-Subsumtion', 'I-Subsumtion', 'I-Subsumtion', 'I-Subsumtion', 'I-Subsumtion', 'I-Subsumtion', 'I-Subsumtion', 'I-Subsumtion', 'I-Subsumtion', 'I-Subsumtion', 'I-Subsumtion', 'I-Subsumtion', 'I-Subsumtion', 'I-Subsumtion', 'I-Subsumtion', 'I-Subsumtion', 'I-Subsumtion', 'I-Subsumtion', 'I-Subsumtion', 'I-Subsumtion', 'I-Subsumtion', 'I-Subsumtion', 'I-Subsumtion', 'I-Subsumtion', 'I-Subsumtion', 'I-Subsumtion', 'I-Subsumtion', 'I-Subsumtion', 'I-Subsumtion', 'I-Subsumtion', 'I-Subsumtion', 'I-Subsumtion', 'I-Subsumtion', 'I-Subsumtion', 'I-Subsumtion', 'I-Subsumtion', 'I-Subsumtion', 'I-Subsumtion', 'I-Subsumtion', 'I-Subsumtion', 'I-Subsumtion', 'I-Subsumtion', 'I-Subsumtion', 'I-Subsumtion', 'I-Subsumtion', 'I-Subsumtion', 'I-Subsumtion', 'I-Subsumtion', 'I-Subsumtion', 'I-Subsumtion', 'I-Subsumtion', 'I-Subsumtion', 'I-Subsumtion', 'I-Subsumtion', 'I-Subsumtion', 'I-Subsumtion', 'I-Subsumtion', 'I-Subsumtion', 'I-Subsumtion', 'I-Subsumtion', 'I-Subsumtion', 'I-Subsumtion', 'I-Subsumtion', 'I-Subsumtion', 'I-Subsumtion', 'I-Subsumtion', 'I-Subsumtion', 'I-Subsumtion', 'I-Subsumtion', 'I-Subsumtion', 'I-Subsumtion', 'I-Subsumtion', 'I-Subsumtion', 'I-Subsumtion', 'I-Subsumtion', 'I-Subsumtion', 'I-Subsumtion', 'I-Subsumtion', 'I-Subsumtion', 'I-Subsumtion', 'I-Subsumtion', 'I-Subsumtion', 'I-Subsumtion', 'I-Subsumtion', 'I-Subsumtion', 'I-Subsumtion', 'I-Subsumtion', 'I-Subsumtion', 'I-Subsumtion', 'I-Subsumtion', 'I-Subsumtion', 'I-Subsumtion', 'I-Subsumtion', 'I-Subsumtion', 'I-Subsumtion', 'I-Subsumtion', 'I-Subsumtion', 'I-Subsumtion', 'I-Subsumtion', 'I-Subsumtion', 'I-Subsumtion', 'I-Subsumtion', 'I-Subsumtion', 'I-Subsumtion', 'I-Subsumtion', 'I-Subsumtion', 'I-Subsumtion', 'I-Subsumtion', 'I-Subsumtion', 'I-Subsumtion', 'I-Subsumtion', 'I-Subsumtion', 'I-Subsumtion', 'I-Subsumtion', 'I-Subsumtion', 'I-Subsumtion', 'I-Subsumtion', 'I-Subsumtion', 'I-Subsumtion', 'I-Subsumtion', 'I-Subsumtion', 'I-Subsumtion', 'I-Subsumtion', 'I-Subsumtion', 'I-Subsumtion', 'I-Subsumtion', 'I-Subsumtion', 'I-Subsumtion', 'I-Subsumtion', 'I-Subsumtion', 'I-Subsumtion', 'I-Subsumtion', 'I-Subsumtion', 'I-Subsumtion', 'I-Subsumtion', 'I-Subsumtion', 'I-Subsumtion', 'I-Subsumtion', 'I-Subsumtion', 'I-Subsumtion', 'I-Subsumtion', 'I-Subsumtion', 'I-Subsumtion', 'I-Subsumtion', 'I-Subsumtion', 'I-Subsumtion', 'I-Subsumtion', 'I-Subsumtion']
['58', '.', 'Furthermore', ',', 'the', 'Court', 'notes', 'that', 'the', 'Ministry', 'of', 'the', 'Homeland', 'War', 'Veterans', 'on', '13', 'March', '2000', 'asked', 'the', 'Zagreb', 'Municipal', 'Court', 'to', 'postpone', 'the', 'enforcement', 'of', 'the', 'eviction', 'order', '.', 'Although', 'the', 'court', 'rejected', 'such', 'a', 'request', ',', 'it', 'did', 'so', 'only', 'on', '3', 'July', '2000', 'by', 'which', 'the', 'enforcement', 'of', 'the', 'eviction', 'order', 'was', 'postponed', 'for', 'a', 'period', 'of', 'about', 'four', 'months', '.']	['O', 'O', 'B-Subsumtion', 'I-Subsumtion', 'I-Subsumtion', 'I-Subsumtion', 'I-Subsumtion', 'I-Subsumtion', 'I-Subsumtion', 'I-Subsumtion', 'I-Subsumtion', 'I-Subsumtion', 'I-Subsumtion', 'I-Subsumtion', 'I-Subsumtion', 'I-Subsumtion', 'I-Subsumtion', 'I-Subsumtion', 'I-Subsumtion', 'I-Subsumtion', 'I-Subsumtion', 'I-Subsumtion', 'I-Subsumtion', 'I-Subsumtion', 'I-Subsumtion', 'I-Subsumtion', 'I-Subsumtion', 'I-Subsumtion', 'I-Subsumtion', 'I-Subsumtion', 'I-Subsumtion', 'I-Subsumtion', 'I-Subsumtion', 'I-Subsumtion', 'I-Subsumtion', 'I-Subsumtion', 'I-Subsumtion', 'I-Subsumtion', 'I-Subsumtion', 'I-Subsumtion', 'I-Subsumtion', 'I-Subsumtion', 'I-Subsumtion', 'I-Subsumtion', 'I-Subsumtion', 'I-Subsumtion', 'I-Subsumtion', 'I-Subsumtion', 'I-Subsumtion', 'I-Subsumtion', 'I-Subsumtion', 'I-Subsumtion', 'I-Subsumtion', 'I-Subsumtion', 'I-Subsumtion', 'I-Subsumtion', 'I-Subsumtion', 'I-Subsumtion', 'I-Subsumtion', 'I-Subsumtion', 'I-Subsumtion', 'I-Subsumtion', 'I-Subsumtion', 'I-Subsumtion', 'I-Subsumtion', 'I-Subsumtion', 'I-Subsumtion']
"['59', '.', 'As', 'to', 'the', 'applicant', ""'s"", 'behaviour', 'the', 'Court', 'notes', 'that', 'the', 'applicant', 'did', 'not', 'submit', 'a', 'copy', 'of', 'the', 'judgment', 'to', 'be', 'enforced', 'because', 'the', 'presiding', 'judge', 'in', 'the', 'civil', 'proceedings', 'refused', 'to', 'endorse', 'the', 'decision', ',', 'which', 'in', 'the', 'Court', ""'s"", 'view', ',', 'can', 'not', 'be', 'held', 'against', 'the', 'applicant', '.', 'The', 'Court', 'notes', 'further', 'that', 'the', 'applicant', 'agreed', 'that', 'the', 'enforcement', 'of', 'the', 'eviction', 'order', 'scheduled', 'for', '6', 'October', '2000', 'be', 'postponed', 'until', 'the', 'end', 'of', 'the', 'year', '2000', '.', 'However', ',', 'such', 'an', 'agreement', 'was', 'obviously', 'motivated', 'by', 'the', 'applicant', ""'s"", 'expectation', 'that', 'the', 'illegal', 'occupants', 'of', 'her', 'flat', 'would', 'vacate', 'the', 'flat', 'of', 'their', 'own', 'will', 'which', 'follows', 'from', 'the', 'fact', 'that', 'on', '15', 'January', '2001', 'the', 'applicant', 'asked', 'the', 'Court', 'to', 'continue', 'the', 'proceedings', '.', 'Even', 'if', 'the', 'Court', 'accepts', 'the', 'Government', ""'s"", 'assertion', 'that', 'on', 'two', 'more', 'occasions', ',', 'i.e.', ',', '14', 'November', '2001', 'and', '1', 'February', '2002', ',', 'the', 'applicant', ""'s"", 'counsel', 'agreed', 'that', 'the', 'enforcement', 'of', 'the', 'eviction', 'order', 'be', 'postponed', ',', 'he', 'did', 'so', 'for', 'only', 'a', 'limited', 'period', 'of', 'time', '.', 'These', 'circumstances', 'together', 'with', 'the', 'fact', 'that', 'the', 'applicant', 'and', 'her', 'counsel', 'were', 'not', 'present', 'on', 'one', 'single', 'occasion', ',', '25', 'April', '2002', ',', 'when', 'the', 'court', 'scheduled', 'the', 'eviction', 'of', 'S.Ž.', 'can', 'not', 'in', 'any', 'respect', 'justify', 'the', 'duration', 'of', 'the', 'proceedings', 'as', 'a', 'whole', '.']"	['O', 'O', 'B-Subsumtion', 'I-Subsumtion', 'I-Subsumtion', 'I-Subsumtion', 'I-Subsumtion', 'I-Subsumtion', 'I-Subsumtion', 'I-Subsumtion', 'I-Subsumtion', 'I-Subsumtion', 'I-Subsumtion', 'I-Subsumtion', 'I-Subsumtion', 'I-Subsumtion', 'I-Subsumtion', 'I-Subsumtion', 'I-Subsumtion', 'I-Subsumtion', 'I-Subsumtion', 'I-Subsumtion', 'I-Subsumtion', 'I-Subsumtion', 'I-Subsumtion', 'I-Subsumtion', 'I-Subsumtion', 'I-Subsumtion', 'I-Subsumtion', 'I-Subsumtion', 'I-Subsumtion', 'I-Subsumtion', 'I-Subsumtion', 'I-Subsumtion', 'I-Subsumtion', 'I-Subsumtion', 'I-Subsumtion', 'I-Subsumtion', 'I-Subsumtion', 'I-Subsumtion', 'I-Subsumtion', 'I-Subsumtion', 'I-Subsumtion', 'I-Subsumtion', 'I-Subsumtion', 'I-Subsumtion', 'I-Subsumtion', 'I-Subsumtion', 'I-Subsumtion', 'I-Subsumtion', 'I-Subsumtion', 'I-Subsumtion', 'I-Subsumtion', 'I-Subsumtion', 'I-Subsumtion', 'I-Subsumtion', 'I-Subsumtion', 'I-Subsumtion', 'I-Subsumtion', 'I-Subsumtion', 'I-Subsumtion', 'I-Subsumtion', 'I-Subsumtion', 'I-Subsumtion', 'I-Subsumtion', 'I-Subsumtion', 'I-Subsumtion', 'I-Subsumtion', 'I-Subsumtion', 'I-Subsumtion', 'I-Subsumtion', 'I-Subsumtion', 'I-Subsumtion', 'I-Subsumtion', 'I-Subsumtion', 'I-Subsumtion', 'I-Subsumtion', 'I-Subsumtion', 'I-Subsumtion', 'I-Subsumtion', 'I-Subsumtion', 'I-Subsumtion', 'I-Subsumtion', 'I-Subsumtion', 'I-Subsumtion', 'I-Subsumtion', 'I-Subsumtion', 'I-Subsumtion', 'I-Subsumtion', 'I-Subsumtion', 'I-Subsumtion', 'I-Subsumtion', 'I-Subsumtion', 'I-Subsumtion', 'I-Subsumtion', 'I-Subsumtion', 'I-Subsumtion', 'I-Subsumtion', 'I-Subsumtion', 'I-Subsumtion', 'I-Subsumtion', 'I-Subsumtion', 'I-Subsumtion', 'I-Subsumtion', 'I-Subsumtion', 'I-Subsumtion', 'I-Subsumtion', 'I-Subsumtion', 'I-Subsumtion', 'I-Subsumtion', 'I-Subsumtion', 'I-Subsumtion', 'I-Subsumtion', 'I-Subsumtion', 'I-Subsumtion', 'I-Subsumtion', 'I-Subsumtion', 'I-Subsumtion', 'I-Subsumtion', 'I-Subsumtion', 'I-Subsumtion', 'I-Subsumtion', 'I-Subsumtion', 'I-Subsumtion', 'I-Subsumtion', 'I-Subsumtion', 'I-Subsumtion', 'I-Subsumtion', 'I-Subsumtion', 'I-Subsumtion', 'I-Subsumtion', 'I-Subsumtion', 'I-Subsumtion', 'I-Subsumtion', 'I-Subsumtion', 'I-Subsumtion', 'I-Subsumtion', 'I-Subsumtion', 'I-Subsumtion', 'I-Subsumtion', 'I-Subsumtion', 'I-Subsumtion', 'I-Subsumtion', 'I-Subsumtion', 'I-Subsumtion', 'I-Subsumtion', 'I-Subsumtion', 'I-Subsumtion', 'I-Subsumtion', 'I-Subsumtion', 'I-Subsumtion', 'I-Subsumtion', 'I-Subsumtion', 'I-Subsumtion', 'I-Subsumtion', 'I-Subsumtion', 'I-Subsumtion', 'I-Subsumtion', 'I-Subsumtion', 'I-Subsumtion', 'I-Subsumtion', 'I-Subsumtion', 'I-Subsumtion', 'I-Subsumtion', 'I-Subsumtion', 'I-Subsumtion', 'I-Subsumtion', 'I-Subsumtion', 'I-Subsumtion', 'I-Subsumtion', 'I-Subsumtion', 'I-Subsumtion', 'I-Subsumtion', 'I-Subsumtion', 'I-Subsumtion', 'I-Subsumtion', 'I-Subsumtion', 'I-Subsumtion', 'I-Subsumtion', 'I-Subsumtion', 'I-Subsumtion', 'I-Subsumtion', 'I-Subsumtion', 'I-Subsumtion', 'I-Subsumtion', 'I-Subsumtion', 'I-Subsumtion', 'I-Subsumtion', 'I-Subsumtion', 'I-Subsumtion', 'I-Subsumtion', 'I-Subsumtion', 'I-Subsumtion', 'I-Subsumtion', 'I-Subsumtion', 'I-Subsumtion', 'I-Subsumtion', 'I-Subsumtion', 'I-Subsumtion', 'I-Subsumtion', 'I-Subsumtion', 'I-Subsumtion', 'I-Subsumtion', 'I-Subsumtion', 'I-Subsumtion', 'I-Subsumtion', 'I-Subsumtion', 'I-Subsumtion', 'I-Subsumtion', 'I-Subsumtion', 'I-Subsumtion', 'I-Subsumtion', 'I-Subsumtion', 'I-Subsumtion', 'I-Subsumtion', 'I-Subsumtion', 'I-Subsumtion', 'I-Subsumtion', 'I-Subsumtion', 'I-Subsumtion', 'I-Subsumtion', 'I-Subsumtion', 'I-Subsumtion', 'I-Subsumtion', 'I-Subsumtion', 'I-Subsumtion', 'I-Subsumtion', 'I-Subsumtion', 'I-Subsumtion', 'I-Subsumtion']
['60', '.', 'Having', 'regard', 'to', 'the', 'duration', 'of', 'the', 'appellate', 'proceedings', 'before', 'the', 'Zagreb', 'County', 'Court', 'and', 'the', 'fact', 'that', 'the', 'eviction', 'order', 'was', 'not', 'enforced', 'for', 'a', 'period', 'of', 'about', 'four', 'years', 'and', 'that', 'the', 'responsibility', 'for', 'such', 'a', 'long', 'duration', 'of', 'the', 'proceedings', 'falls', 'on', 'the', 'domestic', 'authorities', ',', 'the', 'Court', 'finds', 'that', 'there', 'has', 'been', 'a', 'violation', 'of', 'Article', '6', '§', '1', 'of', 'the', 'Convention', '.']	['O', 'O', 'B-Subsumtion', 'I-Subsumtion', 'I-Subsumtion', 'I-Subsumtion', 'I-Subsumtion', 'I-Subsumtion', 'I-Subsumtion', 'I-Subsumtion', 'I-Subsumtion', 'I-Subsumtion', 'I-Subsumtion', 'I-Subsumtion', 'I-Subsumtion', 'I-Subsumtion', 'I-Subsumtion', 'I-Subsumtion', 'I-Subsumtion', 'I-Subsumtion', 'I-Subsumtion', 'I-Subsumtion', 'I-Subsumtion', 'I-Subsumtion', 'I-Subsumtion', 'I-Subsumtion', 'I-Subsumtion', 'I-Subsumtion', 'I-Subsumtion', 'I-Subsumtion', 'I-Subsumtion', 'I-Subsumtion', 'I-Subsumtion', 'I-Subsumtion', 'I-Subsumtion', 'I-Subsumtion', 'I-Subsumtion', 'I-Subsumtion', 'I-Subsumtion', 'I-Subsumtion', 'I-Subsumtion', 'I-Subsumtion', 'I-Subsumtion', 'I-Subsumtion', 'I-Subsumtion', 'I-Subsumtion', 'I-Subsumtion', 'I-Subsumtion', 'I-Subsumtion', 'I-Subsumtion', 'I-Subsumtion', 'B-Entscheidung des EGMR', 'I-Entscheidung des EGMR', 'I-Entscheidung des EGMR', 'I-Entscheidung des EGMR', 'I-Entscheidung des EGMR', 'I-Entscheidung des EGMR', 'I-Entscheidung des EGMR', 'I-Entscheidung des EGMR', 'I-Entscheidung des EGMR', 'I-Entscheidung des EGMR', 'I-Entscheidung des EGMR', 'I-Entscheidung des EGMR', 'I-Entscheidung des EGMR', 'I-Entscheidung des EGMR', 'I-Entscheidung des EGMR', 'I-Entscheidung des EGMR', 'I-Entscheidung des EGMR', 'I-Entscheidung des EGMR']
['II', '.', 'ALLEGED', 'VIOLATION', 'OF', 'ARTICLE', '8', 'OF', 'THE', 'CONVENTION']	['O', 'O', 'O', 'O', 'O', 'O', 'O', 'O', 'O', 'O']
['61', '.', 'The', 'applicant', 'contented', 'that', 'her', 'inability', 'to', 'live', 'in', 'her', 'flat', 'for', 'more', 'than', 'seven', 'years', 'violated', 'her', 'right', 'to', 'respect', 'for', 'her', 'home', '.', 'She', 'relied', 'on', 'Article', '8', 'of', 'the', 'Convention', 'which', 'reads', 'as', 'follows', ':']	['O', 'O', 'B-Subsumtion', 'I-Subsumtion', 'I-Subsumtion', 'I-Subsumtion', 'I-Subsumtion', 'I-Subsumtion', 'I-Subsumtion', 'I-Subsumtion', 'I-Subsumtion', 'I-Subsumtion', 'I-Subsumtion', 'I-Subsumtion', 'I-Subsumtion', 'I-Subsumtion', 'I-Subsumtion', 'I-Subsumtion', 'I-Subsumtion', 'I-Subsumtion', 'I-Subsumtion', 'I-Subsumtion', 'I-Subsumtion', 'I-Subsumtion', 'I-Subsumtion', 'I-Subsumtion', 'I-Subsumtion', 'I-Subsumtion', 'I-Subsumtion', 'I-Subsumtion', 'I-Subsumtion', 'I-Subsumtion', 'I-Subsumtion', 'I-Subsumtion', 'I-Subsumtion', 'I-Subsumtion', 'I-Subsumtion', 'I-Subsumtion', 'I-Subsumtion', 'I-Subsumtion']
['“', '1', '.', 'Everyone', 'has', 'the', 'right', 'to', 'respect', 'for', 'his', 'private', 'and', 'family', 'life', ',', 'his', 'home', 'and', 'his', 'correspondence', '.']	['O', 'O', 'O', 'O', 'O', 'O', 'O', 'O', 'O', 'O', 'O', 'O', 'O', 'O', 'O', 'O', 'O', 'O', 'O', 'O', 'O', 'O']
['2', '.', 'There', 'shall', 'be', 'no', 'interference', 'by', 'a', 'public', 'authority', 'with', 'the', 'exercise', 'of', 'this', 'right', 'except', 'such', 'as', 'is', 'in', 'accordance', 'with', 'the', 'law', 'and', 'is', 'necessary', 'in', 'a', 'democratic', 'society', 'in', 'the', 'interests', 'of', 'national', 'security', ',', 'public', 'safety', 'or', 'the', 'economic', 'well', '-', 'being', 'of', 'the', 'country', ',', 'for', 'the', 'prevention', 'of', 'disorder', 'or', 'crime', ',', 'for', 'the', 'protection', 'of', 'health', 'or', 'morals', ',', 'or', 'for', 'the', 'protection', 'of', 'the', 'rights', 'and', 'freedoms', 'of', 'others', '.', '”']	['O', 'O', 'O', 'O', 'O', 'O', 'O', 'O', 'O', 'O', 'O', 'O', 'O', 'O', 'O', 'O', 'O', 'O', 'O', 'O', 'O', 'O', 'O', 'O', 'O', 'O', 'O', 'O', 'O', 'O', 'O', 'O', 'O', 'O', 'O', 'O', 'O', 'O', 'O', 'O', 'O', 'O', 'O', 'O', 'O', 'O', 'O', 'O', 'O', 'O', 'O', 'O', 'O', 'O', 'O', 'O', 'O', 'O', 'O', 'O', 'O', 'O', 'O', 'O', 'O', 'O', 'O', 'O', 'O', 'O', 'O', 'O', 'O', 'O', 'O', 'O', 'O', 'O', 'O', 'O', 'O']
"['62', '.', 'The', 'Government', 'agreed', 'that', 'the', 'flat', 'in', 'question', 'was', 'the', 'applicant', ""'s"", 'home', '.', 'However', ',', 'they', 'argued', 'that', 'there', 'had', 'been', 'no', 'interference', 'with', 'the', 'applicant', ""'s"", 'right', 'to', 'respect', 'for', 'her', 'home', '.', 'On', 'the', 'contrary', ',', 'the', 'domestic', 'courts', 'had', 'protected', 'her', 'by', 'establishing', 'her', 'right', 'to', 're', '-', 'possess', 'the', 'flat', 'in', 'the', 'civil', 'proceedings', 'and', 'assisting', 'her', 'in', 'regaining', 'possession', 'in', 'the', 'context', 'of', 'the', 'enforcement', 'proceedings', '.']"	['O', 'O', 'B-Subsumtion', 'I-Subsumtion', 'I-Subsumtion', 'I-Subsumtion', 'I-Subsumtion', 'I-Subsumtion', 'I-Subsumtion', 'I-Subsumtion', 'I-Subsumtion', 'I-Subsumtion', 'I-Subsumtion', 'I-Subsumtion', 'I-Subsumtion', 'I-Subsumtion', 'I-Subsumtion', 'I-Subsumtion', 'I-Subsumtion', 'I-Subsumtion', 'I-Subsumtion', 'I-Subsumtion', 'I-Subsumtion', 'I-Subsumtion', 'I-Subsumtion', 'I-Subsumtion', 'I-Subsumtion', 'I-Subsumtion', 'I-Subsumtion', 'I-Subsumtion', 'I-Subsumtion', 'I-Subsumtion', 'I-Subsumtion', 'I-Subsumtion', 'I-Subsumtion', 'I-Subsumtion', 'I-Subsumtion', 'I-Subsumtion', 'I-Subsumtion', 'I-Subsumtion', 'I-Subsumtion', 'I-Subsumtion', 'I-Subsumtion', 'I-Subsumtion', 'I-Subsumtion', 'I-Subsumtion', 'I-Subsumtion', 'I-Subsumtion', 'I-Subsumtion', 'I-Subsumtion', 'I-Subsumtion', 'I-Subsumtion', 'I-Subsumtion', 'I-Subsumtion', 'I-Subsumtion', 'I-Subsumtion', 'I-Subsumtion', 'I-Subsumtion', 'I-Subsumtion', 'I-Subsumtion', 'I-Subsumtion', 'I-Subsumtion', 'I-Subsumtion', 'I-Subsumtion', 'I-Subsumtion', 'I-Subsumtion', 'I-Subsumtion', 'I-Subsumtion', 'I-Subsumtion', 'I-Subsumtion', 'I-Subsumtion', 'I-Subsumtion', 'I-Subsumtion', 'I-Subsumtion', 'I-Subsumtion']
['63', '.', 'The', 'applicant', 'disagreed', 'with', 'the', 'Government', '.']	['O', 'O', 'B-Subsumtion', 'I-Subsumtion', 'I-Subsumtion', 'I-Subsumtion', 'I-Subsumtion', 'I-Subsumtion', 'I-Subsumtion']
"['64', '.', 'The', 'Court', 'accepts', 'the', 'Government', ""'s"", 'contention', 'that', 'the', 'circumstances', 'of', 'the', 'present', 'case', 'do', 'not', 'reveal', 'any', 'active', 'endeavour', 'on', 'behalf', 'of', 'the', 'domestic', 'authorities', 'that', 'might', 'be', 'considered', 'as', 'an', 'interference', 'with', 'the', 'applicant', ""'s"", 'right', 'to', 'respect', 'for', 'her', 'home', '.', 'It', 'is', 'true', 'that', 'the', 'domestic', 'authorities', 'recognised', 'the', 'applicant', ""'s"", 'right', 'to', 'occupy', 'the', 'flat', 'in', 'question', 'and', 'consequently', 'ordered', 'the', 'eviction', 'of', 'S.Ž.', 'However', ',', 'the', 'Court', 'reiterates', 'that', 'while', 'the', 'essential', 'object', 'of', 'Article', '8', 'is', 'to', 'protect', 'the', 'individual', 'against', 'arbitrary', 'interference', 'by', 'the', 'public', 'authorities', ',', 'it', 'does', 'not', 'merely', 'compel', 'the', 'State', 'to', 'abstain', 'from', 'such', 'interference', ':', 'in', 'addition', 'to', 'this', 'negative', 'undertaking', ',', 'there', 'may', 'be', 'positive', 'obligations', 'inherent', 'in', 'an', 'effective', 'respect', 'for', 'the', 'applicant', ""'s"", 'rights', 'protected', 'under', 'Article', '8', 'of', 'the', 'Convention', '(', 'see', ',', 'mutatis', 'mutandis', ',', 'Botta', 'v.', 'Italy', ',', 'judgment', 'of', '24', 'February', '1998', ',', 'Reports', '1998', '-', 'I', ',', 'p.', '422', ',', '§', '33', ')', '.']"	['O', 'O', 'B-Subsumtion', 'I-Subsumtion', 'I-Subsumtion', 'I-Subsumtion', 'I-Subsumtion', 'I-Subsumtion', 'I-Subsumtion', 'I-Subsumtion', 'I-Subsumtion', 'I-Subsumtion', 'I-Subsumtion', 'I-Subsumtion', 'I-Subsumtion', 'I-Subsumtion', 'I-Subsumtion', 'I-Subsumtion', 'I-Subsumtion', 'I-Subsumtion', 'I-Subsumtion', 'I-Subsumtion', 'I-Subsumtion', 'I-Subsumtion', 'I-Subsumtion', 'I-Subsumtion', 'I-Subsumtion', 'I-Subsumtion', 'I-Subsumtion', 'I-Subsumtion', 'I-Subsumtion', 'I-Subsumtion', 'I-Subsumtion', 'I-Subsumtion', 'I-Subsumtion', 'I-Subsumtion', 'I-Subsumtion', 'I-Subsumtion', 'I-Subsumtion', 'I-Subsumtion', 'I-Subsumtion', 'I-Subsumtion', 'I-Subsumtion', 'I-Subsumtion', 'I-Subsumtion', 'I-Subsumtion', 'I-Subsumtion', 'I-Subsumtion', 'I-Subsumtion', 'I-Subsumtion', 'I-Subsumtion', 'I-Subsumtion', 'I-Subsumtion', 'I-Subsumtion', 'I-Subsumtion', 'I-Subsumtion', 'I-Subsumtion', 'I-Subsumtion', 'I-Subsumtion', 'I-Subsumtion', 'I-Subsumtion', 'I-Subsumtion', 'I-Subsumtion', 'I-Subsumtion', 'I-Subsumtion', 'I-Subsumtion', 'I-Subsumtion', 'I-Subsumtion', 'I-Subsumtion', 'I-Subsumtion', 'I-Subsumtion', 'B-Vorherige Rechtsprechung des EGMR', 'I-Vorherige Rechtsprechung des EGMR', 'I-Vorherige Rechtsprechung des EGMR', 'I-Vorherige Rechtsprechung des EGMR', 'I-Vorherige Rechtsprechung des EGMR', 'I-Vorherige Rechtsprechung des EGMR', 'I-Vorherige Rechtsprechung des EGMR', 'I-Vorherige Rechtsprechung des EGMR', 'I-Vorherige Rechtsprechung des EGMR', 'I-Vorherige Rechtsprechung des EGMR', 'I-Vorherige Rechtsprechung des EGMR', 'I-Vorherige Rechtsprechung des EGMR', 'I-Vorherige Rechtsprechung des EGMR', 'I-Vorherige Rechtsprechung des EGMR', 'I-Vorherige Rechtsprechung des EGMR', 'I-Vorherige Rechtsprechung des EGMR', 'I-Vorherige Rechtsprechung des EGMR', 'I-Vorherige Rechtsprechung des EGMR', 'I-Vorherige Rechtsprechung des EGMR', 'I-Vorherige Rechtsprechung des EGMR', 'I-Vorherige Rechtsprechung des EGMR', 'I-Vorherige Rechtsprechung des EGMR', 'I-Vorherige Rechtsprechung des EGMR', 'I-Vorherige Rechtsprechung des EGMR', 'I-Vorherige Rechtsprechung des EGMR', 'I-Vorherige Rechtsprechung des EGMR', 'I-Vorherige Rechtsprechung des EGMR', 'I-Vorherige Rechtsprechung des EGMR', 'I-Vorherige Rechtsprechung des EGMR', 'I-Vorherige Rechtsprechung des EGMR', 'I-Vorherige Rechtsprechung des EGMR', 'I-Vorherige Rechtsprechung des EGMR', 'I-Vorherige Rechtsprechung des EGMR', 'I-Vorherige Rechtsprechung des EGMR', 'I-Vorherige Rechtsprechung des EGMR', 'I-Vorherige Rechtsprechung des EGMR', 'I-Vorherige Rechtsprechung des EGMR', 'I-Vorherige Rechtsprechung des EGMR', 'I-Vorherige Rechtsprechung des EGMR', 'I-Vorherige Rechtsprechung des EGMR', 'I-Vorherige Rechtsprechung des EGMR', 'I-Vorherige Rechtsprechung des EGMR', 'I-Vorherige Rechtsprechung des EGMR', 'I-Vorherige Rechtsprechung des EGMR', 'I-Vorherige Rechtsprechung des EGMR', 'I-Vorherige Rechtsprechung des EGMR', 'I-Vorherige Rechtsprechung des EGMR', 'I-Vorherige Rechtsprechung des EGMR', 'I-Vorherige Rechtsprechung des EGMR', 'I-Vorherige Rechtsprechung des EGMR', 'I-Vorherige Rechtsprechung des EGMR', 'I-Vorherige Rechtsprechung des EGMR', 'I-Vorherige Rechtsprechung des EGMR', 'I-Vorherige Rechtsprechung des EGMR', 'I-Vorherige Rechtsprechung des EGMR', 'I-Vorherige Rechtsprechung des EGMR', 'I-Vorherige Rechtsprechung des EGMR', 'I-Vorherige Rechtsprechung des EGMR', 'I-Vorherige Rechtsprechung des EGMR', 'I-Vorherige Rechtsprechung des EGMR', 'I-Vorherige Rechtsprechung des EGMR', 'I-Vorherige Rechtsprechung des EGMR', 'I-Vorherige Rechtsprechung des EGMR', 'I-Vorherige Rechtsprechung des EGMR', 'I-Vorherige Rechtsprechung des EGMR', 'I-Vorherige Rechtsprechung des EGMR', 'I-Vorherige Rechtsprechung des EGMR', 'I-Vorherige Rechtsprechung des EGMR', 'I-Vorherige Rechtsprechung des EGMR', 'I-Vorherige Rechtsprechung des EGMR', 'I-Vorherige Rechtsprechung des EGMR', 'I-Vorherige Rechtsprechung des EGMR', 'I-Vorherige Rechtsprechung des EGMR', 'I-Vorherige Rechtsprechung des EGMR', 'I-Vorherige Rechtsprechung des EGMR', 'I-Vorherige Rechtsprechung des EGMR', 'I-Vorherige Rechtsprechung des EGMR', 'I-Vorherige Rechtsprechung des EGMR', 'I-Vorherige Rechtsprechung des EGMR', 'I-Vorherige Rechtsprechung des EGMR', 'I-Vorherige Rechtsprechung des EGMR', 'I-Vorherige Rechtsprechung des EGMR', 'I-Vorherige Rechtsprechung des EGMR', 'I-Vorherige Rechtsprechung des EGMR', 'I-Vorherige Rechtsprechung des EGMR', 'I-Vorherige Rechtsprechung des EGMR', 'I-Vorherige Rechtsprechung des EGMR', 'I-Vorherige Rechtsprechung des EGMR', 'I-Vorherige Rechtsprechung des EGMR', 'I-Vorherige Rechtsprechung des EGMR', 'I-Vorherige Rechtsprechung des EGMR', 'I-Vorherige Rechtsprechung des EGMR', 'I-Vorherige Rechtsprechung des EGMR', 'I-Vorherige Rechtsprechung des EGMR', 'I-Vorherige Rechtsprechung des EGMR', 'I-Vorherige Rechtsprechung des EGMR']
"['65', '.', 'However', ',', 'the', 'boundaries', 'between', 'the', 'State', ""'s"", 'positive', 'and', 'negative', 'obligations', 'under', 'Article', '8', 'do', 'not', 'lend', 'themselves', 'to', 'precise', 'definition', '.', 'The', 'applicable', 'principles', 'are', 'nonetheless', 'similar', '.', 'In', 'determining', 'whether', 'or', 'not', 'such', 'an', 'obligation', 'exists', ',', 'regard', 'must', 'be', 'had', 'to', 'the', 'fair', 'balance', 'which', 'has', 'to', 'be', 'struck', 'between', 'the', 'general', 'interest', 'and', 'the', 'interests', 'of', 'the', 'individual', ';', 'and', 'in', 'both', 'contexts', 'the', 'State', 'enjoys', 'a', 'certain', 'margin', 'of', 'appreciation', '(', 'see', ',', 'for', 'instance', ',', 'Nuutinen', 'v.', 'Finland', ',', 'judgment', 'of', '27', 'June', '2000', ',', 'Reports', '2000', '-', 'VIII', ',', 'p.', '83', ',', '§', '127', ')', '.']"	['O', 'O', 'B-Vorherige Rechtsprechung des EGMR', 'I-Vorherige Rechtsprechung des EGMR', 'I-Vorherige Rechtsprechung des EGMR', 'I-Vorherige Rechtsprechung des EGMR', 'I-Vorherige Rechtsprechung des EGMR', 'I-Vorherige Rechtsprechung des EGMR', 'I-Vorherige Rechtsprechung des EGMR', 'I-Vorherige Rechtsprechung des EGMR', 'I-Vorherige Rechtsprechung des EGMR', 'I-Vorherige Rechtsprechung des EGMR', 'I-Vorherige Rechtsprechung des EGMR', 'I-Vorherige Rechtsprechung des EGMR', 'I-Vorherige Rechtsprechung des EGMR', 'I-Vorherige Rechtsprechung des EGMR', 'I-Vorherige Rechtsprechung des EGMR', 'I-Vorherige Rechtsprechung des EGMR', 'I-Vorherige Rechtsprechung des EGMR', 'I-Vorherige Rechtsprechung des EGMR', 'I-Vorherige Rechtsprechung des EGMR', 'I-Vorherige Rechtsprechung des EGMR', 'I-Vorherige Rechtsprechung des EGMR', 'I-Vorherige Rechtsprechung des EGMR', 'I-Vorherige Rechtsprechung des EGMR', 'I-Vorherige Rechtsprechung des EGMR', 'I-Vorherige Rechtsprechung des EGMR', 'I-Vorherige Rechtsprechung des EGMR', 'I-Vorherige Rechtsprechung des EGMR', 'I-Vorherige Rechtsprechung des EGMR', 'I-Vorherige Rechtsprechung des EGMR', 'I-Vorherige Rechtsprechung des EGMR', 'I-Vorherige Rechtsprechung des EGMR', 'I-Vorherige Rechtsprechung des EGMR', 'I-Vorherige Rechtsprechung des EGMR', 'I-Vorherige Rechtsprechung des EGMR', 'I-Vorherige Rechtsprechung des EGMR', 'I-Vorherige Rechtsprechung des EGMR', 'I-Vorherige Rechtsprechung des EGMR', 'I-Vorherige Rechtsprechung des EGMR', 'I-Vorherige Rechtsprechung des EGMR', 'I-Vorherige Rechtsprechung des EGMR', 'I-Vorherige Rechtsprechung des EGMR', 'I-Vorherige Rechtsprechung des EGMR', 'I-Vorherige Rechtsprechung des EGMR', 'I-Vorherige Rechtsprechung des EGMR', 'I-Vorherige Rechtsprechung des EGMR', 'I-Vorherige Rechtsprechung des EGMR', 'I-Vorherige Rechtsprechung des EGMR', 'I-Vorherige Rechtsprechung des EGMR', 'I-Vorherige Rechtsprechung des EGMR', 'I-Vorherige Rechtsprechung des EGMR', 'I-Vorherige Rechtsprechung des EGMR', 'I-Vorherige Rechtsprechung des EGMR', 'I-Vorherige Rechtsprechung des EGMR', 'I-Vorherige Rechtsprechung des EGMR', 'I-Vorherige Rechtsprechung des EGMR', 'I-Vorherige Rechtsprechung des EGMR', 'I-Vorherige Rechtsprechung des EGMR', 'I-Vorherige Rechtsprechung des EGMR', 'I-Vorherige Rechtsprechung des EGMR', 'I-Vorherige Rechtsprechung des EGMR', 'I-Vorherige Rechtsprechung des EGMR', 'I-Vorherige Rechtsprechung des EGMR', 'I-Vorherige Rechtsprechung des EGMR', 'I-Vorherige Rechtsprechung des EGMR', 'I-Vorherige Rechtsprechung des EGMR', 'I-Vorherige Rechtsprechung des EGMR', 'I-Vorherige Rechtsprechung des EGMR', 'I-Vorherige Rechtsprechung des EGMR', 'I-Vorherige Rechtsprechung des EGMR', 'I-Vorherige Rechtsprechung des EGMR', 'I-Vorherige Rechtsprechung des EGMR', 'I-Vorherige Rechtsprechung des EGMR', 'I-Vorherige Rechtsprechung des EGMR', 'I-Vorherige Rechtsprechung des EGMR', 'I-Vorherige Rechtsprechung des EGMR', 'I-Vorherige Rechtsprechung des EGMR', 'I-Vorherige Rechtsprechung des EGMR', 'I-Vorherige Rechtsprechung des EGMR', 'I-Vorherige Rechtsprechung des EGMR', 'I-Vorherige Rechtsprechung des EGMR', 'I-Vorherige Rechtsprechung des EGMR', 'I-Vorherige Rechtsprechung des EGMR', 'I-Vorherige Rechtsprechung des EGMR', 'I-Vorherige Rechtsprechung des EGMR', 'I-Vorherige Rechtsprechung des EGMR', 'I-Vorherige Rechtsprechung des EGMR', 'I-Vorherige Rechtsprechung des EGMR', 'I-Vorherige Rechtsprechung des EGMR', 'I-Vorherige Rechtsprechung des EGMR', 'I-Vorherige Rechtsprechung des EGMR', 'I-Vorherige Rechtsprechung des EGMR', 'I-Vorherige Rechtsprechung des EGMR', 'I-Vorherige Rechtsprechung des EGMR', 'I-Vorherige Rechtsprechung des EGMR', 'I-Vorherige Rechtsprechung des EGMR', 'I-Vorherige Rechtsprechung des EGMR', 'I-Vorherige Rechtsprechung des EGMR', 'I-Vorherige Rechtsprechung des EGMR', 'I-Vorherige Rechtsprechung des EGMR', 'I-Vorherige Rechtsprechung des EGMR', 'I-Vorherige Rechtsprechung des EGMR', 'I-Vorherige Rechtsprechung des EGMR', 'I-Vorherige Rechtsprechung des EGMR', 'I-Vorherige Rechtsprechung des EGMR']
"['66', '.', 'The', 'Court', 'reiterates', 'that', 'its', 'task', 'is', 'not', 'to', 'substitute', 'itself', 'for', 'the', 'competent', 'Croatian', 'authorities', 'in', 'determining', 'the', 'most', 'appropriate', 'methods', 'for', 'execution', 'of', 'final', 'domestic', 'judgments', ',', 'but', 'rather', 'to', 'review', 'under', 'the', 'Convention', 'the', 'decisions', 'that', 'those', 'authorities', 'have', 'taken', 'in', 'the', 'exercise', 'of', 'their', 'power', 'of', 'appreciation', '.', 'The', 'Court', 'will', 'therefore', 'examine', 'whether', 'Croatia', ',', 'in', 'handling', 'the', 'applicant', ""'s"", 'case', ',', 'has', 'been', 'in', 'breach', 'of', 'its', 'positive', 'obligation', 'under', 'Article', '8', 'of', 'the', 'Convention', '(', 'see', ',', 'mutatits', 'mutandis', ',', 'Handyside', 'v.', 'the', 'United', 'Kingdom', ',', 'judgment', 'of', '7', 'December', '1976', ',', 'Series', 'A', 'no', '.', '24', ',', 'p.', '23', ',', '§', '49', 'and', 'Hokkanen', 'v.', 'Finland', ',', 'judgment', 'of', '23', 'September', '1994', ',', 'Series', 'A', 'no', '.', '299', '-', 'A', ',', 'p.', '20', ',', '§', '55', ')', '.']"	['O', 'O', 'B-Vorherige Rechtsprechung des EGMR', 'I-Vorherige Rechtsprechung des EGMR', 'I-Vorherige Rechtsprechung des EGMR', 'I-Vorherige Rechtsprechung des EGMR', 'I-Vorherige Rechtsprechung des EGMR', 'I-Vorherige Rechtsprechung des EGMR', 'I-Vorherige Rechtsprechung des EGMR', 'I-Vorherige Rechtsprechung des EGMR', 'I-Vorherige Rechtsprechung des EGMR', 'I-Vorherige Rechtsprechung des EGMR', 'I-Vorherige Rechtsprechung des EGMR', 'I-Vorherige Rechtsprechung des EGMR', 'I-Vorherige Rechtsprechung des EGMR', 'I-Vorherige Rechtsprechung des EGMR', 'I-Vorherige Rechtsprechung des EGMR', 'I-Vorherige Rechtsprechung des EGMR', 'I-Vorherige Rechtsprechung des EGMR', 'I-Vorherige Rechtsprechung des EGMR', 'I-Vorherige Rechtsprechung des EGMR', 'I-Vorherige Rechtsprechung des EGMR', 'I-Vorherige Rechtsprechung des EGMR', 'I-Vorherige Rechtsprechung des EGMR', 'I-Vorherige Rechtsprechung des EGMR', 'I-Vorherige Rechtsprechung des EGMR', 'I-Vorherige Rechtsprechung des EGMR', 'I-Vorherige Rechtsprechung des EGMR', 'I-Vorherige Rechtsprechung des EGMR', 'I-Vorherige Rechtsprechung des EGMR', 'I-Vorherige Rechtsprechung des EGMR', 'I-Vorherige Rechtsprechung des EGMR', 'I-Vorherige Rechtsprechung des EGMR', 'I-Vorherige Rechtsprechung des EGMR', 'I-Vorherige Rechtsprechung des EGMR', 'I-Vorherige Rechtsprechung des EGMR', 'I-Vorherige Rechtsprechung des EGMR', 'I-Vorherige Rechtsprechung des EGMR', 'I-Vorherige Rechtsprechung des EGMR', 'I-Vorherige Rechtsprechung des EGMR', 'I-Vorherige Rechtsprechung des EGMR', 'I-Vorherige Rechtsprechung des EGMR', 'I-Vorherige Rechtsprechung des EGMR', 'I-Vorherige Rechtsprechung des EGMR', 'I-Vorherige Rechtsprechung des EGMR', 'I-Vorherige Rechtsprechung des EGMR', 'I-Vorherige Rechtsprechung des EGMR', 'I-Vorherige Rechtsprechung des EGMR', 'I-Vorherige Rechtsprechung des EGMR', 'I-Vorherige Rechtsprechung des EGMR', 'I-Vorherige Rechtsprechung des EGMR', 'I-Vorherige Rechtsprechung des EGMR', 'I-Vorherige Rechtsprechung des EGMR', 'I-Vorherige Rechtsprechung des EGMR', 'B-Subsumtion', 'I-Subsumtion', 'I-Subsumtion', 'I-Subsumtion', 'I-Subsumtion', 'I-Subsumtion', 'I-Subsumtion', 'I-Subsumtion', 'I-Subsumtion', 'I-Subsumtion', 'I-Subsumtion', 'I-Subsumtion', 'I-Subsumtion', 'I-Subsumtion', 'I-Subsumtion', 'I-Subsumtion', 'I-Subsumtion', 'I-Subsumtion', 'I-Subsumtion', 'I-Subsumtion', 'I-Subsumtion', 'I-Subsumtion', 'I-Subsumtion', 'I-Subsumtion', 'I-Subsumtion', 'I-Subsumtion', 'I-Subsumtion', 'I-Subsumtion', 'I-Subsumtion', 'I-Subsumtion', 'I-Subsumtion', 'I-Subsumtion', 'I-Subsumtion', 'I-Subsumtion', 'I-Subsumtion', 'I-Subsumtion', 'I-Subsumtion', 'I-Subsumtion', 'I-Subsumtion', 'I-Subsumtion', 'I-Subsumtion', 'I-Subsumtion', 'I-Subsumtion', 'I-Subsumtion', 'I-Subsumtion', 'I-Subsumtion', 'I-Subsumtion', 'I-Subsumtion', 'I-Subsumtion', 'I-Subsumtion', 'I-Subsumtion', 'I-Subsumtion', 'I-Subsumtion', 'I-Subsumtion', 'I-Subsumtion', 'I-Subsumtion', 'I-Subsumtion', 'I-Subsumtion', 'I-Subsumtion', 'I-Subsumtion', 'I-Subsumtion', 'I-Subsumtion', 'I-Subsumtion', 'I-Subsumtion', 'I-Subsumtion', 'I-Subsumtion', 'I-Subsumtion', 'I-Subsumtion', 'I-Subsumtion', 'I-Subsumtion', 'I-Subsumtion', 'I-Subsumtion', 'I-Subsumtion', 'I-Subsumtion', 'I-Subsumtion', 'I-Subsumtion', 'I-Subsumtion', 'I-Subsumtion', 'I-Subsumtion', 'I-Subsumtion', 'I-Subsumtion', 'I-Subsumtion', 'I-Subsumtion', 'I-Subsumtion']
"['67', '.', 'As', 'to', 'the', 'facts', 'of', 'the', 'present', 'case', ',', 'the', 'Court', 'firstly', 'notes', 'that', 'the', 'flat', 'in', 'question', 'was', 'the', 'applicant', ""'s"", 'home', 'where', 'she', 'had', 'lived', 'before', 'S.Ž.', 'moved', 'in', 'and', 'thus', 'prevented', 'the', 'applicant', 'from', 'living', 'there', '.', 'The', 'Court', 'notes', 'further', 'that', 'S.Ž.', 'forcefully', 'broke', 'into', 'the', 'applicant', ""'s"", 'flat', 'and', 'was', 'living', 'there', 'without', 'any', 'legal', 'ground', ',', 'as', 'it', 'was', 'established', 'by', 'the', 'domestic', 'courts', '(', 'see', '§', '11', 'above', ')', '.']"	['O', 'O', 'B-Verhältnismäßigkeitsprüfung – Angemessenheit', 'I-Verhältnismäßigkeitsprüfung – Angemessenheit', 'I-Verhältnismäßigkeitsprüfung – Angemessenheit', 'I-Verhältnismäßigkeitsprüfung – Angemessenheit', 'I-Verhältnismäßigkeitsprüfung – Angemessenheit', 'I-Verhältnismäßigkeitsprüfung – Angemessenheit', 'I-Verhältnismäßigkeitsprüfung – Angemessenheit', 'I-Verhältnismäßigkeitsprüfung – Angemessenheit', 'I-Verhältnismäßigkeitsprüfung – Angemessenheit', 'I-Verhältnismäßigkeitsprüfung – Angemessenheit', 'I-Verhältnismäßigkeitsprüfung – Angemessenheit', 'I-Verhältnismäßigkeitsprüfung – Angemessenheit', 'I-Verhältnismäßigkeitsprüfung – Angemessenheit', 'I-Verhältnismäßigkeitsprüfung – Angemessenheit', 'I-Verhältnismäßigkeitsprüfung – Angemessenheit', 'I-Verhältnismäßigkeitsprüfung – Angemessenheit', 'I-Verhältnismäßigkeitsprüfung – Angemessenheit', 'I-Verhältnismäßigkeitsprüfung – Angemessenheit', 'I-Verhältnismäßigkeitsprüfung – Angemessenheit', 'I-Verhältnismäßigkeitsprüfung – Angemessenheit', 'I-Verhältnismäßigkeitsprüfung – Angemessenheit', 'I-Verhältnismäßigkeitsprüfung – Angemessenheit', 'I-Verhältnismäßigkeitsprüfung – Angemessenheit', 'I-Verhältnismäßigkeitsprüfung – Angemessenheit', 'I-Verhältnismäßigkeitsprüfung – Angemessenheit', 'I-Verhältnismäßigkeitsprüfung – Angemessenheit', 'I-Verhältnismäßigkeitsprüfung – Angemessenheit', 'I-Verhältnismäßigkeitsprüfung – Angemessenheit', 'I-Verhältnismäßigkeitsprüfung – Angemessenheit', 'I-Verhältnismäßigkeitsprüfung – Angemessenheit', 'I-Verhältnismäßigkeitsprüfung – Angemessenheit', 'I-Verhältnismäßigkeitsprüfung – Angemessenheit', 'I-Verhältnismäßigkeitsprüfung – Angemessenheit', 'I-Verhältnismäßigkeitsprüfung – Angemessenheit', 'I-Verhältnismäßigkeitsprüfung – Angemessenheit', 'I-Verhältnismäßigkeitsprüfung – Angemessenheit', 'I-Verhältnismäßigkeitsprüfung – Angemessenheit', 'I-Verhältnismäßigkeitsprüfung – Angemessenheit', 'I-Verhältnismäßigkeitsprüfung – Angemessenheit', 'I-Verhältnismäßigkeitsprüfung – Angemessenheit', 'I-Verhältnismäßigkeitsprüfung – Angemessenheit', 'I-Verhältnismäßigkeitsprüfung – Angemessenheit', 'I-Verhältnismäßigkeitsprüfung – Angemessenheit', 'I-Verhältnismäßigkeitsprüfung – Angemessenheit', 'I-Verhältnismäßigkeitsprüfung – Angemessenheit', 'I-Verhältnismäßigkeitsprüfung – Angemessenheit', 'I-Verhältnismäßigkeitsprüfung – Angemessenheit', 'I-Verhältnismäßigkeitsprüfung – Angemessenheit', 'I-Verhältnismäßigkeitsprüfung – Angemessenheit', 'I-Verhältnismäßigkeitsprüfung – Angemessenheit', 'I-Verhältnismäßigkeitsprüfung – Angemessenheit', 'I-Verhältnismäßigkeitsprüfung – Angemessenheit', 'I-Verhältnismäßigkeitsprüfung – Angemessenheit', 'I-Verhältnismäßigkeitsprüfung – Angemessenheit', 'I-Verhältnismäßigkeitsprüfung – Angemessenheit', 'I-Verhältnismäßigkeitsprüfung – Angemessenheit', 'I-Verhältnismäßigkeitsprüfung – Angemessenheit', 'I-Verhältnismäßigkeitsprüfung – Angemessenheit', 'I-Verhältnismäßigkeitsprüfung – Angemessenheit', 'I-Verhältnismäßigkeitsprüfung – Angemessenheit', 'I-Verhältnismäßigkeitsprüfung – Angemessenheit', 'I-Verhältnismäßigkeitsprüfung – Angemessenheit', 'I-Verhältnismäßigkeitsprüfung – Angemessenheit', 'I-Verhältnismäßigkeitsprüfung – Angemessenheit', 'I-Verhältnismäßigkeitsprüfung – Angemessenheit', 'I-Verhältnismäßigkeitsprüfung – Angemessenheit', 'I-Verhältnismäßigkeitsprüfung – Angemessenheit', 'I-Verhältnismäßigkeitsprüfung – Angemessenheit', 'I-Verhältnismäßigkeitsprüfung – Angemessenheit', 'I-Verhältnismäßigkeitsprüfung – Angemessenheit', 'I-Verhältnismäßigkeitsprüfung – Angemessenheit', 'I-Verhältnismäßigkeitsprüfung – Angemessenheit', 'I-Verhältnismäßigkeitsprüfung – Angemessenheit', 'I-Verhältnismäßigkeitsprüfung – Angemessenheit', 'I-Verhältnismäßigkeitsprüfung – Angemessenheit', 'I-Verhältnismäßigkeitsprüfung – Angemessenheit', 'I-Verhältnismäßigkeitsprüfung – Angemessenheit']
"['68', '.', 'Although', 'the', 'Zagreb', 'Municipal', 'Court', 'recognised', 'the', 'applicant', ""'s"", 'right', 'to', 'live', 'in', 'her', 'home', 'and', 'ordered', 'eviction', 'of', 'S.Ž.', ',', 'the', 'judgment', 'of', 'that', 'court', 'was', 'not', 'enforced', 'for', 'a', 'very', 'long', 'period', 'of', 'time', 'as', 'it', 'has', 'been', 'established', 'under', 'the', 'Court', ""'s"", 'assessments', 'concerning', 'violation', 'of', 'Article', '6', '§', '1', 'of', 'the', 'Convention', '.', 'The', 'Court', 'has', 'found', 'that', 'the', 'delays', 'in', 'carrying', 'out', 'the', 'execution', 'order', 'were', 'entirely', 'attributable', 'to', 'the', 'domestic', 'authorities', '(', 'see', '§', '§', '56', '-', '60', 'above', ')', '.', 'In', 'the', 'present', 'case', 'the', 'only', 'avenue', 'by', 'which', 'the', 'applicant', 'could', 'have', 'repossessed', 'her', 'flat', 'was', 'through', 'judicial', 'proceedings', 'before', 'a', 'civil', 'court', ',', 'since', 'the', 'occupiers', 'refused', 'to', 'comply', 'with', 'the', 'court', ""'s"", 'judgment', 'ordering', 'their', 'eviction', '.']"	['O', 'O', 'B-Verhältnismäßigkeitsprüfung – Angemessenheit', 'I-Verhältnismäßigkeitsprüfung – Angemessenheit', 'I-Verhältnismäßigkeitsprüfung – Angemessenheit', 'I-Verhältnismäßigkeitsprüfung – Angemessenheit', 'I-Verhältnismäßigkeitsprüfung – Angemessenheit', 'I-Verhältnismäßigkeitsprüfung – Angemessenheit', 'I-Verhältnismäßigkeitsprüfung – Angemessenheit', 'I-Verhältnismäßigkeitsprüfung – Angemessenheit', 'I-Verhältnismäßigkeitsprüfung – Angemessenheit', 'I-Verhältnismäßigkeitsprüfung – Angemessenheit', 'I-Verhältnismäßigkeitsprüfung – Angemessenheit', 'I-Verhältnismäßigkeitsprüfung – Angemessenheit', 'I-Verhältnismäßigkeitsprüfung – Angemessenheit', 'I-Verhältnismäßigkeitsprüfung – Angemessenheit', 'I-Verhältnismäßigkeitsprüfung – Angemessenheit', 'I-Verhältnismäßigkeitsprüfung – Angemessenheit', 'I-Verhältnismäßigkeitsprüfung – Angemessenheit', 'I-Verhältnismäßigkeitsprüfung – Angemessenheit', 'I-Verhältnismäßigkeitsprüfung – Angemessenheit', 'I-Verhältnismäßigkeitsprüfung – Angemessenheit', 'I-Verhältnismäßigkeitsprüfung – Angemessenheit', 'I-Verhältnismäßigkeitsprüfung – Angemessenheit', 'I-Verhältnismäßigkeitsprüfung – Angemessenheit', 'I-Verhältnismäßigkeitsprüfung – Angemessenheit', 'I-Verhältnismäßigkeitsprüfung – Angemessenheit', 'I-Verhältnismäßigkeitsprüfung – Angemessenheit', 'I-Verhältnismäßigkeitsprüfung – Angemessenheit', 'I-Verhältnismäßigkeitsprüfung – Angemessenheit', 'I-Verhältnismäßigkeitsprüfung – Angemessenheit', 'I-Verhältnismäßigkeitsprüfung – Angemessenheit', 'I-Verhältnismäßigkeitsprüfung – Angemessenheit', 'I-Verhältnismäßigkeitsprüfung – Angemessenheit', 'I-Verhältnismäßigkeitsprüfung – Angemessenheit', 'I-Verhältnismäßigkeitsprüfung – Angemessenheit', 'I-Verhältnismäßigkeitsprüfung – Angemessenheit', 'I-Verhältnismäßigkeitsprüfung – Angemessenheit', 'I-Verhältnismäßigkeitsprüfung – Angemessenheit', 'I-Verhältnismäßigkeitsprüfung – Angemessenheit', 'I-Verhältnismäßigkeitsprüfung – Angemessenheit', 'I-Verhältnismäßigkeitsprüfung – Angemessenheit', 'I-Verhältnismäßigkeitsprüfung – Angemessenheit', 'I-Verhältnismäßigkeitsprüfung – Angemessenheit', 'I-Verhältnismäßigkeitsprüfung – Angemessenheit', 'I-Verhältnismäßigkeitsprüfung – Angemessenheit', 'I-Verhältnismäßigkeitsprüfung – Angemessenheit', 'I-Verhältnismäßigkeitsprüfung – Angemessenheit', 'I-Verhältnismäßigkeitsprüfung – Angemessenheit', 'I-Verhältnismäßigkeitsprüfung – Angemessenheit', 'I-Verhältnismäßigkeitsprüfung – Angemessenheit', 'I-Verhältnismäßigkeitsprüfung – Angemessenheit', 'I-Verhältnismäßigkeitsprüfung – Angemessenheit', 'I-Verhältnismäßigkeitsprüfung – Angemessenheit', 'I-Verhältnismäßigkeitsprüfung – Angemessenheit', 'I-Verhältnismäßigkeitsprüfung – Angemessenheit', 'I-Verhältnismäßigkeitsprüfung – Angemessenheit', 'I-Verhältnismäßigkeitsprüfung – Angemessenheit', 'I-Verhältnismäßigkeitsprüfung – Angemessenheit', 'I-Verhältnismäßigkeitsprüfung – Angemessenheit', 'I-Verhältnismäßigkeitsprüfung – Angemessenheit', 'I-Verhältnismäßigkeitsprüfung – Angemessenheit', 'I-Verhältnismäßigkeitsprüfung – Angemessenheit', 'I-Verhältnismäßigkeitsprüfung – Angemessenheit', 'I-Verhältnismäßigkeitsprüfung – Angemessenheit', 'I-Verhältnismäßigkeitsprüfung – Angemessenheit', 'I-Verhältnismäßigkeitsprüfung – Angemessenheit', 'I-Verhältnismäßigkeitsprüfung – Angemessenheit', 'I-Verhältnismäßigkeitsprüfung – Angemessenheit', 'I-Verhältnismäßigkeitsprüfung – Angemessenheit', 'I-Verhältnismäßigkeitsprüfung – Angemessenheit', 'I-Verhältnismäßigkeitsprüfung – Angemessenheit', 'I-Verhältnismäßigkeitsprüfung – Angemessenheit', 'I-Verhältnismäßigkeitsprüfung – Angemessenheit', 'I-Verhältnismäßigkeitsprüfung – Angemessenheit', 'I-Verhältnismäßigkeitsprüfung – Angemessenheit', 'I-Verhältnismäßigkeitsprüfung – Angemessenheit', 'I-Verhältnismäßigkeitsprüfung – Angemessenheit', 'I-Verhältnismäßigkeitsprüfung – Angemessenheit', 'I-Verhältnismäßigkeitsprüfung – Angemessenheit', 'I-Verhältnismäßigkeitsprüfung – Angemessenheit', 'I-Verhältnismäßigkeitsprüfung – Angemessenheit', 'I-Verhältnismäßigkeitsprüfung – Angemessenheit', 'I-Verhältnismäßigkeitsprüfung – Angemessenheit', 'I-Verhältnismäßigkeitsprüfung – Angemessenheit', 'I-Verhältnismäßigkeitsprüfung – Angemessenheit', 'I-Verhältnismäßigkeitsprüfung – Angemessenheit', 'I-Verhältnismäßigkeitsprüfung – Angemessenheit', 'I-Verhältnismäßigkeitsprüfung – Angemessenheit', 'I-Verhältnismäßigkeitsprüfung – Angemessenheit', 'I-Verhältnismäßigkeitsprüfung – Angemessenheit', 'I-Verhältnismäßigkeitsprüfung – Angemessenheit', 'I-Verhältnismäßigkeitsprüfung – Angemessenheit', 'I-Verhältnismäßigkeitsprüfung – Angemessenheit', 'I-Verhältnismäßigkeitsprüfung – Angemessenheit', 'I-Verhältnismäßigkeitsprüfung – Angemessenheit', 'I-Verhältnismäßigkeitsprüfung – Angemessenheit', 'I-Verhältnismäßigkeitsprüfung – Angemessenheit', 'I-Verhältnismäßigkeitsprüfung – Angemessenheit', 'I-Verhältnismäßigkeitsprüfung – Angemessenheit', 'I-Verhältnismäßigkeitsprüfung – Angemessenheit', 'I-Verhältnismäßigkeitsprüfung – Angemessenheit', 'I-Verhältnismäßigkeitsprüfung – Angemessenheit', 'I-Verhältnismäßigkeitsprüfung – Angemessenheit', 'I-Verhältnismäßigkeitsprüfung – Angemessenheit', 'I-Verhältnismäßigkeitsprüfung – Angemessenheit', 'I-Verhältnismäßigkeitsprüfung – Angemessenheit', 'I-Verhältnismäßigkeitsprüfung – Angemessenheit', 'I-Verhältnismäßigkeitsprüfung – Angemessenheit', 'I-Verhältnismäßigkeitsprüfung – Angemessenheit', 'I-Verhältnismäßigkeitsprüfung – Angemessenheit', 'I-Verhältnismäßigkeitsprüfung – Angemessenheit', 'I-Verhältnismäßigkeitsprüfung – Angemessenheit', 'I-Verhältnismäßigkeitsprüfung – Angemessenheit', 'I-Verhältnismäßigkeitsprüfung – Angemessenheit', 'I-Verhältnismäßigkeitsprüfung – Angemessenheit', 'I-Verhältnismäßigkeitsprüfung – Angemessenheit', 'I-Verhältnismäßigkeitsprüfung – Angemessenheit', 'I-Verhältnismäßigkeitsprüfung – Angemessenheit', 'I-Verhältnismäßigkeitsprüfung – Angemessenheit', 'I-Verhältnismäßigkeitsprüfung – Angemessenheit', 'I-Verhältnismäßigkeitsprüfung – Angemessenheit', 'I-Verhältnismäßigkeitsprüfung – Angemessenheit', 'I-Verhältnismäßigkeitsprüfung – Angemessenheit', 'I-Verhältnismäßigkeitsprüfung – Angemessenheit', 'I-Verhältnismäßigkeitsprüfung – Angemessenheit', 'I-Verhältnismäßigkeitsprüfung – Angemessenheit', 'I-Verhältnismäßigkeitsprüfung – Angemessenheit', 'I-Verhältnismäßigkeitsprüfung – Angemessenheit']
"['69', '.', 'The', 'Court', 'notes', 'that', 'due', 'to', 'the', 'fact', 'that', 'the', 'Zagreb', 'Municipal', 'Court', ""'s"", 'judgment', 'ordering', 'the', 'eviction', 'of', 'S.Ž.', 'was', 'not', 'executed', 'for', 'a', 'prolonged', 'period', 'of', 'time', ',', 'the', 'applicant', 'was', 'prevented', 'from', 'living', 'in', 'her', 'home', 'for', 'a', 'period', 'of', 'more', 'than', 'three', 'years', 'after', 'the', 'Convention', 'entered', 'into', 'force', 'in', 'respect', 'of', 'Croatia', '.']"	['O', 'O', 'B-Verhältnismäßigkeitsprüfung – Angemessenheit', 'I-Verhältnismäßigkeitsprüfung – Angemessenheit', 'I-Verhältnismäßigkeitsprüfung – Angemessenheit', 'I-Verhältnismäßigkeitsprüfung – Angemessenheit', 'I-Verhältnismäßigkeitsprüfung – Angemessenheit', 'I-Verhältnismäßigkeitsprüfung – Angemessenheit', 'I-Verhältnismäßigkeitsprüfung – Angemessenheit', 'I-Verhältnismäßigkeitsprüfung – Angemessenheit', 'I-Verhältnismäßigkeitsprüfung – Angemessenheit', 'I-Verhältnismäßigkeitsprüfung – Angemessenheit', 'I-Verhältnismäßigkeitsprüfung – Angemessenheit', 'I-Verhältnismäßigkeitsprüfung – Angemessenheit', 'I-Verhältnismäßigkeitsprüfung – Angemessenheit', 'I-Verhältnismäßigkeitsprüfung – Angemessenheit', 'I-Verhältnismäßigkeitsprüfung – Angemessenheit', 'I-Verhältnismäßigkeitsprüfung – Angemessenheit', 'I-Verhältnismäßigkeitsprüfung – Angemessenheit', 'I-Verhältnismäßigkeitsprüfung – Angemessenheit', 'I-Verhältnismäßigkeitsprüfung – Angemessenheit', 'I-Verhältnismäßigkeitsprüfung – Angemessenheit', 'I-Verhältnismäßigkeitsprüfung – Angemessenheit', 'I-Verhältnismäßigkeitsprüfung – Angemessenheit', 'I-Verhältnismäßigkeitsprüfung – Angemessenheit', 'I-Verhältnismäßigkeitsprüfung – Angemessenheit', 'I-Verhältnismäßigkeitsprüfung – Angemessenheit', 'I-Verhältnismäßigkeitsprüfung – Angemessenheit', 'I-Verhältnismäßigkeitsprüfung – Angemessenheit', 'I-Verhältnismäßigkeitsprüfung – Angemessenheit', 'I-Verhältnismäßigkeitsprüfung – Angemessenheit', 'I-Verhältnismäßigkeitsprüfung – Angemessenheit', 'I-Verhältnismäßigkeitsprüfung – Angemessenheit', 'I-Verhältnismäßigkeitsprüfung – Angemessenheit', 'I-Verhältnismäßigkeitsprüfung – Angemessenheit', 'I-Verhältnismäßigkeitsprüfung – Angemessenheit', 'I-Verhältnismäßigkeitsprüfung – Angemessenheit', 'I-Verhältnismäßigkeitsprüfung – Angemessenheit', 'I-Verhältnismäßigkeitsprüfung – Angemessenheit', 'I-Verhältnismäßigkeitsprüfung – Angemessenheit', 'I-Verhältnismäßigkeitsprüfung – Angemessenheit', 'I-Verhältnismäßigkeitsprüfung – Angemessenheit', 'I-Verhältnismäßigkeitsprüfung – Angemessenheit', 'I-Verhältnismäßigkeitsprüfung – Angemessenheit', 'I-Verhältnismäßigkeitsprüfung – Angemessenheit', 'I-Verhältnismäßigkeitsprüfung – Angemessenheit', 'I-Verhältnismäßigkeitsprüfung – Angemessenheit', 'I-Verhältnismäßigkeitsprüfung – Angemessenheit', 'I-Verhältnismäßigkeitsprüfung – Angemessenheit', 'I-Verhältnismäßigkeitsprüfung – Angemessenheit', 'I-Verhältnismäßigkeitsprüfung – Angemessenheit', 'I-Verhältnismäßigkeitsprüfung – Angemessenheit', 'I-Verhältnismäßigkeitsprüfung – Angemessenheit', 'I-Verhältnismäßigkeitsprüfung – Angemessenheit', 'I-Verhältnismäßigkeitsprüfung – Angemessenheit', 'I-Verhältnismäßigkeitsprüfung – Angemessenheit', 'I-Verhältnismäßigkeitsprüfung – Angemessenheit', 'I-Verhältnismäßigkeitsprüfung – Angemessenheit', 'I-Verhältnismäßigkeitsprüfung – Angemessenheit', 'I-Verhältnismäßigkeitsprüfung – Angemessenheit']
"['70', '.', 'As', 'it', 'has', 'already', 'been', 'established', 'under', 'the', 'assessment', 'under', 'Article', '6', '§', '1', 'of', 'the', 'Convention', ',', 'the', 'Court', 'does', 'not', 'find', 'that', 'there', 'existed', 'any', 'special', 'circumstances', 'which', 'would', 'have', 'justified', 'non', '-', 'execution', 'of', 'the', 'Zagreb', 'Municipal', 'Court', ""'s"", 'judgment', 'for', 'such', 'a', 'long', 'period', 'of', 'time', '.', 'To', 'the', 'contrary', ',', 'it', 'is', 'evident', 'that', 'the', 'Contracting', 'State', 'did', 'not', 'show', 'that', 'it', 'organised', 'its', 'legal', 'system', 'in', 'such', 'a', 'way', 'that', 'it', 'would', 'prevent', 'obstruction', 'of', 'the', 'execution', 'of', 'the', 'final', 'judgments', 'of', 'its', 'courts', '.', 'Such', 'a', 'failure', 'on', 'the', 'part', 'of', 'the', 'Contracting', 'State', 'in', 'the', 'present', 'case', 'created', 'or', 'at', 'least', 'enabled', 'a', 'situation', 'where', 'the', 'applicant', 'was', 'prevented', 'from', 'enjoying', 'her', 'home', 'for', 'a', 'very', 'long', 'period', 'of', 'time', '.', 'Thus', ',', 'it', 'can', 'not', 'be', 'said', 'that', 'the', 'Contracting', 'State', 'complied', 'with', 'its', 'positive', 'obligations', 'under', 'Article', '8', 'of', 'the', 'Convention', 'to', 'secure', 'to', 'the', 'applicant', 'respect', 'for', 'her', 'home', '.']"	['O', 'O', 'B-Verhältnismäßigkeitsprüfung – Angemessenheit', 'I-Verhältnismäßigkeitsprüfung – Angemessenheit', 'I-Verhältnismäßigkeitsprüfung – Angemessenheit', 'I-Verhältnismäßigkeitsprüfung – Angemessenheit', 'I-Verhältnismäßigkeitsprüfung – Angemessenheit', 'I-Verhältnismäßigkeitsprüfung – Angemessenheit', 'I-Verhältnismäßigkeitsprüfung – Angemessenheit', 'I-Verhältnismäßigkeitsprüfung – Angemessenheit', 'I-Verhältnismäßigkeitsprüfung – Angemessenheit', 'I-Verhältnismäßigkeitsprüfung – Angemessenheit', 'I-Verhältnismäßigkeitsprüfung – Angemessenheit', 'I-Verhältnismäßigkeitsprüfung – Angemessenheit', 'I-Verhältnismäßigkeitsprüfung – Angemessenheit', 'I-Verhältnismäßigkeitsprüfung – Angemessenheit', 'I-Verhältnismäßigkeitsprüfung – Angemessenheit', 'I-Verhältnismäßigkeitsprüfung – Angemessenheit', 'I-Verhältnismäßigkeitsprüfung – Angemessenheit', 'I-Verhältnismäßigkeitsprüfung – Angemessenheit', 'I-Verhältnismäßigkeitsprüfung – Angemessenheit', 'I-Verhältnismäßigkeitsprüfung – Angemessenheit', 'I-Verhältnismäßigkeitsprüfung – Angemessenheit', 'I-Verhältnismäßigkeitsprüfung – Angemessenheit', 'I-Verhältnismäßigkeitsprüfung – Angemessenheit', 'I-Verhältnismäßigkeitsprüfung – Angemessenheit', 'I-Verhältnismäßigkeitsprüfung – Angemessenheit', 'I-Verhältnismäßigkeitsprüfung – Angemessenheit', 'I-Verhältnismäßigkeitsprüfung – Angemessenheit', 'I-Verhältnismäßigkeitsprüfung – Angemessenheit', 'I-Verhältnismäßigkeitsprüfung – Angemessenheit', 'I-Verhältnismäßigkeitsprüfung – Angemessenheit', 'I-Verhältnismäßigkeitsprüfung – Angemessenheit', 'I-Verhältnismäßigkeitsprüfung – Angemessenheit', 'I-Verhältnismäßigkeitsprüfung – Angemessenheit', 'I-Verhältnismäßigkeitsprüfung – Angemessenheit', 'I-Verhältnismäßigkeitsprüfung – Angemessenheit', 'I-Verhältnismäßigkeitsprüfung – Angemessenheit', 'I-Verhältnismäßigkeitsprüfung – Angemessenheit', 'I-Verhältnismäßigkeitsprüfung – Angemessenheit', 'I-Verhältnismäßigkeitsprüfung – Angemessenheit', 'I-Verhältnismäßigkeitsprüfung – Angemessenheit', 'I-Verhältnismäßigkeitsprüfung – Angemessenheit', 'I-Verhältnismäßigkeitsprüfung – Angemessenheit', 'I-Verhältnismäßigkeitsprüfung – Angemessenheit', 'I-Verhältnismäßigkeitsprüfung – Angemessenheit', 'I-Verhältnismäßigkeitsprüfung – Angemessenheit', 'I-Verhältnismäßigkeitsprüfung – Angemessenheit', 'I-Verhältnismäßigkeitsprüfung – Angemessenheit', 'I-Verhältnismäßigkeitsprüfung – Angemessenheit', 'I-Verhältnismäßigkeitsprüfung – Angemessenheit', 'I-Verhältnismäßigkeitsprüfung – Angemessenheit', 'I-Verhältnismäßigkeitsprüfung – Angemessenheit', 'I-Verhältnismäßigkeitsprüfung – Angemessenheit', 'I-Verhältnismäßigkeitsprüfung – Angemessenheit', 'I-Verhältnismäßigkeitsprüfung – Angemessenheit', 'I-Verhältnismäßigkeitsprüfung – Angemessenheit', 'I-Verhältnismäßigkeitsprüfung – Angemessenheit', 'I-Verhältnismäßigkeitsprüfung – Angemessenheit', 'I-Verhältnismäßigkeitsprüfung – Angemessenheit', 'I-Verhältnismäßigkeitsprüfung – Angemessenheit', 'I-Verhältnismäßigkeitsprüfung – Angemessenheit', 'I-Verhältnismäßigkeitsprüfung – Angemessenheit', 'I-Verhältnismäßigkeitsprüfung – Angemessenheit', 'I-Verhältnismäßigkeitsprüfung – Angemessenheit', 'I-Verhältnismäßigkeitsprüfung – Angemessenheit', 'I-Verhältnismäßigkeitsprüfung – Angemessenheit', 'I-Verhältnismäßigkeitsprüfung – Angemessenheit', 'I-Verhältnismäßigkeitsprüfung – Angemessenheit', 'I-Verhältnismäßigkeitsprüfung – Angemessenheit', 'I-Verhältnismäßigkeitsprüfung – Angemessenheit', 'I-Verhältnismäßigkeitsprüfung – Angemessenheit', 'I-Verhältnismäßigkeitsprüfung – Angemessenheit', 'I-Verhältnismäßigkeitsprüfung – Angemessenheit', 'I-Verhältnismäßigkeitsprüfung – Angemessenheit', 'I-Verhältnismäßigkeitsprüfung – Angemessenheit', 'I-Verhältnismäßigkeitsprüfung – Angemessenheit', 'I-Verhältnismäßigkeitsprüfung – Angemessenheit', 'I-Verhältnismäßigkeitsprüfung – Angemessenheit', 'I-Verhältnismäßigkeitsprüfung – Angemessenheit', 'I-Verhältnismäßigkeitsprüfung – Angemessenheit', 'I-Verhältnismäßigkeitsprüfung – Angemessenheit', 'I-Verhältnismäßigkeitsprüfung – Angemessenheit', 'I-Verhältnismäßigkeitsprüfung – Angemessenheit', 'I-Verhältnismäßigkeitsprüfung – Angemessenheit', 'I-Verhältnismäßigkeitsprüfung – Angemessenheit', 'I-Verhältnismäßigkeitsprüfung – Angemessenheit', 'I-Verhältnismäßigkeitsprüfung – Angemessenheit', 'I-Verhältnismäßigkeitsprüfung – Angemessenheit', 'I-Verhältnismäßigkeitsprüfung – Angemessenheit', 'I-Verhältnismäßigkeitsprüfung – Angemessenheit', 'I-Verhältnismäßigkeitsprüfung – Angemessenheit', 'I-Verhältnismäßigkeitsprüfung – Angemessenheit', 'I-Verhältnismäßigkeitsprüfung – Angemessenheit', 'I-Verhältnismäßigkeitsprüfung – Angemessenheit', 'I-Verhältnismäßigkeitsprüfung – Angemessenheit', 'I-Verhältnismäßigkeitsprüfung – Angemessenheit', 'I-Verhältnismäßigkeitsprüfung – Angemessenheit', 'I-Verhältnismäßigkeitsprüfung – Angemessenheit', 'I-Verhältnismäßigkeitsprüfung – Angemessenheit', 'I-Verhältnismäßigkeitsprüfung – Angemessenheit', 'I-Verhältnismäßigkeitsprüfung – Angemessenheit', 'I-Verhältnismäßigkeitsprüfung – Angemessenheit', 'I-Verhältnismäßigkeitsprüfung – Angemessenheit', 'I-Verhältnismäßigkeitsprüfung – Angemessenheit', 'I-Verhältnismäßigkeitsprüfung – Angemessenheit', 'I-Verhältnismäßigkeitsprüfung – Angemessenheit', 'I-Verhältnismäßigkeitsprüfung – Angemessenheit', 'I-Verhältnismäßigkeitsprüfung – Angemessenheit', 'I-Verhältnismäßigkeitsprüfung – Angemessenheit', 'I-Verhältnismäßigkeitsprüfung – Angemessenheit', 'I-Verhältnismäßigkeitsprüfung – Angemessenheit', 'I-Verhältnismäßigkeitsprüfung – Angemessenheit', 'I-Verhältnismäßigkeitsprüfung – Angemessenheit', 'I-Verhältnismäßigkeitsprüfung – Angemessenheit', 'I-Verhältnismäßigkeitsprüfung – Angemessenheit', 'I-Verhältnismäßigkeitsprüfung – Angemessenheit', 'I-Verhältnismäßigkeitsprüfung – Angemessenheit', 'I-Verhältnismäßigkeitsprüfung – Angemessenheit', 'I-Verhältnismäßigkeitsprüfung – Angemessenheit', 'I-Verhältnismäßigkeitsprüfung – Angemessenheit', 'I-Verhältnismäßigkeitsprüfung – Angemessenheit', 'I-Verhältnismäßigkeitsprüfung – Angemessenheit', 'I-Verhältnismäßigkeitsprüfung – Angemessenheit', 'I-Verhältnismäßigkeitsprüfung – Angemessenheit', 'I-Verhältnismäßigkeitsprüfung – Angemessenheit', 'I-Verhältnismäßigkeitsprüfung – Angemessenheit', 'I-Verhältnismäßigkeitsprüfung – Angemessenheit', 'I-Verhältnismäßigkeitsprüfung – Angemessenheit', 'I-Verhältnismäßigkeitsprüfung – Angemessenheit', 'I-Verhältnismäßigkeitsprüfung – Angemessenheit', 'I-Verhältnismäßigkeitsprüfung – Angemessenheit', 'I-Verhältnismäßigkeitsprüfung – Angemessenheit', 'I-Verhältnismäßigkeitsprüfung – Angemessenheit', 'I-Verhältnismäßigkeitsprüfung – Angemessenheit', 'I-Verhältnismäßigkeitsprüfung – Angemessenheit', 'I-Verhältnismäßigkeitsprüfung – Angemessenheit', 'I-Verhältnismäßigkeitsprüfung – Angemessenheit', 'I-Verhältnismäßigkeitsprüfung – Angemessenheit', 'I-Verhältnismäßigkeitsprüfung – Angemessenheit', 'I-Verhältnismäßigkeitsprüfung – Angemessenheit', 'I-Verhältnismäßigkeitsprüfung – Angemessenheit', 'I-Verhältnismäßigkeitsprüfung – Angemessenheit', 'I-Verhältnismäßigkeitsprüfung – Angemessenheit', 'I-Verhältnismäßigkeitsprüfung – Angemessenheit', 'I-Verhältnismäßigkeitsprüfung – Angemessenheit', 'I-Verhältnismäßigkeitsprüfung – Angemessenheit', 'I-Verhältnismäßigkeitsprüfung – Angemessenheit', 'I-Verhältnismäßigkeitsprüfung – Angemessenheit', 'I-Verhältnismäßigkeitsprüfung – Angemessenheit', 'I-Verhältnismäßigkeitsprüfung – Angemessenheit', 'I-Verhältnismäßigkeitsprüfung – Angemessenheit', 'I-Verhältnismäßigkeitsprüfung – Angemessenheit', 'I-Verhältnismäßigkeitsprüfung – Angemessenheit', 'I-Verhältnismäßigkeitsprüfung – Angemessenheit', 'I-Verhältnismäßigkeitsprüfung – Angemessenheit', 'I-Verhältnismäßigkeitsprüfung – Angemessenheit', 'I-Verhältnismäßigkeitsprüfung – Angemessenheit', 'I-Verhältnismäßigkeitsprüfung – Angemessenheit', 'I-Verhältnismäßigkeitsprüfung – Angemessenheit', 'I-Verhältnismäßigkeitsprüfung – Angemessenheit', 'I-Verhältnismäßigkeitsprüfung – Angemessenheit', 'I-Verhältnismäßigkeitsprüfung – Angemessenheit']
['Accordingly', 'there', 'has', 'been', 'a', 'violation', 'of', 'Article', '8', 'of', 'the', 'Convention', '.']	['B-Entscheidung des EGMR', 'I-Entscheidung des EGMR', 'I-Entscheidung des EGMR', 'I-Entscheidung des EGMR', 'I-Entscheidung des EGMR', 'I-Entscheidung des EGMR', 'I-Entscheidung des EGMR', 'I-Entscheidung des EGMR', 'I-Entscheidung des EGMR', 'I-Entscheidung des EGMR', 'I-Entscheidung des EGMR', 'I-Entscheidung des EGMR', 'I-Entscheidung des EGMR']
['III', '.', 'APPLICATION', 'OF', 'ARTICLE', '41', 'OF', 'THE', 'CONVENTION']	['O', 'O', 'O', 'O', 'O', 'O', 'O', 'O', 'O']
['71', '.', 'Article', '41', 'of', 'the', 'Convention', 'provides', ':']	['O', 'O', 'O', 'O', 'O', 'O', 'O', 'O', 'O']
['“', 'If', 'the', 'Court', 'finds', 'that', 'there', 'has', 'been', 'a', 'violation', 'of', 'the', 'Convention', 'or', 'the', 'Protocols', 'thereto', ',', 'and', 'if', 'the', 'internal', 'law', 'of', 'the', 'High', 'Contracting', 'Party', 'concerned', 'allows', 'only', 'partial', 'reparation', 'to', 'be', 'made', ',', 'the', 'Court', 'shall', ',', 'if', 'necessary', ',', 'afford', 'just', 'satisfaction', 'to', 'the', 'injured', 'party', '.', '”']	['O', 'O', 'O', 'O', 'O', 'O', 'O', 'O', 'O', 'O', 'O', 'O', 'O', 'O', 'O', 'O', 'O', 'O', 'O', 'O', 'O', 'O', 'O', 'O', 'O', 'O', 'O', 'O', 'O', 'O', 'O', 'O', 'O', 'O', 'O', 'O', 'O', 'O', 'O', 'O', 'O', 'O', 'O', 'O', 'O', 'O', 'O', 'O', 'O', 'O', 'O', 'O', 'O', 'O']
['A.', 'Damage']	['O', 'O']
['72', '.', 'The', 'applicant', 'sought', 'a', 'sum', 'of', '500', 'German', 'Marks', '(', 'DEM', ')', 'per', 'month', 'from', '1', 'July', '1999', 'until', '21', 'March', '2003', 'for', 'alternative', 'accommodation', 'in', 'that', 'period', 'and', 'submitted', 'a', 'lease', 'contract', '.', 'She', 'also', 'sought', 'EUR', '5,000', 'for', 'the', 'disproportional', 'length', 'of', 'proceedings', 'and', 'of', 'EUR', '4,500', 'for', 'interference', 'with', 'her', 'right', 'to', 'respect', 'for', 'her', 'home', '.']	['O', 'O', 'O', 'O', 'O', 'O', 'O', 'O', 'O', 'O', 'O', 'O', 'O', 'O', 'O', 'O', 'O', 'O', 'O', 'O', 'O', 'O', 'O', 'O', 'O', 'O', 'O', 'O', 'O', 'O', 'O', 'O', 'O', 'O', 'O', 'O', 'O', 'O', 'O', 'O', 'O', 'O', 'O', 'O', 'O', 'O', 'O', 'O', 'O', 'O', 'O', 'O', 'O', 'O', 'O', 'O', 'O', 'O', 'O', 'O', 'O', 'O']
['73', '.', 'The', 'Government', 'objected', 'to', 'the', 'amounts', 'sought', '.']	['O', 'O', 'O', 'O', 'O', 'O', 'O', 'O', 'O', 'O']
"['74', '.', 'As', 'to', 'the', 'applicant', ""'s"", 'request', 'for', 'pecuniary', 'damage', 'the', 'Court', 'accepts', 'that', 'the', 'applicant', 'had', 'to', 'pay', 'for', 'the', 'alternative', 'accommodation', 'and', 'awards', 'her', 'EUR', '11', ',', '250', 'under', 'this', 'head', '.']"	['O', 'O', 'O', 'O', 'O', 'O', 'O', 'O', 'O', 'O', 'O', 'O', 'O', 'O', 'O', 'O', 'O', 'O', 'O', 'O', 'O', 'O', 'O', 'O', 'O', 'O', 'O', 'O', 'O', 'O', 'O', 'O', 'O', 'O', 'O']
['75', '.', 'As', 'to', 'the', 'non', '-', 'pecuniary', 'damage', ',', 'the', 'Court', 'accepts', 'that', 'it', 'is', 'reasonable', 'to', 'assume', 'that', 'in', 'the', 'present', 'case', ',', 'the', 'applicant', 'suffered', 'anxiety', 'and', 'frustration', 'as', 'a', 'result', 'of', 'the', 'delays', 'in', 'carrying', 'out', 'the', 'eviction', 'order', 'found', 'by', 'the', 'Court', 'to', 'have', 'been', 'attributable', 'to', 'the', 'State', 'and', 'also', 'in', 'her', 'inability', 'to', 'enjoy', 'the', 'respect', 'for', 'her', 'home', '.', 'On', 'an', 'equitable', 'basis', ',', 'the', 'Court', 'decides', 'to', 'award', 'her', 'EUR', '5,000', 'under', 'this', 'head', '.']	['O', 'O', 'O', 'O', 'O', 'O', 'O', 'O', 'O', 'O', 'O', 'O', 'O', 'O', 'O', 'O', 'O', 'O', 'O', 'O', 'O', 'O', 'O', 'O', 'O', 'O', 'O', 'O', 'O', 'O', 'O', 'O', 'O', 'O', 'O', 'O', 'O', 'O', 'O', 'O', 'O', 'O', 'O', 'O', 'O', 'O', 'O', 'O', 'O', 'O', 'O', 'O', 'O', 'O', 'O', 'O', 'O', 'O', 'O', 'O', 'O', 'O', 'O', 'O', 'O', 'O', 'O', 'O', 'O', 'O', 'O', 'O', 'O', 'O', 'O', 'O', 'O', 'O', 'O', 'O', 'O', 'O', 'O', 'O']
['B.', 'Costs', 'and', 'expenses']	['O', 'O', 'O', 'O']
['76', '.', 'The', 'Court', 'notes', 'that', 'the', 'applicant', 'has', 'not', 'made', 'any', 'claim', 'in', 'this', 'respect', '.', 'Therefore', ',', 'it', 'makes', 'no', 'awards', 'under', 'this', 'head', '.']	['O', 'O', 'O', 'O', 'O', 'O', 'O', 'O', 'O', 'O', 'O', 'O', 'O', 'O', 'O', 'O', 'O', 'O', 'O', 'O', 'O', 'O', 'O', 'O', 'O', 'O', 'O']
['C.', 'Default', 'interest']	['O', 'O', 'O']
['77', '.', 'The', 'Court', 'considers', 'it', 'appropriate', 'that', 'the', 'default', 'interest', 'should', 'be', 'based', 'on', 'the', 'marginal', 'lending', 'rate', 'of', 'the', 'European', 'Central', 'Bank', ',', 'to', 'which', 'should', 'be', 'added', 'three', 'percentage', 'points', '.']	['O', 'O', 'O', 'O', 'O', 'O', 'O', 'O', 'O', 'O', 'O', 'O', 'O', 'O', 'O', 'O', 'O', 'O', 'O', 'O', 'O', 'O', 'O', 'O', 'O', 'O', 'O', 'O', 'O', 'O', 'O', 'O', 'O', 'O']
['FOR', 'THESE', 'REASONS', ',', 'THE', 'COURT', 'UNANIMOUSLY']	['O', 'O', 'O', 'O', 'O', 'O', 'O']
['1', '.', 'Holds', 'that', 'there', 'has', 'been', 'a', 'violation', 'of', 'Article', '6', '§', '1', 'of', 'the', 'Convention', ';']	['O', 'O', 'O', 'O', 'O', 'O', 'O', 'O', 'O', 'O', 'O', 'O', 'O', 'O', 'O', 'O', 'O', 'O']
['2', '.', 'Holds', 'that', 'there', 'has', 'been', 'a', 'violation', 'of', 'Article', '8', 'of', 'the', 'Convention', ';']	['O', 'O', 'O', 'O', 'O', 'O', 'O', 'O', 'O', 'O', 'O', 'O', 'O', 'O', 'O', 'O']
['3', '.', 'Holds']	['O', 'O', 'O']
['(', 'a', ')', 'that', 'the', 'respondent', 'State', 'is', 'to', 'pay', 'the', 'applicant', ',', 'within', 'three', 'months', 'from', 'the', 'date', 'on', 'which', 'the', 'judgment', 'becomes', 'final', 'according', 'to', 'Article', '44', '§', '2', 'of', 'the', 'Convention', ',', 'the', 'following', 'amounts', 'which', 'are', 'to', 'be', 'converted', 'into', 'the', 'national', 'currency', 'of', 'the', 'respondent', 'State', 'at', 'a', 'rate', 'applicable', 'at', 'the', 'date', 'of', 'settlement', ':']	['O', 'O', 'O', 'O', 'O', 'O', 'O', 'O', 'O', 'O', 'O', 'O', 'O', 'O', 'O', 'O', 'O', 'O', 'O', 'O', 'O', 'O', 'O', 'O', 'O', 'O', 'O', 'O', 'O', 'O', 'O', 'O', 'O', 'O', 'O', 'O', 'O', 'O', 'O', 'O', 'O', 'O', 'O', 'O', 'O', 'O', 'O', 'O', 'O', 'O', 'O', 'O', 'O', 'O', 'O', 'O', 'O', 'O', 'O', 'O', 'O']
['(', 'i', ')', 'EUR', '11,250', '(', 'eleven', 'thousand', ',', 'two', 'hundred', 'and', 'fifty', 'euros', ')', 'in', 'respect', 'of', 'pecuniary', 'damage', ';']	['O', 'O', 'O', 'O', 'O', 'O', 'O', 'O', 'O', 'O', 'O', 'O', 'O', 'O', 'O', 'O', 'O', 'O', 'O', 'O', 'O']
['(', 'ii', ')', 'EUR', '5,000', '(', 'five', 'thousand', 'euros', ')', 'in', 'respect', 'of', 'non', '-', 'pecuniary', 'damage', ';']	['O', 'O', 'O', 'O', 'O', 'O', 'O', 'O', 'O', 'O', 'O', 'O', 'O', 'O', 'O', 'O', 'O', 'O']
['(', 'iii', ')', 'any', 'tax', 'that', 'may', 'be', 'chargeable', 'on', 'the', 'above', 'amounts', ';']	['O', 'O', 'O', 'O', 'O', 'O', 'O', 'O', 'O', 'O', 'O', 'O', 'O', 'O']
['(', 'b', ')', 'that', 'from', 'the', 'expiry', 'of', 'the', 'above', '-', 'mentioned', 'three', 'months', 'until', 'settlement', 'simple', 'interest', 'shall', 'be', 'payable', 'on', 'the', 'above', 'amounts', 'at', 'a', 'rate', 'equal', 'to', 'the', 'marginal', 'lending', 'rate', 'of', 'the', 'European', 'Central', 'Bank', 'during', 'the', 'default', 'period', 'plus', 'three', 'percentage', 'points', ';']	['O', 'O', 'O', 'O', 'O', 'O', 'O', 'O', 'O', 'O', 'O', 'O', 'O', 'O', 'O', 'O', 'O', 'O', 'O', 'O', 'O', 'O', 'O', 'O', 'O', 'O', 'O', 'O', 'O', 'O', 'O', 'O', 'O', 'O', 'O', 'O', 'O', 'O', 'O', 'O', 'O', 'O', 'O', 'O', 'O', 'O', 'O', 'O']
"['4', '.', 'Dismisses', 'the', 'remainder', 'of', 'the', 'applicant', ""'s"", 'claim', 'for', 'just', 'satisfaction', '.']"	['O', 'O', 'O', 'O', 'O', 'O', 'O', 'O', 'O', 'O', 'O', 'O', 'O', 'O']
['Done', 'in', 'English', ',', 'and', 'notified', 'in', 'writing', 'on', '4', 'March', '2004', ',', 'pursuant', 'to', 'Rule', '77', '§', '§', '2', 'and', '3', 'of', 'the', 'Rules', 'of', 'Court', '.']	['O', 'O', 'O', 'O', 'O', 'O', 'O', 'O', 'O', 'O', 'O', 'O', 'O', 'O', 'O', 'O', 'O', 'O', 'O', 'O', 'O', 'O', 'O', 'O', 'O', 'O', 'O', 'O']
['Søren', 'Nielsen']	['O', 'O']
['Peer', 'Lorenzen']	['O', 'O']
['Registrar']	['O']
['President']	['O']
