tokens	labels
['I.', 'ALLEGED', 'VIOLATION', 'OF', 'ARTICLE', '5', '§', '3', 'OF', 'THE', 'CONVENTION']	['O', 'O', 'O', 'O', 'O', 'O', 'O', 'O', 'O', 'O', 'O']
['47', '.', 'The', 'applicant', 'complained', 'that', 'the', 'length', 'of', 'his', 'detention', 'on', 'remand', 'had', 'been', 'excessive', '.', 'He', 'relied', 'on', 'Article', '5', '§', '3', 'of', 'the', 'Convention', ',', 'which', ',', 'in', 'so', 'far', 'as', 'relevant', ',', 'reads', 'as', 'follows', ':']	['O', 'O', 'B-Subsumtion', 'I-Subsumtion', 'I-Subsumtion', 'I-Subsumtion', 'I-Subsumtion', 'I-Subsumtion', 'I-Subsumtion', 'I-Subsumtion', 'I-Subsumtion', 'I-Subsumtion', 'I-Subsumtion', 'I-Subsumtion', 'I-Subsumtion', 'I-Subsumtion', 'I-Subsumtion', 'I-Subsumtion', 'I-Subsumtion', 'I-Subsumtion', 'I-Subsumtion', 'I-Subsumtion', 'I-Subsumtion', 'I-Subsumtion', 'I-Subsumtion', 'I-Subsumtion', 'I-Subsumtion', 'I-Subsumtion', 'I-Subsumtion', 'I-Subsumtion', 'I-Subsumtion', 'I-Subsumtion', 'I-Subsumtion', 'I-Subsumtion', 'I-Subsumtion', 'I-Subsumtion', 'I-Subsumtion', 'I-Subsumtion', 'I-Subsumtion', 'I-Subsumtion']
['“', 'Everyone', 'arrested', 'or', 'detained', 'in', 'accordance', 'with', 'the', 'provisions', 'of', 'paragraph', '1', '(', 'c', ')', 'of', 'this', 'Article', 'shall', 'be', '...', 'entitled', 'to', 'trial', 'within', 'a', 'reasonable', 'time', 'or', 'to', 'release', 'pending', 'trial', '.', 'Release', 'may', 'be', 'conditioned', 'by', 'guarantees', 'to', 'appear', 'for', 'trial', '.', '”']	['O', 'O', 'O', 'O', 'O', 'O', 'O', 'O', 'O', 'O', 'O', 'O', 'O', 'O', 'O', 'O', 'O', 'O', 'O', 'O', 'O', 'O', 'O', 'O', 'O', 'O', 'O', 'O', 'O', 'O', 'O', 'O', 'O', 'O', 'O', 'O', 'O', 'O', 'O', 'O', 'O', 'O', 'O', 'O', 'O', 'O', 'O']
['48', '.', 'The', 'Government', 'contested', 'that', 'argument', '.']	['O', 'O', 'B-Subsumtion', 'I-Subsumtion', 'I-Subsumtion', 'I-Subsumtion', 'I-Subsumtion', 'I-Subsumtion']
['A.', 'Admissibility']	['O', 'O']
['49', '.', 'The', 'Government', 'submitted', 'that', 'the', 'applicant', ',', 'who', 'had', 'lodged', 'his', 'application', 'on', '5', 'August', '2008', ',', 'had', 'failed', 'to', 'comply', 'with', 'the', 'six‑month', 'requirement', 'laid', 'down', 'in', 'Article', '35', '§', '1', 'of', 'the', 'Convention', 'in', 'respect', 'of', 'the', 'first', 'period', 'of', 'his', 'pre‑trial', 'detention', '.']	['O', 'O', 'B-Subsumtion', 'I-Subsumtion', 'I-Subsumtion', 'I-Subsumtion', 'I-Subsumtion', 'I-Subsumtion', 'I-Subsumtion', 'I-Subsumtion', 'I-Subsumtion', 'I-Subsumtion', 'I-Subsumtion', 'I-Subsumtion', 'I-Subsumtion', 'I-Subsumtion', 'I-Subsumtion', 'I-Subsumtion', 'I-Subsumtion', 'I-Subsumtion', 'I-Subsumtion', 'I-Subsumtion', 'I-Subsumtion', 'I-Subsumtion', 'I-Subsumtion', 'I-Subsumtion', 'I-Subsumtion', 'I-Subsumtion', 'I-Subsumtion', 'I-Subsumtion', 'I-Subsumtion', 'I-Subsumtion', 'I-Subsumtion', 'I-Subsumtion', 'I-Subsumtion', 'I-Subsumtion', 'I-Subsumtion', 'I-Subsumtion', 'I-Subsumtion', 'I-Subsumtion', 'I-Subsumtion', 'I-Subsumtion', 'I-Subsumtion', 'I-Subsumtion', 'I-Subsumtion', 'I-Subsumtion', 'I-Subsumtion', 'I-Subsumtion']
['50', '.', 'The', 'applicant', 'contested', 'the', 'objection', 'and', 'maintained', 'that', 'he', 'had', 'been', 'held', 'in', 'detention', 'between', '2004', 'and', '2009', 'with', 'two', 'short', 'intervals', '.', 'The', 'prosecutor', 'artificially', 'severed', 'charges', 'so', 'as', 'to', 'have', 'them', 'tried', 'in', 'a', 'new', 'set', 'of', 'proceedings', 'although', 'they', 'had', 'been', 'based', 'on', 'the', 'same', 'facts', '.']	['O', 'O', 'B-Subsumtion', 'I-Subsumtion', 'I-Subsumtion', 'I-Subsumtion', 'I-Subsumtion', 'I-Subsumtion', 'I-Subsumtion', 'I-Subsumtion', 'I-Subsumtion', 'I-Subsumtion', 'I-Subsumtion', 'I-Subsumtion', 'I-Subsumtion', 'I-Subsumtion', 'I-Subsumtion', 'I-Subsumtion', 'I-Subsumtion', 'I-Subsumtion', 'I-Subsumtion', 'I-Subsumtion', 'I-Subsumtion', 'I-Subsumtion', 'I-Subsumtion', 'I-Subsumtion', 'I-Subsumtion', 'I-Subsumtion', 'I-Subsumtion', 'I-Subsumtion', 'I-Subsumtion', 'I-Subsumtion', 'I-Subsumtion', 'I-Subsumtion', 'I-Subsumtion', 'I-Subsumtion', 'I-Subsumtion', 'I-Subsumtion', 'I-Subsumtion', 'I-Subsumtion', 'I-Subsumtion', 'I-Subsumtion', 'I-Subsumtion', 'I-Subsumtion', 'I-Subsumtion', 'I-Subsumtion', 'I-Subsumtion', 'I-Subsumtion', 'I-Subsumtion', 'I-Subsumtion', 'I-Subsumtion', 'I-Subsumtion']
['51', '.', 'The', 'Court', 'observes', 'that', 'the', 'applicant', '’s', 'detention', 'consisted', 'of', 'two', 'non‑consecutive', 'periods', 'relating', 'to', 'different', 'charges', '.', 'In', 'the', 'first', 'set', 'of', 'proceeding', 'concerning', 'the', 'alleged', 'bribery', 'of', 'a', 'public', 'official', ',', 'the', 'detention', 'started', 'on', '26', 'September', '2004', ',', 'when', 'the', 'applicant', 'was', 'arrested', ',', 'and', 'ended', 'on', '5', 'January', '2007', 'when', 'he', 'was', 'released', '(', 'see', 'paragraphs', '5', 'and', '13', 'above', ')', '.', 'The', 'applicant', '’s', 'detention', 'on', 'remand', 'thus', 'lasted', 'two', 'years', ',', 'three', 'months', 'and', 'ten', 'days', '.', 'After', 'the', 'investigation', 'was', 'completed', ',', 'the', 'authorities', 'decided', 'that', 'a', 'requirement', 'to', 'pay', 'bail', 'would', 'secure', 'his', 'attendance', 'at', 'the', 'trial', 'and', 'released', 'him', '.', 'The', 'applicant', 'remained', 'at', 'liberty', 'for', 'approximately', 'one', 'year', '.', 'Any', 'complaint', 'in', 'respect', 'of', 'this', 'period', 'of', 'detention', 'should', 'have', 'been', 'brought', 'within', 'six', 'months', 'of', 'his', 'release', '(', 'see', 'Idalov', 'v.', 'Russia', '[', 'GC', ']', ',', 'no', '.', '5826/03', ',', '§', '134', ',', '22', 'May', '2012', ')', '.']	['O', 'O', 'B-Subsumtion', 'I-Subsumtion', 'I-Subsumtion', 'I-Subsumtion', 'I-Subsumtion', 'I-Subsumtion', 'I-Subsumtion', 'I-Subsumtion', 'I-Subsumtion', 'I-Subsumtion', 'I-Subsumtion', 'I-Subsumtion', 'I-Subsumtion', 'I-Subsumtion', 'I-Subsumtion', 'I-Subsumtion', 'I-Subsumtion', 'I-Subsumtion', 'I-Subsumtion', 'I-Subsumtion', 'I-Subsumtion', 'I-Subsumtion', 'I-Subsumtion', 'I-Subsumtion', 'I-Subsumtion', 'I-Subsumtion', 'I-Subsumtion', 'I-Subsumtion', 'I-Subsumtion', 'I-Subsumtion', 'I-Subsumtion', 'I-Subsumtion', 'I-Subsumtion', 'I-Subsumtion', 'I-Subsumtion', 'I-Subsumtion', 'I-Subsumtion', 'I-Subsumtion', 'I-Subsumtion', 'I-Subsumtion', 'I-Subsumtion', 'I-Subsumtion', 'I-Subsumtion', 'I-Subsumtion', 'I-Subsumtion', 'I-Subsumtion', 'I-Subsumtion', 'I-Subsumtion', 'I-Subsumtion', 'I-Subsumtion', 'I-Subsumtion', 'I-Subsumtion', 'I-Subsumtion', 'I-Subsumtion', 'I-Subsumtion', 'I-Subsumtion', 'I-Subsumtion', 'I-Subsumtion', 'I-Subsumtion', 'I-Subsumtion', 'I-Subsumtion', 'I-Subsumtion', 'I-Subsumtion', 'I-Subsumtion', 'I-Subsumtion', 'I-Subsumtion', 'I-Subsumtion', 'I-Subsumtion', 'I-Subsumtion', 'I-Subsumtion', 'I-Subsumtion', 'I-Subsumtion', 'I-Subsumtion', 'I-Subsumtion', 'I-Subsumtion', 'I-Subsumtion', 'I-Subsumtion', 'I-Subsumtion', 'I-Subsumtion', 'I-Subsumtion', 'I-Subsumtion', 'I-Subsumtion', 'I-Subsumtion', 'I-Subsumtion', 'I-Subsumtion', 'I-Subsumtion', 'I-Subsumtion', 'I-Subsumtion', 'I-Subsumtion', 'I-Subsumtion', 'I-Subsumtion', 'I-Subsumtion', 'I-Subsumtion', 'I-Subsumtion', 'I-Subsumtion', 'I-Subsumtion', 'I-Subsumtion', 'I-Subsumtion', 'I-Subsumtion', 'I-Subsumtion', 'I-Subsumtion', 'I-Subsumtion', 'I-Subsumtion', 'I-Subsumtion', 'I-Subsumtion', 'I-Subsumtion', 'I-Subsumtion', 'I-Subsumtion', 'I-Subsumtion', 'I-Subsumtion', 'I-Subsumtion', 'I-Subsumtion', 'I-Subsumtion', 'I-Subsumtion', 'I-Subsumtion', 'I-Subsumtion', 'I-Subsumtion', 'I-Subsumtion', 'I-Subsumtion', 'I-Subsumtion', 'I-Subsumtion', 'I-Subsumtion', 'I-Subsumtion', 'I-Subsumtion', 'I-Subsumtion', 'I-Subsumtion', 'I-Subsumtion', 'I-Subsumtion', 'I-Subsumtion', 'I-Subsumtion', 'I-Subsumtion', 'I-Subsumtion', 'I-Subsumtion', 'I-Subsumtion', 'I-Subsumtion', 'I-Subsumtion', 'I-Subsumtion', 'I-Subsumtion', 'I-Subsumtion', 'I-Subsumtion', 'I-Subsumtion', 'I-Subsumtion', 'I-Subsumtion', 'I-Subsumtion', 'I-Subsumtion', 'I-Subsumtion', 'I-Subsumtion', 'I-Subsumtion', 'I-Subsumtion', 'I-Subsumtion', 'I-Subsumtion', 'I-Subsumtion', 'I-Subsumtion', 'I-Subsumtion', 'I-Subsumtion', 'I-Subsumtion', 'I-Subsumtion', 'I-Subsumtion', 'I-Subsumtion']
['52', '.', 'Having', 'regard', 'to', 'the', 'above', ',', 'the', 'Court', 'accepts', 'the', 'Government', '’s', 'argument', 'and', 'finds', 'that', 'the', 'complaint', 'in', 'respect', 'of', 'the', 'first', 'period', 'of', 'the', 'applicant', '’s', 'detention', 'has', 'been', 'introduced', 'out', 'of', 'time', 'and', 'must', 'be', 'rejected', 'in', 'accordance', 'with', 'Article', '35', '§', '§', '1', 'and', '4', 'of', 'the', 'Convention', '.']	['O', 'O', 'B-Subsumtion', 'I-Subsumtion', 'I-Subsumtion', 'I-Subsumtion', 'I-Subsumtion', 'I-Subsumtion', 'I-Subsumtion', 'I-Subsumtion', 'I-Subsumtion', 'I-Subsumtion', 'I-Subsumtion', 'I-Subsumtion', 'I-Subsumtion', 'I-Subsumtion', 'I-Subsumtion', 'I-Subsumtion', 'I-Subsumtion', 'I-Subsumtion', 'I-Subsumtion', 'I-Subsumtion', 'I-Subsumtion', 'I-Subsumtion', 'I-Subsumtion', 'I-Subsumtion', 'I-Subsumtion', 'I-Subsumtion', 'I-Subsumtion', 'I-Subsumtion', 'I-Subsumtion', 'I-Subsumtion', 'I-Subsumtion', 'I-Subsumtion', 'I-Subsumtion', 'I-Subsumtion', 'I-Subsumtion', 'I-Subsumtion', 'I-Subsumtion', 'I-Subsumtion', 'I-Subsumtion', 'I-Subsumtion', 'I-Subsumtion', 'I-Subsumtion', 'I-Subsumtion', 'I-Subsumtion', 'I-Subsumtion', 'I-Subsumtion', 'I-Subsumtion', 'I-Subsumtion', 'I-Subsumtion', 'I-Subsumtion', 'I-Subsumtion', 'I-Subsumtion', 'I-Subsumtion']
['53', '.', 'On', '14', 'January', '2008', 'the', 'applicant', 'was', 'arrested', 'again', 'in', 'the', 'second', 'set', 'of', 'criminal', 'proceedings', 'against', 'him', 'concerning', 'in', 'particular', 'a', 'charge', 'of', 'money', 'laundering', ';', 'he', 'was', 'released', 'on', '8', 'April', '2009', '(', 'see', 'paragraphs', '20', 'and', '30', 'above', ')', '.', 'The', 'period', 'between', '15', 'April', 'and', '28', 'May', '2008', ',', 'when', 'the', 'applicant', 'was', 'released', 'pending', 'his', 'appeal', 'against', 'the', 'decision', 'not', 'to', 'extend', 'his', 'pre‑trial', 'detention', ',', 'must', 'be', 'deducted', 'from', 'the', 'period', 'under', 'consideration', '.', 'This', 'period', 'thus', 'lasted', 'in', 'total', 'thirteen', 'months', 'and', 'twelve', 'days', '.']	['O', 'O', 'B-Subsumtion', 'I-Subsumtion', 'I-Subsumtion', 'I-Subsumtion', 'I-Subsumtion', 'I-Subsumtion', 'I-Subsumtion', 'I-Subsumtion', 'I-Subsumtion', 'I-Subsumtion', 'I-Subsumtion', 'I-Subsumtion', 'I-Subsumtion', 'I-Subsumtion', 'I-Subsumtion', 'I-Subsumtion', 'I-Subsumtion', 'I-Subsumtion', 'I-Subsumtion', 'I-Subsumtion', 'I-Subsumtion', 'I-Subsumtion', 'I-Subsumtion', 'I-Subsumtion', 'I-Subsumtion', 'I-Subsumtion', 'I-Subsumtion', 'I-Subsumtion', 'I-Subsumtion', 'I-Subsumtion', 'I-Subsumtion', 'I-Subsumtion', 'I-Subsumtion', 'I-Subsumtion', 'I-Subsumtion', 'I-Subsumtion', 'I-Subsumtion', 'I-Subsumtion', 'I-Subsumtion', 'I-Subsumtion', 'I-Subsumtion', 'I-Subsumtion', 'I-Subsumtion', 'I-Subsumtion', 'I-Subsumtion', 'I-Subsumtion', 'I-Subsumtion', 'I-Subsumtion', 'I-Subsumtion', 'I-Subsumtion', 'I-Subsumtion', 'I-Subsumtion', 'I-Subsumtion', 'I-Subsumtion', 'I-Subsumtion', 'I-Subsumtion', 'I-Subsumtion', 'I-Subsumtion', 'I-Subsumtion', 'I-Subsumtion', 'I-Subsumtion', 'I-Subsumtion', 'I-Subsumtion', 'I-Subsumtion', 'I-Subsumtion', 'I-Subsumtion', 'I-Subsumtion', 'I-Subsumtion', 'I-Subsumtion', 'I-Subsumtion', 'I-Subsumtion', 'I-Subsumtion', 'I-Subsumtion', 'I-Subsumtion', 'I-Subsumtion', 'I-Subsumtion', 'I-Subsumtion', 'I-Subsumtion', 'I-Subsumtion', 'I-Subsumtion', 'I-Subsumtion', 'I-Subsumtion', 'I-Subsumtion', 'I-Subsumtion', 'I-Subsumtion', 'I-Subsumtion', 'I-Subsumtion', 'I-Subsumtion', 'I-Subsumtion', 'I-Subsumtion', 'I-Subsumtion', 'I-Subsumtion']
['54', '.', 'The', 'Court', 'considers', 'that', 'the', 'applicant', '’s', 'complaint', 'under', 'Article', '5', '§', '3', 'of', 'the', 'Convention', 'in', 'respect', 'of', 'his', 'second', 'period', 'of', 'his', 'pre‑trial', 'detention', 'is', 'not', 'manifestly', 'ill‑founded', 'within', 'the', 'meaning', 'of', 'Article', '35', '§', '3', '(', 'a', ')', 'of', 'the', 'Convention', '.', 'It', 'further', 'notes', 'that', 'it', 'is', 'not', 'inadmissible', 'on', 'any', 'other', 'grounds', '.', 'It', 'must', 'therefore', 'be', 'declared', 'admissible', '.']	['O', 'O', 'B-Subsumtion', 'I-Subsumtion', 'I-Subsumtion', 'I-Subsumtion', 'I-Subsumtion', 'I-Subsumtion', 'I-Subsumtion', 'I-Subsumtion', 'I-Subsumtion', 'I-Subsumtion', 'I-Subsumtion', 'I-Subsumtion', 'I-Subsumtion', 'I-Subsumtion', 'I-Subsumtion', 'I-Subsumtion', 'I-Subsumtion', 'I-Subsumtion', 'I-Subsumtion', 'I-Subsumtion', 'I-Subsumtion', 'I-Subsumtion', 'I-Subsumtion', 'I-Subsumtion', 'I-Subsumtion', 'I-Subsumtion', 'I-Subsumtion', 'I-Subsumtion', 'I-Subsumtion', 'I-Subsumtion', 'I-Subsumtion', 'I-Subsumtion', 'I-Subsumtion', 'I-Subsumtion', 'I-Subsumtion', 'I-Subsumtion', 'I-Subsumtion', 'I-Subsumtion', 'I-Subsumtion', 'I-Subsumtion', 'I-Subsumtion', 'I-Subsumtion', 'I-Subsumtion', 'I-Subsumtion', 'I-Subsumtion', 'I-Subsumtion', 'I-Subsumtion', 'I-Subsumtion', 'I-Subsumtion', 'I-Subsumtion', 'I-Subsumtion', 'I-Subsumtion', 'I-Subsumtion', 'I-Subsumtion', 'I-Subsumtion', 'I-Subsumtion', 'I-Subsumtion', 'I-Subsumtion', 'B-Entscheidung des EGMR', 'I-Entscheidung des EGMR', 'I-Entscheidung des EGMR', 'I-Entscheidung des EGMR', 'I-Entscheidung des EGMR', 'I-Entscheidung des EGMR', 'I-Entscheidung des EGMR']
['B.', 'Merits']	['O', 'O']
['1', '.', 'The', 'parties', '’', 'submissions']	['O', 'O', 'O', 'O', 'O', 'O']
['55', '.', 'The', 'Government', 'submitted', 'that', 'the', 'applicant', '’s', 'pre‑trial', 'detention', 'satisfied', 'the', 'requirements', 'of', 'Article', '5', '§', '3', 'of', 'the', 'Convention', '.', 'It', 'was', 'justified', 'by', '“', 'relevant', '”', 'and', '“', 'sufficient', '”', 'grounds', '.', 'Those', 'grounds', 'were', ',', 'in', 'particular', ',', 'the', 'gravity', 'of', 'the', 'charges', 'against', 'the', 'applicant', ',', 'who', 'had', 'been', 'accused', 'of', 'money', 'laundering', 'and', 'other', 'serious', 'charges', ',', 'and', 'the', 'severity', 'of', 'the', 'possible', 'sentence', '.', 'They', 'also', 'pointed', 'to', 'the', 'particular', 'complexity', 'of', 'the', 'criminal', 'proceedings', 'against', 'the', 'applicant', '.', 'The', 'Government', 'submitted', 'that', 'the', 'national', 'authorities', 'showed', 'special', 'diligence', 'in', 'the', 'conduct', 'of', 'the', 'proceedings', '.']	['O', 'O', 'B-Subsumtion', 'I-Subsumtion', 'I-Subsumtion', 'I-Subsumtion', 'I-Subsumtion', 'I-Subsumtion', 'I-Subsumtion', 'I-Subsumtion', 'I-Subsumtion', 'I-Subsumtion', 'I-Subsumtion', 'I-Subsumtion', 'I-Subsumtion', 'I-Subsumtion', 'I-Subsumtion', 'I-Subsumtion', 'I-Subsumtion', 'I-Subsumtion', 'I-Subsumtion', 'I-Subsumtion', 'I-Subsumtion', 'I-Subsumtion', 'I-Subsumtion', 'I-Subsumtion', 'I-Subsumtion', 'I-Subsumtion', 'I-Subsumtion', 'I-Subsumtion', 'I-Subsumtion', 'I-Subsumtion', 'I-Subsumtion', 'I-Subsumtion', 'I-Subsumtion', 'I-Subsumtion', 'I-Subsumtion', 'I-Subsumtion', 'I-Subsumtion', 'I-Subsumtion', 'I-Subsumtion', 'I-Subsumtion', 'I-Subsumtion', 'I-Subsumtion', 'I-Subsumtion', 'I-Subsumtion', 'I-Subsumtion', 'I-Subsumtion', 'I-Subsumtion', 'I-Subsumtion', 'I-Subsumtion', 'I-Subsumtion', 'I-Subsumtion', 'I-Subsumtion', 'I-Subsumtion', 'I-Subsumtion', 'I-Subsumtion', 'I-Subsumtion', 'I-Subsumtion', 'I-Subsumtion', 'I-Subsumtion', 'I-Subsumtion', 'I-Subsumtion', 'I-Subsumtion', 'I-Subsumtion', 'I-Subsumtion', 'I-Subsumtion', 'I-Subsumtion', 'I-Subsumtion', 'I-Subsumtion', 'I-Subsumtion', 'I-Subsumtion', 'I-Subsumtion', 'I-Subsumtion', 'I-Subsumtion', 'I-Subsumtion', 'I-Subsumtion', 'I-Subsumtion', 'I-Subsumtion', 'I-Subsumtion', 'I-Subsumtion', 'I-Subsumtion', 'I-Subsumtion', 'I-Subsumtion', 'I-Subsumtion', 'I-Subsumtion', 'I-Subsumtion', 'I-Subsumtion', 'I-Subsumtion', 'I-Subsumtion', 'I-Subsumtion', 'I-Subsumtion', 'I-Subsumtion', 'I-Subsumtion', 'I-Subsumtion', 'I-Subsumtion', 'I-Subsumtion', 'I-Subsumtion', 'I-Subsumtion', 'I-Subsumtion', 'I-Subsumtion', 'I-Subsumtion', 'I-Subsumtion', 'I-Subsumtion']
['56', '.', 'The', 'applicant', 'submitted', 'that', 'his', 'detention', 'had', 'been', 'excessive', '.', 'He', 'argued', 'that', 'there', 'had', 'been', 'no', 'real', 'risk', 'of', 'his', 'influencing', 'the', 'proper', 'course', 'of', 'the', 'proceedings', 'by', ',', 'for', 'example', ',', 'contacting', 'witnesses', 'as', 'most', 'of', 'them', 'were', 'foreigners', 'whereas', 'he', 'did', 'not', 'speak', 'any', 'foreign', 'languages', '.', 'Moreover', ',', 'while', 'at', 'liberty', 'the', 'applicant', 'did', 'not', 'attempt', 'to', 'undertake', 'any', 'actions', 'aimed', 'at', 'tampering', 'with', 'the', 'course', 'of', 'the', 'investigation', '.']	['O', 'O', 'B-Subsumtion', 'I-Subsumtion', 'I-Subsumtion', 'I-Subsumtion', 'I-Subsumtion', 'I-Subsumtion', 'I-Subsumtion', 'I-Subsumtion', 'I-Subsumtion', 'I-Subsumtion', 'I-Subsumtion', 'I-Subsumtion', 'I-Subsumtion', 'I-Subsumtion', 'I-Subsumtion', 'I-Subsumtion', 'I-Subsumtion', 'I-Subsumtion', 'I-Subsumtion', 'I-Subsumtion', 'I-Subsumtion', 'I-Subsumtion', 'I-Subsumtion', 'I-Subsumtion', 'I-Subsumtion', 'I-Subsumtion', 'I-Subsumtion', 'I-Subsumtion', 'I-Subsumtion', 'I-Subsumtion', 'I-Subsumtion', 'I-Subsumtion', 'I-Subsumtion', 'I-Subsumtion', 'I-Subsumtion', 'I-Subsumtion', 'I-Subsumtion', 'I-Subsumtion', 'I-Subsumtion', 'I-Subsumtion', 'I-Subsumtion', 'I-Subsumtion', 'I-Subsumtion', 'I-Subsumtion', 'I-Subsumtion', 'I-Subsumtion', 'I-Subsumtion', 'I-Subsumtion', 'I-Subsumtion', 'I-Subsumtion', 'I-Subsumtion', 'I-Subsumtion', 'I-Subsumtion', 'I-Subsumtion', 'I-Subsumtion', 'I-Subsumtion', 'I-Subsumtion', 'I-Subsumtion', 'I-Subsumtion', 'I-Subsumtion', 'I-Subsumtion', 'I-Subsumtion', 'I-Subsumtion', 'I-Subsumtion', 'I-Subsumtion', 'I-Subsumtion', 'I-Subsumtion', 'I-Subsumtion', 'I-Subsumtion', 'I-Subsumtion', 'I-Subsumtion', 'I-Subsumtion', 'I-Subsumtion', 'I-Subsumtion']
['2', '.', 'The', 'Court', '’s', 'assessment']	['O', 'O', 'O', 'O', 'O', 'O']
['(', 'a', ')', 'General', 'principles']	['O', 'O', 'O', 'O', 'O']
['57', '.', 'The', 'Court', 'recalls', 'that', 'the', 'general', 'principles', 'regarding', 'the', 'right', '“', 'to', 'trial', 'within', 'a', 'reasonable', 'time', 'or', 'to', 'release', 'pending', 'trial', ',', 'as', 'guaranteed', 'by', 'Article', '5', '§', '3', 'of', 'the', 'Convention', 'were', 'stated', 'in', 'a', 'number', 'of', 'its', 'previous', 'judgments', '(', 'see', ',', 'among', 'many', 'other', 'authorities', ',', 'Kudła', 'v.', 'Poland', '[', 'GC', ']', ',', 'no', '.', '30210/96', ',', '§', '110', 'et', 'seq', ',', 'ECHR', '2000‑XI', ';', 'and', 'McKay', 'v.', 'the', 'United', 'Kingdom', '[', 'GC', ']', ',', 'no', '.', '543/03', ',', '§', '§', '41‑44', ',', 'ECHR', '2006-', '...', ',', 'with', 'further', 'references', ')', '.']	['O', 'O', 'B-Vorherige Rechtsprechung des EGMR', 'I-Vorherige Rechtsprechung des EGMR', 'I-Vorherige Rechtsprechung des EGMR', 'I-Vorherige Rechtsprechung des EGMR', 'I-Vorherige Rechtsprechung des EGMR', 'I-Vorherige Rechtsprechung des EGMR', 'I-Vorherige Rechtsprechung des EGMR', 'I-Vorherige Rechtsprechung des EGMR', 'I-Vorherige Rechtsprechung des EGMR', 'I-Vorherige Rechtsprechung des EGMR', 'I-Vorherige Rechtsprechung des EGMR', 'I-Vorherige Rechtsprechung des EGMR', 'I-Vorherige Rechtsprechung des EGMR', 'I-Vorherige Rechtsprechung des EGMR', 'I-Vorherige Rechtsprechung des EGMR', 'I-Vorherige Rechtsprechung des EGMR', 'I-Vorherige Rechtsprechung des EGMR', 'I-Vorherige Rechtsprechung des EGMR', 'I-Vorherige Rechtsprechung des EGMR', 'I-Vorherige Rechtsprechung des EGMR', 'I-Vorherige Rechtsprechung des EGMR', 'I-Vorherige Rechtsprechung des EGMR', 'I-Vorherige Rechtsprechung des EGMR', 'I-Vorherige Rechtsprechung des EGMR', 'I-Vorherige Rechtsprechung des EGMR', 'I-Vorherige Rechtsprechung des EGMR', 'I-Vorherige Rechtsprechung des EGMR', 'I-Vorherige Rechtsprechung des EGMR', 'I-Vorherige Rechtsprechung des EGMR', 'I-Vorherige Rechtsprechung des EGMR', 'I-Vorherige Rechtsprechung des EGMR', 'I-Vorherige Rechtsprechung des EGMR', 'I-Vorherige Rechtsprechung des EGMR', 'I-Vorherige Rechtsprechung des EGMR', 'I-Vorherige Rechtsprechung des EGMR', 'I-Vorherige Rechtsprechung des EGMR', 'I-Vorherige Rechtsprechung des EGMR', 'I-Vorherige Rechtsprechung des EGMR', 'I-Vorherige Rechtsprechung des EGMR', 'I-Vorherige Rechtsprechung des EGMR', 'I-Vorherige Rechtsprechung des EGMR', 'I-Vorherige Rechtsprechung des EGMR', 'I-Vorherige Rechtsprechung des EGMR', 'I-Vorherige Rechtsprechung des EGMR', 'I-Vorherige Rechtsprechung des EGMR', 'I-Vorherige Rechtsprechung des EGMR', 'I-Vorherige Rechtsprechung des EGMR', 'I-Vorherige Rechtsprechung des EGMR', 'I-Vorherige Rechtsprechung des EGMR', 'I-Vorherige Rechtsprechung des EGMR', 'I-Vorherige Rechtsprechung des EGMR', 'I-Vorherige Rechtsprechung des EGMR', 'I-Vorherige Rechtsprechung des EGMR', 'I-Vorherige Rechtsprechung des EGMR', 'I-Vorherige Rechtsprechung des EGMR', 'I-Vorherige Rechtsprechung des EGMR', 'I-Vorherige Rechtsprechung des EGMR', 'I-Vorherige Rechtsprechung des EGMR', 'I-Vorherige Rechtsprechung des EGMR', 'I-Vorherige Rechtsprechung des EGMR', 'I-Vorherige Rechtsprechung des EGMR', 'I-Vorherige Rechtsprechung des EGMR', 'I-Vorherige Rechtsprechung des EGMR', 'I-Vorherige Rechtsprechung des EGMR', 'I-Vorherige Rechtsprechung des EGMR', 'I-Vorherige Rechtsprechung des EGMR', 'I-Vorherige Rechtsprechung des EGMR', 'I-Vorherige Rechtsprechung des EGMR', 'I-Vorherige Rechtsprechung des EGMR', 'I-Vorherige Rechtsprechung des EGMR', 'I-Vorherige Rechtsprechung des EGMR', 'I-Vorherige Rechtsprechung des EGMR', 'I-Vorherige Rechtsprechung des EGMR', 'I-Vorherige Rechtsprechung des EGMR', 'I-Vorherige Rechtsprechung des EGMR', 'I-Vorherige Rechtsprechung des EGMR', 'I-Vorherige Rechtsprechung des EGMR', 'I-Vorherige Rechtsprechung des EGMR', 'I-Vorherige Rechtsprechung des EGMR', 'I-Vorherige Rechtsprechung des EGMR', 'I-Vorherige Rechtsprechung des EGMR', 'I-Vorherige Rechtsprechung des EGMR', 'I-Vorherige Rechtsprechung des EGMR', 'I-Vorherige Rechtsprechung des EGMR', 'I-Vorherige Rechtsprechung des EGMR', 'I-Vorherige Rechtsprechung des EGMR', 'I-Vorherige Rechtsprechung des EGMR', 'I-Vorherige Rechtsprechung des EGMR', 'I-Vorherige Rechtsprechung des EGMR', 'I-Vorherige Rechtsprechung des EGMR', 'I-Vorherige Rechtsprechung des EGMR', 'I-Vorherige Rechtsprechung des EGMR', 'I-Vorherige Rechtsprechung des EGMR', 'I-Vorherige Rechtsprechung des EGMR', 'I-Vorherige Rechtsprechung des EGMR', 'I-Vorherige Rechtsprechung des EGMR']
['(', 'b', ')', 'Application', 'of', 'the', 'above', 'principles', 'in', 'the', 'present', 'case']	['O', 'O', 'O', 'O', 'O', 'O', 'O', 'O', 'O', 'O', 'O', 'O']
['58', '.', 'In', 'their', 'detention', 'decisions', ',', 'the', 'authorities', ',', 'in', 'addition', 'to', 'the', 'reasonable', 'suspicion', 'against', 'the', 'applicant', ',', 'relied', 'principally', 'on', 'the', 'serious', 'nature', 'of', 'the', 'offences', 'with', 'which', 'he', 'had', 'been', 'charged', 'and', 'the', 'severity', 'of', 'the', 'penalty', 'to', 'which', 'he', 'was', 'liable', '.']	['O', 'O', 'B-Subsumtion', 'I-Subsumtion', 'I-Subsumtion', 'I-Subsumtion', 'I-Subsumtion', 'I-Subsumtion', 'I-Subsumtion', 'I-Subsumtion', 'I-Subsumtion', 'I-Subsumtion', 'I-Subsumtion', 'I-Subsumtion', 'I-Subsumtion', 'I-Subsumtion', 'I-Subsumtion', 'I-Subsumtion', 'I-Subsumtion', 'I-Subsumtion', 'I-Subsumtion', 'I-Subsumtion', 'I-Subsumtion', 'I-Subsumtion', 'I-Subsumtion', 'I-Subsumtion', 'I-Subsumtion', 'I-Subsumtion', 'I-Subsumtion', 'I-Subsumtion', 'I-Subsumtion', 'I-Subsumtion', 'I-Subsumtion', 'I-Subsumtion', 'I-Subsumtion', 'I-Subsumtion', 'I-Subsumtion', 'I-Subsumtion', 'I-Subsumtion', 'I-Subsumtion', 'I-Subsumtion', 'I-Subsumtion', 'I-Subsumtion', 'I-Subsumtion', 'I-Subsumtion', 'I-Subsumtion', 'I-Subsumtion']
['59', '.', 'The', 'Court', 'accepts', 'that', 'the', 'reasonable', 'suspicion', 'against', 'the', 'applicant', 'of', 'having', 'committed', 'a', 'serious', 'offence', 'could', 'initially', 'warrant', 'his', 'detention', '.', 'Also', ',', 'the', 'need', 'to', 'determine', 'the', 'degree', 'of', 'the', 'alleged', 'responsibility', 'of', 'each', 'of', 'the', 'defendants', 'and', 'the', 'need', 'to', 'secure', 'the', 'proper', 'conduct', 'of', 'the', 'proceedings', ',', 'in', 'particular', 'the', 'process', 'of', 'obtaining', 'evidence', 'from', 'witnesses', ',', 'including', 'experts', ',', 'constituted', 'valid', 'grounds', 'for', 'maintaining', 'the', 'applicant', '’s', 'detention', '(', 'see', 'Lesiak', 'v.', 'Poland', ',', 'no', '.', '19218/07', ',', '§', '63', ',', '1', 'February', '2011', ')', '.']	['O', 'O', 'B-Subsumtion', 'I-Subsumtion', 'I-Subsumtion', 'I-Subsumtion', 'I-Subsumtion', 'I-Subsumtion', 'I-Subsumtion', 'I-Subsumtion', 'I-Subsumtion', 'I-Subsumtion', 'I-Subsumtion', 'I-Subsumtion', 'I-Subsumtion', 'I-Subsumtion', 'I-Subsumtion', 'I-Subsumtion', 'I-Subsumtion', 'I-Subsumtion', 'I-Subsumtion', 'I-Subsumtion', 'I-Subsumtion', 'I-Subsumtion', 'I-Subsumtion', 'I-Subsumtion', 'I-Subsumtion', 'I-Subsumtion', 'I-Subsumtion', 'I-Subsumtion', 'I-Subsumtion', 'I-Subsumtion', 'I-Subsumtion', 'I-Subsumtion', 'I-Subsumtion', 'I-Subsumtion', 'I-Subsumtion', 'I-Subsumtion', 'I-Subsumtion', 'I-Subsumtion', 'I-Subsumtion', 'I-Subsumtion', 'I-Subsumtion', 'I-Subsumtion', 'I-Subsumtion', 'I-Subsumtion', 'I-Subsumtion', 'I-Subsumtion', 'I-Subsumtion', 'I-Subsumtion', 'I-Subsumtion', 'I-Subsumtion', 'I-Subsumtion', 'I-Subsumtion', 'I-Subsumtion', 'I-Subsumtion', 'I-Subsumtion', 'I-Subsumtion', 'I-Subsumtion', 'I-Subsumtion', 'I-Subsumtion', 'I-Subsumtion', 'I-Subsumtion', 'I-Subsumtion', 'I-Subsumtion', 'I-Subsumtion', 'I-Subsumtion', 'I-Subsumtion', 'I-Subsumtion', 'I-Subsumtion', 'I-Subsumtion', 'I-Subsumtion', 'I-Subsumtion', 'I-Subsumtion', 'I-Subsumtion', 'I-Subsumtion', 'I-Subsumtion', 'I-Subsumtion', 'I-Subsumtion', 'I-Subsumtion', 'I-Subsumtion', 'I-Subsumtion', 'I-Subsumtion', 'I-Subsumtion', 'I-Subsumtion', 'I-Subsumtion', 'I-Subsumtion', 'I-Subsumtion', 'I-Subsumtion', 'I-Subsumtion', 'I-Subsumtion', 'I-Subsumtion', 'I-Subsumtion']
['60', '.', 'The', 'Court', 'notes', 'that', 'already', 'when', 'imposing', 'detention', 'on', 'the', 'applicant', 'on', '15', 'January', '2008', 'the', 'District', 'Court', 'considered', 'that', 'it', 'could', 'be', 'replaced', 'with', 'a', 'less', 'stringent', 'preventive', 'measure', 'and', 'fixed', 'an', 'amount', 'of', 'bail', '.', 'The', 'applicant', 'was', 'not', 'released', 'as', 'the', 'appellate', 'court', 'quashed', 'that', 'decision', '(', 'see', 'paragraphs', '22', 'and', '23', 'above', ')', '.', 'On', '25', 'February', '2009', 'the', 'Court', 'of', 'Appeal', 'again', 'considered', 'alternative', 'measures', 'for', 'ensuring', 'his', 'appearance', 'at', 'trial', 'and', 'ordered', 'that', 'the', 'applicant', 'be', 'released', 'on', 'bail', '(', 'see', 'paragraphs', '29', 'and', '30', 'above', ')', '.']	['O', 'O', 'B-Subsumtion', 'I-Subsumtion', 'I-Subsumtion', 'I-Subsumtion', 'I-Subsumtion', 'I-Subsumtion', 'I-Subsumtion', 'I-Subsumtion', 'I-Subsumtion', 'I-Subsumtion', 'I-Subsumtion', 'I-Subsumtion', 'I-Subsumtion', 'I-Subsumtion', 'I-Subsumtion', 'I-Subsumtion', 'I-Subsumtion', 'I-Subsumtion', 'I-Subsumtion', 'I-Subsumtion', 'I-Subsumtion', 'I-Subsumtion', 'I-Subsumtion', 'I-Subsumtion', 'I-Subsumtion', 'I-Subsumtion', 'I-Subsumtion', 'I-Subsumtion', 'I-Subsumtion', 'I-Subsumtion', 'I-Subsumtion', 'I-Subsumtion', 'I-Subsumtion', 'I-Subsumtion', 'I-Subsumtion', 'I-Subsumtion', 'I-Subsumtion', 'I-Subsumtion', 'I-Subsumtion', 'I-Subsumtion', 'I-Subsumtion', 'I-Subsumtion', 'I-Subsumtion', 'I-Subsumtion', 'I-Subsumtion', 'I-Subsumtion', 'I-Subsumtion', 'I-Subsumtion', 'I-Subsumtion', 'I-Subsumtion', 'I-Subsumtion', 'I-Subsumtion', 'I-Subsumtion', 'I-Subsumtion', 'I-Subsumtion', 'I-Subsumtion', 'I-Subsumtion', 'I-Subsumtion', 'I-Subsumtion', 'I-Subsumtion', 'I-Subsumtion', 'I-Subsumtion', 'I-Subsumtion', 'I-Subsumtion', 'I-Subsumtion', 'I-Subsumtion', 'I-Subsumtion', 'I-Subsumtion', 'I-Subsumtion', 'I-Subsumtion', 'I-Subsumtion', 'I-Subsumtion', 'I-Subsumtion', 'I-Subsumtion', 'I-Subsumtion', 'I-Subsumtion', 'I-Subsumtion', 'I-Subsumtion', 'I-Subsumtion', 'I-Subsumtion', 'I-Subsumtion', 'I-Subsumtion', 'I-Subsumtion', 'I-Subsumtion', 'I-Subsumtion', 'I-Subsumtion', 'I-Subsumtion', 'I-Subsumtion', 'I-Subsumtion', 'I-Subsumtion', 'I-Subsumtion', 'I-Subsumtion', 'I-Subsumtion', 'I-Subsumtion']
['61', '.', 'The', 'foregoing', 'considerations', 'are', 'sufficient', 'for', 'the', 'Court', 'to', 'conclude', 'that', 'the', 'grounds', 'given', 'for', 'the', 'applicant', '’s', 'pre‑trial', 'detention', 'were', '“', 'relevant', '”', 'and', '“', 'sufficient', '”', 'to', 'justify', 'holding', 'him', 'in', 'custody', 'for', 'the', 'entire', 'relevant', 'period', ',', 'namely', 'one', 'year', ',', 'one', 'month', 'and', 'twelve', 'days', '.']	['O', 'O', 'B-Subsumtion', 'I-Subsumtion', 'I-Subsumtion', 'I-Subsumtion', 'I-Subsumtion', 'I-Subsumtion', 'I-Subsumtion', 'I-Subsumtion', 'I-Subsumtion', 'I-Subsumtion', 'I-Subsumtion', 'I-Subsumtion', 'I-Subsumtion', 'I-Subsumtion', 'I-Subsumtion', 'I-Subsumtion', 'I-Subsumtion', 'I-Subsumtion', 'I-Subsumtion', 'I-Subsumtion', 'I-Subsumtion', 'I-Subsumtion', 'I-Subsumtion', 'I-Subsumtion', 'I-Subsumtion', 'I-Subsumtion', 'I-Subsumtion', 'I-Subsumtion', 'I-Subsumtion', 'I-Subsumtion', 'I-Subsumtion', 'I-Subsumtion', 'I-Subsumtion', 'I-Subsumtion', 'I-Subsumtion', 'I-Subsumtion', 'I-Subsumtion', 'I-Subsumtion', 'I-Subsumtion', 'I-Subsumtion', 'I-Subsumtion', 'I-Subsumtion', 'I-Subsumtion', 'I-Subsumtion', 'I-Subsumtion', 'I-Subsumtion', 'I-Subsumtion', 'I-Subsumtion', 'I-Subsumtion', 'I-Subsumtion']
['62', '.', 'It', 'therefore', 'remains', 'to', 'be', 'ascertained', 'whether', 'the', 'national', 'authorities', 'displayed', '“', 'special', 'diligence', '”', 'in', 'the', 'conduct', 'of', 'the', 'proceedings', '.', 'In', 'this', 'regard', ',', 'the', 'Court', 'firstly', 'observes', 'that', 'the', 'criminal', 'investigation', 'at', 'issue', 'was', 'complex', ',', 'multilayered', 'and', 'directed', 'against', 'seven', 'co‑accused', '.', 'The', 'complexity', 'of', 'the', 'case', 'undoubtedly', 'prolonged', 'its', 'examination', 'and', 'contributed', 'to', 'the', 'length', 'of', 'the', 'applicant', '’s', 'detention', 'on', 'remand', '.']	['O', 'O', 'B-Subsumtion', 'I-Subsumtion', 'I-Subsumtion', 'I-Subsumtion', 'I-Subsumtion', 'I-Subsumtion', 'I-Subsumtion', 'I-Subsumtion', 'I-Subsumtion', 'I-Subsumtion', 'I-Subsumtion', 'I-Subsumtion', 'I-Subsumtion', 'I-Subsumtion', 'I-Subsumtion', 'I-Subsumtion', 'I-Subsumtion', 'I-Subsumtion', 'I-Subsumtion', 'I-Subsumtion', 'I-Subsumtion', 'I-Subsumtion', 'I-Subsumtion', 'I-Subsumtion', 'I-Subsumtion', 'I-Subsumtion', 'I-Subsumtion', 'I-Subsumtion', 'I-Subsumtion', 'I-Subsumtion', 'I-Subsumtion', 'I-Subsumtion', 'I-Subsumtion', 'I-Subsumtion', 'I-Subsumtion', 'I-Subsumtion', 'I-Subsumtion', 'I-Subsumtion', 'I-Subsumtion', 'I-Subsumtion', 'I-Subsumtion', 'I-Subsumtion', 'I-Subsumtion', 'I-Subsumtion', 'I-Subsumtion', 'I-Subsumtion', 'I-Subsumtion', 'I-Subsumtion', 'I-Subsumtion', 'I-Subsumtion', 'I-Subsumtion', 'I-Subsumtion', 'I-Subsumtion', 'I-Subsumtion', 'I-Subsumtion', 'I-Subsumtion', 'I-Subsumtion', 'I-Subsumtion', 'I-Subsumtion', 'I-Subsumtion', 'I-Subsumtion', 'I-Subsumtion', 'I-Subsumtion', 'I-Subsumtion', 'I-Subsumtion', 'I-Subsumtion', 'I-Subsumtion', 'I-Subsumtion']
['63', '.', 'However', ',', 'the', 'Court', 'notes', 'that', 'the', 'domestic', 'court', 'in', 'its', 'decision', 'of', '22', 'December', '2009', 'considered', 'that', 'the', 'complexity', 'of', 'the', 'case', 'could', 'not', 'justify', 'the', 'total', 'length', 'of', 'the', 'investigation', 'against', 'the', 'applicant', 'and', 'found', 'that', 'the', 'applicant', '’s', 'right', 'to', 'a', 'trial', 'within', 'a', 'reasonable', 'time', 'had', 'been', 'breached', '(', 'see', 'paragraph', '34', 'above', ')', '.', 'The', 'Warsaw', 'Court', 'of', 'Appeal', 'examined', 'the', 'five‑year‑long', 'investigation', 'against', 'the', 'applicant', ',', 'including', 'the', 'period', 'between', 'January', '2008', 'and', 'April', '2009', 'when', 'the', 'applicant', 'was', 'detained', 'on', 'remand', ',', 'and', 'noted', 'many', 'shortcomings', 'and', 'delays', 'on', 'the', 'part', 'of', 'the', 'prosecutor', '.', 'In', 'particular', ',', 'it', 'considered', 'that', 'in', '2008', 'the', 'applicant', 'had', 'been', 'rarely', 'heard', 'by', 'the', 'prosecutor', '(', 'see', 'paragraph', '36', 'above', ')', '.', 'The', 'court', 'observed', 'that', 'there', 'had', 'been', 'a', 'delay', 'in', 'the', 'examination', 'of', 'various', 'items', 'of', 'evidence', 'disclosed', 'in', 'August', '2008', '.', 'Finally', ',', 'there', 'were', 'substantial', 'delays', 'resulting', 'from', 'the', 'multiple', 'requests', 'for', 'international', 'legal', 'assistance', 'made', 'by', 'the', 'prosecutor', ';', 'most', 'of', 'those', 'requests', 'had', 'been', 'irrelevant', 'for', 'the', 'applicant', '’s', 'investigation', '(', 'see', 'paragraph', '37', 'above', ')', '.']	['O', 'O', 'B-Subsumtion', 'I-Subsumtion', 'I-Subsumtion', 'I-Subsumtion', 'I-Subsumtion', 'I-Subsumtion', 'I-Subsumtion', 'I-Subsumtion', 'I-Subsumtion', 'I-Subsumtion', 'I-Subsumtion', 'I-Subsumtion', 'I-Subsumtion', 'I-Subsumtion', 'I-Subsumtion', 'I-Subsumtion', 'I-Subsumtion', 'I-Subsumtion', 'I-Subsumtion', 'I-Subsumtion', 'I-Subsumtion', 'I-Subsumtion', 'I-Subsumtion', 'I-Subsumtion', 'I-Subsumtion', 'I-Subsumtion', 'I-Subsumtion', 'I-Subsumtion', 'I-Subsumtion', 'I-Subsumtion', 'I-Subsumtion', 'I-Subsumtion', 'I-Subsumtion', 'I-Subsumtion', 'I-Subsumtion', 'I-Subsumtion', 'I-Subsumtion', 'I-Subsumtion', 'I-Subsumtion', 'I-Subsumtion', 'I-Subsumtion', 'I-Subsumtion', 'I-Subsumtion', 'I-Subsumtion', 'I-Subsumtion', 'I-Subsumtion', 'I-Subsumtion', 'I-Subsumtion', 'I-Subsumtion', 'I-Subsumtion', 'I-Subsumtion', 'I-Subsumtion', 'I-Subsumtion', 'I-Subsumtion', 'I-Subsumtion', 'I-Subsumtion', 'I-Subsumtion', 'I-Subsumtion', 'I-Subsumtion', 'I-Subsumtion', 'I-Subsumtion', 'I-Subsumtion', 'I-Subsumtion', 'I-Subsumtion', 'I-Subsumtion', 'I-Subsumtion', 'I-Subsumtion', 'I-Subsumtion', 'I-Subsumtion', 'I-Subsumtion', 'I-Subsumtion', 'I-Subsumtion', 'I-Subsumtion', 'I-Subsumtion', 'I-Subsumtion', 'I-Subsumtion', 'I-Subsumtion', 'I-Subsumtion', 'I-Subsumtion', 'I-Subsumtion', 'I-Subsumtion', 'I-Subsumtion', 'I-Subsumtion', 'I-Subsumtion', 'I-Subsumtion', 'I-Subsumtion', 'I-Subsumtion', 'I-Subsumtion', 'I-Subsumtion', 'I-Subsumtion', 'I-Subsumtion', 'I-Subsumtion', 'I-Subsumtion', 'I-Subsumtion', 'I-Subsumtion', 'I-Subsumtion', 'I-Subsumtion', 'I-Subsumtion', 'I-Subsumtion', 'I-Subsumtion', 'I-Subsumtion', 'I-Subsumtion', 'I-Subsumtion', 'I-Subsumtion', 'I-Subsumtion', 'I-Subsumtion', 'I-Subsumtion', 'I-Subsumtion', 'I-Subsumtion', 'I-Subsumtion', 'I-Subsumtion', 'I-Subsumtion', 'I-Subsumtion', 'I-Subsumtion', 'I-Subsumtion', 'I-Subsumtion', 'I-Subsumtion', 'I-Subsumtion', 'I-Subsumtion', 'I-Subsumtion', 'I-Subsumtion', 'I-Subsumtion', 'I-Subsumtion', 'I-Subsumtion', 'I-Subsumtion', 'I-Subsumtion', 'I-Subsumtion', 'I-Subsumtion', 'I-Subsumtion', 'I-Subsumtion', 'I-Subsumtion', 'I-Subsumtion', 'I-Subsumtion', 'I-Subsumtion', 'I-Subsumtion', 'I-Subsumtion', 'I-Subsumtion', 'I-Subsumtion', 'I-Subsumtion', 'I-Subsumtion', 'I-Subsumtion', 'I-Subsumtion', 'I-Subsumtion', 'I-Subsumtion', 'I-Subsumtion', 'I-Subsumtion', 'I-Subsumtion', 'I-Subsumtion', 'I-Subsumtion', 'I-Subsumtion', 'I-Subsumtion', 'I-Subsumtion', 'I-Subsumtion', 'I-Subsumtion', 'I-Subsumtion', 'I-Subsumtion', 'I-Subsumtion', 'I-Subsumtion', 'I-Subsumtion', 'I-Subsumtion', 'I-Subsumtion', 'I-Subsumtion', 'I-Subsumtion', 'I-Subsumtion', 'I-Subsumtion', 'I-Subsumtion', 'I-Subsumtion', 'I-Subsumtion', 'I-Subsumtion', 'I-Subsumtion', 'I-Subsumtion', 'I-Subsumtion', 'I-Subsumtion', 'I-Subsumtion', 'I-Subsumtion', 'I-Subsumtion', 'I-Subsumtion', 'I-Subsumtion', 'I-Subsumtion', 'I-Subsumtion', 'I-Subsumtion', 'I-Subsumtion', 'I-Subsumtion', 'I-Subsumtion', 'I-Subsumtion', 'I-Subsumtion', 'I-Subsumtion']
['The', 'court', 'also', 'criticised', 'the', 'prosecutor', '’s', 'decision', 'to', 'join', 'to', 'the', 'present', 'investigation', 'all', 'new', 'charges', 'against', 'the', 'applicant', 'and', 'his', 'other', 'co‑accused', ',', 'although', 'they', 'had', 'been', 'totally', 'unrelated', 'to', 'the', 'main', 'investigation', 'against', 'him', '.', 'This', 'approach', 'had', 'substantially', 'contributed', 'to', 'the', 'length', 'of', 'the', 'investigation', '(', 'see', 'paragraph', '35', 'above', ')', '.']	['I-Subsumtion', 'I-Subsumtion', 'I-Subsumtion', 'I-Subsumtion', 'I-Subsumtion', 'I-Subsumtion', 'I-Subsumtion', 'I-Subsumtion', 'I-Subsumtion', 'I-Subsumtion', 'I-Subsumtion', 'I-Subsumtion', 'I-Subsumtion', 'I-Subsumtion', 'I-Subsumtion', 'I-Subsumtion', 'I-Subsumtion', 'I-Subsumtion', 'I-Subsumtion', 'I-Subsumtion', 'I-Subsumtion', 'I-Subsumtion', 'I-Subsumtion', 'I-Subsumtion', 'I-Subsumtion', 'I-Subsumtion', 'I-Subsumtion', 'I-Subsumtion', 'I-Subsumtion', 'I-Subsumtion', 'I-Subsumtion', 'I-Subsumtion', 'I-Subsumtion', 'I-Subsumtion', 'I-Subsumtion', 'I-Subsumtion', 'I-Subsumtion', 'I-Subsumtion', 'I-Subsumtion', 'I-Subsumtion', 'I-Subsumtion', 'I-Subsumtion', 'I-Subsumtion', 'I-Subsumtion', 'I-Subsumtion', 'I-Subsumtion', 'I-Subsumtion', 'I-Subsumtion', 'I-Subsumtion', 'I-Subsumtion', 'I-Subsumtion', 'I-Subsumtion', 'I-Subsumtion', 'I-Subsumtion', 'I-Subsumtion', 'I-Subsumtion']
['64', '.', 'The', 'Court', 'sees', 'no', 'reason', 'to', 'contest', 'the', 'above‑described', 'findings', 'of', 'the', 'Warsaw', 'Court', 'of', 'Appeal', 'and', 'its', 'conclusion', 'that', 'the', 'prosecuting', 'authorities', 'should', 'be', 'held', 'responsible', 'for', 'many', 'of', 'the', 'delays', 'and', 'for', 'not', 'handling', 'the', 'applicant', '’s', 'case', 'expeditiously', '.']	['O', 'O', 'B-Subsumtion', 'I-Subsumtion', 'I-Subsumtion', 'I-Subsumtion', 'I-Subsumtion', 'I-Subsumtion', 'I-Subsumtion', 'I-Subsumtion', 'I-Subsumtion', 'I-Subsumtion', 'I-Subsumtion', 'I-Subsumtion', 'I-Subsumtion', 'I-Subsumtion', 'I-Subsumtion', 'I-Subsumtion', 'I-Subsumtion', 'I-Subsumtion', 'I-Subsumtion', 'I-Subsumtion', 'I-Subsumtion', 'I-Subsumtion', 'I-Subsumtion', 'I-Subsumtion', 'I-Subsumtion', 'I-Subsumtion', 'I-Subsumtion', 'I-Subsumtion', 'I-Subsumtion', 'I-Subsumtion', 'I-Subsumtion', 'I-Subsumtion', 'I-Subsumtion', 'I-Subsumtion', 'I-Subsumtion', 'I-Subsumtion', 'I-Subsumtion', 'I-Subsumtion', 'I-Subsumtion', 'I-Subsumtion', 'I-Subsumtion', 'I-Subsumtion']
['65', '.', 'Having', 'regard', 'to', 'the', 'foregoing', ',', 'it', 'can', 'not', 'be', 'said', 'that', 'the', 'authorities', 'displayed', '“', 'special', 'diligence', '”', 'in', 'the', 'conduct', 'of', 'the', 'criminal', 'proceedings', 'against', 'the', 'applicant', '.']	['O', 'O', 'B-Subsumtion', 'I-Subsumtion', 'I-Subsumtion', 'I-Subsumtion', 'I-Subsumtion', 'I-Subsumtion', 'I-Subsumtion', 'I-Subsumtion', 'I-Subsumtion', 'I-Subsumtion', 'I-Subsumtion', 'I-Subsumtion', 'I-Subsumtion', 'I-Subsumtion', 'I-Subsumtion', 'I-Subsumtion', 'I-Subsumtion', 'I-Subsumtion', 'I-Subsumtion', 'I-Subsumtion', 'I-Subsumtion', 'I-Subsumtion', 'I-Subsumtion', 'I-Subsumtion', 'I-Subsumtion', 'I-Subsumtion', 'I-Subsumtion', 'I-Subsumtion', 'I-Subsumtion', 'I-Subsumtion']
['There', 'has', 'therefore', 'been', 'a', 'violation', 'of', 'Article', '5', '§', '3', 'of', 'the', 'Convention', '.']	['B-Entscheidung des EGMR', 'I-Entscheidung des EGMR', 'I-Entscheidung des EGMR', 'I-Entscheidung des EGMR', 'I-Entscheidung des EGMR', 'I-Entscheidung des EGMR', 'I-Entscheidung des EGMR', 'I-Entscheidung des EGMR', 'I-Entscheidung des EGMR', 'I-Entscheidung des EGMR', 'I-Entscheidung des EGMR', 'I-Entscheidung des EGMR', 'I-Entscheidung des EGMR', 'I-Entscheidung des EGMR', 'I-Entscheidung des EGMR']
['II', '.', 'ALLEGED', 'VIOLATION', 'OF', 'ARTICLE', '8', 'OF', 'THE', 'CONVENTION']	['O', 'O', 'O', 'O', 'O', 'O', 'O', 'O', 'O', 'O']
['66', '.', 'The', 'applicant', 'complained', 'that', 'during', 'his', 'detention', 'he', 'had', 'been', 'deprived', 'of', 'personal', 'contact', 'with', 'his', 'family', '.', 'He', 'complained', 'that', 'the', 'prosecutor', '’s', 'decision', 'of', '4', 'July', '2008', 'refusing', 'a', 'visit', 'by', 'his', 'wife', 'and', 'sons', 'had', 'been', 'arbitrary', 'and', 'that', 'the', 'domestic', 'law', 'had', 'not', 'indicated', 'with', 'reasonable', 'clarity', 'the', 'scope', 'of', 'the', 'prosecutor', '’s', 'discretion', '.', 'The', 'applicant', 'relied', 'on', 'Article', '8', 'of', 'the', 'Convention', 'which', 'provides', 'as', 'relevant', ':']	['O', 'O', 'B-Subsumtion', 'I-Subsumtion', 'I-Subsumtion', 'I-Subsumtion', 'I-Subsumtion', 'I-Subsumtion', 'I-Subsumtion', 'I-Subsumtion', 'I-Subsumtion', 'I-Subsumtion', 'I-Subsumtion', 'I-Subsumtion', 'I-Subsumtion', 'I-Subsumtion', 'I-Subsumtion', 'I-Subsumtion', 'I-Subsumtion', 'I-Subsumtion', 'I-Subsumtion', 'I-Subsumtion', 'I-Subsumtion', 'I-Subsumtion', 'I-Subsumtion', 'I-Subsumtion', 'I-Subsumtion', 'I-Subsumtion', 'I-Subsumtion', 'I-Subsumtion', 'I-Subsumtion', 'I-Subsumtion', 'I-Subsumtion', 'I-Subsumtion', 'I-Subsumtion', 'I-Subsumtion', 'I-Subsumtion', 'I-Subsumtion', 'I-Subsumtion', 'I-Subsumtion', 'I-Subsumtion', 'I-Subsumtion', 'I-Subsumtion', 'I-Subsumtion', 'I-Subsumtion', 'I-Subsumtion', 'I-Subsumtion', 'I-Subsumtion', 'I-Subsumtion', 'I-Subsumtion', 'I-Subsumtion', 'I-Subsumtion', 'I-Subsumtion', 'I-Subsumtion', 'I-Subsumtion', 'I-Subsumtion', 'I-Subsumtion', 'I-Subsumtion', 'I-Subsumtion', 'I-Subsumtion', 'I-Subsumtion', 'I-Subsumtion', 'I-Subsumtion', 'I-Subsumtion', 'I-Subsumtion', 'I-Subsumtion', 'I-Subsumtion', 'I-Subsumtion', 'I-Subsumtion', 'I-Subsumtion', 'I-Subsumtion', 'I-Subsumtion', 'I-Subsumtion', 'I-Subsumtion', 'I-Subsumtion']
['“', '1', '.', 'Everyone', 'has', 'the', 'right', 'to', 'respect', 'for', 'his', '...', 'family', 'life', '...']	['O', 'O', 'O', 'O', 'O', 'O', 'O', 'O', 'O', 'O', 'O', 'O', 'O', 'O', 'O']
['2', '.', 'There', 'shall', 'be', 'no', 'interference', 'by', 'a', 'public', 'authority', 'with', 'the', 'exercise', 'of', 'this', 'right', 'except', 'such', 'as', 'is', 'in', 'accordance', 'with', 'the', 'law', 'and', 'is', 'necessary', 'in', 'a', 'democratic', 'society', 'in', 'the', 'interests', 'of', 'national', 'security', ',', 'public', 'safety', 'or', 'the', 'economic', 'well‑being', 'of', 'the', 'country', ',', 'for', 'the', 'prevention', 'of', 'disorder', 'or', 'crime', ',', 'for', 'the', 'protection', 'of', 'health', 'or', 'morals', ',', 'or', 'for', 'the', 'protection', 'of', 'the', 'rights', 'and', 'freedoms', 'of', 'others', '.', '”']	['O', 'O', 'O', 'O', 'O', 'O', 'O', 'O', 'O', 'O', 'O', 'O', 'O', 'O', 'O', 'O', 'O', 'O', 'O', 'O', 'O', 'O', 'O', 'O', 'O', 'O', 'O', 'O', 'O', 'O', 'O', 'O', 'O', 'O', 'O', 'O', 'O', 'O', 'O', 'O', 'O', 'O', 'O', 'O', 'O', 'O', 'O', 'O', 'O', 'O', 'O', 'O', 'O', 'O', 'O', 'O', 'O', 'O', 'O', 'O', 'O', 'O', 'O', 'O', 'O', 'O', 'O', 'O', 'O', 'O', 'O', 'O', 'O', 'O', 'O', 'O', 'O', 'O', 'O']
['67', '.', 'The', 'Government', 'contested', 'this', 'argument', 'and', 'maintained', 'that', 'the', 'applicant', 'had', 'been', 'rarely', 'refused', 'family', 'visits', '.', 'On', 'average', ',', 'the', 'applicant', 'had', 'received', 'visits', 'from', 'his', 'family', 'once', 'a', 'month', '.', 'Although', 'the', 'prosecutor', 'refused', 'one', 'visit', 'on', '4', 'July', '2008', ',', 'the', 'applicant', 'saw', 'his', 'family', 'on', '13', 'June', '2008', 'and', '15', 'July', '2008', '.']	['O', 'O', 'B-Subsumtion', 'I-Subsumtion', 'I-Subsumtion', 'I-Subsumtion', 'I-Subsumtion', 'I-Subsumtion', 'I-Subsumtion', 'I-Subsumtion', 'I-Subsumtion', 'I-Subsumtion', 'I-Subsumtion', 'I-Subsumtion', 'I-Subsumtion', 'I-Subsumtion', 'I-Subsumtion', 'I-Subsumtion', 'I-Subsumtion', 'I-Subsumtion', 'I-Subsumtion', 'I-Subsumtion', 'I-Subsumtion', 'I-Subsumtion', 'I-Subsumtion', 'I-Subsumtion', 'I-Subsumtion', 'I-Subsumtion', 'I-Subsumtion', 'I-Subsumtion', 'I-Subsumtion', 'I-Subsumtion', 'I-Subsumtion', 'I-Subsumtion', 'I-Subsumtion', 'I-Subsumtion', 'I-Subsumtion', 'I-Subsumtion', 'I-Subsumtion', 'I-Subsumtion', 'I-Subsumtion', 'I-Subsumtion', 'I-Subsumtion', 'I-Subsumtion', 'I-Subsumtion', 'I-Subsumtion', 'I-Subsumtion', 'I-Subsumtion', 'I-Subsumtion', 'I-Subsumtion', 'I-Subsumtion', 'I-Subsumtion', 'I-Subsumtion', 'I-Subsumtion', 'I-Subsumtion', 'I-Subsumtion', 'I-Subsumtion', 'I-Subsumtion', 'I-Subsumtion']
['68', '.', 'The', 'Court', 'notes', 'that', 'the', 'complaint', 'is', 'not', 'manifestly', 'ill‑founded', 'within', 'the', 'meaning', 'of', 'Article', '35', '§', '3', '(', 'a', ')', 'of', 'the', 'Convention', '.', 'It', 'further', 'notes', 'that', 'it', 'is', 'not', 'inadmissible', 'on', 'any', 'other', 'grounds', '.', 'It', 'must', 'therefore', 'be', 'declared', 'admissible', '.']	['O', 'O', 'B-Subsumtion', 'I-Subsumtion', 'I-Subsumtion', 'I-Subsumtion', 'I-Subsumtion', 'I-Subsumtion', 'I-Subsumtion', 'I-Subsumtion', 'I-Subsumtion', 'I-Subsumtion', 'I-Subsumtion', 'I-Subsumtion', 'I-Subsumtion', 'I-Subsumtion', 'I-Subsumtion', 'I-Subsumtion', 'I-Subsumtion', 'I-Subsumtion', 'I-Subsumtion', 'I-Subsumtion', 'I-Subsumtion', 'I-Subsumtion', 'I-Subsumtion', 'I-Subsumtion', 'I-Subsumtion', 'I-Subsumtion', 'I-Subsumtion', 'I-Subsumtion', 'I-Subsumtion', 'I-Subsumtion', 'I-Subsumtion', 'I-Subsumtion', 'I-Subsumtion', 'I-Subsumtion', 'I-Subsumtion', 'I-Subsumtion', 'I-Subsumtion', 'I-Subsumtion', 'B-Entscheidung des EGMR', 'I-Entscheidung des EGMR', 'I-Entscheidung des EGMR', 'I-Entscheidung des EGMR', 'I-Entscheidung des EGMR', 'I-Entscheidung des EGMR', 'I-Entscheidung des EGMR']
['69', '.', 'The', 'Court', 'observes', 'that', 'it', 'has', 'not', 'been', 'contested', 'that', 'at', 'least', 'on', 'one', 'occasion', ',', 'namely', 'on', '4', 'July', '2008', ',', 'the', 'prosecutor', 'refused', 'a', 'visit', 'by', 'the', 'applicant', '’s', 'wife', 'and', 'children', 'and', 'that', 'the', 'prosecutor', '’s', 'decision', 'did', 'not', 'include', 'any', 'reasoning', '(', 'see', 'paragraph', '43', 'above', ')', '.']	['O', 'O', 'B-Subsumtion', 'I-Subsumtion', 'I-Subsumtion', 'I-Subsumtion', 'I-Subsumtion', 'I-Subsumtion', 'I-Subsumtion', 'I-Subsumtion', 'I-Subsumtion', 'I-Subsumtion', 'I-Subsumtion', 'I-Subsumtion', 'I-Subsumtion', 'I-Subsumtion', 'I-Subsumtion', 'I-Subsumtion', 'I-Subsumtion', 'I-Subsumtion', 'I-Subsumtion', 'I-Subsumtion', 'I-Subsumtion', 'I-Subsumtion', 'I-Subsumtion', 'I-Subsumtion', 'I-Subsumtion', 'I-Subsumtion', 'I-Subsumtion', 'I-Subsumtion', 'I-Subsumtion', 'I-Subsumtion', 'I-Subsumtion', 'I-Subsumtion', 'I-Subsumtion', 'I-Subsumtion', 'I-Subsumtion', 'I-Subsumtion', 'I-Subsumtion', 'I-Subsumtion', 'I-Subsumtion', 'I-Subsumtion', 'I-Subsumtion', 'I-Subsumtion', 'I-Subsumtion', 'I-Subsumtion', 'I-Subsumtion', 'I-Subsumtion', 'I-Subsumtion', 'I-Subsumtion', 'I-Subsumtion', 'I-Subsumtion', 'I-Subsumtion', 'I-Subsumtion']
['70', '.', 'The', 'restriction', 'on', 'the', 'applicant', '’s', 'personal', 'contact', 'with', 'his', 'family', 'constituted', 'an', '“', 'interference', '”', 'with', 'his', 'right', 'to', 'respect', 'for', 'his', 'family', 'life', '.']	['O', 'O', 'B-Subsumtion', 'I-Subsumtion', 'I-Subsumtion', 'I-Subsumtion', 'I-Subsumtion', 'I-Subsumtion', 'I-Subsumtion', 'I-Subsumtion', 'I-Subsumtion', 'I-Subsumtion', 'I-Subsumtion', 'I-Subsumtion', 'I-Subsumtion', 'I-Subsumtion', 'I-Subsumtion', 'I-Subsumtion', 'I-Subsumtion', 'I-Subsumtion', 'I-Subsumtion', 'I-Subsumtion', 'I-Subsumtion', 'I-Subsumtion', 'I-Subsumtion', 'I-Subsumtion', 'I-Subsumtion', 'I-Subsumtion']
['71', '.', 'The', 'Court', 'observes', 'that', 'the', 'contested', 'measure', 'was', 'applied', 'under', 'Article', '217', '§', '1', 'of', 'the', 'Code', 'of', 'Execution', 'of', 'Criminal', 'Sentences', '.', 'The', 'Court', 'further', 'notes', 'that', 'this', 'provision', ',', 'as', 'applicable', 'at', 'the', 'material', 'time', ',', 'gave', 'the', 'relevant', 'authority', '(', 'prosecutor', 'or', 'court', ')', 'the', 'power', 'to', 'grant', 'permission', 'for', 'family', 'visits', 'in', 'prison', '.', 'The', 'law', ',', 'however', ',', 'provided', 'no', 'details', 'as', 'regards', 'the', 'conditions', 'for', 'granting', 'such', 'permission', ',', 'no', 'guidance', 'as', 'to', 'how', 'the', 'authorities', 'might', 'decide', 'whether', 'the', 'prohibition', 'of', 'visiting', 'rights', 'was', 'merited', 'in', 'a', 'particular', 'case', ',', 'and', 'what', 'factors', 'might', 'be', 'relevant', 'to', 'that', 'decision', '.', 'It', 'further', 'did', 'not', 'provide', 'for', 'a', 'possibility', 'to', 'appeal', 'against', 'the', 'refusal', 'of', 'visits', '.', 'The', 'decision', 'was', 'left', 'to', 'the', 'authorities', '’', 'absolute', 'discretion', '.']	['O', 'O', 'B-Verhältnismäßigkeitsprüfung – Rechtsgrundlage', 'I-Verhältnismäßigkeitsprüfung – Rechtsgrundlage', 'I-Verhältnismäßigkeitsprüfung – Rechtsgrundlage', 'I-Verhältnismäßigkeitsprüfung – Rechtsgrundlage', 'I-Verhältnismäßigkeitsprüfung – Rechtsgrundlage', 'I-Verhältnismäßigkeitsprüfung – Rechtsgrundlage', 'I-Verhältnismäßigkeitsprüfung – Rechtsgrundlage', 'I-Verhältnismäßigkeitsprüfung – Rechtsgrundlage', 'I-Verhältnismäßigkeitsprüfung – Rechtsgrundlage', 'I-Verhältnismäßigkeitsprüfung – Rechtsgrundlage', 'I-Verhältnismäßigkeitsprüfung – Rechtsgrundlage', 'I-Verhältnismäßigkeitsprüfung – Rechtsgrundlage', 'I-Verhältnismäßigkeitsprüfung – Rechtsgrundlage', 'I-Verhältnismäßigkeitsprüfung – Rechtsgrundlage', 'I-Verhältnismäßigkeitsprüfung – Rechtsgrundlage', 'I-Verhältnismäßigkeitsprüfung – Rechtsgrundlage', 'I-Verhältnismäßigkeitsprüfung – Rechtsgrundlage', 'I-Verhältnismäßigkeitsprüfung – Rechtsgrundlage', 'I-Verhältnismäßigkeitsprüfung – Rechtsgrundlage', 'I-Verhältnismäßigkeitsprüfung – Rechtsgrundlage', 'I-Verhältnismäßigkeitsprüfung – Rechtsgrundlage', 'I-Verhältnismäßigkeitsprüfung – Rechtsgrundlage', 'I-Verhältnismäßigkeitsprüfung – Rechtsgrundlage', 'I-Verhältnismäßigkeitsprüfung – Rechtsgrundlage', 'I-Verhältnismäßigkeitsprüfung – Rechtsgrundlage', 'I-Verhältnismäßigkeitsprüfung – Rechtsgrundlage', 'I-Verhältnismäßigkeitsprüfung – Rechtsgrundlage', 'I-Verhältnismäßigkeitsprüfung – Rechtsgrundlage', 'I-Verhältnismäßigkeitsprüfung – Rechtsgrundlage', 'I-Verhältnismäßigkeitsprüfung – Rechtsgrundlage', 'I-Verhältnismäßigkeitsprüfung – Rechtsgrundlage', 'I-Verhältnismäßigkeitsprüfung – Rechtsgrundlage', 'I-Verhältnismäßigkeitsprüfung – Rechtsgrundlage', 'I-Verhältnismäßigkeitsprüfung – Rechtsgrundlage', 'I-Verhältnismäßigkeitsprüfung – Rechtsgrundlage', 'I-Verhältnismäßigkeitsprüfung – Rechtsgrundlage', 'I-Verhältnismäßigkeitsprüfung – Rechtsgrundlage', 'I-Verhältnismäßigkeitsprüfung – Rechtsgrundlage', 'I-Verhältnismäßigkeitsprüfung – Rechtsgrundlage', 'I-Verhältnismäßigkeitsprüfung – Rechtsgrundlage', 'I-Verhältnismäßigkeitsprüfung – Rechtsgrundlage', 'I-Verhältnismäßigkeitsprüfung – Rechtsgrundlage', 'I-Verhältnismäßigkeitsprüfung – Rechtsgrundlage', 'I-Verhältnismäßigkeitsprüfung – Rechtsgrundlage', 'I-Verhältnismäßigkeitsprüfung – Rechtsgrundlage', 'I-Verhältnismäßigkeitsprüfung – Rechtsgrundlage', 'I-Verhältnismäßigkeitsprüfung – Rechtsgrundlage', 'I-Verhältnismäßigkeitsprüfung – Rechtsgrundlage', 'I-Verhältnismäßigkeitsprüfung – Rechtsgrundlage', 'I-Verhältnismäßigkeitsprüfung – Rechtsgrundlage', 'I-Verhältnismäßigkeitsprüfung – Rechtsgrundlage', 'I-Verhältnismäßigkeitsprüfung – Rechtsgrundlage', 'I-Verhältnismäßigkeitsprüfung – Rechtsgrundlage', 'I-Verhältnismäßigkeitsprüfung – Rechtsgrundlage', 'I-Verhältnismäßigkeitsprüfung – Rechtsgrundlage', 'I-Verhältnismäßigkeitsprüfung – Rechtsgrundlage', 'I-Verhältnismäßigkeitsprüfung – Rechtsgrundlage', 'I-Verhältnismäßigkeitsprüfung – Rechtsgrundlage', 'I-Verhältnismäßigkeitsprüfung – Rechtsgrundlage', 'I-Verhältnismäßigkeitsprüfung – Rechtsgrundlage', 'I-Verhältnismäßigkeitsprüfung – Rechtsgrundlage', 'I-Verhältnismäßigkeitsprüfung – Rechtsgrundlage', 'I-Verhältnismäßigkeitsprüfung – Rechtsgrundlage', 'I-Verhältnismäßigkeitsprüfung – Rechtsgrundlage', 'I-Verhältnismäßigkeitsprüfung – Rechtsgrundlage', 'I-Verhältnismäßigkeitsprüfung – Rechtsgrundlage', 'I-Verhältnismäßigkeitsprüfung – Rechtsgrundlage', 'I-Verhältnismäßigkeitsprüfung – Rechtsgrundlage', 'I-Verhältnismäßigkeitsprüfung – Rechtsgrundlage', 'I-Verhältnismäßigkeitsprüfung – Rechtsgrundlage', 'I-Verhältnismäßigkeitsprüfung – Rechtsgrundlage', 'I-Verhältnismäßigkeitsprüfung – Rechtsgrundlage', 'I-Verhältnismäßigkeitsprüfung – Rechtsgrundlage', 'I-Verhältnismäßigkeitsprüfung – Rechtsgrundlage', 'I-Verhältnismäßigkeitsprüfung – Rechtsgrundlage', 'I-Verhältnismäßigkeitsprüfung – Rechtsgrundlage', 'I-Verhältnismäßigkeitsprüfung – Rechtsgrundlage', 'I-Verhältnismäßigkeitsprüfung – Rechtsgrundlage', 'I-Verhältnismäßigkeitsprüfung – Rechtsgrundlage', 'I-Verhältnismäßigkeitsprüfung – Rechtsgrundlage', 'I-Verhältnismäßigkeitsprüfung – Rechtsgrundlage', 'I-Verhältnismäßigkeitsprüfung – Rechtsgrundlage', 'I-Verhältnismäßigkeitsprüfung – Rechtsgrundlage', 'I-Verhältnismäßigkeitsprüfung – Rechtsgrundlage', 'I-Verhältnismäßigkeitsprüfung – Rechtsgrundlage', 'I-Verhältnismäßigkeitsprüfung – Rechtsgrundlage', 'I-Verhältnismäßigkeitsprüfung – Rechtsgrundlage', 'I-Verhältnismäßigkeitsprüfung – Rechtsgrundlage', 'I-Verhältnismäßigkeitsprüfung – Rechtsgrundlage', 'I-Verhältnismäßigkeitsprüfung – Rechtsgrundlage', 'I-Verhältnismäßigkeitsprüfung – Rechtsgrundlage', 'I-Verhältnismäßigkeitsprüfung – Rechtsgrundlage', 'I-Verhältnismäßigkeitsprüfung – Rechtsgrundlage', 'I-Verhältnismäßigkeitsprüfung – Rechtsgrundlage', 'I-Verhältnismäßigkeitsprüfung – Rechtsgrundlage', 'I-Verhältnismäßigkeitsprüfung – Rechtsgrundlage', 'I-Verhältnismäßigkeitsprüfung – Rechtsgrundlage', 'I-Verhältnismäßigkeitsprüfung – Rechtsgrundlage', 'I-Verhältnismäßigkeitsprüfung – Rechtsgrundlage', 'I-Verhältnismäßigkeitsprüfung – Rechtsgrundlage', 'I-Verhältnismäßigkeitsprüfung – Rechtsgrundlage', 'I-Verhältnismäßigkeitsprüfung – Rechtsgrundlage', 'I-Verhältnismäßigkeitsprüfung – Rechtsgrundlage', 'I-Verhältnismäßigkeitsprüfung – Rechtsgrundlage', 'I-Verhältnismäßigkeitsprüfung – Rechtsgrundlage', 'I-Verhältnismäßigkeitsprüfung – Rechtsgrundlage', 'I-Verhältnismäßigkeitsprüfung – Rechtsgrundlage', 'I-Verhältnismäßigkeitsprüfung – Rechtsgrundlage', 'I-Verhältnismäßigkeitsprüfung – Rechtsgrundlage', 'I-Verhältnismäßigkeitsprüfung – Rechtsgrundlage', 'I-Verhältnismäßigkeitsprüfung – Rechtsgrundlage', 'I-Verhältnismäßigkeitsprüfung – Rechtsgrundlage', 'I-Verhältnismäßigkeitsprüfung – Rechtsgrundlage', 'I-Verhältnismäßigkeitsprüfung – Rechtsgrundlage', 'I-Verhältnismäßigkeitsprüfung – Rechtsgrundlage', 'I-Verhältnismäßigkeitsprüfung – Rechtsgrundlage', 'I-Verhältnismäßigkeitsprüfung – Rechtsgrundlage', 'I-Verhältnismäßigkeitsprüfung – Rechtsgrundlage', 'I-Verhältnismäßigkeitsprüfung – Rechtsgrundlage', 'I-Verhältnismäßigkeitsprüfung – Rechtsgrundlage', 'I-Verhältnismäßigkeitsprüfung – Rechtsgrundlage', 'I-Verhältnismäßigkeitsprüfung – Rechtsgrundlage', 'I-Verhältnismäßigkeitsprüfung – Rechtsgrundlage', 'I-Verhältnismäßigkeitsprüfung – Rechtsgrundlage', 'I-Verhältnismäßigkeitsprüfung – Rechtsgrundlage', 'I-Verhältnismäßigkeitsprüfung – Rechtsgrundlage', 'I-Verhältnismäßigkeitsprüfung – Rechtsgrundlage', 'I-Verhältnismäßigkeitsprüfung – Rechtsgrundlage', 'I-Verhältnismäßigkeitsprüfung – Rechtsgrundlage', 'I-Verhältnismäßigkeitsprüfung – Rechtsgrundlage', 'I-Verhältnismäßigkeitsprüfung – Rechtsgrundlage', 'I-Verhältnismäßigkeitsprüfung – Rechtsgrundlage', 'I-Verhältnismäßigkeitsprüfung – Rechtsgrundlage', 'I-Verhältnismäßigkeitsprüfung – Rechtsgrundlage']
['72', '.', 'The', 'Court', 'further', 'observes', 'that', 'it', 'had', 'already', 'held', 'in', 'similar', 'Polish', 'cases', 'that', 'Article', '217', '§', '1', 'of', 'the', 'Code', 'of', 'Execution', 'of', 'Criminal', 'Sentences', 'did', 'not', 'indicate', 'with', 'reasonable', 'clarity', 'the', 'scope', 'and', 'manner', 'of', 'the', 'exercise', 'of', 'any', 'discretion', 'conferred', 'on', 'the', 'relevant', 'authorities', 'to', 'restrict', 'visiting', 'rights', '.', 'In', 'consequence', ',', 'the', 'Court', 'has', 'held', 'that', 'an', 'unreasoned', 'refusal', 'to', 'grant', 'permission', 'for', 'visits', 'was', 'not', 'in', '“', 'accordance', 'with', 'the', 'law', '”', 'and', 'found', 'a', 'breach', 'of', 'Article', '8', 'on', 'account', 'of', 'the', 'arbitrariness', 'of', 'the', 'interference', '(', 'see', 'Wegera', 'v.', 'Poland', ',', 'no', '.', '141/07', ',', '§', '74‑75', ',', '19', 'January', '2010', ';', 'Gradek', ',', 'cited', 'above', ',', '§', '43', ')', '.']	['O', 'O', 'B-Verhältnismäßigkeitsprüfung – Rechtsgrundlage', 'I-Verhältnismäßigkeitsprüfung – Rechtsgrundlage', 'I-Verhältnismäßigkeitsprüfung – Rechtsgrundlage', 'I-Verhältnismäßigkeitsprüfung – Rechtsgrundlage', 'I-Verhältnismäßigkeitsprüfung – Rechtsgrundlage', 'I-Verhältnismäßigkeitsprüfung – Rechtsgrundlage', 'I-Verhältnismäßigkeitsprüfung – Rechtsgrundlage', 'I-Verhältnismäßigkeitsprüfung – Rechtsgrundlage', 'I-Verhältnismäßigkeitsprüfung – Rechtsgrundlage', 'I-Verhältnismäßigkeitsprüfung – Rechtsgrundlage', 'I-Verhältnismäßigkeitsprüfung – Rechtsgrundlage', 'I-Verhältnismäßigkeitsprüfung – Rechtsgrundlage', 'I-Verhältnismäßigkeitsprüfung – Rechtsgrundlage', 'I-Verhältnismäßigkeitsprüfung – Rechtsgrundlage', 'I-Verhältnismäßigkeitsprüfung – Rechtsgrundlage', 'I-Verhältnismäßigkeitsprüfung – Rechtsgrundlage', 'I-Verhältnismäßigkeitsprüfung – Rechtsgrundlage', 'I-Verhältnismäßigkeitsprüfung – Rechtsgrundlage', 'I-Verhältnismäßigkeitsprüfung – Rechtsgrundlage', 'I-Verhältnismäßigkeitsprüfung – Rechtsgrundlage', 'I-Verhältnismäßigkeitsprüfung – Rechtsgrundlage', 'I-Verhältnismäßigkeitsprüfung – Rechtsgrundlage', 'I-Verhältnismäßigkeitsprüfung – Rechtsgrundlage', 'I-Verhältnismäßigkeitsprüfung – Rechtsgrundlage', 'I-Verhältnismäßigkeitsprüfung – Rechtsgrundlage', 'I-Verhältnismäßigkeitsprüfung – Rechtsgrundlage', 'I-Verhältnismäßigkeitsprüfung – Rechtsgrundlage', 'I-Verhältnismäßigkeitsprüfung – Rechtsgrundlage', 'I-Verhältnismäßigkeitsprüfung – Rechtsgrundlage', 'I-Verhältnismäßigkeitsprüfung – Rechtsgrundlage', 'I-Verhältnismäßigkeitsprüfung – Rechtsgrundlage', 'I-Verhältnismäßigkeitsprüfung – Rechtsgrundlage', 'I-Verhältnismäßigkeitsprüfung – Rechtsgrundlage', 'I-Verhältnismäßigkeitsprüfung – Rechtsgrundlage', 'I-Verhältnismäßigkeitsprüfung – Rechtsgrundlage', 'I-Verhältnismäßigkeitsprüfung – Rechtsgrundlage', 'I-Verhältnismäßigkeitsprüfung – Rechtsgrundlage', 'I-Verhältnismäßigkeitsprüfung – Rechtsgrundlage', 'I-Verhältnismäßigkeitsprüfung – Rechtsgrundlage', 'I-Verhältnismäßigkeitsprüfung – Rechtsgrundlage', 'I-Verhältnismäßigkeitsprüfung – Rechtsgrundlage', 'I-Verhältnismäßigkeitsprüfung – Rechtsgrundlage', 'I-Verhältnismäßigkeitsprüfung – Rechtsgrundlage', 'I-Verhältnismäßigkeitsprüfung – Rechtsgrundlage', 'I-Verhältnismäßigkeitsprüfung – Rechtsgrundlage', 'I-Verhältnismäßigkeitsprüfung – Rechtsgrundlage', 'I-Verhältnismäßigkeitsprüfung – Rechtsgrundlage', 'I-Verhältnismäßigkeitsprüfung – Rechtsgrundlage', 'I-Verhältnismäßigkeitsprüfung – Rechtsgrundlage', 'I-Verhältnismäßigkeitsprüfung – Rechtsgrundlage', 'I-Verhältnismäßigkeitsprüfung – Rechtsgrundlage', 'I-Verhältnismäßigkeitsprüfung – Rechtsgrundlage', 'I-Verhältnismäßigkeitsprüfung – Rechtsgrundlage', 'I-Verhältnismäßigkeitsprüfung – Rechtsgrundlage', 'I-Verhältnismäßigkeitsprüfung – Rechtsgrundlage', 'I-Verhältnismäßigkeitsprüfung – Rechtsgrundlage', 'I-Verhältnismäßigkeitsprüfung – Rechtsgrundlage', 'I-Verhältnismäßigkeitsprüfung – Rechtsgrundlage', 'I-Verhältnismäßigkeitsprüfung – Rechtsgrundlage', 'I-Verhältnismäßigkeitsprüfung – Rechtsgrundlage', 'I-Verhältnismäßigkeitsprüfung – Rechtsgrundlage', 'I-Verhältnismäßigkeitsprüfung – Rechtsgrundlage', 'I-Verhältnismäßigkeitsprüfung – Rechtsgrundlage', 'I-Verhältnismäßigkeitsprüfung – Rechtsgrundlage', 'I-Verhältnismäßigkeitsprüfung – Rechtsgrundlage', 'I-Verhältnismäßigkeitsprüfung – Rechtsgrundlage', 'I-Verhältnismäßigkeitsprüfung – Rechtsgrundlage', 'I-Verhältnismäßigkeitsprüfung – Rechtsgrundlage', 'I-Verhältnismäßigkeitsprüfung – Rechtsgrundlage', 'I-Verhältnismäßigkeitsprüfung – Rechtsgrundlage', 'I-Verhältnismäßigkeitsprüfung – Rechtsgrundlage', 'I-Verhältnismäßigkeitsprüfung – Rechtsgrundlage', 'I-Verhältnismäßigkeitsprüfung – Rechtsgrundlage', 'I-Verhältnismäßigkeitsprüfung – Rechtsgrundlage', 'I-Verhältnismäßigkeitsprüfung – Rechtsgrundlage', 'I-Verhältnismäßigkeitsprüfung – Rechtsgrundlage', 'I-Verhältnismäßigkeitsprüfung – Rechtsgrundlage', 'I-Verhältnismäßigkeitsprüfung – Rechtsgrundlage', 'I-Verhältnismäßigkeitsprüfung – Rechtsgrundlage', 'I-Verhältnismäßigkeitsprüfung – Rechtsgrundlage', 'I-Verhältnismäßigkeitsprüfung – Rechtsgrundlage', 'I-Verhältnismäßigkeitsprüfung – Rechtsgrundlage', 'I-Verhältnismäßigkeitsprüfung – Rechtsgrundlage', 'I-Verhältnismäßigkeitsprüfung – Rechtsgrundlage', 'I-Verhältnismäßigkeitsprüfung – Rechtsgrundlage', 'I-Verhältnismäßigkeitsprüfung – Rechtsgrundlage', 'I-Verhältnismäßigkeitsprüfung – Rechtsgrundlage', 'I-Verhältnismäßigkeitsprüfung – Rechtsgrundlage', 'I-Verhältnismäßigkeitsprüfung – Rechtsgrundlage', 'I-Verhältnismäßigkeitsprüfung – Rechtsgrundlage', 'I-Verhältnismäßigkeitsprüfung – Rechtsgrundlage', 'I-Verhältnismäßigkeitsprüfung – Rechtsgrundlage', 'I-Verhältnismäßigkeitsprüfung – Rechtsgrundlage', 'I-Verhältnismäßigkeitsprüfung – Rechtsgrundlage', 'I-Verhältnismäßigkeitsprüfung – Rechtsgrundlage', 'I-Verhältnismäßigkeitsprüfung – Rechtsgrundlage', 'I-Verhältnismäßigkeitsprüfung – Rechtsgrundlage', 'I-Verhältnismäßigkeitsprüfung – Rechtsgrundlage', 'I-Verhältnismäßigkeitsprüfung – Rechtsgrundlage', 'I-Verhältnismäßigkeitsprüfung – Rechtsgrundlage', 'I-Verhältnismäßigkeitsprüfung – Rechtsgrundlage', 'I-Verhältnismäßigkeitsprüfung – Rechtsgrundlage', 'I-Verhältnismäßigkeitsprüfung – Rechtsgrundlage', 'I-Verhältnismäßigkeitsprüfung – Rechtsgrundlage', 'I-Verhältnismäßigkeitsprüfung – Rechtsgrundlage', 'I-Verhältnismäßigkeitsprüfung – Rechtsgrundlage', 'I-Verhältnismäßigkeitsprüfung – Rechtsgrundlage', 'I-Verhältnismäßigkeitsprüfung – Rechtsgrundlage', 'I-Verhältnismäßigkeitsprüfung – Rechtsgrundlage', 'I-Verhältnismäßigkeitsprüfung – Rechtsgrundlage', 'I-Verhältnismäßigkeitsprüfung – Rechtsgrundlage', 'I-Verhältnismäßigkeitsprüfung – Rechtsgrundlage', 'I-Verhältnismäßigkeitsprüfung – Rechtsgrundlage', 'I-Verhältnismäßigkeitsprüfung – Rechtsgrundlage', 'I-Verhältnismäßigkeitsprüfung – Rechtsgrundlage', 'I-Verhältnismäßigkeitsprüfung – Rechtsgrundlage', 'I-Verhältnismäßigkeitsprüfung – Rechtsgrundlage', 'I-Verhältnismäßigkeitsprüfung – Rechtsgrundlage']
['73', '.', 'For', 'these', 'reasons', 'the', 'Court', 'concludes', 'that', 'the', 'unreasoned', 'refusal', 'of', 'the', 'family', 'visit', 'at', 'issue', 'was', 'not', 'in', 'accordance', 'with', 'the', 'law', '.', 'On', 'that', 'account', 'it', 'is', 'not', 'necessary', 'to', 'ascertain', 'whether', 'the', 'other', 'conditions', 'imposed', 'by', 'Article', '8', '§', '2', 'have', 'been', 'complied', 'with', '.']	['O', 'O', 'B-Verhältnismäßigkeitsprüfung – Rechtsgrundlage', 'I-Verhältnismäßigkeitsprüfung – Rechtsgrundlage', 'I-Verhältnismäßigkeitsprüfung – Rechtsgrundlage', 'I-Verhältnismäßigkeitsprüfung – Rechtsgrundlage', 'I-Verhältnismäßigkeitsprüfung – Rechtsgrundlage', 'I-Verhältnismäßigkeitsprüfung – Rechtsgrundlage', 'I-Verhältnismäßigkeitsprüfung – Rechtsgrundlage', 'I-Verhältnismäßigkeitsprüfung – Rechtsgrundlage', 'I-Verhältnismäßigkeitsprüfung – Rechtsgrundlage', 'I-Verhältnismäßigkeitsprüfung – Rechtsgrundlage', 'I-Verhältnismäßigkeitsprüfung – Rechtsgrundlage', 'I-Verhältnismäßigkeitsprüfung – Rechtsgrundlage', 'I-Verhältnismäßigkeitsprüfung – Rechtsgrundlage', 'I-Verhältnismäßigkeitsprüfung – Rechtsgrundlage', 'I-Verhältnismäßigkeitsprüfung – Rechtsgrundlage', 'I-Verhältnismäßigkeitsprüfung – Rechtsgrundlage', 'I-Verhältnismäßigkeitsprüfung – Rechtsgrundlage', 'I-Verhältnismäßigkeitsprüfung – Rechtsgrundlage', 'I-Verhältnismäßigkeitsprüfung – Rechtsgrundlage', 'I-Verhältnismäßigkeitsprüfung – Rechtsgrundlage', 'I-Verhältnismäßigkeitsprüfung – Rechtsgrundlage', 'I-Verhältnismäßigkeitsprüfung – Rechtsgrundlage', 'I-Verhältnismäßigkeitsprüfung – Rechtsgrundlage', 'I-Verhältnismäßigkeitsprüfung – Rechtsgrundlage', 'B-Subsumtion', 'I-Subsumtion', 'I-Subsumtion', 'I-Subsumtion', 'I-Subsumtion', 'I-Subsumtion', 'I-Subsumtion', 'I-Subsumtion', 'I-Subsumtion', 'I-Subsumtion', 'I-Subsumtion', 'I-Subsumtion', 'I-Subsumtion', 'I-Subsumtion', 'I-Subsumtion', 'I-Subsumtion', 'I-Subsumtion', 'I-Subsumtion', 'I-Subsumtion', 'I-Subsumtion', 'I-Subsumtion', 'I-Subsumtion', 'I-Subsumtion', 'I-Subsumtion']
['There', 'has', 'accordingly', 'been', 'a', 'violation', 'of', 'Article', '8', 'of', 'the', 'Convention', '.']	['B-Entscheidung des EGMR', 'I-Entscheidung des EGMR', 'I-Entscheidung des EGMR', 'I-Entscheidung des EGMR', 'I-Entscheidung des EGMR', 'I-Entscheidung des EGMR', 'I-Entscheidung des EGMR', 'I-Entscheidung des EGMR', 'I-Entscheidung des EGMR', 'I-Entscheidung des EGMR', 'I-Entscheidung des EGMR', 'I-Entscheidung des EGMR', 'I-Entscheidung des EGMR']
['III', '.', 'ALLEGED', 'VIOLATION', 'OF', 'ARTICLE', '5', '§', '4', 'OF', 'THE', 'CONVENTION']	['O', 'O', 'O', 'O', 'O', 'O', 'O', 'O', 'O', 'O', 'O', 'O']
['74', '.', 'The', 'applicant', 'complained', 'in', 'general', 'terms', 'that', 'he', 'had', 'no', 'access', 'to', 'the', 'case', 'file', 'in', 'breach', 'of', 'Article', '5', '§', '4', 'of', 'the', 'Convention', '.', 'The', 'applicant', '’s', 'representative', 'submitted', 'that', '“', 'after', 'some', 'time', 'the', 'applicant', 'had', 'been', 'granted', 'access', 'to', 'some', 'unimportant', 'documents', '”', '.', 'The', 'applicant', 'also', 'complained', 'that', 'the', 'proceedings', 'regarding', 'prolongation', 'of', 'his', 'pre‑trial', 'detention', 'had', 'not', 'been', 'adversarial', 'and', 'that', 'he', 'could', 'not', 'effectively', 'challenge', 'the', 'lawfulness', 'of', 'his', 'continued', 'detention', '.']	['O', 'O', 'B-Subsumtion', 'I-Subsumtion', 'I-Subsumtion', 'I-Subsumtion', 'I-Subsumtion', 'I-Subsumtion', 'I-Subsumtion', 'I-Subsumtion', 'I-Subsumtion', 'I-Subsumtion', 'I-Subsumtion', 'I-Subsumtion', 'I-Subsumtion', 'I-Subsumtion', 'I-Subsumtion', 'I-Subsumtion', 'I-Subsumtion', 'I-Subsumtion', 'I-Subsumtion', 'I-Subsumtion', 'I-Subsumtion', 'I-Subsumtion', 'I-Subsumtion', 'I-Subsumtion', 'I-Subsumtion', 'I-Subsumtion', 'I-Subsumtion', 'I-Subsumtion', 'I-Subsumtion', 'I-Subsumtion', 'I-Subsumtion', 'I-Subsumtion', 'I-Subsumtion', 'I-Subsumtion', 'I-Subsumtion', 'I-Subsumtion', 'I-Subsumtion', 'I-Subsumtion', 'I-Subsumtion', 'I-Subsumtion', 'I-Subsumtion', 'I-Subsumtion', 'I-Subsumtion', 'I-Subsumtion', 'I-Subsumtion', 'I-Subsumtion', 'I-Subsumtion', 'I-Subsumtion', 'I-Subsumtion', 'I-Subsumtion', 'I-Subsumtion', 'I-Subsumtion', 'I-Subsumtion', 'I-Subsumtion', 'I-Subsumtion', 'I-Subsumtion', 'I-Subsumtion', 'I-Subsumtion', 'I-Subsumtion', 'I-Subsumtion', 'I-Subsumtion', 'I-Subsumtion', 'I-Subsumtion', 'I-Subsumtion', 'I-Subsumtion', 'I-Subsumtion', 'I-Subsumtion', 'I-Subsumtion', 'I-Subsumtion', 'I-Subsumtion', 'I-Subsumtion', 'I-Subsumtion', 'I-Subsumtion', 'I-Subsumtion', 'I-Subsumtion', 'I-Subsumtion', 'I-Subsumtion', 'I-Subsumtion', 'I-Subsumtion']
['The', 'relevant', 'part', 'of', 'Article', '5', 'of', 'the', 'Convention', 'provides', 'as', 'follows', ':']	['I-Subsumtion', 'I-Subsumtion', 'I-Subsumtion', 'I-Subsumtion', 'I-Subsumtion', 'I-Subsumtion', 'I-Subsumtion', 'I-Subsumtion', 'I-Subsumtion', 'I-Subsumtion', 'I-Subsumtion', 'I-Subsumtion', 'I-Subsumtion']
['“', '4', '.', 'Everyone', 'who', 'is', 'deprived', 'of', 'his', 'liberty', 'by', 'arrest', 'or', 'detention', 'shall', 'be', 'entitled', 'to', 'take', 'proceedings', 'by', 'which', 'the', 'lawfulness', 'of', 'his', 'detention', 'shall', 'be', 'decided', 'speedily', 'by', 'a', 'court', 'and', 'his', 'release', 'ordered', 'if', 'the', 'detention', 'is', 'not', 'lawful', '.', '”']	['O', 'O', 'O', 'O', 'O', 'O', 'O', 'O', 'O', 'O', 'O', 'O', 'O', 'O', 'O', 'O', 'O', 'O', 'O', 'O', 'O', 'O', 'O', 'O', 'O', 'O', 'O', 'O', 'O', 'O', 'O', 'O', 'O', 'O', 'O', 'O', 'O', 'O', 'O', 'O', 'O', 'O', 'O', 'O', 'O', 'O']
['75', '.', 'The', 'Government', 'contested', 'that', 'argument', '.', 'They', 'submitted', 'that', 'for', 'some', 'time', 'until', 'January', '2008', 'the', 'applicant', 'had', 'been', 'temporarily', 'limited', 'in', 'his', 'right', 'to', 'access', 'his', 'case', 'file', '.', 'However', ',', 'those', 'limitations', 'were', 'imposed', 'in', 'accordance', 'with', 'the', 'law', 'and', 'were', 'fully', 'justified', 'by', 'the', 'particular', 'circumstances', 'of', 'the', 'case', '.', 'The', 'limitation', 'was', 'temporary', 'and', 'later', 'the', 'applicant', 'and', 'his', 'lawyers', 'had', 'full', 'access', 'to', 'his', 'file', '.', 'Moreover', ',', 'such', 'limitation', 'did', 'not', 'deprive', 'the', 'applicant', 'of', 'a', 'possibility', 'to', 'effectively', 'challenge', 'his', 'detention', 'on', 'remand', '.', 'The', 'Government', 'reiterated', 'the', 'Court', '’s', 'case‑law', 'that', 'the', 'need', 'for', 'criminal', 'investigations', 'to', 'be', 'conducted', 'efficiently', 'may', 'imply', 'that', 'part', 'of', 'the', 'information', 'collected', 'during', 'them', 'is', 'to', 'be', 'kept', 'secret', 'in', 'order', 'to', 'prevent', 'suspects', 'from', 'tampering', 'with', 'evidence', 'and', 'undermining', 'the', 'course', 'of', 'justice', '.']	['O', 'O', 'B-Subsumtion', 'I-Subsumtion', 'I-Subsumtion', 'I-Subsumtion', 'I-Subsumtion', 'I-Subsumtion', 'I-Subsumtion', 'I-Subsumtion', 'I-Subsumtion', 'I-Subsumtion', 'I-Subsumtion', 'I-Subsumtion', 'I-Subsumtion', 'I-Subsumtion', 'I-Subsumtion', 'I-Subsumtion', 'I-Subsumtion', 'I-Subsumtion', 'I-Subsumtion', 'I-Subsumtion', 'I-Subsumtion', 'I-Subsumtion', 'I-Subsumtion', 'I-Subsumtion', 'I-Subsumtion', 'I-Subsumtion', 'I-Subsumtion', 'I-Subsumtion', 'I-Subsumtion', 'I-Subsumtion', 'I-Subsumtion', 'I-Subsumtion', 'I-Subsumtion', 'I-Subsumtion', 'I-Subsumtion', 'I-Subsumtion', 'I-Subsumtion', 'I-Subsumtion', 'I-Subsumtion', 'I-Subsumtion', 'I-Subsumtion', 'I-Subsumtion', 'I-Subsumtion', 'I-Subsumtion', 'I-Subsumtion', 'I-Subsumtion', 'I-Subsumtion', 'I-Subsumtion', 'I-Subsumtion', 'I-Subsumtion', 'I-Subsumtion', 'I-Subsumtion', 'I-Subsumtion', 'I-Subsumtion', 'I-Subsumtion', 'I-Subsumtion', 'I-Subsumtion', 'I-Subsumtion', 'I-Subsumtion', 'I-Subsumtion', 'I-Subsumtion', 'I-Subsumtion', 'I-Subsumtion', 'I-Subsumtion', 'I-Subsumtion', 'I-Subsumtion', 'I-Subsumtion', 'I-Subsumtion', 'I-Subsumtion', 'I-Subsumtion', 'I-Subsumtion', 'I-Subsumtion', 'I-Subsumtion', 'I-Subsumtion', 'I-Subsumtion', 'I-Subsumtion', 'I-Subsumtion', 'I-Subsumtion', 'I-Subsumtion', 'I-Subsumtion', 'I-Subsumtion', 'I-Subsumtion', 'I-Subsumtion', 'I-Subsumtion', 'I-Subsumtion', 'I-Subsumtion', 'I-Subsumtion', 'I-Subsumtion', 'I-Subsumtion', 'I-Subsumtion', 'I-Subsumtion', 'I-Subsumtion', 'I-Subsumtion', 'I-Subsumtion', 'I-Subsumtion', 'I-Subsumtion', 'I-Subsumtion', 'I-Subsumtion', 'I-Subsumtion', 'I-Subsumtion', 'I-Subsumtion', 'I-Subsumtion', 'I-Subsumtion', 'I-Subsumtion', 'I-Subsumtion', 'I-Subsumtion', 'I-Subsumtion', 'I-Subsumtion', 'I-Subsumtion', 'I-Subsumtion', 'I-Subsumtion', 'I-Subsumtion', 'I-Subsumtion', 'I-Subsumtion', 'I-Subsumtion', 'I-Subsumtion', 'I-Subsumtion', 'I-Subsumtion', 'I-Subsumtion', 'I-Subsumtion', 'I-Subsumtion', 'I-Subsumtion', 'I-Subsumtion', 'I-Subsumtion', 'I-Subsumtion', 'I-Subsumtion', 'I-Subsumtion', 'I-Subsumtion', 'I-Subsumtion', 'I-Subsumtion', 'I-Subsumtion', 'I-Subsumtion', 'I-Subsumtion', 'I-Subsumtion', 'I-Subsumtion', 'I-Subsumtion', 'I-Subsumtion', 'I-Subsumtion', 'I-Subsumtion']
['76', '.', 'The', 'Court', 'firstly', 'notes', 'that', 'in', 'so', 'far', 'as', 'it', 'could', 'be', 'understood', 'that', 'the', 'applicant', 'complained', 'about', 'the', 'prosecutor', '’s', 'decision', 'of', '26', 'September', '2006', 'refusing', 'him', 'access', 'to', 'the', 'case', 'file', 'issued', 'in', 'the', 'first', 'set', 'of', 'proceedings', ',', 'it', 'had', 'been', 'given', 'more', 'than', 'six', 'months', 'before', '5', 'August', '2008', ',', 'the', 'date', 'on', 'which', 'the', 'applicant', 'lodged', 'his', 'application', 'with', 'the', 'Court', '.']	['O', 'O', 'B-Subsumtion', 'I-Subsumtion', 'I-Subsumtion', 'I-Subsumtion', 'I-Subsumtion', 'I-Subsumtion', 'I-Subsumtion', 'I-Subsumtion', 'I-Subsumtion', 'I-Subsumtion', 'I-Subsumtion', 'I-Subsumtion', 'I-Subsumtion', 'I-Subsumtion', 'I-Subsumtion', 'I-Subsumtion', 'I-Subsumtion', 'I-Subsumtion', 'I-Subsumtion', 'I-Subsumtion', 'I-Subsumtion', 'I-Subsumtion', 'I-Subsumtion', 'I-Subsumtion', 'I-Subsumtion', 'I-Subsumtion', 'I-Subsumtion', 'I-Subsumtion', 'I-Subsumtion', 'I-Subsumtion', 'I-Subsumtion', 'I-Subsumtion', 'I-Subsumtion', 'I-Subsumtion', 'I-Subsumtion', 'I-Subsumtion', 'I-Subsumtion', 'I-Subsumtion', 'I-Subsumtion', 'I-Subsumtion', 'I-Subsumtion', 'I-Subsumtion', 'I-Subsumtion', 'I-Subsumtion', 'I-Subsumtion', 'I-Subsumtion', 'I-Subsumtion', 'I-Subsumtion', 'I-Subsumtion', 'I-Subsumtion', 'I-Subsumtion', 'I-Subsumtion', 'I-Subsumtion', 'I-Subsumtion', 'I-Subsumtion', 'I-Subsumtion', 'I-Subsumtion', 'I-Subsumtion', 'I-Subsumtion', 'I-Subsumtion', 'I-Subsumtion', 'I-Subsumtion', 'I-Subsumtion', 'I-Subsumtion', 'I-Subsumtion', 'I-Subsumtion', 'I-Subsumtion']
['As', 'regards', 'the', 'second', 'set', 'of', 'criminal', 'proceedings', 'the', 'applicant', 'complained', 'about', 'three', 'decisions', 'given', 'by', 'the', 'Katowice', 'Appellate', 'Prosecutor', 'on', '6', 'December', '2006', ',', '31', 'August', '2007', 'and', '29', 'January', '2008', '.', 'The', 'applicant', 'submitted', 'no', 'evidence', 'that', 'he', 'had', 'lodged', 'an', 'appeal', 'against', 'the', 'most', 'recent', 'of', 'those', 'decisions', '.']	['I-Subsumtion', 'I-Subsumtion', 'I-Subsumtion', 'I-Subsumtion', 'I-Subsumtion', 'I-Subsumtion', 'I-Subsumtion', 'I-Subsumtion', 'I-Subsumtion', 'I-Subsumtion', 'I-Subsumtion', 'I-Subsumtion', 'I-Subsumtion', 'I-Subsumtion', 'I-Subsumtion', 'I-Subsumtion', 'I-Subsumtion', 'I-Subsumtion', 'I-Subsumtion', 'I-Subsumtion', 'I-Subsumtion', 'I-Subsumtion', 'I-Subsumtion', 'I-Subsumtion', 'I-Subsumtion', 'I-Subsumtion', 'I-Subsumtion', 'I-Subsumtion', 'I-Subsumtion', 'I-Subsumtion', 'I-Subsumtion', 'I-Subsumtion', 'I-Subsumtion', 'I-Subsumtion', 'I-Subsumtion', 'I-Subsumtion', 'I-Subsumtion', 'I-Subsumtion', 'I-Subsumtion', 'I-Subsumtion', 'I-Subsumtion', 'I-Subsumtion', 'I-Subsumtion', 'I-Subsumtion', 'I-Subsumtion', 'I-Subsumtion', 'I-Subsumtion', 'I-Subsumtion', 'I-Subsumtion', 'I-Subsumtion', 'I-Subsumtion', 'I-Subsumtion']
['The', 'Court', 'thus', 'considers', 'that', 'this', 'part', 'of', 'the', 'application', 'has', 'been', 'introduced', 'out', 'of', 'time', 'and', 'must', 'be', 'rejected', 'in', 'accordance', 'with', 'Article', '35', '§', '§', '1', 'and', '4', 'of', 'the', 'Convention', '.']	['I-Subsumtion', 'I-Subsumtion', 'I-Subsumtion', 'I-Subsumtion', 'I-Subsumtion', 'I-Subsumtion', 'I-Subsumtion', 'I-Subsumtion', 'I-Subsumtion', 'I-Subsumtion', 'I-Subsumtion', 'I-Subsumtion', 'I-Subsumtion', 'I-Subsumtion', 'I-Subsumtion', 'I-Subsumtion', 'I-Subsumtion', 'I-Subsumtion', 'I-Subsumtion', 'I-Subsumtion', 'I-Subsumtion', 'I-Subsumtion', 'I-Subsumtion', 'I-Subsumtion', 'I-Subsumtion', 'I-Subsumtion', 'I-Subsumtion', 'I-Subsumtion', 'I-Subsumtion', 'I-Subsumtion', 'I-Subsumtion', 'I-Subsumtion', 'I-Subsumtion', 'I-Subsumtion']
['77', '.', 'Moreover', ',', 'the', 'Government', 'have', 'submitted', 'that', 'afterwards', 'the', 'applicant', 'and', 'his', 'lawyers', 'had', 'had', 'access', 'to', 'his', 'case', 'file', '.', 'The', 'Court', 'notes', 'that', 'the', 'applicant', 'did', 'not', 'contest', 'this', 'statement', 'and', 'his', 'argument', 'is', 'limited', 'to', 'a', 'statement', 'that', 'some', 'time', 'later', 'he', 'had', 'been', 'given', 'access', 'to', 'his', 'file', '(', 'see', 'paragraph', '42', 'and', '74', 'above', ')', '.', 'In', 'particular', 'the', 'applicant', 'did', 'not', 'argue', 'that', 'after', 'January', '2008', 'the', 'prosecutor', 'had', 'again', 'dismissed', 'his', 'application', 'to', 'consult', 'the', 'file', 'or', 'that', 'he', 'and', 'his', 'lawyers', 'had', 'been', 'again', 'prevented', 'from', 'accessing', 'the', 'case', 'file', '.', 'The', 'Court', 'thus', 'considers', 'that', 'this', 'part', 'of', 'the', 'application', 'has', 'not', 'been', 'substantiated', 'by', 'the', 'applicant', '.']	['O', 'O', 'B-Subsumtion', 'I-Subsumtion', 'I-Subsumtion', 'I-Subsumtion', 'I-Subsumtion', 'I-Subsumtion', 'I-Subsumtion', 'I-Subsumtion', 'I-Subsumtion', 'I-Subsumtion', 'I-Subsumtion', 'I-Subsumtion', 'I-Subsumtion', 'I-Subsumtion', 'I-Subsumtion', 'I-Subsumtion', 'I-Subsumtion', 'I-Subsumtion', 'I-Subsumtion', 'I-Subsumtion', 'I-Subsumtion', 'I-Subsumtion', 'I-Subsumtion', 'I-Subsumtion', 'I-Subsumtion', 'I-Subsumtion', 'I-Subsumtion', 'I-Subsumtion', 'I-Subsumtion', 'I-Subsumtion', 'I-Subsumtion', 'I-Subsumtion', 'I-Subsumtion', 'I-Subsumtion', 'I-Subsumtion', 'I-Subsumtion', 'I-Subsumtion', 'I-Subsumtion', 'I-Subsumtion', 'I-Subsumtion', 'I-Subsumtion', 'I-Subsumtion', 'I-Subsumtion', 'I-Subsumtion', 'I-Subsumtion', 'I-Subsumtion', 'I-Subsumtion', 'I-Subsumtion', 'I-Subsumtion', 'I-Subsumtion', 'I-Subsumtion', 'I-Subsumtion', 'I-Subsumtion', 'I-Subsumtion', 'I-Subsumtion', 'I-Subsumtion', 'I-Subsumtion', 'I-Subsumtion', 'I-Subsumtion', 'I-Subsumtion', 'I-Subsumtion', 'I-Subsumtion', 'I-Subsumtion', 'I-Subsumtion', 'I-Subsumtion', 'I-Subsumtion', 'I-Subsumtion', 'I-Subsumtion', 'I-Subsumtion', 'I-Subsumtion', 'I-Subsumtion', 'I-Subsumtion', 'I-Subsumtion', 'I-Subsumtion', 'I-Subsumtion', 'I-Subsumtion', 'I-Subsumtion', 'I-Subsumtion', 'I-Subsumtion', 'I-Subsumtion', 'I-Subsumtion', 'I-Subsumtion', 'I-Subsumtion', 'I-Subsumtion', 'I-Subsumtion', 'I-Subsumtion', 'I-Subsumtion', 'I-Subsumtion', 'I-Subsumtion', 'I-Subsumtion', 'I-Subsumtion', 'I-Subsumtion', 'I-Subsumtion', 'I-Subsumtion', 'I-Subsumtion', 'I-Subsumtion', 'I-Subsumtion', 'I-Subsumtion', 'I-Subsumtion', 'I-Subsumtion', 'I-Subsumtion', 'I-Subsumtion', 'I-Subsumtion', 'I-Subsumtion', 'I-Subsumtion', 'I-Subsumtion', 'I-Subsumtion', 'I-Subsumtion', 'I-Subsumtion', 'I-Subsumtion', 'I-Subsumtion', 'I-Subsumtion', 'I-Subsumtion', 'I-Subsumtion', 'I-Subsumtion', 'I-Subsumtion', 'I-Subsumtion']
['78', '.', 'Finally', ',', 'the', 'Court', 'notes', 'that', 'the', 'applicant', 'did', 'not', 'specifically', 'complain', 'that', 'the', 'reasons', 'for', 'the', 'prosecutor', '’s', 'motion', 'to', 'impose', 'pre‑trial', 'detention', 'on', 'him', ',', 'or', 'prolong', 'it', ',', 'had', 'not', 'been', 'communicated', 'to', 'him', '.', 'Moreover', ',', 'he', 'submitted', 'to', 'the', 'Court', 'copies', 'of', 'the', 'relevant', 'motions', 'of', '15', 'January', 'and', '28', 'March', '2008', '(', 'see', 'paragraph', '42', 'above', ')', '.', 'From', 'the', 'Warsaw', 'Court', 'of', 'Appeal', '’s', 'decision', 'of', '27', 'May', '2008', 'it', 'is', 'also', 'clear', 'that', 'the', 'prosecutor', '’s', 'motions', 'were', 'not', 'confidential', 'and', 'had', 'been', 'transmitted', 'to', 'the', 'applicant', 'and', 'his', 'lawyers', '(', 'see', 'paragraph', '27', 'above', ')', '.']	['O', 'O', 'B-Subsumtion', 'I-Subsumtion', 'I-Subsumtion', 'I-Subsumtion', 'I-Subsumtion', 'I-Subsumtion', 'I-Subsumtion', 'I-Subsumtion', 'I-Subsumtion', 'I-Subsumtion', 'I-Subsumtion', 'I-Subsumtion', 'I-Subsumtion', 'I-Subsumtion', 'I-Subsumtion', 'I-Subsumtion', 'I-Subsumtion', 'I-Subsumtion', 'I-Subsumtion', 'I-Subsumtion', 'I-Subsumtion', 'I-Subsumtion', 'I-Subsumtion', 'I-Subsumtion', 'I-Subsumtion', 'I-Subsumtion', 'I-Subsumtion', 'I-Subsumtion', 'I-Subsumtion', 'I-Subsumtion', 'I-Subsumtion', 'I-Subsumtion', 'I-Subsumtion', 'I-Subsumtion', 'I-Subsumtion', 'I-Subsumtion', 'I-Subsumtion', 'I-Subsumtion', 'I-Subsumtion', 'I-Subsumtion', 'I-Subsumtion', 'I-Subsumtion', 'I-Subsumtion', 'I-Subsumtion', 'I-Subsumtion', 'I-Subsumtion', 'I-Subsumtion', 'I-Subsumtion', 'I-Subsumtion', 'I-Subsumtion', 'I-Subsumtion', 'I-Subsumtion', 'I-Subsumtion', 'I-Subsumtion', 'I-Subsumtion', 'I-Subsumtion', 'I-Subsumtion', 'I-Subsumtion', 'I-Subsumtion', 'I-Subsumtion', 'I-Subsumtion', 'I-Subsumtion', 'I-Subsumtion', 'I-Subsumtion', 'I-Subsumtion', 'I-Subsumtion', 'I-Subsumtion', 'I-Subsumtion', 'I-Subsumtion', 'I-Subsumtion', 'I-Subsumtion', 'I-Subsumtion', 'I-Subsumtion', 'I-Subsumtion', 'I-Subsumtion', 'I-Subsumtion', 'I-Subsumtion', 'I-Subsumtion', 'I-Subsumtion', 'I-Subsumtion', 'I-Subsumtion', 'I-Subsumtion', 'I-Subsumtion', 'I-Subsumtion', 'I-Subsumtion', 'I-Subsumtion', 'I-Subsumtion', 'I-Subsumtion', 'I-Subsumtion', 'I-Subsumtion', 'I-Subsumtion', 'I-Subsumtion', 'I-Subsumtion', 'I-Subsumtion', 'I-Subsumtion', 'I-Subsumtion', 'I-Subsumtion', 'I-Subsumtion', 'I-Subsumtion', 'I-Subsumtion', 'I-Subsumtion', 'I-Subsumtion', 'I-Subsumtion', 'I-Subsumtion', 'I-Subsumtion']
['79', '.', 'On', 'the', 'basis', 'of', 'the', 'parties', '’', 'submissions', 'and', 'the', 'documents', 'before', 'it', 'the', 'Court', 'considers', 'that', 'there', 'is', 'no', 'prima', 'facie', 'evidence', 'that', 'the', 'applicant', '’s', 'detention', 'on', 'remand', 'failed', 'to', 'ensure', 'equality', 'of', 'arms', 'and', 'was', 'not', 'truly', 'adversarial', 'and', 'that', 'the', 'applicant', 'could', 'not', 'adequately', 'challenge', 'the', 'prosecutor', '’s', 'motions', 'for', 'prolongation', 'of', 'his', 'detention', '(', 'compare', 'and', 'contrast', 'Łaszkiewicz', 'v.', 'Poland', ',', 'no', '.', '28481/03', ',', '§', '85', ',', '15', 'January', '2008', ')', '.']	['O', 'O', 'B-Subsumtion', 'I-Subsumtion', 'I-Subsumtion', 'I-Subsumtion', 'I-Subsumtion', 'I-Subsumtion', 'I-Subsumtion', 'I-Subsumtion', 'I-Subsumtion', 'I-Subsumtion', 'I-Subsumtion', 'I-Subsumtion', 'I-Subsumtion', 'I-Subsumtion', 'I-Subsumtion', 'I-Subsumtion', 'I-Subsumtion', 'I-Subsumtion', 'I-Subsumtion', 'I-Subsumtion', 'I-Subsumtion', 'I-Subsumtion', 'I-Subsumtion', 'I-Subsumtion', 'I-Subsumtion', 'I-Subsumtion', 'I-Subsumtion', 'I-Subsumtion', 'I-Subsumtion', 'I-Subsumtion', 'I-Subsumtion', 'I-Subsumtion', 'I-Subsumtion', 'I-Subsumtion', 'I-Subsumtion', 'I-Subsumtion', 'I-Subsumtion', 'I-Subsumtion', 'I-Subsumtion', 'I-Subsumtion', 'I-Subsumtion', 'I-Subsumtion', 'I-Subsumtion', 'I-Subsumtion', 'I-Subsumtion', 'I-Subsumtion', 'I-Subsumtion', 'I-Subsumtion', 'I-Subsumtion', 'I-Subsumtion', 'I-Subsumtion', 'I-Subsumtion', 'I-Subsumtion', 'I-Subsumtion', 'I-Subsumtion', 'I-Subsumtion', 'I-Subsumtion', 'I-Subsumtion', 'I-Subsumtion', 'I-Subsumtion', 'I-Subsumtion', 'I-Subsumtion', 'I-Subsumtion', 'I-Subsumtion', 'I-Subsumtion', 'I-Subsumtion', 'I-Subsumtion', 'I-Subsumtion', 'I-Subsumtion', 'I-Subsumtion', 'I-Subsumtion', 'I-Subsumtion', 'I-Subsumtion', 'I-Subsumtion', 'I-Subsumtion', 'I-Subsumtion', 'I-Subsumtion', 'I-Subsumtion']
['It', 'follows', 'that', 'this', 'part', 'of', 'the', 'application', 'is', 'manifestly', 'ill‑founded', 'and', 'must', 'be', 'rejected', 'in', 'accordance', 'with', 'Article', '35', '§', '§', '3', '(', 'a', ')', 'and', '4', 'of', 'the', 'Convention', '.']	['B-Entscheidung des EGMR', 'I-Entscheidung des EGMR', 'I-Entscheidung des EGMR', 'I-Entscheidung des EGMR', 'I-Entscheidung des EGMR', 'I-Entscheidung des EGMR', 'I-Entscheidung des EGMR', 'I-Entscheidung des EGMR', 'I-Entscheidung des EGMR', 'I-Entscheidung des EGMR', 'I-Entscheidung des EGMR', 'I-Entscheidung des EGMR', 'I-Entscheidung des EGMR', 'I-Entscheidung des EGMR', 'I-Entscheidung des EGMR', 'I-Entscheidung des EGMR', 'I-Entscheidung des EGMR', 'I-Entscheidung des EGMR', 'I-Entscheidung des EGMR', 'I-Entscheidung des EGMR', 'I-Entscheidung des EGMR', 'I-Entscheidung des EGMR', 'I-Entscheidung des EGMR', 'I-Entscheidung des EGMR', 'I-Entscheidung des EGMR', 'I-Entscheidung des EGMR', 'I-Entscheidung des EGMR', 'I-Entscheidung des EGMR', 'I-Entscheidung des EGMR', 'I-Entscheidung des EGMR', 'I-Entscheidung des EGMR', 'I-Entscheidung des EGMR']
['IV', '.', 'OTHER', 'ALLEGED', 'VIOLATIONS', 'OF', 'THE', 'CONVENTION']	['O', 'O', 'O', 'O', 'O', 'O', 'O', 'O']
['80', '.', 'Finally', ',', 'the', 'applicant', 'complained', 'in', 'general', 'terms', 'that', 'he', 'had', 'been', 'prevented', 'from', 'undergoing', 'a', 'medical', 'intervention', ',', 'and', 'that', 'he', 'had', 'had', 'to', 'share', 'a', 'cell', 'with', 'a', 'dangerous', 'prisoner', '.']	['O', 'O', 'B-Subsumtion', 'I-Subsumtion', 'I-Subsumtion', 'I-Subsumtion', 'I-Subsumtion', 'I-Subsumtion', 'I-Subsumtion', 'I-Subsumtion', 'I-Subsumtion', 'I-Subsumtion', 'I-Subsumtion', 'I-Subsumtion', 'I-Subsumtion', 'I-Subsumtion', 'I-Subsumtion', 'I-Subsumtion', 'I-Subsumtion', 'I-Subsumtion', 'I-Subsumtion', 'I-Subsumtion', 'I-Subsumtion', 'I-Subsumtion', 'I-Subsumtion', 'I-Subsumtion', 'I-Subsumtion', 'I-Subsumtion', 'I-Subsumtion', 'I-Subsumtion', 'I-Subsumtion', 'I-Subsumtion', 'I-Subsumtion', 'I-Subsumtion', 'I-Subsumtion']
['81', '.', 'However', ',', 'the', 'Court', 'notes', 'that', 'the', 'applicant', 'failed', 'to', 'submit', 'any', 'evidence', 'substantiating', 'those', 'complaints', '.', 'Moreover', ',', 'it', 'does', 'not', 'appear', 'that', 'he', 'raised', 'them', 'with', 'the', 'domestic', 'authorities', '.', 'In', 'particular', ',', 'there', 'is', 'no', 'indication', 'that', 'the', 'applicant', 'asked', 'to', 'be', 'released', 'from', 'detention', 'for', 'the', 'purpose', 'of', 'undergoing', 'surgery', 'or', 'that', 'he', 'requested', 'to', 'be', 'transferred', 'to', 'another', 'cell', '.']	['O', 'O', 'B-Subsumtion', 'I-Subsumtion', 'I-Subsumtion', 'I-Subsumtion', 'I-Subsumtion', 'I-Subsumtion', 'I-Subsumtion', 'I-Subsumtion', 'I-Subsumtion', 'I-Subsumtion', 'I-Subsumtion', 'I-Subsumtion', 'I-Subsumtion', 'I-Subsumtion', 'I-Subsumtion', 'I-Subsumtion', 'I-Subsumtion', 'I-Subsumtion', 'I-Subsumtion', 'I-Subsumtion', 'I-Subsumtion', 'I-Subsumtion', 'I-Subsumtion', 'I-Subsumtion', 'I-Subsumtion', 'I-Subsumtion', 'I-Subsumtion', 'I-Subsumtion', 'I-Subsumtion', 'I-Subsumtion', 'I-Subsumtion', 'I-Subsumtion', 'I-Subsumtion', 'I-Subsumtion', 'I-Subsumtion', 'I-Subsumtion', 'I-Subsumtion', 'I-Subsumtion', 'I-Subsumtion', 'I-Subsumtion', 'I-Subsumtion', 'I-Subsumtion', 'I-Subsumtion', 'I-Subsumtion', 'I-Subsumtion', 'I-Subsumtion', 'I-Subsumtion', 'I-Subsumtion', 'I-Subsumtion', 'I-Subsumtion', 'I-Subsumtion', 'I-Subsumtion', 'I-Subsumtion', 'I-Subsumtion', 'I-Subsumtion', 'I-Subsumtion', 'I-Subsumtion', 'I-Subsumtion', 'I-Subsumtion', 'I-Subsumtion', 'I-Subsumtion', 'I-Subsumtion', 'I-Subsumtion', 'I-Subsumtion', 'I-Subsumtion']
['82', '.', 'Therefore', ',', 'in', 'the', 'light', 'of', 'all', 'the', 'material', 'in', 'its', 'possession', ',', 'and', 'in', 'so', 'far', 'as', 'the', 'matters', 'complained', 'of', 'are', 'within', 'its', 'competence', ',', 'the', 'Court', 'finds', 'that', 'they', 'do', 'not', 'disclose', 'any', 'appearance', 'of', 'a', 'violation', 'of', 'the', 'rights', 'and', 'freedoms', 'set', 'out', 'in', 'the', 'Convention', 'or', 'its', 'Protocols', '.']	['O', 'O', 'B-Subsumtion', 'I-Subsumtion', 'I-Subsumtion', 'I-Subsumtion', 'I-Subsumtion', 'I-Subsumtion', 'I-Subsumtion', 'I-Subsumtion', 'I-Subsumtion', 'I-Subsumtion', 'I-Subsumtion', 'I-Subsumtion', 'I-Subsumtion', 'I-Subsumtion', 'I-Subsumtion', 'I-Subsumtion', 'I-Subsumtion', 'I-Subsumtion', 'I-Subsumtion', 'I-Subsumtion', 'I-Subsumtion', 'I-Subsumtion', 'I-Subsumtion', 'I-Subsumtion', 'I-Subsumtion', 'I-Subsumtion', 'I-Subsumtion', 'I-Subsumtion', 'I-Subsumtion', 'I-Subsumtion', 'I-Subsumtion', 'I-Subsumtion', 'I-Subsumtion', 'I-Subsumtion', 'I-Subsumtion', 'I-Subsumtion', 'I-Subsumtion', 'I-Subsumtion', 'I-Subsumtion', 'I-Subsumtion', 'I-Subsumtion', 'I-Subsumtion', 'I-Subsumtion', 'I-Subsumtion', 'I-Subsumtion', 'I-Subsumtion', 'I-Subsumtion', 'I-Subsumtion', 'I-Subsumtion', 'I-Subsumtion', 'I-Subsumtion', 'I-Subsumtion', 'I-Subsumtion', 'I-Subsumtion']
['It', 'follows', 'that', 'this', 'part', 'of', 'the', 'application', 'is', 'manifestly', 'ill‑founded', 'and', 'must', 'be', 'rejected', 'in', 'accordance', 'with', 'Article', '35', '§', '§', '3', '(', 'a', ')', 'and', '4', 'of', 'the', 'Convention', '.']	['B-Entscheidung des EGMR', 'I-Entscheidung des EGMR', 'I-Entscheidung des EGMR', 'I-Entscheidung des EGMR', 'I-Entscheidung des EGMR', 'I-Entscheidung des EGMR', 'I-Entscheidung des EGMR', 'I-Entscheidung des EGMR', 'I-Entscheidung des EGMR', 'I-Entscheidung des EGMR', 'I-Entscheidung des EGMR', 'I-Entscheidung des EGMR', 'I-Entscheidung des EGMR', 'I-Entscheidung des EGMR', 'I-Entscheidung des EGMR', 'I-Entscheidung des EGMR', 'I-Entscheidung des EGMR', 'I-Entscheidung des EGMR', 'I-Entscheidung des EGMR', 'I-Entscheidung des EGMR', 'I-Entscheidung des EGMR', 'I-Entscheidung des EGMR', 'I-Entscheidung des EGMR', 'I-Entscheidung des EGMR', 'I-Entscheidung des EGMR', 'I-Entscheidung des EGMR', 'I-Entscheidung des EGMR', 'I-Entscheidung des EGMR', 'I-Entscheidung des EGMR', 'I-Entscheidung des EGMR', 'I-Entscheidung des EGMR', 'I-Entscheidung des EGMR']
['V.', 'APPLICATION', 'OF', 'ARTICLE', '41', 'OF', 'THE', 'CONVENTION']	['O', 'O', 'O', 'O', 'O', 'O', 'O', 'O']
['83', '.', 'Article', '41', 'of', 'the', 'Convention', 'provides', ':']	['O', 'O', 'O', 'O', 'O', 'O', 'O', 'O', 'O']
['“', 'If', 'the', 'Court', 'finds', 'that', 'there', 'has', 'been', 'a', 'violation', 'of', 'the', 'Convention', 'or', 'the', 'Protocols', 'thereto', ',', 'and', 'if', 'the', 'internal', 'law', 'of', 'the', 'High', 'Contracting', 'Party', 'concerned', 'allows', 'only', 'partial', 'reparation', 'to', 'be', 'made', ',', 'the', 'Court', 'shall', ',', 'if', 'necessary', ',', 'afford', 'just', 'satisfaction', 'to', 'the', 'injured', 'party', '.', '”']	['O', 'O', 'O', 'O', 'O', 'O', 'O', 'O', 'O', 'O', 'O', 'O', 'O', 'O', 'O', 'O', 'O', 'O', 'O', 'O', 'O', 'O', 'O', 'O', 'O', 'O', 'O', 'O', 'O', 'O', 'O', 'O', 'O', 'O', 'O', 'O', 'O', 'O', 'O', 'O', 'O', 'O', 'O', 'O', 'O', 'O', 'O', 'O', 'O', 'O', 'O', 'O', 'O', 'O']
['A.', 'Damage']	['O', 'O']
['84', '.', 'The', 'applicant', 'claimed', '25,000', 'euros', '(', 'EUR', ')', 'in', 'respect', 'of', 'non‑pecuniary', 'damage', '.']	['O', 'O', 'O', 'O', 'O', 'O', 'O', 'O', 'O', 'O', 'O', 'O', 'O', 'O', 'O', 'O']
['85', '.', 'The', 'Government', 'contested', 'this', 'claim', '.']	['O', 'O', 'O', 'O', 'O', 'O', 'O', 'O']
['86', '.', 'The', 'Court', 'awards', 'the', 'applicant', 'EUR', '1,300', 'in', 'respect', 'of', 'non‑pecuniary', 'damage', '.']	['O', 'O', 'O', 'O', 'O', 'O', 'O', 'O', 'O', 'O', 'O', 'O', 'O', 'O', 'O']
['B.', 'Costs', 'and', 'expenses']	['O', 'O', 'O', 'O']
['87', '.', 'The', 'applicant', 'also', 'claimed', '6,100', 'Polish', 'zlotys', '(', 'PLN', ')', ',', 'equivalent', 'to', 'EUR', '1,300', 'at', 'the', 'material', 'time', ',', 'for', 'the', 'costs', 'and', 'expenses', 'incurred', 'before', 'the', 'Court', '.', 'The', 'applicant', '’s', 'representative', 'submitted', 'copies', 'of', 'relevant', 'invoices', 'supporting', 'this', 'claim', '.']	['O', 'O', 'O', 'O', 'O', 'O', 'O', 'O', 'O', 'O', 'O', 'O', 'O', 'O', 'O', 'O', 'O', 'O', 'O', 'O', 'O', 'O', 'O', 'O', 'O', 'O', 'O', 'O', 'O', 'O', 'O', 'O', 'O', 'O', 'O', 'O', 'O', 'O', 'O', 'O', 'O', 'O', 'O', 'O', 'O']
['88', '.', 'The', 'Government', 'contested', 'the', 'claim', '.']	['O', 'O', 'O', 'O', 'O', 'O', 'O', 'O']
['89', '.', 'Regard', 'being', 'had', 'to', 'the', 'documents', 'in', 'its', 'possession', 'and', 'to', 'its', 'case‑law', ',', 'the', 'Court', 'considers', 'it', 'reasonable', 'to', 'award', 'the', 'sum', 'claimed', 'in', 'full', '.']	['O', 'O', 'O', 'O', 'O', 'O', 'O', 'O', 'O', 'O', 'O', 'O', 'O', 'O', 'O', 'O', 'O', 'O', 'O', 'O', 'O', 'O', 'O', 'O', 'O', 'O', 'O', 'O', 'O']
['C.', 'Default', 'interest']	['O', 'O', 'O']
['90', '.', 'The', 'Court', 'considers', 'it', 'appropriate', 'that', 'the', 'default', 'interest', 'rate', 'should', 'be', 'based', 'on', 'the', 'marginal', 'lending', 'rate', 'of', 'the', 'European', 'Central', 'Bank', ',', 'to', 'which', 'should', 'be', 'added', 'three', 'percentage', 'points', '.']	['O', 'O', 'O', 'O', 'O', 'O', 'O', 'O', 'O', 'O', 'O', 'O', 'O', 'O', 'O', 'O', 'O', 'O', 'O', 'O', 'O', 'O', 'O', 'O', 'O', 'O', 'O', 'O', 'O', 'O', 'O', 'O', 'O', 'O', 'O']
['FOR', 'THESE', 'REASONS', ',', 'THE', 'COURT', 'UNANIMOUSLY']	['O', 'O', 'O', 'O', 'O', 'O', 'O']
['1', '.', 'Declares', 'the', 'complaints', 'concerning', 'the', 'length', 'of', 'the', 'second', 'period', 'of', 'the', 'applicant', '’s', 'pre‑trial', 'detention', 'and', 'the', 'refusal', 'of', '4', 'July', '2008', 'of', 'a', 'family', 'visit', 'admissible', 'and', 'the', 'remainder', 'of', 'the', 'application', 'inadmissible', ';']	['O', 'O', 'O', 'O', 'O', 'O', 'O', 'O', 'O', 'O', 'O', 'O', 'O', 'O', 'O', 'O', 'O', 'O', 'O', 'O', 'O', 'O', 'O', 'O', 'O', 'O', 'O', 'O', 'O', 'O', 'O', 'O', 'O', 'O', 'O', 'O', 'O', 'O']
['2', '.', 'Holds', 'that', 'there', 'has', 'been', 'a', 'violation', 'of', 'Article', '5', '§', '3', 'of', 'the', 'Convention', ';']	['O', 'O', 'O', 'O', 'O', 'O', 'O', 'O', 'O', 'O', 'O', 'O', 'O', 'O', 'O', 'O', 'O', 'O']
['3', '.', 'Holds', 'that', 'there', 'has', 'been', 'a', 'violation', 'of', 'Article', '8', 'of', 'the', 'Convention', ';']	['O', 'O', 'O', 'O', 'O', 'O', 'O', 'O', 'O', 'O', 'O', 'O', 'O', 'O', 'O', 'O']
['4', '.', 'Holds']	['O', 'O', 'O']
['(', 'a', ')', 'that', 'the', 'respondent', 'State', 'is', 'to', 'pay', 'the', 'applicant', ',', 'within', 'three', 'months', 'from', 'the', 'date', 'on', 'which', 'the', 'judgment', 'becomes', 'final', 'in', 'accordance', 'with', 'Article', '44', '§', '2', 'of', 'the', 'Convention', ',', 'the', 'following', 'amounts', ',', 'to', 'be', 'converted', 'into', 'the', 'currency', 'of', 'the', 'respondent', 'State', 'at', 'the', 'rate', 'applicable', 'at', 'the', 'date', 'of', 'settlement', ':']	['O', 'O', 'O', 'O', 'O', 'O', 'O', 'O', 'O', 'O', 'O', 'O', 'O', 'O', 'O', 'O', 'O', 'O', 'O', 'O', 'O', 'O', 'O', 'O', 'O', 'O', 'O', 'O', 'O', 'O', 'O', 'O', 'O', 'O', 'O', 'O', 'O', 'O', 'O', 'O', 'O', 'O', 'O', 'O', 'O', 'O', 'O', 'O', 'O', 'O', 'O', 'O', 'O', 'O', 'O', 'O', 'O', 'O', 'O', 'O']
['(', 'i', ')', 'EUR', '1,300', '(', 'one', 'thousand', 'three', 'hundred', 'euros', ')', ',', 'plus', 'any', 'tax', 'that', 'may', 'be', 'chargeable', ',', 'in', 'respect', 'of', 'non‑pecuniary', 'damage', ';']	['O', 'O', 'O', 'O', 'O', 'O', 'O', 'O', 'O', 'O', 'O', 'O', 'O', 'O', 'O', 'O', 'O', 'O', 'O', 'O', 'O', 'O', 'O', 'O', 'O', 'O', 'O']
['(', 'ii', ')', 'EUR', '1,300', '(', 'one', 'thousand', 'three', 'hundred', 'euros', ')', ',', 'plus', 'any', 'tax', 'that', 'may', 'be', 'chargeable', 'to', 'the', 'applicant', ',', 'in', 'respect', 'of', 'costs', 'and', 'expenses', ';']	['O', 'O', 'O', 'O', 'O', 'O', 'O', 'O', 'O', 'O', 'O', 'O', 'O', 'O', 'O', 'O', 'O', 'O', 'O', 'O', 'O', 'O', 'O', 'O', 'O', 'O', 'O', 'O', 'O', 'O', 'O']
['(', 'b', ')', 'that', 'from', 'the', 'expiry', 'of', 'the', 'above‑mentioned', 'three', 'months', 'until', 'settlement', 'simple', 'interest', 'shall', 'be', 'payable', 'on', 'the', 'above', 'amounts', 'at', 'a', 'rate', 'equal', 'to', 'the', 'marginal', 'lending', 'rate', 'of', 'the', 'European', 'Central', 'Bank', 'during', 'the', 'default', 'period', 'plus', 'three', 'percentage', 'points', ';']	['O', 'O', 'O', 'O', 'O', 'O', 'O', 'O', 'O', 'O', 'O', 'O', 'O', 'O', 'O', 'O', 'O', 'O', 'O', 'O', 'O', 'O', 'O', 'O', 'O', 'O', 'O', 'O', 'O', 'O', 'O', 'O', 'O', 'O', 'O', 'O', 'O', 'O', 'O', 'O', 'O', 'O', 'O', 'O', 'O', 'O']
['5', '.', 'Dismisses', 'the', 'remainder', 'of', 'the', 'applicant', '’s', 'claim', 'for', 'just', 'satisfaction', '.']	['O', 'O', 'O', 'O', 'O', 'O', 'O', 'O', 'O', 'O', 'O', 'O', 'O', 'O']
['Done', 'in', 'English', ',', 'and', 'notified', 'in', 'writing', 'on', '9', 'October', '2012', ',', 'pursuant', 'to', 'Rule', '77', '§', '§', '2', 'and', '3', 'of', 'the', 'Rules', 'of', 'Court', '.']	['O', 'O', 'O', 'O', 'O', 'O', 'O', 'O', 'O', 'O', 'O', 'O', 'O', 'O', 'O', 'O', 'O', 'O', 'O', 'O', 'O', 'O', 'O', 'O', 'O', 'O', 'O', 'O']
['Lawrence', 'Early']	['O', 'O']
['David', 'Thór', 'Björgvinsson']	['O', 'O', 'O']
['Registrar']	['O']
['President']	['O']
